{
    "g": {
        "5.0_96.0_0.075_2.0": [
            2.2092418848027884,
            2.555268983741364,
            2.8518396244829485,
            3.2021232129821224,
            3.5464591773440284,
            4.1438301908409,
            5.1544379938004425,
            6.335141453815637,
            8.471558076928392,
            10.03654920265657,
            11.254132703001527,
            13.069563162961352,
            14.384867851620765,
            17.431012729921708,
            20.058730216691814,
            20.781810715296633,
            21.42694480562171,
            22.052678893694946,
            22.534388043882185,
            22.945652095632504,
            23.297889988483945,
            23.591216509321203,
            23.809915394102728,
            24.05902570865486,
            24.229407026572208,
            24.313261877848905,
            24.449761539320154
        ]
    },
    "bore_locations": [
        [
            0.0,
            0.0
        ],
        [
            0.0,
            5.0
        ],
        [
            0.0,
            10.0
        ],
        [
            0.0,
            15.0
        ],
        [
            5.0,
            0.0
        ],
        [
            5.0,
            5.0
        ],
        [
            5.0,
            10.0
        ],
        [
            5.0,
            15.0
        ],
        [
            10.0,
            0.0
        ],
        [
            10.0,
            5.0
        ],
        [
            10.0,
            10.0
        ],
        [
            10.0,
            15.0
        ],
        [
            15.0,
            0.0
        ],
        [
            15.0,
            5.0
        ],
        [
            15.0,
            10.0
        ],
        [
            15.0,
            15.0
        ]
    ],
    "logtime": [
        -8.5,
        -7.8,
        -7.2,
        -6.5,
        -5.9,
        -5.2,
        -4.5,
        -3.963,
        -3.27,
        -2.864,
        -2.577,
        -2.171,
        -1.884,
        -1.191,
        -0.497,
        -0.274,
        -0.051,
        0.196,
        0.419,
        0.642,
        0.873,
        1.112,
        1.335,
        1.679,
        2.028,
        2.275,
        3.003
    ]
}