{
    "g": {
        "5.0_96.0_0.075_2.0": [
            2.209241884802753,
            2.5552689911014235,
            2.8518502491684274,
            3.203342273809812,
            3.559883999239132,
            4.229253128701805,
            5.486871561609124,
            7.139784276393326,
            10.673211756931744,
            13.769339615154715,
            16.514911651146637,
            21.209257034492317,
            25.12129530167391,
            35.815840283108315,
            46.99694193157323,
            50.38045453561159,
            53.44082926250611,
            56.41337605186106,
            58.64130766855377,
            60.52324416310095,
            62.08162302208951,
            63.33498514255375,
            64.2538972689763,
            65.2798447891094,
            65.97744877105178,
            66.32488732288901,
            66.91583367576396
        ]
    },
    "bore_locations": [
        [
            0.0,
            0.0
        ],
        [
            0.0,
            5.0
        ],
        [
            0.0,
            10.0
        ],
        [
            0.0,
            15.0
        ],
        [
            0.0,
            20.0
        ],
        [
            0.0,
            25.0
        ],
        [
            0.0,
            30.0
        ],
        [
            0.0,
            35.0
        ],
        [
            0.0,
            40.0
        ],
        [
            0.0,
            45.0
        ],
        [
            0.0,
            50.0
        ],
        [
            0.0,
            55.0
        ],
        [
            0.0,
            60.0
        ],
        [
            5.0,
            0.0
        ],
        [
            5.0,
            5.0
        ],
        [
            5.0,
            10.0
        ],
        [
            5.0,
            15.0
        ],
        [
            5.0,
            20.0
        ],
        [
            5.0,
            25.0
        ],
        [
            5.0,
            30.0
        ],
        [
            5.0,
            35.0
        ],
        [
            5.0,
            40.0
        ],
        [
            5.0,
            45.0
        ],
        [
            5.0,
            50.0
        ],
        [
            5.0,
            55.0
        ],
        [
            5.0,
            60.0
        ],
        [
            10.0,
            0.0
        ],
        [
            10.0,
            5.0
        ],
        [
            10.0,
            10.0
        ],
        [
            10.0,
            15.0
        ],
        [
            10.0,
            20.0
        ],
        [
            10.0,
            25.0
        ],
        [
            10.0,
            30.0
        ],
        [
            10.0,
            35.0
        ],
        [
            10.0,
            40.0
        ],
        [
            10.0,
            45.0
        ],
        [
            10.0,
            50.0
        ],
        [
            10.0,
            55.0
        ],
        [
            10.0,
            60.0
        ],
        [
            15.0,
            0.0
        ],
        [
            15.0,
            5.0
        ],
        [
            15.0,
            10.0
        ],
        [
            15.0,
            15.0
        ],
        [
            15.0,
            20.0
        ],
        [
            15.0,
            25.0
        ],
        [
            15.0,
            30.0
        ],
        [
            15.0,
            35.0
        ],
        [
            15.0,
            40.0
        ],
        [
            15.0,
            45.0
        ],
        [
            15.0,
            50.0
        ],
        [
            15.0,
            55.0
        ],
        [
            15.0,
            60.0
        ],
        [
            20.0,
            0.0
        ],
        [
            20.0,
            5.0
        ],
        [
            20.0,
            10.0
        ],
        [
            20.0,
            15.0
        ],
        [
            20.0,
            20.0
        ],
        [
            20.0,
            25.0
        ],
        [
            20.0,
            30.0
        ],
        [
            20.0,
            35.0
        ],
        [
            20.0,
            40.0
        ],
        [
            20.0,
            45.0
        ],
        [
            20.0,
            50.0
        ],
        [
            20.0,
            55.0
        ],
        [
            20.0,
            60.0
        ],
        [
            25.0,
            0.0
        ],
        [
            25.0,
            5.0
        ],
        [
            25.0,
            10.0
        ],
        [
            25.0,
            15.0
        ],
        [
            25.0,
            20.0
        ],
        [
            25.0,
            25.0
        ],
        [
            25.0,
            30.0
        ],
        [
            25.0,
            35.0
        ],
        [
            25.0,
            40.0
        ],
        [
            25.0,
            45.0
        ],
        [
            25.0,
            50.0
        ],
        [
            25.0,
            55.0
        ],
        [
            25.0,
            60.0
        ],
        [
            30.0,
            0.0
        ],
        [
            30.0,
            5.0
        ],
        [
            30.0,
            10.0
        ],
        [
            30.0,
            15.0
        ],
        [
            30.0,
            20.0
        ],
        [
            30.0,
            25.0
        ],
        [
            30.0,
            30.0
        ],
        [
            30.0,
            35.0
        ],
        [
            30.0,
            40.0
        ],
        [
            30.0,
            45.0
        ],
        [
            30.0,
            50.0
        ],
        [
            30.0,
            55.0
        ],
        [
            30.0,
            60.0
        ],
        [
            35.0,
            0.0
        ],
        [
            35.0,
            5.0
        ],
        [
            35.0,
            10.0
        ],
        [
            35.0,
            15.0
        ],
        [
            35.0,
            20.0
        ],
        [
            35.0,
            25.0
        ],
        [
            35.0,
            30.0
        ],
        [
            35.0,
            35.0
        ],
        [
            35.0,
            40.0
        ],
        [
            35.0,
            45.0
        ],
        [
            35.0,
            50.0
        ],
        [
            35.0,
            55.0
        ],
        [
            35.0,
            60.0
        ],
        [
            40.0,
            0.0
        ],
        [
            40.0,
            5.0
        ],
        [
            40.0,
            10.0
        ],
        [
            40.0,
            15.0
        ],
        [
            40.0,
            20.0
        ],
        [
            40.0,
            25.0
        ],
        [
            40.0,
            30.0
        ],
        [
            40.0,
            35.0
        ],
        [
            40.0,
            40.0
        ],
        [
            40.0,
            45.0
        ],
        [
            40.0,
            50.0
        ],
        [
            40.0,
            55.0
        ],
        [
            40.0,
            60.0
        ],
        [
            45.0,
            0.0
        ],
        [
            45.0,
            5.0
        ],
        [
            45.0,
            10.0
        ],
        [
            45.0,
            15.0
        ],
        [
            45.0,
            20.0
        ],
        [
            45.0,
            25.0
        ],
        [
            45.0,
            30.0
        ],
        [
            45.0,
            35.0
        ],
        [
            45.0,
            40.0
        ],
        [
            45.0,
            45.0
        ],
