{
    "g": {
        "5.0_96.0_0.075_2.0": [
            2.209241884802789,
            2.5552689518479736,
            2.851793590458996,
            3.1968856808950923,
            3.4913033198967236,
            3.8320696116071438,
            4.168085919197703,
            4.420960324878077,
            4.737928638862038,
            4.917163653631794,
            5.040235637921787,
            5.208032070643548,
            5.321601648282996,
            5.573897419342175,
            5.787964203481925,
            5.846788777037694,
            5.900004559747098,
            5.952157513562335,
            5.992958724141607,
            6.0279488132370815,
            6.058283008394347,
            6.083834872869195,
            6.102942502918996,
            6.124875854440107,
            6.139868427258217,
            6.147217250359928,
            6.1590767825936545
        ]
    },
    "bore_locations": [
        [
            0.0,
            0.0
        ]
    ],
    "logtime": [
        -8.5,
        -7.8,
        -7.2,
        -6.5,
        -5.9,
        -5.2,
        -4.5,
        -3.963,
        -3.27,
        -2.864,
        -2.577,
        -2.171,
        -1.884,
        -1.191,
        -0.497,
        -0.274,
        -0.051,
        0.196,
        0.419,
        0.642,
        0.873,
        1.112,
        1.335,
        1.679,
        2.028,
        2.275,
        3.003
    ]
}