{
    "g": {
        "5.0_96.0_0.075_2.0": [
            2.2092418848027906,
            2.555268973110234,
            2.851824278674478,
            3.200369248320872,
            3.5275319154960463,
            4.029269518574386,
            4.743847897985964,
            5.435946520200954,
            6.451103490030046,
            7.075694376096992,
            7.518357217612842,
            8.132939805407489,
            8.553648960578842,
            9.48916060209073,
            10.278688150700612,
            10.494997214645643,
            10.689673641679947,
            10.879760200820769,
            11.027718963554667,
            11.15443891383248,
            11.26390039817925,
            11.35578506346124,
            11.424433482879673,
            11.503033944452074,
            11.556769417885713,
            11.58314257966691,
            11.625809565407952
        ]
    },
    "bore_locations": [
        [
            0.0,
            0.0
        ],
        [
            0.0,
            5.0
        ],
        [
            5.0,
            0.0
        ],
        [
            5.0,
            5.0
        ]
    ],
    "logtime": [
        -8.5,
        -7.8,
        -7.2,
        -6.5,
        -5.9,
        -5.2,
        -4.5,
        -3.963,
        -3.27,
        -2.864,
        -2.577,
        -2.171,
        -1.884,
        -1.191,
        -0.497,
        -0.274,
        -0.051,
        0.196,
        0.419,
        0.642,
        0.873,
        1.112,
        1.335,
        1.679,
        2.028,
        2.275,
        3.003
    ]
}