{
    "g": {
        "5.0_96.0_0.075_2.0": [
            2.209241884802794,
            2.5552689858675914,
            2.851842693780711,
            3.202474984586702,
            3.5503104315553635,
            4.1679871907985575,
            5.246156260007673,
            6.550551441042654,
            9.025714121238769,
            10.932049673132077,
            12.465987975639743,
            14.82653294871738,
            16.588388957437555,
            20.790030418549343,
            24.50391639720215,
            25.533899295830533,
            26.450892906697334,
            27.338341928975073,
            28.017925893971725,
            28.597129538823598,
            29.09093498667568,
            29.500379824492505,
            29.805260300272494,
            30.151596360441108,
            30.38850479844836,
            30.505269625725454,
            30.696027649305375
        ]
    },
    "bore_locations": [
        [
            0.0,
            0.0
        ],
        [
            0.0,
            5.0
        ],
        [
            0.0,
            10.0
        ],
        [
            0.0,
            15.0
        ],
        [
            0.0,
            20.0
        ],
        [
            5.0,
            0.0
        ],
        [
            5.0,
            5.0
        ],
        [
            5.0,
            10.0
        ],
        [
            5.0,
            15.0
        ],
        [
            5.0,
            20.0
        ],
        [
            10.0,
            0.0
        ],
        [
            10.0,
            5.0
        ],
        [
            10.0,
            10.0
        ],
        [
            10.0,
            15.0
        ],
        [
            10.0,
            20.0
        ],
        [
            15.0,
            0.0
        ],
        [
            15.0,
            5.0
        ],
        [
            15.0,
            10.0
        ],
        [
            15.0,
            15.0
        ],
        [
            15.0,
            20.0
        ],
        [
            20.0,
            0.0
        ],
        [
            20.0,
            5.0
        ],
        [
            20.0,
            10.0
        ],
        [
            20.0,
            15.0
        ],
        [
            20.0,
            20.0
        ]
    ],
    "logtime": [
        -8.5,
        -7.8,
        -7.2,
        -6.5,
        -5.9,
        -5.2,
        -4.5,
        -3.963,
        -3.27,
        -2.864,
        -2.577,
        -2.171,
        -1.884,
        -1.191,
        -0.497,
        -0.274,
        -0.051,
        0.196,
        0.419,
        0.642,
        0.873,
        1.112,
        1.335,
        1.679,
        2.028,
        2.275,
        3.003
    ]
}