{
    "Domain": {
        "nbh": [
            1,
            2,
            3,
            4,
            5,
            6,
            7,
            8,
            9,
            10,
            20,
            30,
            40,
            55,
            78,
            105,
            144,
            180,
            220,
            275,
            324,
            377
        ],
        "T_excess": [
            849.9448275509841,
            436.71777913512193,
            294.41048551592144,
            221.19772523514035,
            176.22347017779518,
            145.66611354277558,
            123.50650298588826,
            106.68463849019636,
            93.47302143687614,
            82.8196791194287,
            39.96601164171703,
            24.375599310929253,
            15.857420912606123,
            9.512840762088132,
            4.972814874474906,
            2.148197799487839,
            0.21906801832001577,
            -1.0689527665620489,
            -2.00833293967176,
            -2.6622265000547074,
            -3.2293395919698433,
            -3.6896465420516193
        ]
    },
    "Searched": {
        "nbh": [
            1,
            377,
            30,
            144,
            275,
            220,
            180
        ],
        "T_excess": [
            849.9448275509841,
            -3.6896465420516193,
            24.375599310929253,
            0.21906801832001577,
            -2.6622265000547074,
            -2.00833293967176,
            -1.0689527665620489
        ]
    }
}