Hours,HPHtgLd_W,HPClgLd_W
1,86966,4051.1
2,87715.2,3735.3
3,90227.9,3372.7
4,91910.5,3056.8
5,91984.3,3886.8
6,93034.3,3932.6
7,121863.8,14356.8
8,91537.4,21265.9
9,86930.6,21350.9
10,69379.9,27448.6
11,65947.8,30421.4
12,63888.9,32433.4
13,61507.6,34571.6
14,57989.1,37317.1
15,54998.6,40027
16,53441.4,40937.1
17,53914.7,38120
18,79314,29967
19,72104.5,22880.5
20,74829.7,21351
21,92492.9,9425.1
22,81294.4,9779.5
23,84759.3,5916
24,88158,4452.8
25,87583.4,3944.3
26,88976.2,3573.1
27,90936.6,3222.9
28,93273.6,2899.2
29,83909.2,4044.4
30,66825.1,6069.8
31,56760.9,38818.3
32,32014.5,72558.9
33,26621.7,89925.7
34,23085.7,101681.7
35,20503.4,106284.3
36,17819.4,113442.8
37,14763.9,121897.9
38,11982.1,129962
39,9507.7,137763.7
40,7544,144269.2
41,6215.3,150403.3
42,5016.4,156134.3
43,11809.6,79636
44,9821.9,83235.1
45,18261.1,42738.1
46,18901.4,37982.7
47,25248.3,26563
48,29223.9,21127.3
49,31936.3,17973.2
50,34194.1,15420.7
51,36180.7,13304.6
52,37831,11367.1
53,33448.9,21968.5
54,27152.5,28504.9
55,20926.3,82059.1
56,7283.4,121363
57,4162.6,132306.9
58,2688,140544.1
59,1578.5,148044.5
60,833.2,155336.3
61,357.3,162436.6
62,25.3,169915.9
63,0,175859.5
64,73.3,180290.4
65,143.9,185055.8
66,333.5,189255
67,2335.1,105120.5
68,2839.2,104292.8
69,5568.1,63944.5
70,6617.8,60384.7
71,9624.1,48169.9
72,11719.1,41678.7
73,13471,36608.3
74,14954.7,32541.9
75,16888.1,29396.9
76,19540.3,26677.5
77,17887.4,40194.6
78,16131.9,47241.6
79,9307.3,100556.1
80,6634.8,137687.5
81,4436.2,148725.5
82,2932.1,158186.3
83,2389.2,168081.4
84,2169.9,177524.2
85,1802.1,186658.6
86,1068.8,195290.2
87,538.5,202255.5
88,478.3,206643.1
89,1149.6,202960
90,2036.3,201196.8
91,4320.5,112064.2
92,5727.5,110802.1
93,9808.4,70269.6
94,11856.3,66564.1
95,16651.5,54101.8
96,19898.9,47639.9
97,23079.1,42461
98,26200.3,37710.2
99,29140.1,33439.6
100,32194.5,30100.8
101,28710.6,45434.6
102,27491,51644
103,15897.4,103241.6
104,12120.9,140629.4
105,8663.2,152258.8
106,6680.4,160309.4
107,5440.2,167901.3
108,4670.4,177179.9
109,3973.4,184487.6
110,2899.4,190927.1
111,1933.4,198508.8
112,1424.8,202806.7
113,1977.3,199954.9
114,2863.5,199484.6
115,5670.1,113103.9
116,6871.6,111712.7
117,10990.4,71487.7
118,13079.5,67914.2
119,18088.1,55826.3
120,21451.9,49489.7
121,24542.5,44275.1
122,28419.6,39370
123,32452.5,34823.6
124,35728.1,31116
125,32214.9,46836.3
126,31649.6,52929.1
127,18363.8,103931.2
128,13510.8,141360.4
129,9472.8,154023.7
130,7124.1,162888.6
131,5610.7,172982.5
132,4646.5,181617.5
133,3482.4,190598.3
134,1932.9,200351.7
135,700.3,209492.3
136,559.3,216526.8
137,933.9,215631
138,1856.1,210650.2
139,3642.3,113658.4
140,4227.6,114839.2
141,8011.2,73908.7
142,9238.7,70264
143,13346.7,57970.3
144,15974.7,51802.2
145,18482.2,46817.1
146,20897.1,42297.7
147,23456.7,38017.8
148,25527.1,34368
149,26094.1,31815.7
150,27516.5,28794.3
151,25742.2,31182.2
152,17558.9,53111.9
153,15995.3,64232.4
154,10073.6,87628.7
155,8438.1,100059.8
156,6916.4,103576
157,6486.4,105692.2
158,6029.3,107730.4
159,5624.8,109663
160,7360.5,79225.6
161,7589.3,82079.6
162,7814.7,81050.6
163,9281.9,66007.2
164,10023.6,69319.6
165,16806.5,33908.6
166,18780.6,30895.7
167,20985,26447.4
168,23010.9,23476.4
169,26546.8,19659.3
170,28679.3,16659.1
171,30897.8,13978.5
172,32626,11633.2
173,33161.6,10788.2
174,35035.6,9485.6
175,42609.2,16359.6
176,34623.4,23204.2
177,28881.1,27970.1
178,24023.6,34303.6
179,23238.1,35219.5
180,22324.7,35798.4
181,21289.2,36477.4
182,19640.9,37555.6
183,19645.1,38205
184,20689.9,38561
185,23257.7,38267.8
186,40487.3,28546.6
187,42225.5,22413.7
188,46534.6,20646.4
189,58272.8,9932.2
190,55619.7,10382.4
191,60335.3,8352.2
192,64585.9,7473.8
193,65311.4,7022.1
194,68172.3,6573.7
195,71676.5,6145.2
196,76218.8,5763.4
197,66968.1,9386.8
198,57341.4,12342.1
199,39661.3,50156.3
200,19179.4,84245.6
201,13993.5,96135.1
202,11085.4,105786
203,8178.5,117270.1
204,6739.2,127292.7
205,5750.5,136905
206,4465.9,146105.8
207,3395.8,153586
208,2892.6,158042.4
209,3306.3,158286.6
210,4439.4,159820
211,8529.9,89006.3
212,9763.6,89045.8
213,16090.8,49494.5
214,18565,45539.1
215,26506,33545.9
216,31104.2,28231
217,35147.6,24884.9
218,38643.1,21964.1
219,42017.8,19269.3
220,45885.7,17008.5
221,41302.7,28909.5
222,37998,35719.9
223,21198.7,83198.4
224,14356.5,121879.3
225,10178.2,135740.7
226,7700.1,145800.5
227,6292.8,155164.8
228,5281,164447.9
229,4285.1,173698.1
230,2856.5,182575.7
231,1669.7,190647.7
232,947.8,195986.9
233,1399.9,194473.7
234,2289,192973.1
235,4401.8,107157.8
236,5345,106762.1
237,9304.2,66977.8
238,10505,63516.1
239,15150.3,51564
240,17792.4,45192
241,20192.5,40199.2
242,22350.5,35721.9
243,24676.3,31884.9
244,26707.3,28534
245,22264.5,44061.2
246,20185.2,51043.6
247,10509.2,103512.2
248,7766.7,140136.5
249,6240.8,149310.1
250,4988.1,156028.6
251,3658.1,161933.7
252,2670.7,167302.8
253,1947.5,172857.8
254,1628.6,177910.4
255,1259.9,183023.4
256,1616.6,186651.5
257,1808.4,190463.7
258,2245.4,193595.3
259,4830.9,107536.1
260,5386.3,109900.9
261,9264,69721.2
262,11047.1,66320.5
263,15249.6,54158.8
264,18431.5,47647.6
265,20682.2,42600.3
266,22993.3,38039.5
267,25256,33973.6
268,27269.6,31290.2
269,22178,47064.5
270,19583.4,53478.5
271,9744.6,105849.7
272,6969.5,142689.9
273,4612.8,152970.9
274,2742.1,162866.5
275,2060.7,173228.5
276,1635.2,183473.5
277,1113.8,193093.7
278,381.1,202802.4
279,145,211414.1
280,181.4,218932.8
281,313.8,218404.2
282,773.9,212397.7
283,2318.7,114750.6
284,2909.1,114789.2
285,6282.6,73732.7
286,7670.8,70211.4
287,11069.1,57742
288,13548.4,51595
289,15803.1,46712.5
290,18649.6,42180.9
291,21606.3,37867.6
292,24322.3,34117.1
293,20435.1,50011.8
294,18524.7,56875.3
295,9530.3,110415.6
296,7096.6,146280.4
297,5041.7,156289.9
298,3402.4,164502.6
299,2344,171323.7
300,1506.2,180000.7
301,637,184304
302,85.1,190146.9
303,4.8,194401.9
304,9.9,199558.2
305,154.9,203672.4
306,291.3,207856
307,1623.7,114419.4
308,1875.2,116179.8
309,3789.2,75371.4
310,3906.9,72574.3
311,4740.3,60017.7
312,5262.2,54383.2
313,6052,49663.2
314,6713.8,45283.7
315,7093.5,41331.7
316,8580.1,37547.4
317,9068,35054.8
318,9853.5,32123.2
319,9612.1,35476.3
320,5306.2,59130.4
321,4028.7,75718.6
322,2585.5,102653.8
323,2132.6,116677.2
324,1806.1,121723.3
325,1484.4,126227.2
326,1006.1,132581.3
327,600.3,137084.8
328,685,104593.9
329,822.7,103539.2
330,1274.1,96560.9
331,1872,84769.4
332,2516.3,82129.3
333,4918.7,44874.5
334,6431.5,40801.6
335,8333.3,33241.7
336,10657.7,28256.5
337,15143.4,22992.3
338,19085.8,18989
339,22194.8,16081.8
340,25515.6,13394.2
341,27585.6,11993.9
342,30115.6,10389
343,37923.5,19046.6
344,30428.3,26069.8
345,22856.6,34097.6
346,17232.3,44434.8
347,14932.4,48803.6
348,13515.6,51533.1
349,12322.6,53687.5
350,9976.5,55942.6
351,8998.2,54197.8
352,10422,48825.9
353,11634.8,46220
354,24720,33966.1
355,25628.1,27020.8
356,29429.7,25112.4
357,39104.3,13043.7
358,36218.4,13444.7
359,39562.8,9561
360,42456.8,8342.2
361,45451.9,7597.3
362,48246.1,6985
363,50974.4,6437.9
364,53238.6,5922.4
365,53913.2,6543
366,55390.2,6386.6
367,71269.8,15458.5
368,55512.5,22686.5
369,50015.6,23700.9
370,40441.9,29687.8
371,38363.7,31291
372,36551.7,32620.2
373,34345.5,33972.1
374,31804.8,35646.3
375,27208.8,39274.6
376,26181.5,40052.7
377,27193.6,39184.9
378,46735.9,30396.9
379,43853.8,23831.9
380,47044.7,22024.1
381,59607.7,9979.9
382,54235.8,10500.8
383,57375.7,6961.2
384,59114.2,5964.8
385,57604.7,5484.6
386,59183.7,4966.2
387,61254.3,4483.8
388,63121.5,4031.2
389,52005.1,6680.2
390,40767.7,9913.2
391,31449.7,48273.2
392,14272.1,84615.9
393,8631.5,99203.8
394,5321.4,111105.3
395,3520.2,122856.2
396,2518.5,130531.6
397,1779.4,134844.8
398,1349.1,143610.5
399,1126.4,151797.2
400,1582,153965.5
401,1784.1,158933.4
402,2607.2,162201
403,6093.7,88821.6
404,7490.9,88967.8
405,12594.3,48066.6
406,15272.4,43450.2
407,22048.7,31071.6
408,27393.2,26003.4
409,32073.9,22598.7
410,36522.5,19599.6
411,40808.5,16831
412,45168.4,14524.3
413,42142,25833.7
414,39023.8,32641.9
415,24150,80826.6
416,15350.5,119696.3
417,11717.5,133362.6
418,9481.6,143027.7
419,8058.3,151448.2
420,7303.1,159467.4
421,6445.8,167505.6
422,5056.2,175998.8
423,3869.3,182865.3
424,3105,187234.5
425,3270.6,186643.5
426,4591.1,183334.7
427,8424.9,104104.8
428,10221.8,103254
429,16756.4,63775.1
430,19810.6,59937.9
431,26742.6,47734.9
432,31973,41059.9
433,37200.4,35513.1
434,41312.3,31210.3
435,45512.2,28314.6
436,50526.8,25544.3
437,47593.6,38869
438,45721.4,45504
439,26089,94396.3
440,18181.6,132569.5
441,13142,145655.8
442,10178,155603.4
443,8506.8,163635.2
444,7096.2,171857.1
445,5582.2,180752.3
446,3619.9,190196.2
447,2006.4,198864.2
448,1218.5,205327.7
449,1590.3,206225.2
450,3096.4,201050.9
451,5393,110984.9
452,6585.8,109834.9
453,11581.7,70063
454,13656.7,66341.7
455,19262.4,54380.5
456,22706.2,48042.6
457,25179.3,43154.7
458,27257,38858.5
459,29735.8,34733.7
460,31901.2,31123.8
461,27104.8,46855.4
462,24541.4,53616
463,12215.2,106020.3
464,9143.7,142227.5
465,8095.8,150820.3
466,7097,156992.3
467,6213.5,162196.3
468,4653.9,167369.8
469,3480.3,171925.7
470,2905.8,176174.2
471,2490.1,180787.2
472,2322.2,185215.3
473,2661.6,188702.4
474,3758.6,191291.9
475,7024.2,106970.2
476,8051.3,108893.6
477,14009.5,69193.2
478,15277.4,65730
479,20108.2,53905.1
480,23512.8,47582
481,26104.8,42514.8
482,28090.6,38064.7
483,29994.8,34133.1
484,31756.6,31424.1
485,31276.8,29737.7
486,32265.3,27556
487,29983.2,28827.6
488,21246.5,49418.7
489,18685.9,59657.7
490,11770.3,82844.6
491,9558.9,94893.8
492,7464.5,98467
493,5935.4,101423.5
494,4956.7,104156.1
495,4611.9,105969.6
496,6000.9,75181.1
497,6790,77965.1
498,8340.6,76291.6
499,10437.2,62115.7
500,11551.5,64625.1
501,20055.4,32679.8
502,22928.3,29935.4
503,26630.5,25393.2
504,29793.7,22292.1
505,34035.6,18428.8
506,36796.1,15400.3
507,39771.8,13170.8
508,43091.8,11460.2
509,44819.4,10539.5
510,47491.1,9197.9
511,54327.3,14052.9
512,45506.1,20808.2
513,36918.8,26722
514,30316,33207.6
515,29215.8,33930.9
516,26603.4,35213.1
517,24343.4,36439.4
518,21427.9,38304.2
519,19322,39778.2
520,18442.2,40930.4
521,22271.3,38494.4
522,40019,28145.6
523,41602.2,22016
524,45525,20378.2
525,57118.8,9867.4
526,54839.4,10328.6
527,59618.1,8389.4
528,63623.3,7545.7
529,64714.4,7095.7
530,67980.8,6632.1
531,71069.3,6216
532,75335.4,5827.2
533,66765.6,9499.8
534,57409.4,12462.8
535,39115,50377.9
536,17790,85776.4
537,11229.9,100298.2
538,8665.7,110849.2
539,7552.7,118474
540,7091.5,124474.2
541,6131.8,131056.4
542,5593.4,137153.2
543,4735.7,143516.8
544,3042.1,152092.2
545,2860,156977.7
546,4827.3,157984.7
547,9142.3,88270.6
548,10225,88225.9
549,16791.4,49001.7
550,19446.9,45297.3
551,27615.8,34132.1
552,31417.6,29068.3
553,34644.1,25755.6
554,37287.2,22911.9
555,39358.4,20354.5
556,41396.8,17997.4
557,35932.5,30008.8
558,31698.1,37136.6
559,16292.3,85728.1
560,10824.2,123417.9
561,8056,135306.5
562,5149,146426.2
563,3906.7,157227
564,3000.6,167261.9
565,1958.6,178041
566,732.4,188993
567,255,199194.7
568,241.8,206536.3
569,315.5,208518.9
570,750.2,205350.9
571,2270.5,110957.9
572,2556.9,110461.3
573,4992.9,68515.3
574,6045.6,65120.6
575,8574,52884.5
576,10995.1,46578.9
577,13295.4,41520.3
578,15065,36974.6
579,17236.2,33098.6
580,19455.6,29650.7
581,17156.1,45240.4
582,16450.8,52098.1
583,8803.7,105190.6
584,6024.6,142115.3
585,4346.4,152248.7
586,3125.9,160503
587,2295.1,167394.1
588,1745,170988.3
589,1349.4,175971.5
590,918.4,181641.9
591,889.2,186370.6
592,910.9,190576.3
593,1049.9,194405.7
594,1217.3,198142.1
595,3086.9,112919.8
596,3634.2,111910.7
597,6739,71443
598,7765.1,67852.3
599,11178.5,55710.2
600,12834.7,49643
601,14080.5,44767
602,15190.2,40397.8
603,16279.8,36443.4
604,17309.4,33078.2
605,13881.8,49496
606,11699.9,56326.6
607,5293.3,110126.4
608,2956.7,146464.3
609,1864.6,156001.4
610,826.3,163610.4
611,151.9,170793.6
612,0,177969.3
613,0,184913
614,0,192700.9
615,0,199993.7
616,0,205876.6
617,0,212053.6
618,0,217569.4
619,60.3,121501.4
620,0,122415.2
621,572.5,75966.5
622,728.6,72875.8
623,1283.1,59933.3
624,1554.9,54154.9
625,1926,49657.2
626,2095,45644
627,2219.9,42043.8
628,2485.1,38868
629,1789.8,55114.3
630,1069.9,61833.7
631,110,119622.4
632,0,161814.8
633,0,173623.6
634,0,182131.4
635,0,189858.2
636,0,196636.9
637,0,203352.5
638,0,209389.2
639,0,214202.1
640,0,218404
641,0,222182.3
642,0,225814.3
643,301.7,126355.4
644,636.8,125652.6
645,2555.7,77128.2
646,3362.4,73162.4
647,5202.1,59761.7
648,6550.9,53664.9
649,8181.7,48679
650,9531.3,44107.7
651,10623.9,39927.6
652,11796.4,36346
653,12591.9,34096.5
654,14202.4,31220.7
655,14716.9,35100.9
656,9865.8,57166.2
657,7230.5,70950
658,4895.7,96834
659,4083.5,111476.8
660,3655.5,115935.3
661,3112,119644.7
662,2302.6,124512.4
663,1827.8,127033.3
664,1939.2,96829.1
665,2074.5,97183.3
666,2844.1,91526.4
667,4268.4,80683.3
668,5164.4,78017.3
669,8838,41260.8
670,10859.3,37502.8
671,13098.2,30611.5
672,15044,26574.1
673,18528.7,22109.6
674,20775,19038
675,22542.3,16291.3
676,24381.2,13697.5
677,25331.8,12361.9
678,26852.1,10426.1
679,34607.6,18848.2
680,27477.8,25811.2
681,19805.3,34927.9
682,14012.2,45829.6
683,11614.8,50857.5
684,10283.5,54183
685,8780.6,54451.6
686,8116.8,51375.4
687,7407.7,52800.7
688,7449.3,51997.9
689,7889.6,50060.4
690,19352,35761.4
691,19191,28045.7
692,22193.5,26085
693,31521.7,13760.7
694,28207.2,14256.2
695,31531.5,10323.2
696,34721.8,8760.9
697,34563.3,8186.8
698,36771.4,7634.4
699,39065.8,7087.1
700,41168.2,6566.7
701,30597.3,10246
702,22947.3,13637.8
703,15597.3,61112.9
704,4508.7,98904.7
705,3002.9,110223.4
706,2321.5,119361.6
707,1716.4,127706.7
708,1033.8,135766
709,383.4,144296.7
710,63.3,152019
711,15.1,158922.5
712,10.2,164996.7
713,196.3,170118.3
714,447.3,175122.3
715,2459.2,96317.4
716,3154.2,96536.1
717,6269.3,56011.6
718,7446.2,52278.5
719,10955.8,39270.4
720,12645.7,32826.8
721,14497.9,28878.3
722,16461.2,26000.4
723,18399.1,23367.8
724,20346.1,20842.9
725,16206,32758.8
726,14611.7,40389.3
727,7282.9,94360.4
728,4920.8,131807.7
729,3926.4,141765.8
730,2770.5,149231
731,1731.3,155850.5
732,866.1,162586.4
733,286.5,169096.4
734,63.9,175416.7
735,5.4,181071
736,14.8,185738.1
737,138,189743.3
738,429.3,193436.9
739,2673.6,109208.1
740,3372.5,108294.9
741,6399.9,67728.4
742,7249.1,64329.1
743,10126.2,52449.5
744,11074.9,46514.4
745,11721.2,41710.3
746,11898.6,37528.7
747,34362.3,25011.9
748,11380.9,31289.4
749,7744.7,47667
750,5546.8,55068.3
751,1881.3,109597.7
752,93.9,148548.6
753,0,160321.3
754,0,169690.3
755,0,179416
756,0,189253.4
757,0,202061.8
758,0,218404.7
759,0,229855.8
760,0,244947.3
761,0,241910.2
762,0,247658.8
763,4.1,144890.5
764,0,146947.4
765,0,88322.8
766,0,82331.8
767,0,65305.1
768,1.4,58753
769,14.9,54010.6
770,61.3,49771.2
771,107.4,45944.7
772,146.3,42907.5
773,85.6,59759.3
774,0,66312
775,0,130646.3
776,0,168661.2
777,0,194868
778,0,208214.6
779,0,217268.1
780,0,225852
781,0,233457.2
782,0,240732.7
783,0,246483.4
784,0,251023.7
785,0,254110.6
786,0,255440
787,0,151555.9
788,0,151300
789,101.3,91480.1
790,414.2,83724.2
791,997.1,65850.1
792,1673.1,58323
793,2356.6,52546.7
794,3179.8,47870.9
795,4013.8,43748.7
796,5126.5,40169.1
797,4308.1,56233.8
798,4546.4,62702.6
799,1662.2,118745.5
800,552.5,158297.1
801,194.2,170463.4
802,56.6,178580.8
803,1,185981.4
804,0,194003.6
805,0,201312.8
806,0,207635.4
807,0,213256.5
808,0,217426.4
809,0,221395.9
810,0,224658.7
811,895.9,124436.5
812,1353,124072.3
813,3439.1,79026.8
814,4346.9,75202.2
815,6519.8,60785.6
816,8004.1,54215.7
817,9232.4,49216.6
818,10400.8,44732.7
819,11402.3,40571.9
820,12302.2,37043.9
821,12595.1,35017.6
822,13397,32176.4
823,13377.2,36774.2
824,7751.2,59086.8
825,6713.8,70132.3
826,3996.8,92922.1
827,3165.6,105647.4
828,2766.6,108785
829,2123.6,112424.3
830,1806.3,114729.8
831,1784.2,115666.7
832,2553.6,84785.1
833,2875,87107.9
834,3508,85295.8
835,5185.8,75264.4
836,6324.1,72674.9
837,11824.2,36678
838,14153.8,33210.8
839,17526.7,28298
840,20431.5,25071
841,25158.8,21030.4
842,28660.3,17802.4
843,31642.2,14899.7
844,34465,12186.4
845,36668.7,11174.5
846,39887,9807.1
847,48484.4,16495.9
848,40431.9,23120.5
849,31878.9,30259.7
850,25536.6,38447.4
851,24710.6,38562.3
852,24582.2,38164.2
853,23732.9,38493.8
854,22098.7,39248.8
855,21728.7,39587.4
856,21415.6,39813.9
857,21084.8,40108.2
858,37472.1,29744.4
859,38949.2,23260.3
860,42399.6,21543.7
861,53769.5,10468.5
862,51287.9,10876.2
863,55568.3,8674.2
864,59971.2,7746.2
865,61210.7,7226.6
866,64478.4,6686.8
867,67832.6,6207.2
868,71504,5792.1
869,62565.2,9463.4
870,52618.9,12509
871,36699.4,51429.5
872,16068.6,87457.8
873,10550.9,101101
874,8430.9,111909.5
875,6971.9,122365.9
876,6155,131969.9
877,5391.8,141424.8
878,4081.6,151834.9
879,2827.8,160895.8
880,1988.5,167943.3
881,1844.8,170819.8
882,2938.5,168076.6
883,6376.7,92089.6
884,8318,92157.1
885,13756.9,51854.1
886,16574.1,47806.8
887,23887.8,35298.5
888,28843.7,29247.9
889,33122.3,25833.2
890,37035.2,22848.5
891,41038.3,20065.9
892,45577.8,17441.6
893,41930.8,29462.3
894,39689.3,36391.4
895,22894.2,84148.4
896,15470.9,122208.2
897,11219,135882.5
898,8448.2,146361.6
899,7048.7,154903.4
900,6099.5,163189.7
901,4839.1,172373.6
902,3168.3,182361.2
903,1866.6,189849.7
904,1331.5,194087.8
905,1857.7,193036.2
906,2816.4,192863.9
907,5226.8,106915.3
908,6792.8,106175.4
909,11750.1,66343.2
910,13576,62854.1
911,18422.4,50937.3
912,20727.1,44843.6
913,22884.1,40042.8
914,24634.2,35649.3
915,26421.9,31883.5
916,28793.5,28636.2
917,24593.6,43813.5
918,23186.5,50360.1
919,12664.8,101401.5
920,8813.2,139469.8
921,5930.7,151712.3
922,3945.8,162818.7
923,2863.5,173426
924,1939.5,181613.1
925,954.1,189730.6
926,139.4,198520.7
927,1.5,203523.3
928,6.4,207456.4
929,249.4,208767
930,711.2,211008
931,2300,115931.7
932,2781.3,115507.6
933,5276.1,73390.1
934,6430.9,69945.1
935,9094.8,57447.6
936,11493.3,51315.2
937,13543.3,46309.6
938,15586.7,41739.3
939,17876.9,37526.7
940,20286.1,33890
941,18028.6,49683.2
942,17267.6,56348.5
943,9453.5,109040.1
944,6299.2,145654.7
945,4210.7,156465.7
946,2794,166072.9
947,1938,171942
948,1080.7,177589.6
949,464.9,182378.2
950,30.3,190068.3
951,0,196989.1
952,10.1,200964.9
953,61.5,205705.2
954,240.5,209667.4
955,1957.7,114979.9
956,2582,115491.5
957,5221.8,74122.7
958,6498.2,70375.1
959,10066.1,57734.3
960,12880.5,51458
961,15037.8,46417.7
962,17661,41768.4
963,20626.6,37307.1
964,22618.2,33654.6
965,19678,49856.8
966,18956.2,56163.7
967,10308.9,108623.6
968,6418.8,146708.3
969,3864.4,159132.1
970,2575.6,170742.9
971,1722.4,180429.3
972,733.2,189396.9
973,46.7,199823.1
974,0,212679.7
975,0,228121.6
976,0,241049
977,0,240091.6
978,0,232626.9
979,569.3,132052.5
980,1037.9,130217
981,2434.1,78201.7
982,3116.4,74988.4
983,4984,61340.2
984,6428.2,54905.2
985,8028.5,49988.1
986,10197.9,45416.9
987,11953.9,41169.7
988,13618.7,37525
989,14717,35108.2
990,16544,31971.7
991,16821.3,35212.4
992,9779.3,59944.7
993,7221.9,76070.6
994,5101.1,102631.7
995,4285.6,115698.7
996,3404.4,119266.2
997,2635.3,120622.9
998,2002.3,123683.9
999,1510.9,125613.3
1000,1848.9,92625.6
1001,2211.6,93890.7
1002,2792.6,91874.3
1003,3865,81430.1
1004,4457.1,78955.9
1005,7577.6,42083.6
1006,9191.9,38248.4
1007,11204.4,31109.1
1008,13221.1,26957.8
1009,17280.9,22292
1010,19494.2,19228.8
1011,21605.7,16512.9
1012,23288.2,14004.3
1013,23785.3,12796.9
1014,25193.4,10768
1015,33082.3,19318.3
1016,25474.8,26449.2
1017,19507.8,32807
1018,14793.7,40346.9
1019,14735.2,41153.5
1020,14707.2,41498.2
1021,14636,41796.2
1022,14620.2,42201.9
1023,15039.7,42415.3
1024,15494.9,42501.2
1025,17300.8,41819.3
1026,32572.1,31385.1
1027,34084.5,24753
1028,37631.3,22957.5
1029,48380.4,11540.9
1030,45908.9,11457.6
1031,50146.4,9057
1032,54404.5,8033
1033,55843.3,7482
1034,59033.5,6955.6
1035,62219.8,6441.3
1036,65136.5,5973.4
1037,55600.2,9750
1038,46580.6,12866.2
1039,30844.6,54032.9
1040,12821.1,90285.4
1041,8501.9,102811.2
1042,6821.7,111842
1043,5191.8,122393.2
1044,4362,131995.5
1045,3735.2,140444.8
1046,2860.3,146274
1047,2053.4,155918.2
1048,1625.5,161177.4
1049,1913.2,162386.1
1050,2658.1,164559.7
1051,6488.6,92148.5
1052,7830.8,92210.1
1053,13235.2,51822.2
1054,15713.8,48146.3
1055,21488.9,35673.9
1056,25553.5,30012.3
1057,29203.6,26656.8
1058,32602.7,23692.4
1059,35757.2,20978.8
1060,38829.9,18413.4
1061,35030.5,30304.1
1062,32385,37466.7
1063,18094.2,86020
1064,10942.3,125620.6
1065,7676.6,139007
1066,5685.6,149187.5
1067,4393.1,159112.2
1068,3417.1,169030.7
1069,2316.7,179470.3
1070,840.5,190565.5
1071,133.4,200914.3
1072,33.9,205532.3
1073,150.3,202378.3
1074,644.5,206843.1
1075,2364.8,112692.8
1076,2816,111974.2
1077,5324.4,69430.1
1078,6543.8,66064.3
1079,9283.6,53610
1080,11774.5,47434.8
1081,13635.5,42581.5
1082,15747.6,38122.7
1083,18055.3,34196.1
1084,19686.4,30851.8
1085,16449.7,46692.1
1086,15330.8,53785.4
1087,8007.9,107091.6
1088,4930,143765.7
1089,3030.3,154193.7
1090,1703.8,162028.3
1091,860.1,169320.5
1092,179.6,177227.1
1093,0,184400.4
1094,0,191873.5
1095,0,199059.3
1096,0,203623.3
1097,0,201503.1
1098,0,213203.9
1099,237.1,119271.6
1100,303.9,120190.9
1101,1462.4,75470.7
1102,1887.2,72272
1103,3157.7,59015.4
1104,3859.5,53187.9
1105,4493.7,48544.2
1106,5395.2,44240.1
1107,6454.7,40223.4
1108,7609.8,36709.9
1109,6304.8,52750.2
1110,5925,59383.1
1111,2581.8,114035.5
1112,996.1,152464.8
1113,334.8,165016
1114,45.6,176839.9
1115,0,184709.2
1116,0,190456.9
1117,0,200246
1118,0,214383.8
1119,0,229069.8
1120,0,240722.2
1121,0,247090.8
1122,0,235655.5
1123,145,132439
1124,424.6,130533.1
1125,1754.6,78854.3
1126,2656.2,75150.1
1127,4884.6,61195.3
1128,6172.7,54550.7
1129,8290.6,49442.6
1130,10504.7,44734.5
1131,12564.1,40387
1132,14907.3,36671.8
1133,12732.9,52696
1134,13102.8,59223.9
1135,7188.2,113750.4
1136,3758.8,151924.3
1137,2301.4,165937
1138,1504.3,178591.8
1139,747.1,190822.7
1140,61.4,203643.9
1141,0,217173.4
1142,0,232450.4
1143,0,241819.7
1144,0,251948.1
1145,0,248734.4
1146,0,252733.4
1147,0,147082.6
1148,39.5,146104
1149,839.3,86906.6
1150,1191.1,80583.8
1151,2162.7,65576.5
1152,3623,58381
1153,4890.7,52796.9
1154,6067.5,47921.3
1155,7650.5,43718.5
1156,9240.8,40097.6
1157,9723.1,38105.7
1158,10967.7,35369.9
1159,12592.6,40146.3
1160,7334.3,63697.9
1161,5554.8,77227
1162,3392.7,103220.1
1163,2540.6,116162.7
1164,1936.1,118408.6
1165,1287.9,124263.6
1166,694.1,131633.1
1167,246.9,135574.1
1168,77.9,102424.9
1169,38.4,106870.7
1170,109.4,101521.5
1171,318.3,87672.2
1172,465.5,84762.1
1173,1984.9,47080.4
1174,2993.3,43553.8
1175,4520,36195.1
1176,6166.5,31498.5
1177,8906.2,25915.4
1178,10726.4,21343.7
1179,12766.8,17699.6
1180,14550.6,15079.2
1181,15833.3,13812.5
1182,17726.8,11760.8
1183,26059.1,21533.8
1184,18993.7,29076.2
1185,13908.1,36046.3
1186,9941.2,43874.4
1187,9164.7,45620.4
1188,9280,45861.4
1189,9353.3,46211.2
1190,9539.5,46488.2
1191,9996.6,46511.2
1192,10612.9,46468.7
1193,11383.2,46363
1194,24164.2,34794
1195,23189.8,27957.2
1196,25430.5,26190.7
1197,33673.5,14009
1198,29906.1,14428
1199,32366.4,10533.9
1200,34345.8,8861.5
1201,36476.8,8015.2
1202,38677,7322.7
1203,40629.7,6747.8
1204,42560.3,6210.8
1205,43833.6,6980.6
1206,45287.7,6840.9
1207,61423.9,16779.2
1208,45158.1,24170.2
1209,39594.8,25494.8
1210,30291.2,31758.5
1211,27965.6,34144.7
1212,25089.7,37059.8
1213,24490.1,37758.7
1214,23922.3,38807.5
1215,23591.1,39725.2
1216,23329.2,40642.7
1217,23744.8,40636
1218,40176,33013.1
1219,36080.4,25917
1220,37939.7,24095.1
1221,48492.8,11625.3
1222,42156.8,12199.7
1223,44762.2,8301.6
1224,47206.3,6828.1
1225,47200.8,6209.3
1226,49136.5,5616.7
1227,51223.4,5052
1228,53397.9,4533.6
1229,43215.9,7056.6
1230,33170.2,10591.4
1231,26369.9,50675.9
1232,10129.5,90071.7
1233,5607.5,105948.5
1234,2963.8,117182.1
1235,1431.8,126719.7
1236,765.1,139319.8
1237,443.8,152109.7
1238,63.7,164670.8
1239,7.3,176078.3
1240,7.3,185580.5
1241,14.1,192238.9
1242,109.1,182161
1243,1441.7,95615.7
1244,1965.6,96493.6
1245,4642.3,54652.7
1246,6301.5,50535.1
1247,9696.4,36351.9
1248,13306.4,29544.1
1249,17249.8,24922.9
1250,21112.4,21686.1
1251,24426.8,19012.8
1252,28260.9,16488
1253,24571.2,27772.9
1254,22800.2,35322.5
1255,12905,89495.6
1256,7342.7,129750.5
1257,5189.4,143299.1
1258,3810.7,154741.2
1259,2778.6,165741.4
1260,1700.8,175556.4
1261,601.7,185196.4
1262,15.5,193581
1263,0,204968.7
1264,0,214378.1
1265,0,216527.4
1266,0,223810.9
1267,117.8,125390.2
1268,384,120361.2
1269,1379.4,73806.2
1270,1803.8,71264.9
1271,3055.9,57948.8
1272,3604.4,51574
1273,4139.7,46436.7
1274,4553.6,42068.4
1275,4922.1,38565.9
1276,5589,35274.2
1277,4594.3,51081.4
1278,4131.2,58504.8
1279,1388.1,115193.6
1280,116.8,159295.1
1281,0,176173.5
1282,0,190378
1283,0,205328
1284,0,219769.6
1285,0,232099.3
1286,0,223506.8
1287,0,232499.5
1288,0,234360.4
1289,0,237203.9
1290,0,240393.3
1291,2.7,140448.4
1292,74.8,139474.8
1293,724,83418.5
1294,1155.3,78248.2
1295,1951.8,64014
1296,2643.6,57583.6
1297,3359.8,52393.6
1298,4068.6,47864.3
1299,4755.5,43788.5
1300,6047,40165.7
1301,5556.9,56208.8
1302,5790.2,62391
1303,2641.2,118416.4
1304,1061,159871.4
1305,628.3,175074.3
1306,388,187653
1307,160.4,199092.9
1308,22.4,207973
1309,0,217640.7
1310,0,230612.7
1311,0,241786.6
1312,0,245469.6
1313,0,250876.5
1314,0,249303.5
1315,358.2,139764.2
1316,800.4,137174.2
1317,2338.2,82821.1
1318,3432.1,79039
1319,5524.5,64322.8
1320,6985.4,56999.6
1321,9091.3,51404.4
1322,11616.3,46627
1323,13684.8,42199.1
1324,15715.6,38462.5
1325,17134.5,36193.3
1326,19247.7,33002.2
1327,19621.9,36901.7
1328,11596.5,62664.4
1329,9787.5,75063.8
1330,6434.7,97552
1331,5920.4,108183.6
1332,4493,114793.4
1333,3730.2,117238.9
1334,2966.2,119262.6
1335,2516,120612.6
1336,2987,89946.6
1337,2814.3,93466.6
1338,3248.7,91287.4
1339,4967.8,79806
1340,5889.2,76983.3
1341,11314.2,39804.8
1342,14365.5,35683.7
1343,18055.2,28586.8
1344,22036.4,25190.4
1345,26963.8,21175.4
1346,30185.9,18046.5
1347,33837,15134.5
1348,37095.7,12395.4
1349,38451.5,11275.4
1350,41715.3,9895.3
1351,49437.1,17118.3
1352,39459.2,24117.2
1353,31426.3,32181
1354,24899.5,41225.7
1355,22214.9,43025.2
1356,18822.3,44546.7
1357,16084.8,46262.6
1358,12891.9,48859.5
1359,10749.2,51550
1360,10451.6,51660.2
1361,11716.3,46323.4
1362,24162.6,33462.7
1363,24613.3,26372.7
1364,28598.1,24438.3
1365,39111.3,12530.3
1366,36425.6,12840
1367,40031.4,9276
1368,43485.5,8252.1
1369,43526.4,7723.1
1370,45146.6,7230.1
1371,47087.4,6754.7
1372,48947.7,6292.1
1373,38133.4,10009.2
1374,28932.8,13251
1375,18385,59247.1
1376,5653.1,97025.3
1377,3197.3,108430.8
1378,2122.7,117378.2
1379,1238.8,126397.8
1380,526.1,135218.7
1381,67.4,144444.6
1382,0,152530.3
1383,0,160061.3
1384,0,166341.4
1385,7.1,171434.3
1386,61.2,176654.9
1387,1583.8,97044
1388,2251.5,96620.5
1389,4974.9,56045.1
1390,6222.7,52146.8
1391,9344.5,39009.4
1392,11213.3,32522.9
1393,13036.1,28630.7
1394,14413.3,25766
1395,15894.6,23134.8
1396,17799.1,20628.6
1397,15334.2,32443.7
1398,13829.8,40059.1
1399,7111.7,93654.9
1400,4481.6,130684.8
1401,2953.1,141181.9
1402,1593.8,149469.6
1403,644.3,158136
1404,228.4,165912.4
1405,73.3,171508.8
1406,0,177950.2
1407,0,184177.4
1408,0,190334.9
1409,0,203857.4
1410,2.6,206934.5
1411,1141.1,112852.4
1412,2337.3,109860.5
1413,5186.7,68554.2
1414,6600.1,64842.8
1415,10394.4,52056.3
1416,12689.6,45679.8
1417,14795.5,40547.9
1418,17251.6,35979.1
1419,19592.8,32418.3
1420,21816.6,29755.5
1421,18192.5,44788.1
1422,17626.2,51291
1423,9204,104688.6
1424,5019,143766.2
1425,2975.6,155695.2
1426,1807,166486.6
1427,816.8,177833.9
1428,113.8,188506
1429,0,191978.8
1430,0,200552.2
1431,0,210638.8
1432,0,215307.1
1433,0,219098.7
1434,0,222802.9
1435,49.5,125042.1
1436,148.8,124858.5
1437,1046.3,76759.5
1438,1286.2,73810.6
1439,2251.1,60350.5
1440,3227.3,54287.2
1441,4109.3,49552.9
1442,5096.9,45136.4
1443,7123.1,40728.5
1444,9316.4,36791.2
1445,7721.8,52835
1446,7785,59465.4
1447,3719.7,115109.5
1448,1223.9,156251.7
1449,361.7,171996.6
1450,17.4,185521.3
1451,0,193124.1
1452,0,207986.3
1453,0,222315.1
1454,0,240022.5
1455,0,256883.9
1456,0,269059
1457,0,268636.1
1458,0,270659.7
1459,0,160364
1460,0,158233.5
1461,31.3,95490
1462,213,85571.1
1463,553.1,67917.1
1464,818.6,61199.8
1465,1354.4,55875.7
1466,2166.7,51026.6
1467,2937,46253.5
1468,3756.8,42204.7
1469,3643.9,58586.4
1470,4073.1,64291.2
1471,1664.2,121569.1
1472,331.4,164514.7
1473,91.4,180626.1
1474,0,195734.8
1475,0,209731.1
1476,0,222384.6
1477,0,235305.1
1478,0,249897.2
1479,0,264196.5
1480,0,273207.6
1481,0,271080.8
1482,0,271966.8
1483,0,163542.4
1484,0,161019.7
1485,336.8,98543.1
1486,766.3,88254.6
1487,1456.3,69529.3
1488,2319.3,62314.1
1489,3545.7,56567.5
1490,4294.6,51442.2
1491,5106.8,46634.6
1492,6284.8,42577.4
1493,6934.6,41071.9
1494,7752.7,37869.2
1495,8274.1,43607.4
1496,4378.2,67976.5
1497,4063.6,79061.4
1498,3053.2,101534.2
1499,2649.2,112457.2
1500,2414.8,115184.7
1501,2238,117310.2
1502,2028.5,119404.1
1503,1888.2,121138.6
1504,2438,91495.3
1505,2373.4,94909.6
1506,2584,93341.3
1507,2762.2,82865.8
1508,2948.4,80409.2
1509,5895.7,43242.1
1510,7144.1,39813.1
1511,8266.6,32822.1
1512,9502.1,28218.6
1513,11850.5,23551.2
1514,12920.5,20532.4
1515,13599.1,17876.3
1516,14074.1,15373.9
1517,14227.7,14215.3
1518,14986.6,12260.3
1519,23325.4,21986
1520,14844.2,33181.9
1521,8993.9,43252.6
1522,4790.8,56326.7
1523,4427.5,61235.8
1524,4062,64741.6
1525,3728.2,68239.2
1526,3551,72979.8
1527,3593,77493.2
1528,3668.2,80050.7
1529,3946.5,77669.5
1530,12978.9,53430.2
1531,16169.3,34443.8
1532,12683.5,33686.8
1533,19924.9,18641.2
1534,16053.3,19213.2
1535,18224.2,14713.9
1536,20467.3,12641.6
1537,20806.4,11210.3
1538,22867.4,9789.7
1539,25490.7,8478.1
1540,28403.3,7415.5
1541,21012,11254.9
1542,14885.3,14613.5
1543,11253.2,66079.4
1544,1951.9,107555.9
1545,1088.6,122317.9
1546,672,135067.5
1547,259.3,148760.7
1548,9.9,161860.6
1549,0,174092.9
1550,0,186443.6
1551,0,199959.6
1552,0,211890.6
1553,0,217438.8
1554,0,207467.3
1555,150,119452.7
1556,604.6,113715.6
1557,1706.4,64977.6
1558,2495.9,62419.3
1559,4409.7,48140.4
1560,5795.4,40635
1561,7927,35390
1562,10278.6,30701.7
1563,12443.3,26789.4
1564,14783.7,23267.9
1565,12153.7,36826.6
1566,12556.2,45161.5
1567,6627.1,101169.2
1568,3639.6,140904.5
1569,2409,153674.3
1570,1571.4,162053.3
1571,822.1,169459.7
1572,180.4,181456.4
1573,0,190835.7
1574,0,204461.4
1575,0,213242.3
1576,0,220934.8
1577,0,224798.3
1578,0,225692.7
1579,154.5,124628.2
1580,347.8,124079.1
1581,1505.5,75721.8
1582,1897,73093.4
1583,3197.3,59679.7
1584,3873.3,53183.2
1585,4490.1,47891.6
1586,5355.9,43335.4
1587,6116.8,39730.7
1588,6755.3,36500.7
1589,5095.9,52474.3
1590,4646.7,59592.1
1591,1863.6,116315.3
1592,297.7,154753
1593,56.9,165921
1594,0,175320.8
1595,0,184220.1
1596,0,193942.5
1597,0,202990
1598,0,213886.6
1599,0,223606
1600,0,231727.8
1601,0,234798.6
1602,0,237980.4
1603,0,136762.3
1604,0,137514.8
1605,138,82654.7
1606,315.3,78247.9
1607,679.1,63895.2
1608,979.4,57155
1609,1225.5,52158
1610,1660.4,47751.9
1611,2136.8,43803.7
1612,2566.6,40423
1613,2108.2,56612.5
1614,2326.7,62815.2
1615,532.9,120743.1
1616,0,166358.6
1617,0,183989.9
1618,0,199807.1
1619,0,214994.4
1620,0,228135.1
1621,0,241120
1622,0,256258.4
1623,0,271611.5
1624,0,282893.6
1625,0,283958.7
1626,0,288437.4
1627,0,176279
1628,0,172948.4
1629,0,110910
1630,16.7,99533
1631,236.1,74162.2
1632,395.7,65073.7
1633,737.5,59390.8
1634,1343.6,53925
1635,2179.6,48808
1636,3109.7,44185.9
1637,2781.9,61027.3
1638,3149.4,66891.1
1639,1367.3,125255.8
1640,215.2,171858
1641,1.8,192048.6
1642,0,209305.5
1643,0,224593.5
1644,0,237804.3
1645,0,251418
1646,0,267865.1
1647,0,283111.2
1648,0,294353.6
1649,0,294182
1650,0,298275.7
1651,0,184646.7
1652,0,181583
1653,3.1,118632.1
1654,38.2,105839.6
1655,290.1,79880.5
1656,489.6,69215.1
1657,859.2,62197.9
1658,1593.9,56713.7
1659,2706,51395
1660,3664,46611.1
1661,4453.5,44827.9
1662,5911.9,41228.7
1663,6828.6,47334.3
1664,3562.4,75364.5
1665,2841.4,89798.4
1666,1788.2,114456.6
1667,1129.4,125089.2
1668,577.3,130082.5
1669,171.2,133569
1670,0,136066.7
1671,0,137118.1
1672,0,103956.2
1673,0,106076.7
1674,5,104564
1675,102.3,92577.7
1676,188.9,89801.1
1677,719,51973.1
1678,1201.6,48686.8
1679,1711.7,40987.7
1680,2433.3,36378.6
1681,3988.5,31020.7
1682,5127.4,26634.2
1683,6209.2,22625
1684,7040.8,21445.8
1685,7917.5,18970.1
1686,15198.4,28353
1687,9261.5,36520.8
1688,5686.2,44733.1
1689,2887.8,55341.3
1690,2343.4,60977.8
1691,2180.7,65886.9
1692,2101.4,69290.3
1693,2055.5,71523.1
1694,2053.7,73005.1
1695,2165.4,70681.4
1696,2387.4,71942.5
1697,11104.4,49645.5
1698,9749.6,38603.4
1699,11230.1,34486.5
1700,18129.1,19220.8
1701,14513.2,19901.7
1702,16025.1,15446.5
1703,17615.3,13457.4
1704,17264.6,12111
1705,18291,10864
1706,19703,9652.6
1707,21268.2,8487.4
1708,15230.6,12899.8
1709,9462.1,16952.1
1710,7358.4,69524.3
1711,267.5,110998.2
1712,15.3,126284.8
1713,0,141321.7
1714,0,156293.7
1715,0,170770.7
1716,0,184500.6
1717,0,197062
1718,0,209806.9
1719,0,227989.3
1720,0,226698.5
1721,0,231713
1722,0,140277.5
1723,0,137073.8
1724,0,80703.7
1725,0.3,74248.2
1726,137.8,56391.5
1727,253.1,49216.7
1728,360.4,44368.7
1729,480.6,40359.3
1730,635.4,36658.2
1731,957.5,32980.6
1732,523.8,47360.7
1733,549.3,56019.9
1734,13.1,116486.1
1735,0,159658.7
1736,0,173362.5
1737,0,185062.1
1738,0,200126.1
1739,0,215997
1740,0,228391.1
1741,0,232983.5
1742,0,238701.8
1743,0,243482.6
1744,0,248188.9
1745,0,251841.9
1746,0,156209.5
1747,0,150736.1
1748,27.6,90555.6
1749,136.6,83581.8
1750,478.3,66218
1751,777.4,59072.5
1752,1297.1,53278.3
1753,2031.1,48008.8
1754,2908.6,43384.4
1755,3369.8,39854.7
1756,2879.8,56389.8
1757,3351.5,62649.2
1758,1321.8,119935.3
1759,379.1,161042
1760,89.4,177319.7
1761,0,191086.7
1762,0,204136.7
1763,0,216600.1
1764,0,228211.2
1765,0,238378.5
1766,0,252141.7
1767,0,266226.7
1768,0,271258.2
1769,0,281870.6
1770,0,175762.4
1771,0,158366.7
1772,82.1,99744.4
1773,309.8,89948.7
1774,950.6,70210.6
1775,1565.4,62822.6
1776,2686.4,56783.3
1777,3725,51224.3
1778,4875.5,45915
1779,6215.4,41728.4
1780,5501.4,58395.3
1781,6290.5,63906.1
1782,3340.8,121268.7
1783,1933.4,159097.7
1784,1134.6,173795.9
1785,682.2,187178.4
1786,203.5,200935.1
1787,0,215185.3
1788,0,228115.2
1789,0,240052.1
1790,0,254340.3
1791,0,268824.6
1792,0,271508.3
1793,0,279465.6
1794,0,173954.6
1795,0,166005.6
1796,113.9,102815.3
1797,304.2,92797.4
1798,675.1,71688.2
1799,972.8,64435.7
1800,1364.6,58952.3
1801,1983.3,54000.7
1802,2499.6,49262
1803,3114.9,44812.9
1804,2904.5,61662.3
1805,3068.3,67450.4
1806,1127.3,125367.2
1807,242.1,166814.2
1808,48.9,180396.2
1809,0,192119.2
1810,0,207256.6
1811,0,221556.6
1812,0,232711.6
1813,0,244572.9
1814,0,258261.1
1815,0,271046.3
1816,0,270846.4
1817,0,273394.7
1818,0,171255.9
1819,0,163210.9
1820,223.4,99702.2
1821,629,90454.6
1822,1410.4,70617.1
1823,2079.3,63184.4
1824,3169.3,57281.2
1825,4309.9,51668.3
1826,5918.8,46119
1827,8006.3,41245.2
1828,9255.2,39151.4
1829,10850.2,35718.1
1830,11298.8,40885.3
1831,7832.4,64349.2
1832,6922.9,76648.9
1833,4540,101836.6
1834,3719.1,115853.3
1835,3040.5,121318.6
1836,2496.6,125066.1
1837,1920.2,129261.8
1838,1259.2,134299.5
1839,1041.4,105780.3
1840,765.1,110170.6
1841,615.2,107590.7
1842,650.8,92583.1
1843,1176.1,86466.5
1844,3199.3,47926.8
1845,4517.8,44072.4
1846,6542.5,36350.8
1847,8748.8,31226.8
1848,13162.9,25021.9
1849,16599.7,20134.1
1850,19925.5,16939.5
1851,23798.6,14049.1
1852,26076,12656.3
1853,29642.2,10662.2
1854,39189.2,19633.2
1855,32256.7,26837.6
1856,25347.9,35572.4
1857,20241.6,45602.8
1858,17213.7,49124.6
1859,13168.1,52620.8
1860,9986.5,55173
1861,7966.8,57788.8
1862,6814.4,61803
1863,6133.2,65151.4
1864,5977,65294.4
1865,14914.3,45532.8
1866,18192.9,31264.1
1867,14878.5,30040.2
1868,22985.9,16005.5
1869,19500,16848.2
1870,22249.9,12737.6
1871,25140.1,10887.8
1872,24943.1,9768.6
1873,26083.5,8875.2
1874,27576.2,7966.1
1875,29037.2,7108.4
1876,20648.6,11134.5
1877,13251.8,14535.7
1878,10704.5,66531.8
1879,1026.9,107697.7
1880,69.6,122710
1881,0,137476
1882,0,153054.3
1883,0,168406.1
1884,0,181688.4
1885,0,189155.7
1886,0,197685.4
1887,0,206293.9
1888,0,211520.3
1889,0,239664.1
1890,0,146699.3
1891,0,137814.1
1892,0,79129.8
1893,0,72666.8
1894,18.2,54123.8
1895,146.3,46614.5
1896,331.1,41544.4
1897,619.8,37021.3
1898,1032.9,32709.5
1899,1851.6,28513.7
1900,1658.8,42331.1
1901,2042,51019.4
1902,597.6,108387.7
1903,126.4,151106.5
1904,12.7,166221.1
1905,0,179254.8
1906,0,192201.5
1907,0,204356.2
1908,0,215605.3
1909,0,227092.6
1910,0,234786.1
1911,0,245028.7
1912,0,240712.1
1913,0,248259.6
1914,0,152595.8
1915,0,147115.8
1916,296.4,88100.1
1917,621.8,80411.1
1918,1336.9,63510.7
1919,1938.2,56770.6
1920,2809.9,51349.7
1921,3481.8,46519.4
1922,4320.7,42108.7
1923,5692.2,38440.6
1924,5052.5,54448.2
1925,5180.1,61248.6
1926,2426.1,118290
1927,953,155917.7
1928,332,167261.7
1929,73.5,176300
1930,0,184599.5
1931,0,191687.8
1932,0,198952.3
1933,0,206120.7
1934,0,212189.8
1935,0,217194
1936,0,222205.8
1937,0,226626.8
1938,320.2,130529.8
1939,688.4,125265.4
1940,2247.3,79383.5
1941,2950.4,75788.1
1942,4767.1,61105.6
1943,6121.5,54245.5
1944,7429.3,49394.1
1945,8563.5,44939.3
1946,9707.2,40808.3
1947,10776.3,37280.9
1948,8183,53414.6
1949,7741.5,60193.5
1950,3345.5,116083.5
1951,1522.4,152859.6
1952,756.3,163400.4
1953,269.9,171700.7
1954,23.3,179166.1
1955,0,185864.3
1956,0,192718.1
1957,0,199278
1958,0,205632.9
1959,0,211254.6
1960,0,216401.8
1961,0,220942.1
1962,349.5,122124.5
1963,665.4,122693.3
1964,2343.5,78184.3
1965,2939.2,74367.3
1966,4609,60155.8
1967,5785.9,53978.4
1968,6833.2,49245.1
1969,7855.3,44861.9
1970,8853.4,40776.4
1971,9693.7,37325.1
1972,7272.7,53495.7
1973,6609.9,60184.3
1974,2669.7,115817.2
1975,715.7,153702.8
1976,157.3,165225.4
1977,0,174495.1
1978,0,182520.1
1979,0,189037.7
1980,0,196469.8
1981,0,203251
1982,0,209435.9
1983,0,215229
1984,0,220120.1
1985,0,224187
1986,269.1,124640.5
1987,643.9,124304.6
1988,2524.4,78041.1
1989,3150,74098.4
1990,4926.6,60076.8
1991,6454.7,53791.7
1992,7767.5,48954.1
1993,8901.5,44504.6
1994,9961.8,40352.8
1995,10975.4,36800.5
1996,11196,34787.2
1997,12067.2,31929.6
1998,12216.5,36396.7
1999,7285.8,58723.5
2000,5649,71530.8
2001,3272.9,95388
2002,2285.1,110495
2003,1764.2,113201.2
2004,1210.9,117995.9
2005,718.9,123630.4
2006,348.9,129516.3
2007,219.8,101777.6
2008,33.9,107647.8
2009,19.6,106583.9
2010,33.1,91872.8
2011,64.1,85095.7
2012,618.9,46069.7
2013,1332.4,42533.3
2014,2293,35177.2
2015,3671.1,30298.5
2016,6650.2,24545.6
2017,9099,20690.7
2018,11396.7,17754.1
2019,14018.1,14995.8
2020,16782.1,13520.7
2021,20155.4,11314.4
2022,29820.5,20246.4
2023,23744.6,27996.4
2024,17747.5,37243.4
2025,12621.6,47839.4
2026,10236.3,52340
2027,7698.5,55656.9
2028,6503.4,58219.6
2029,5694.7,61207.5
2030,4968.6,66107.6
2031,4704.7,70404.5
2032,4579,72953.5
2033,13508.6,56059.2
2034,11426.4,44295.6
2035,12716.8,36316.7
2036,19669.2,19563.5
2037,15381.7,19802.6
2038,16844.7,15255.1
2039,18553.8,13305.5
2040,18689.4,11840.7
2041,20861.5,10340.3
2042,23052.3,9100.6
2043,25345.2,7998
2044,19280,11817.1
2045,12857.6,15452.4
2046,10366,66614.2
2047,1448,106883.4
2048,648.3,122166.1
2049,307.7,136737.6
2050,30.4,153052.1
2051,0,169975.4
2052,0,187380.5
2053,0,204870.5
2054,0,223614.8
2055,0,236057.9
2056,0,243593.9
2057,0,258350.4
2058,0,167456.5
2059,0,159426.8
2060,0,96558.7
2061,0,89295.4
2062,0,68126.8
2063,0,56784.1
2064,0,49552.9
2065,0,45155.6
2066,0,41187.4
2067,22.3,37028
2068,11.1,50741.3
2069,0,59807.6
2070,0,124009.3
2071,0,165109.3
2072,0,192763.4
2073,0,211297.4
2074,0,224977.4
2075,0,235998.2
2076,0,250351.8
2077,0,268598.2
2078,0,285716.1
2079,0,299098.8
2080,0,300159.4
2081,0,318490.2
2082,0,223165
2083,0,210522.1
2084,0,148863.6
2085,0,140052.3
2086,0,113763
2087,0,98274.4
2088,0,78673.7
2089,0,75843.7
2090,0,66972.2
2091,0,60666.2
2092,0,78681.4
2093,0,87973.3
2094,0,158151.3
2095,0,206681.8
2096,0,229566.2
2097,0,239554.3
2098,0,251402.1
2099,0,263416.2
2100,0,272686.8
2101,0,283648.4
2102,0,294898.4
2103,0,306709.6
2104,0,304599.1
2105,0,312242.5
2106,0,208482.8
2107,0,207287.9
2108,0,146897.3
2109,0,139114.7
2110,0,113602.2
2111,0,98741.1
2112,0,80338.9
2113,0,78591.8
2114,0,70521.2
2115,0,63911.3
2116,0,81634.1
2117,0,89826.4
2118,0,160193.8
2119,0,207551.4
2120,0,230226.2
2121,0,241981.1
2122,0,250754.4
2123,0,258559.1
2124,0,266777.4
2125,0,274049.8
2126,0,280289.3
2127,0,285979
2128,0,290160.3
2129,0,291995.5
2130,0,184931.1
2131,0,182655.2
2132,0,119933.1
2133,0,109850.9
2134,26.1,85291.2
2135,205.3,73867.6
2136,382.8,66797.3
2137,544.3,60243.5
2138,696.3,54061.9
2139,881.1,49221.4
2140,579.9,66186.5
2141,605,72374.3
2142,0,135486.6
2143,0,184524.3
2144,0,198867.5
2145,0,209662.3
2146,0,220201.5
2147,0,229481.9
2148,0,234879.2
2149,0,240816.5
2150,0,246444.6
2151,0,251531.4
2152,0,255852.3
2153,0,258971.9
2154,0,154907.8
2155,0,152979.4
2156,412.1,95278.1
2157,651.8,88954
2158,1147.1,70891
2159,1677.9,61935.4
2160,2462,56120.5
2161,3222.1,50721
2162,4001.7,45893.3
2163,5128.1,41893.2
2164,5881.8,39577.9
2165,6855.1,36469.3
2166,7412.5,42119.6
2167,3889.7,67312.4
2168,3370.2,82023.8
2169,1904.1,108260.5
2170,1251.3,122986.3
2171,617,128566.1
2172,75.8,133757.9
2173,0,139681.7
2174,0,148594.4
2175,0,119281.5
2176,0,127720.7
2177,0,127740.4
2178,0,110224.5
2179,0,98261.1
2180,46.7,54235.3
2181,217.9,50298.8
2182,414.2,42169.3
2183,752.4,37357.3
2184,2637.7,31849.2
2185,3828,27397.2
2186,5203.6,23277
2187,6592.4,19275.9
2188,7681.5,18392.5
2189,9045,16028.7
2190,17962.8,25720.7
2191,12150.8,34386.1
2192,8375,43224.6
2193,4562.7,55897.7
2194,3944.3,61585.2
2195,3507.7,65755.9
2196,3069.9,68980.4
2197,2662.6,72488.3
2198,2477.7,76838.8
2199,2414.5,80395.8
2200,2584.6,77920.1
2201,11082.3,58742.9
2202,9307.5,47655.4
2203,10625,41593.3
2204,17202.2,24117
2205,12819.9,24448.7
2206,13908,18705.9
2207,15100.2,16279.7
2208,14591,14557.9
2209,15345.4,12997.7
2210,16445.5,11685.1
2211,17607.4,10498.1
2212,12601.1,15288.2
2213,6728.8,20312.1
2214,5686.2,74667.6
2215,0,121551.4
2216,0,138523.6
2217,0,154958.1
2218,0,171732.2
2219,0,188131.3
2220,0,203607.2
2221,0,219042
2222,0,235648.6
2223,0,251680.7
2224,0,256563.7
2225,0,264110.5
2226,0,170459.3
2227,0,163807.4
2228,0,101621.4
2229,0,92482.7
2230,0,68280.7
2231,0,56521
2232,0.8,44595.2
2233,34.9,44827.4
2234,131,40657.9
2235,219,36746.5
2236,91.2,50898.4
2237,109.4,59573.2
2238,0,123553.7
2239,0,163105.9
2240,0,190204.4
2241,0,204007.2
2242,0,217289.4
2243,0,231243.9
2244,0,245196.2
2245,0,259987.2
2246,0,275796.4
2247,0,290386.7
2248,0,293128
2249,0,306389.7
2250,0,210194.8
2251,0,195646.4
2252,0,130876.1
2253,0,119439.1
2254,0,91538.8
2255,0,76887.9
2256,12.2,60414.1
2257,20.4,58071.3
2258,131.5,52017.6
2259,282.7,47665.3
2260,154.4,63888.8
2261,211.9,70757.4
2262,0,135056.2
2263,0,186141.2
2264,0,202720.7
2265,0,218519.7
2266,0,232789.9
2267,0,245379.9
2268,0,254924.7
2269,0,263068.5
2270,0,277971.1
2271,0,290355.5
2272,0,295935.1
2273,0,308083.2
2274,0,202181.8
2275,0,187029.1
2276,0,127597.9
2277,0,116067.9
2278,10.3,89282.1
2279,46.6,76130.3
2280,201.9,67900.8
2281,412.8,60731.4
2282,718.5,53937.2
2283,1255.1,48527.3
2284,1138.6,64640.5
2285,1464,71077.3
2286,232.1,132139.8
2287,0.5,183475.9
2288,0,201578.9
2289,0,217666.5
2290,0,233697.5
2291,0,248113.8
2292,0,260562.9
2293,0,273537
2294,0,288375.7
2295,0,302034.3
2296,0,303699.9
2297,0,316777
2298,0,211266.8
2299,0,202311.9
2300,0,137310.6
2301,0,126028.6
2302,0,97878.6
2303,0.7,82923.9
2304,17,66688.1
2305,85,65211.6
2306,226.1,58663.1
2307,416.5,52588.7
2308,303.3,69095
2309,418,75009.1
2310,3.3,139573.8
2311,0,192331.5
2312,0,210743.6
2313,0,226369.9
2314,0,241530.7
2315,0,254610.8
2316,0,264643.2
2317,0,275000.5
2318,0,281870.2
2319,0,287364.4
2320,0,291368.2
2321,0,293865.8
2322,0,186874.2
2323,0,185406.3
2324,0,123429.6
2325,0,113648.3
2326,0,87903.3
2327,2.8,75499.1
2328,61.2,67919.5
2329,138.7,61526.9
2330,222.9,55597.7
2331,346.7,51234.4
2332,462,50057.7
2333,553.8,47022
2334,1714.7,55055.3
2335,176.8,80577.1
2336,27.4,93179
2337,0,118323.6
2338,0,133244.2
2339,0,139343.7
2340,0,143228.3
2341,0,146916.3
2342,0,151374.3
2343,0,114159.9
2344,0,115982.6
2345,0,114737.2
2346,0,102686.2
2347,0,99112.6
2348,0,59283.8
2349,0,56475.9
2350,0,48225.9
2351,35.6,43189.5
2352,991.4,37244.6
2353,1591,32446.5
2354,2171.1,28468.8
2355,2652,24952.6
2356,3190.1,24457.6
2357,3707.8,21900.9
2358,11140.7,32507
2359,4503.6,42530.8
2360,2624.8,51649.8
2361,272,62387.3
2362,252.8,65532.2
2363,232.6,67935.9
2364,261.7,70022
2365,498.5,72209.9
2366,746.3,76163.6
2367,990.7,81697.1
2368,1263,83202.2
2369,9583,64329.7
2370,7963.6,51857.1
2371,9257.5,46012.9
2372,15603.7,28403.2
2373,11424.5,28947.1
2374,12436.4,22743.1
2375,13551.7,19379.6
2376,12926.9,16968.3
2377,13415.9,14963.6
2378,14192.4,13386.7
2379,15085.3,12085.3
2380,10189.6,17420
2381,4474.7,22812.7
2382,4146.7,79859.1
2383,0,130021.9
2384,0,147565.6
2385,0,164347.8
2386,0,174988.6
2387,0,198967.6
2388,0,210785.1
2389,0,223007.4
2390,0,238030.1
2391,0,244576.9
2392,0,246825.1
2393,0,261050.8
2394,0,172855.8
2395,0,166897.7
2396,0,105005.4
2397,0,96262.3
2398,0,70517.2
2399,0,58266.2
2400,0,45777.3
2401,0,45623.3
2402,14,41454.4
2403,106.1,37511.8
2404,0.8,51757.2
2405,37,59989.2
2406,0,123897.9
2407,0,173571.2
2408,0,193654.8
2409,0,211071.3
2410,0,227803.1
2411,0,241760.6
2412,0,255106.8
2413,0,270023.7
2414,0,285662.6
2415,0,300344.9
2416,0,305549
2417,0,314798.1
2418,0,214498.5
2419,0,204092.1
2420,0,141634.8
2421,0,130402.4
2422,0,101191.1
2423,0,84203.8
2424,0,65391.9
2425,0,62628.2
2426,2.1,56152.1
2427,58.3,51153.9
2428,0.1,67618.2
2429,3.8,74256.8
2430,0,142481.2
2431,0,189207.1
2432,0,218263.6
2433,0,234372
2434,0,249191.6
2435,0,258352.4
2436,0,268797.1
2437,0,278261.3
2438,0,287148.8
2439,0,295537.9
2440,0,296008.9
2441,0,305883
2442,0,200846.6
2443,0,198923.4
2444,0,138035.2
2445,0,129696.6
2446,0,103432.1
2447,0,88977.7
2448,0,70934.7
2449,0,68024.3
2450,0,61146
2451,0,55995.8
2452,0,73441.9
2453,0,79825.2
2454,0,149156.6
2455,0,194636.3
2456,0,221904.6
2457,0,235352.5
2458,0,249817.7
2459,0,261259.1
2460,0,270785.7
2461,0,283739
2462,0,296209.4
2463,0,305864.9
2464,0,301569.2
2465,0,310742.1
2466,0,204242.6
2467,0,201581.3
2468,0,139244.2
2469,0,129632.2
2470,0,102111.1
2471,0,86903.2
2472,0,69443.8
2473,0,66988.6
2474,7.5,60444.9
2475,73.4,54881.5
2476,0,72204.1
2477,0,78168.4
2478,0,146963.4
2479,0,190873.8
2480,0,216736.2
2481,0,227926.4
2482,0,236733.9
2483,0,247015
2484,0,254912.8
2485,0,260064.5
2486,0,268614.7
2487,0,275392.7
2488,0,281605.5
2489,0,286019.1
2490,0,181604.1
2491,0,182536.8
2492,0,122271.1
2493,0,114049
2494,0,89890
2495,0,78071.1
2496,0,69631.7
2497,0,63095.5
2498,0,56875.3
2499,40.1,51421
2500,188.1,50007.3
2501,325.3,46799.5
2502,1376.8,54691.1
2503,61.5,80496.1
2504,0,92864.7
2505,0,117490.6
2506,0,132488.7
2507,0,136416.6
2508,0,137877.4
2509,0,142078.8
2510,0,145667.1
2511,0,109602.7
2512,0,111597.7
2513,0,110505.4
2514,0,98035.7
2515,0,93942.1
2516,219.7,54065.6
2517,476.7,50573.9
2518,717.3,42810.7
2519,1178,38077.3
2520,2781.3,32522.3
2521,3801.8,28088.1
2522,4945.8,24078.5
2523,6010.1,20213.7
2524,6986.7,19510.6
2525,7935.4,17217.3
2526,15622.4,27546.5
2527,9114.1,37989
2528,5767,45796.1
2529,2845.2,55146.9
2530,2409.7,59092.2
2531,2305.1,60445.3
2532,2395.1,61987.8
2533,2619.6,61696.2
2534,2735.3,64590.6
2535,2948.5,68264.9
2536,3149.4,69806.6
2537,11583.3,54853
2538,9974.3,44719.8
2539,11438.1,37421.5
2540,18571.8,19821.2
2541,15223.4,20046.4
2542,17573.8,15407.1
2543,20062.4,13262
2544,20404.7,11751
2545,22652.3,10321.1
2546,25467.1,8937.5
2547,28434.7,7662.3
2548,20982.8,11488.1
2549,15572.9,15281.2
2550,10500.4,66570.8
2551,1961.1,107525.8
2552,1191.2,121460.8
2553,570.1,134672.5
2554,117.9,147631.7
2555,0,161566.1
2556,0,175181.3
2557,0,190870.8
2558,0,210052.7
2559,0,230220.3
2560,0,241566.7
2561,0,258438
2562,0,168218.1
2563,0,158797.1
2564,0,92620.5
2565,0,81523.1
2566,34.5,58254.5
2567,178.3,47204.2
2568,502,41440.2
2569,1131.3,36674.1
2570,1761,32394.7
2571,2625.9,28529.4
2572,2403.6,42610.4
2573,2615.4,51416.7
2574,983.6,109448.7
2575,30.5,152284
2576,0,168537.4
2577,0,185020
2578,0,202902
2579,0,218654.7
2580,0,232325.6
2581,0,246723.3
2582,0,262858.4
2583,0,277753.4
2584,0,283596.6
2585,0,292888.8
2586,0,196791.6
2587,0,186352.5
2588,0,122672
2589,0,111841.9
2590,0,84939.9
2591,0,70551.1
2592,23.7,55366.7
2593,97.5,53694
2594,233.3,49207.8
2595,395.6,45302.7
2596,224.5,61318.7
2597,263.6,68198.7
2598,0,132286.2
2599,0,185931
2600,0,205172.6
2601,0,221547.1
2602,0,230451.8
2603,0,251695.5
2604,0,264062.8
2605,0,278431.1
2606,0,296013.1
2607,0,312067.3
2608,0,319754.3
2609,0,330805.9
2610,0,222669.4
2611,0,214626.6
2612,0,150347.9
2613,0,139958.9
2614,0,111689.2
2615,0,94363.5
2616,0,73451.7
2617,0,69261.8
2618,6.5,61041.7
2619,55.2,55360.6
2620,11.1,71800.3
2621,28.7,78568.8
2622,0,146633.1
2623,0,193717.2
2624,0,221974.2
2625,0,237840.2
2626,0,247001.6
2627,0,267713
2628,0,281043.5
2629,0,296709.7
2630,0,314749.8
2631,0,331105.9
2632,0,337588.8
2633,0,348160
2634,0,238147.7
2635,0,228812.7
2636,0,163435.3
2637,0,153393.7
2638,0,126780.1
2639,0,111060
2640,0,90364.4
2641,0,85611.9
2642,0,76017.4
2643,0,68654.3
2644,0,86529.4
2645,0,93732
2646,0,165198.9
2647,0,214802.2
2648,0,240311.1
2649,0,254840.4
2650,0,269184.7
2651,0,281700.6
2652,0,292652.1
2653,0,305028
2654,0,320465.6
2655,0,334988.7
2656,0,340610.4
2657,0,352985.8
2658,0,244920.4
2659,0,235721.2
2660,0,167728.5
2661,0,155613
2662,0,126775.8
2663,0,109799
2664,0,88571
2665,0,83340
2666,0,73442.6
2667,7.8,65958
2668,85.4,62577.5
2669,194.6,57843.2
2670,1084.4,66189.9
2671,3.1,98343.2
2672,0,112765.9
2673,0,139823.6
2674,0,156573.5
2675,0,163141.1
2676,0,171252.4
2677,0,180465.4
2678,0,193406.2
2679,0,164367.8
2680,0,172157.1
2681,0,172875.9
2682,0,155085.6
2683,0,145718.8
2684,0,91045.6
2685,0,81939.4
2686,0,67756.2
2687,18.6,59480.7
2688,992.8,50864.5
2689,1498.4,43920.9
2690,1959.9,38551
2691,2398.5,33533.1
2692,2900.4,31950.4
2693,3416.2,28513
2694,9989.2,38333.9
2695,4569.8,52627.4
2696,2378.2,64321.5
2697,509.4,76822.1
2698,296.4,81289.1
2699,38.7,84549
2700,84.9,87324.1
2701,171.8,91724.9
2702,262.5,98010.3
2703,407.1,103883.6
2704,1954.3,104583.8
2705,7928.9,90300
2706,6452.1,76383.1
2707,7512.6,65820.5
2708,13527.2,41537.4
2709,9677.6,40233.4
2710,10696.5,32238.8
2711,11693.1,27779.4
2712,11094.1,24948.8
2713,11530.8,22133.7
2714,12265.7,19965.6
2715,13031.5,18038.9
2716,8279.2,24884.8
2717,2970.6,32650.4
2718,3195.9,92636.1
2719,0,144205
2720,0,163612.6
2721,0,182250.8
2722,0,192726.9
2723,0,216668.8
2724,0,231375.3
2725,0,248123.1
2726,0,265230.5
2727,0,279151.5
2728,0,282241.8
2729,0,290933.5
2730,0,197876.7
2731,0,189682.1
2732,0,128858.5
2733,0,119899.9
2734,0,93288.2
2735,0,77348.2
2736,0,58163.6
2737,0,55499.2
2738,0,48486.8
2739,0,44199.1
2740,0,58383.8
2741,0,67076.5
2742,0,136934.6
2743,0,182833.1
2744,0,210174.8
2745,0,223866.9
2746,0,236259.7
2747,0,250663
2748,0,264298.2
2749,0,276626.5
2750,0,292205.6
2751,0,305611.7
2752,0,307256.8
2753,0,313696.3
2754,0,215161.6
2755,0,207009.6
2756,0,143733.7
2757,0,132834
2758,0,104353.7
2759,0,88047.8
2760,0,70109.9
2761,0,67687.1
2762,0,61076
2763,0,55556.8
2764,0,71728.2
2765,0,79037.2
2766,0,147186.1
2767,0,192810
2768,0,218758.4
2769,0,229828.6
2770,0,238420.9
2771,0,247926.4
2772,0,255071.1
2773,0,259988.1
2774,0,269024.6
2775,0,275832.1
2776,0,278593.2
2777,0,283401.4
2778,0,178635.8
2779,0,176934.7
2780,0,115883.9
2781,0,106323.8
2782,4.7,82824.2
2783,99.2,71883.2
2784,252.2,64839.5
2785,373,58490.5
2786,508.7,52572.5
2787,671.5,48133.8
2788,436.4,64758.4
2789,452.1,71218
2790,0,135872.6
2791,0,185998
2792,0,202323.4
2793,0,214615.2
2794,0,223709.7
2795,0,235710.5
2796,0,245141.9
2797,0,251194
2798,0,260564.1
2799,0,267083.5
2800,0,270381.5
2801,0,275760.3
2802,0,171369.5
2803,0,170459.2
2804,0,110382.4
2805,0,101698.4
2806,0,79347.2
2807,30.2,69282.5
2808,162.9,62286.1
2809,286.9,56017.8
2810,406.7,51158.4
2811,530.9,47082
2812,276.5,64001
2813,252.3,70382.8
2814,0,135732
2815,0,187196.3
2816,0,203888.2
2817,0,216375.6
2818,0,226676.3
2819,0,238651.3
2820,0,248509.4
2821,0,257075.8
2822,0,264813.5
2823,0,271806.2
2824,0,275551.3
2825,0,280511.8
2826,0,175240.6
2827,0,174017
2828,0,112889.1
2829,0,103643.7
2830,0,80255.7
2831,15.9,69138.9
2832,135.5,62035.8
2833,262.3,55961.6
2834,371.4,51308.9
2835,483.6,47274.3
2836,596.4,46058.4
2837,734.4,43047.6
2838,1962.4,50980.8
2839,271.1,76499.8
2840,41,88977.6
2841,0,113244.7
2842,0,126466.4
2843,0,131708.4
2844,0,137853.9
2845,0,145960.1
2846,0,153312.1
2847,0,124577.8
2848,0,135106
2849,0,136431.9
2850,0,122430.3
2851,0,111129.5
2852,0,59917.8
2853,0,56325.3
2854,0,48085.3
2855,25.2,43184.5
2856,946.2,37307.9
2857,1434.5,32566.5
2858,1976.6,28368.6
2859,2488.5,24487.9
2860,3131.8,23505.4
2861,3759.1,20664.4
2862,11288.9,31293.3
2863,4691,41175.2
2864,2947,49287.3
2865,525.9,59689.5
2866,567.3,61889.4
2867,596.6,63804.4
2868,734.9,65441.5
2869,900.4,66492.7
2870,1133.3,67273.4
2871,1477.3,67944
2872,1826.5,67617.7
2873,10307.8,51415.3
2874,8675.6,42095.6
2875,10032.8,38168
2876,16566.5,21537.6
2877,12466.9,21945.9
2878,13824,17013
2879,15282.7,14844.8
2880,14844.1,13355.1
2881,15343.5,11919.7
2882,14977.5,10673.4
2883,15309.1,9511.3
2884,11788.1,14016.2
2885,7157.1,18509.2
2886,5443.6,73216.5
2887,0,123322.9
2888,0,140801
2889,0,157699.1
2890,0,165222.8
2891,0,190056.9
2892,0,206556.8
2893,0,222817.1
2894,0,241893.2
2895,0,260764.4
2896,0,269504.3
2897,0,285748.2
2898,0,189573.7
2899,0,180724.1
2900,0,113397.9
2901,0,103004.9
2902,0,75308.1
2903,0,60529.9
2904,0,46519.5
2905,0,45878.9
2906,0,41339.2
2907,4.2,37363.6
2908,0,51081.2
2909,0,59794.3
2910,0,130991
2911,0,177960.5
2912,0,206488.4
2913,0,221001.5
2914,0,235146
2915,0,247242.8
2916,0,253411.1
2917,0,262919.9
2918,0,274940.3
2919,0,284175.1
2920,0,288253.3
2921,0,301586.9
2922,0,205540.6
2923,0,197120.5
2924,0,127837.8
2925,0,118348.3
2926,0,91644.5
2927,0,77485.7
2928,4.1,61312.8
2929,0,59082.6
2930,0,53536.6
2931,0,48796.5
2932,3.1,65862.8
2933,0,73013.5
2934,0,148258.8
2935,0,198431.8
2936,0,226942.4
2937,0,242421.8
2938,0,256544.9
2939,0,268079
2940,0,279500.7
2941,0,293844.1
2942,0,310292.9
2943,0,319485.5
2944,0,318801.5
2945,0,326798.3
2946,0,232754.1
2947,0,217201.2
2948,0,144743.5
2949,0,133930.4
2950,0,106305.3
2951,0,89858.6
2952,0,70236.2
2953,0,66576.8
2954,0,58540.9
2955,52.4,52997.4
2956,0,70154.1
2957,0.5,76318.3
2958,0,151565.1
2959,0,198739
2960,0,221776
2961,0,231790.8
2962,0,240148.6
2963,0,248168.3
2964,0,254844.6
2965,0,260353.5
2966,0,266907.2
2967,0,274506
2968,0,279620.4
2969,0,281789.8
2970,0,183956.2
2971,0,177249.2
2972,0,107391.9
2973,2.8,98570.2
2974,310.9,76998.8
2975,577.9,67366.2
2976,840,59668.8
2977,1082.7,54036.1
2978,1467.2,49224.6
2979,2302.3,44531.2
2980,1841.8,61119.9
2981,2107,67292.1
2982,426.7,133680.6
2983,0,185448.3
2984,0,204471.1
2985,0,219070.5
2986,0,231454.7
2987,0,243210.9
2988,0,251574.1
2989,0,259251.1
2990,0,267159.4
2991,0,275116.7
2992,0,282139.7
2993,0,292914.6
2994,0,199830.7
2995,0,189066.2
2996,0,115304.5
2997,0,105399
2998,0,80981.9
2999,39.4,69086.5
3000,258.6,61540.9
3001,512.7,55252.6
3002,786.2,50203.6
3003,1115.2,45666.1
3004,1662.5,44134.2
3005,2216.3,40853.4
3006,3395.6,49577.8
3007,1393,77991.8
3008,958.4,92559.3
3009,282.8,119986.4
3010,18.7,135857.5
3011,0,142598
3012,0,149385.7
3013,0,159142.4
3014,0,172295.5
3015,0,140133.3
3016,0,145609.2
3017,0,155643.5
3018,0,141438.2
3019,0,131364
3020,0,73279.7
3021,0,65604
3022,0,53811.3
3023,0,48099
3024,0,41984.6
3025,1.8,36925.8
3026,16.7,32390.9
3027,58.8,28201.3
3028,185.8,27182.3
3029,593.7,23903.2
3030,5177.4,35653.1
3031,757.9,50263.9
3032,1680.9,62772.2
3033,435.4,75557.3
3034,166.1,80036.8
3035,52.6,83154.9
3036,142,85386
3037,228.5,89902.6
3038,352.7,96268.7
3039,508.4,102526.2
3040,1978.7,102176.9
3041,3665.9,87688.3
3042,2172.9,77777.2
3043,3063.5,68637.1
3044,7476.4,44085.4
3045,4658,42855.3
3046,5389.1,34634.7
3047,6174.9,30003.2
3048,6063.6,27637.3
3049,6506.7,25273.5
3050,7137.8,22850.1
3051,7820.8,20554.4
3052,7467,26392.2
3053,3195.5,33524.3
3054,3297.8,98187.8
3055,44.2,149677.7
3056,0,180862.9
3057,0,199375.5
3058,0,216286.7
3059,0,231465.1
3060,0,246387.9
3061,0,261338.4
3062,0,275836.6
3063,0,292606.9
3064,0,300760.1
3065,0,312066.7
3066,0,218454
3067,0,208379.6
3068,0,138224.6
3069,0,125956.6
3070,0,96178.2
3071,0,77959.1
3072,0,57078.2
3073,0,54474
3074,0,47392.6
3075,13.3,42541.2
3076,1.8,56168.3
3077,18.4,64252.6
3078,0,141483
3079,0,194874.5
3080,0,224969.1
3081,0,240998.5
3082,0,250029.2
3083,0,267797.7
3084,0,279540.7
3085,0,292288.7
3086,0,308803.6
3087,0,324293.9
3088,0,331961.9
3089,0,346029.3
3090,0,251214.3
3091,0,239149.9
3092,0,163108.6
3093,0,151836.3
3094,0,124662.4
3095,0,107987.7
3096,0,86583.8
3097,0,80674
3098,0,70652.2
3099,0,62870.8
3100,0,79007.4
3101,0,86169.2
3102,0,166451.3
3103,0,223569.6
3104,0,249832.6
3105,0,264210.6
3106,0,271901.8
3107,0,289888.1
3108,0,303138.8
3109,0,317112.2
3110,0,333601.8
3111,0,347755.4
3112,0,354333.8
3113,0,369033.8
3114,0,278128
3115,0,259364
3116,0,180252.3
3117,0,169006.4
3118,0,142782.2
3119,0,128063.8
3120,0,108898.4
3121,0,102819.4
3122,0,90962.4
3123,0,80770
3124,0,97582.5
3125,0,104788.1
3126,0,184784.6
3127,0,242339.9
3128,0,267603.3
3129,0,283068.8
3130,0,293420.8
3131,0,313787.9
3132,0,326898.2
3133,0,340643.5
3134,0,355741.9
3135,0,369255.3
3136,0,372699.4
3137,0,385368.7
3138,0,290355.2
3139,0,268870.2
3140,0,189739
3141,0,177804.1
3142,0,151497.7
3143,0,137802.7
3144,0,120489.4
3145,0,114669.7
3146,0,103485.8
3147,0,93599.6
3148,0,110749.8
3149,0,118885.8
3150,0,200273.7
3151,0,256766
3152,0,280281.5
3153,0,294583.6
3154,0,309391.2
3155,0,323105.9
3156,0,335003.9
3157,0,346140.4
3158,0,360202.8
3159,0,366382
3160,0,355464.8
3161,0,363583.3
3162,0,267003.1
3163,0,251803.4
3164,0,177534.7
3165,0,167247.3
3166,0,141073
3167,0,127034.2
3168,0,108364.1
3169,0,102533
3170,0,90819.4
3171,0,80448
3172,0,75981.5
3173,0,70523.5
3174,0,83114.7
3175,0,108828.2
3176,0,122649.1
3177,0,129212.5
3178,0,174030.9
3179,0,182169.1
3180,0,189451.1
3181,0,197769.4
3182,0,208449.5
3183,0,175118.6
3184,0,183059.4
3185,0,183470.7
3186,0,161631.3
3187,0,152486.4
3188,0,96955
3189,0,86662.2
3190,0,71528.8
3191,0,60802.8
3192,289.7,44755.2
3193,0,44027.7
3194,8.3,38214.1
3195,21.8,33849.6
3196,75.6,33271.3
3197,177.5,30047.9
3198,4066.4,39232.2
3199,447.8,51072.5
3200,13848.4,41848.6
3201,247.6,70251.3
3202,173.2,72923.4
3203,47.2,75357.1
3204,0,77756.5
3205,36.5,80573.2
3206,126.6,82563.7
3207,214.1,83410.2
3208,326.6,82693.5
3209,3314.4,64879
3210,1922.9,54603.8
3211,2904.7,50182.3
3212,7381,31423
3213,4610.1,32294.3
3214,5402.8,26286.9
3215,6243.9,23257.4
3216,6163.3,21341.3
3217,6636.3,19072.3
3218,7276.3,16790.8
3219,7932.5,14902.8
3220,7547.3,21406.4
3221,3203.9,28847.6
3222,3256.5,92130.1
3223,0,149538.9
3224,0,168779.6
3225,0,185234.1
3226,0,202690.7
3227,0,218608.1
3228,0,233582
3229,0,247662
3230,0,264385.4
3231,0,282464.2
3232,0,289870
3233,0,301257.1
3234,0,209019.4
3235,0,201727
3236,0,134986.7
3237,0,125517
3238,0,98033.8
3239,0,81512.9
3240,0,60703.6
3241,0,57818
3242,0,49105
3243,0,42872.9
3244,0,57274.5
3245,0,65580
3246,0,146615
3247,0,201564.7
3248,0,229362.8
3249,0,243172.1
3250,0,255102.7
3251,0,266973
3252,0,278534.2
3253,0,291645.7
3254,0,308018.2
3255,0,323296.8
3256,0,331231.6
3257,0,345798.6
3258,0,251169.5
3259,0,239391.1
3260,0,161069.5
3261,0,148650.5
3262,0,120655.7
3263,0,102562.4
3264,0,80497.1
3265,0,75333.9
3266,0,66098.9
3267,0,59439.7
3268,0,75221.4
3269,0,83052
3270,0,160898.8
3271,0,216317.6
3272,0,242726.2
3273,0,256996.4
3274,0,265182.3
3275,0,283991
3276,0,297916.2
3277,0,314186
3278,0,332511.3
3279,0,348847.2
3280,0,356653.1
3281,0,371440.3
3282,0,280146.1
3283,0,260786.1
3284,0,181771.5
3285,0,170094.6
3286,0,143447.9
3287,0,129175.9
3288,0,110853.6
3289,0,104762
3290,0,93402.7
3291,0,81950.3
3292,0,98078.3
3293,0,105704.3
3294,0,188257.7
3295,0,246138.3
3296,0,270550.5
3297,0,286062.4
3298,0,296241
3299,0,315960.8
3300,0,329570.9
3301,0,343670.6
3302,0,358849
3303,0,372727.9
3304,0,371186.2
3305,0,376659.6
3306,0,280357.8
3307,0,262109.3
3308,0,187589.5
3309,0,177492.8
3310,0,151502.6
3311,0,137473.1
3312,0,120607.9
3313,0,115268.8
3314,0,104947.1
3315,0,94322.2
3316,0,109983.3
3317,0,117120.4
3318,0,196846.2
3319,0,247610.9
3320,0,266587.7
3321,0,274411.8
3322,0,281916.8
3323,0,291861.7
3324,0,299895.4
3325,0,307379
3326,0,313688
3327,0,317885.1
3328,0,318440.1
3329,0,319477.1
3330,0,218610.5
3331,0,210103.7
3332,0,136317.1
3333,0,125709.3
3334,0,98409.6
3335,0,84704.8
3336,0,69995.3
3337,16.8,68381.5
3338,159.6,62097.6
3339,293.7,56591.2
3340,368,54394.6
3341,438.1,50150.3
3342,1475.1,57984.6
3343,44.4,84221.7
3344,0,95769.4
3345,0,121047.4
3346,0,134747.3
3347,0,138717.3
3348,0,141958.1
3349,0,144414.3
3350,0,147087.1
3351,0,111125.5
3352,0,112542.3
3353,0,110488.7
3354,0,98366.4
3355,0,95085.6
3356,9.8,55222.6
3357,123.8,51933.6
3358,250.5,43924
3359,354.3,39274.4
3360,664.7,33749.5
3361,964.2,29283.8
3362,1170.1,25390.7
3363,1371.9,21688.7
3364,1578.1,20679.7
3365,1746.5,18368.1
3366,6658.6,29911.6
3367,1626.1,40140.6
3368,2383.3,48401.9
3369,687.7,59275.2
3370,603.1,62330.1
3371,519.9,65294.7
3372,499.8,68096.6
3373,691.6,71435.2
3374,955.9,75420.6
3375,1257.9,77645.7
3376,1547.9,80476.1
3377,5114.4,63062.3
3378,3523,55313.4
3379,4497.5,50039.8
3380,9212.5,29601.8
3381,6170.6,29343.3
3382,6979.1,23009
3383,7877.1,19867.5
3384,7766.5,17925.1
3385,8216.9,16235.2
3386,8826.7,14766.6
3387,9462.5,13321
3388,9088.2,18831.8
3389,4442.9,24763.4
3390,4111.4,86764.3
3391,0,144620.6
3392,0,164150.6
3393,0,182164.6
3394,0,191331.3
3395,0,215145.4
3396,0,231248
3397,0,246209.2
3398,0,263690
3399,0,279968.7
3400,0,286270.3
3401,0,300574.1
3402,0,209696
3403,0,200513.5
3404,0,134662.7
3405,0,126050
3406,0,100306.5
3407,0,84759.2
3408,0,64503
3409,0,62137.3
3410,0,53539.5
3411,0,46727.3
3412,0,63252.7
3413,0,72972.6
3414,0,153367.4
3415,0,211189.3
3416,0,241236.8
3417,0,258399.7
3418,0,269332.4
3419,0,288625.5
3420,0,299513.7
3421,0,311176.7
3422,0,317578.2
3423,0,321660.9
3424,0,323848
3425,0,326463.3
3426,0,230336.9
3427,0,223635.1
3428,0,155400
3429,0,146469.8
3430,0,120849.9
3431,0,105749.2
3432,0,85432.3
3433,0,80915.4
3434,0,72108.4
3435,0,64915.6
3436,0,82654.2
3437,0,90811.6
3438,0,170886
3439,0,228935.5
3440,0,253926.7
3441,0,269574.5
3442,0,281630.6
3443,0,294441.2
3444,0,307183.9
3445,0,318850.4
3446,0,332962.2
3447,0,347138.1
3448,0,351950
3449,0,365136
3450,0,272060.9
3451,0,254912.3
3452,0,179010.2
3453,0,167546.3
3454,0,140450.6
3455,0,125428.9
3456,0,106456.8
3457,0,100466.4
3458,0,89219
3459,0,79463.7
3460,0,96814.2
3461,0,104666.2
3462,0,183842.5
3463,0,238024.9
3464,0,259037
3465,0,269398.4
3466,0,280137
3467,0,290372.1
3468,0,299651.7
3469,0,308040.5
3470,0,315025.9
3471,0,321325.6
3472,0,326676
3473,0,329072
3474,0,236096.2
3475,0,222113.9
3476,0,149610.2
3477,0,139917.4
3478,0,112475.8
3479,0,97010.8
3480,0,78633.3
3481,0,76018.4
3482,0,68731.3
3483,0,63421.5
3484,0,79848
3485,0,87050.7
3486,0,164549.1
3487,0,218448.2
3488,0,242505.9
3489,0,254184.1
3490,0,265261
3491,0,276626.6
3492,0,288106.9
3493,0,298422.1
3494,0,307383.5
3495,0,315357.2
3496,0,315301.1
3497,0,324858.2
3498,0,232501.7
3499,0,218574.4
3500,0,146685.2
3501,0,137682.2
3502,0,110964.4
3503,0,95969.1
3504,0,77817.5
3505,0,75335.2
3506,0,67855.5
3507,0,62483.5
3508,0,60670.3
3509,0,56504.5
3510,1040.7,64357.8
3511,0,92128.3
3512,0,105719.3
3513,0,134925.6
3514,0,153773.7
3515,0,161758.1
3516,0,168517.6
3517,0,174532.5
3518,0,180768.8
3519,0,140953.9
3520,0,145789.1
3521,0,143412.9
3522,0,129783.2
3523,0,124685.5
3524,0,71761.9
3525,0,66303.5
3526,0,56730
3527,0,51527.6
3528,0,45490.9
3529,0,40689
3530,0,36390.7
3531,0,32442.5
3532,0,31866.7
3533,0,29345.9
3534,4032.9,39786.8
3535,0,52464.7
3536,819.5,62143.6
3537,0,74093.4
3538,0,78310.5
3539,0,82822.4
3540,0,86710.4
3541,0,91250
3542,0,98349.9
3543,0,104278.1
3544,1138.1,104473.8
3545,2594.3,96803
3546,1154.9,89382.3
3547,2059.4,80752.7
3548,6356.2,54447
3549,3637.6,51101.7
3550,4368.5,41142.4
3551,5175.1,36002.7
3552,10157.8,27269.3
3553,6861.3,29202
3554,7701.7,26170.8
3555,8538.4,23638.2
3556,9353.2,25011.8
3557,10156.3,24143.4
3558,16035.3,42708.8
3559,11684.6,53488.5
3560,12247.9,61337.6
3561,7477,74078.1
3562,7545.1,81112.5
3563,7658.2,87660.9
3564,7780.7,93893.3
3565,7877.1,102569.2
3566,7950.1,113749.8
3567,7995.9,124407.5
3568,11778.1,130416.7
3569,15754.5,123584.1
3570,12643.6,115652.9
3571,13411.4,106527.3
3572,14053.8,86781.5
3573,14662.2,77739.2
3574,15250.5,66583.9
3575,15826.2,58102.9
3576,21299.3,46027.2
3577,15506.7,45006.9
3578,15829.1,38317.3
3579,16203,32728.1
3580,14413.4,41137.7
3581,8075.9,50803.5
3582,8247.7,121726.2
3583,1291.4,183787.1
3584,0,216995.5
3585,0,237428.3
3586,0,252486.7
3587,0,276324.6
3588,0,292057.2
3589,0,309309.3
3590,0,325161.5
3591,0,332189.4
3592,0,338670.3
3593,0,358880.4
3594,0,265817.9
3595,0,253811.3
3596,0,183480.6
3597,0,170994.3
3598,0,145681.3
3599,0,132808.4
3600,0,117596.5
3601,0,112549
3602,0,102644.2
3603,0,92937.8
3604,0,108153.1
3605,0,117213.8
3606,0,200179.6
3607,0,254628.7
3608,0,280472.1
3609,0,295819.2
3610,0,309758.4
3611,0,322244.5
3612,0,332335
3613,0,340168.7
3614,0,346779.5
3615,0,358805.2
3616,0,369538.2
3617,0,379445.1
3618,0,279883
3619,0,265730.5
3620,0,194010.4
3621,0,182806.4
3622,0,156410.6
3623,0,141786
3624,0,123922.8
3625,0,115357.6
3626,0,102337.5
3627,0,89405
3628,0,104801.2
3629,0,113456.2
3630,0,201060.6
3631,0,257039.4
3632,0,280157
3633,0,293551.1
3634,0,302719.9
3635,0,321936.5
3636,0,334504.4
3637,0,347212.7
3638,0,361645.6
3639,0,375152.1
3640,0,379712
3641,0,393711.6
3642,0,302444.1
3643,0,285779.1
3644,0,205276.6
3645,0,190478.6
3646,0,159638.2
3647,0,143484.6
3648,0,122521.8
3649,0,115939.2
3650,0,103697.2
3651,0,93445.7
3652,0,116309.3
3653,0,125776.6
3654,0,209949.7
3655,0,261639.3
3656,0,285268.8
3657,0,301402.4
3658,0,315983.8
3659,0,330191.4
3660,0,342295.9
3661,0,354727.7
3662,0,368113.9
3663,0,377451.3
3664,0,377929.2
3665,0,389499.3
3666,0,291466.7
3667,0,275619.8
3668,0,201063
3669,0,189879.5
3670,0,161134.7
3671,0,146441.2
3672,0,127769.7
3673,0,122886.6
3674,0,111937.2
3675,0,101921.6
3676,0,96987.7
3677,0,90537.9
3678,0,100558.3
3679,0,136186.4
3680,0,153101.9
3681,0,193721.2
3682,0,214681.5
3683,0,224427.7
3684,0,233364.7
3685,0,239368.1
3686,0,249455.7
3687,0,206376.7
3688,0,206121.5
3689,0,206030.5
3690,0,191137.9
3691,0,185526.9
3692,0,127237.7
3693,0,116468.4
3694,0,102070.9
3695,0,90884.1
3696,296.3,69047
3697,0,67370.7
3698,0,59737.8
3699,0,53062.3
3700,0,50308.9
3701,0,46166.1
3702,3204.1,56001.6
3703,0,71644.3
3704,425.5,85919.8
3705,0,98535
3706,0,102399.7
3707,0,104294.9
3708,0,104916.9
3709,0,107082.3
3710,0,110230.5
3711,0,113070.2
3712,0,112715
3713,1749.5,85963
3714,348,75568.8
3715,1101,68764
3716,5254.8,45902.5
3717,2803.8,44884.2
3718,3626.7,37132.1
3719,4446.5,32437.6
3720,4415.3,29849.6
3721,4881,26437.8
3722,5571,22881.4
3723,6314.8,19804.3
3724,5880.3,32197.9
3725,1893.7,42326.9
3726,2522.9,117381.5
3727,0,175520.9
3728,0,196733.9
3729,0,213369.2
3730,0,221738.3
3731,0,244222.4
3732,0,257551.9
3733,0,272978.7
3734,0,292245.8
3735,0,310573.3
3736,0,319514.2
3737,0,329082.2
3738,0,235608.9
3739,0,227620
3740,0,157165.4
3741,0,144600.5
3742,0,113381.1
3743,0,95108.3
3744,0,72741
3745,0,69637.8
3746,0,60552.1
3747,0,54591.3
3748,0,75297.4
3749,0,84992.9
3750,0,168716
3751,0,221021.7
3752,0,250064.6
3753,0,265108.7
3754,0,276989.3
3755,0,288903.8
3756,0,300610.5
3757,0,313485.2
3758,0,329325.2
3759,0,343556.8
3760,0,351923.2
3761,0,365489.9
3762,0,270210.3
3763,0,259970.5
3764,0,188710.3
3765,0,177749.1
3766,0,149752.7
3767,0,135516.5
3768,0,116633.3
3769,0,111368.5
3770,0,101058.2
3771,0,92214.9
3772,0,116499.7
3773,0,127203.7
3774,0,213100.1
3775,0,267635.7
3776,0,292191.6
3777,0,306596.2
3778,0,319934.7
3779,0,328658.6
3780,0,338025.3
3781,0,347020.9
3782,0,358848.6
3783,0,370740.6
3784,0,373967.1
3785,0,385827.7
3786,0,290931.8
3787,0,275646.2
3788,0,201855.3
3789,0,190047.6
3790,0,160200.9
3791,0,144600.9
3792,0,124896.9
3793,0,118953.3
3794,0,106816.4
3795,0,95903.3
3796,0,119060
3797,0,128229.7
3798,0,211681.7
3799,0,264367.8
3800,0,288261.7
3801,0,302707.5
3802,0,310595.2
3803,0,329150.3
3804,0,340123.7
3805,0,349784.1
3806,0,362946.7
3807,0,372022.4
3808,0,373200.5
3809,0,388347.7
3810,0,282860.5
3811,0,271589.2
3812,0,199365.5
3813,0,188881.6
3814,0,159616.7
3815,0,144595.9
3816,0,125193.1
3817,0,119431.7
3818,0,108510
3819,0,99453.1
3820,0,124706
3821,0,134077.8
3822,0,220179.3
3823,0,273872.3
3824,0,295845.1
3825,0,310091.2
3826,0,325886.4
3827,0,338333.5
3828,0,349670.1
3829,0,359408.1
3830,0,371818.3
3831,0,383309.8
3832,0,386621.6
3833,0,390872
3834,0,293723.5
3835,0,278096
3836,0,204726.4
3837,0,193494.3
3838,0,164356.9
3839,0,149844.6
3840,0,131805.6
3841,0,126385.8
3842,0,115710
3843,0,105555.8
3844,0,99706.8
3845,0,92704.3
3846,0,106467.3
3847,0,143649
3848,0,159762.6
3849,0,198660.5
3850,0,218198.3
3851,0,227349.4
3852,0,236396.3
3853,0,244080.1
3854,0,254257.8
3855,0,217173.9
3856,0,215625.8
3857,0,214073.8
3858,0,205534.3
3859,0,200671.4
3860,0,139124.6
3861,0,126799.1
3862,0,111448.6
3863,0,99707.3
3864,298.6,74817.2
3865,0,71149.9
3866,0,61242.4
3867,0,54339.3
3868,0,51655.3
3869,0,46929.3
3870,1075,62012.9
3871,0,73562.5
3872,437,87793.4
3873,0,97844.6
3874,0,100932.8
3875,0,104833.5
3876,0,106084.4
3877,0,105318.4
3878,0,108679.6
3879,0,110710.2
3880,0,111794.8
3881,1650.5,85551.5
3882,247.2,73131.2
3883,944.4,66607.6
3884,5052.5,46451.6
3885,2612.3,46584
3886,3433.9,38962.3
3887,4266.1,34425.8
3888,4219.3,32296.4
3889,4688,29545.1
3890,5348.9,26583.2
3891,59092.2,7656.6
3892,5564.8,35694.6
3893,1555.5,46210.3
3894,2352.7,122334.7
3895,0,175687.2
3896,0,207788.8
3897,0,226108.8
3898,0,237597.7
3899,0,260019.2
3900,0,274872.4
3901,0,291075.4
3902,0,308802.7
3903,0,323609.8
3904,0,331522.7
3905,0,343897.9
3906,0,252165.2
3907,0,242938.3
3908,0,171788.2
3909,0,160405.6
3910,0,130024.9
3911,0,112789.7
3912,0,90802.2
3913,0,85579.1
3914,0,74080.6
3915,0,64728.9
3916,0,84743.8
3917,0,95057.1
3918,0,179780.9
3919,0,236688.1
3920,0,263996.1
3921,0,279589.8
3922,0,289826.5
3923,0,309002.4
3924,0,319418.4
3925,0,330530.7
3926,0,341786.9
3927,0,353315.4
3928,0,359948.8
3929,0,374909.6
3930,0,284116.7
3931,0,266571.8
3932,0,193885.9
3933,0,181872.9
3934,0,152168.7
3935,0,136302.7
3936,0,116440
3937,0,110277.2
3938,0,98800.5
3939,0,88393.8
3940,0,110649.5
3941,0,119761.6
3942,0,204727.4
3943,0,258215.7
3944,0,279186.5
3945,0,293357.1
3946,0,306523.1
3947,0,318860.6
3948,0,333277.7
3949,0,345850.3
3950,0,361843.2
3951,0,377092.7
3952,0,384332.6
3953,0,399457.5
3954,0,305762.9
3955,0,288644.5
3956,0,209967.4
3957,0,195819.3
3958,0,165851.6
3959,0,150520.1
3960,0,130750.4
3961,0,123076.5
3962,0,110672.6
3963,0,99173.7
3964,0,121956.7
3965,0,130231.5
3966,0,212900.1
3967,0,261471.2
3968,0,281859.8
3969,0,293318
3970,0,305316.5
3971,0,317259.6
3972,0,328516.3
3973,0,338573.7
3974,0,350902.3
3975,0,358812.9
3976,0,361984.3
3977,0,378151.9
3978,0,288717.2
3979,0,270951.9
3980,0,195039.5
3981,0,183036.9
3982,0,152922.4
3983,0,136854.1
3984,0,115401.3
3985,0,109399
3986,0,97299.8
3987,0,87344.2
3988,0,110302
3989,0,118791.6
3990,0,204066
3991,0,258018.6
3992,0,282671.7
3993,0,297342.3
3994,0,306669.1
3995,0,326183.5
3996,0,338979.6
3997,0,353096.5
3998,0,369361.7
3999,0,384186.5
4000,0,390042.6
4001,0,406513.1
4002,0,314806.2
4003,0,295765.2
4004,0,215445.9
4005,0,200763.7
4006,0,169984.5
4007,0,154194.3
4008,0,134879.2
4009,0,127140.1
4010,0,114826
4011,0,103412.5
4012,0,96559.6
4013,0,89244.5
4014,0,102889.9
4015,0,138255.7
4016,0,155595.6
4017,0,195711.3
4018,0,210054.7
4019,0,228865.8
4020,0,241053.7
4021,0,252586.1
4022,0,266936.9
4023,0,234051
4024,0,235937.2
4025,0,244474.1
4026,0,233009.3
4027,0,224502.1
4028,0,159436.5
4029,0,146695
4030,0,132330.9
4031,0,121391.4
4032,312.6,98825.5
4033,0,91774.4
4034,0,78995.1
4035,0,67688.3
4036,0,62325.6
4037,0,57291.9
4038,1082.5,69868.4
4039,0,82323.7
4040,437.7,98352.4
4041,0,113779.7
4042,0,119781
4043,0,124800.7
4044,0,130109.4
4045,0,137206.2
4046,0,147435.7
4047,0,154397.4
4048,201.4,144330
4049,1240.5,120455.3
4050,12.1,106023.9
4051,334.3,98398.5
4052,3754.8,73587.9
4053,1350.5,71151.5
4054,1988.2,59754.4
4055,2719.8,52668.3
4056,6266.6,44067.6
4057,3012.9,46289.2
4058,3620.2,42333.8
4059,4255.3,38961.8
4060,3630,52537.3
4061,188.3,63661.2
4062,1401.5,147464.4
4063,0,205773.9
4064,0,236854.1
4065,0,257280.4
4066,0,270907.1
4067,0,291835.2
4068,0,304811.2
4069,0,313243.7
4070,0,323373.9
4071,0,333180.8
4072,0,344731.5
4073,0,351851.7
4074,0,254721.5
4075,0,247657.5
4076,0,180182.1
4077,0,169815.4
4078,0,141358.6
4079,0,126219.7
4080,0,106570.8
4081,0,101618.8
4082,0,90030.9
4083,0,79028
4084,0,99506.4
4085,0,110504.2
4086,0,195380.2
4087,0,251910.5
4088,0,276505
4089,0,290523.1
4090,0,304307
4091,0,317869.9
4092,0,329764.2
4093,0,342738.5
4094,0,357203.9
4095,0,370309.3
4096,0,373684.4
4097,0,378259.5
4098,0,283006.3
4099,0,269200.1
4100,0,199580.9
4101,0,189168.1
4102,0,160726.3
4103,0,146980.4
4104,0,129875.6
4105,0,124390.4
4106,0,114387.8
4107,0,105087.4
4108,0,128716.4
4109,0,139052.9
4110,0,225238.5
4111,0,277648.5
4112,0,301641.6
4113,0,315567.1
4114,0,328578
4115,0,340733.2
4116,0,350906.4
4117,0,362065.2
4118,0,375868.5
4119,0,389116.1
4120,0,395879.6
4121,0,413131.5
4122,0,322044.1
4123,0,302944.9
4124,0,223214.7
4125,0,207993.5
4126,0,177702.9
4127,0,162591.7
4128,0,144933.9
4129,0,137957.3
4130,0,125178
4131,0,113686.5
4132,0,136514.9
4133,0,144304.9
4134,0,229915.1
4135,0,283298.2
4136,0,306816.1
4137,0,321661.6
4138,0,330588.8
4139,0,349601.4
4140,0,361170.2
4141,0,373108
4142,0,386006.5
4143,0,394712.7
4144,0,389073.3
4145,0,400259.8
4146,0,301753.6
4147,0,282682.9
4148,0,208755.4
4149,0,196427.4
4150,0,167064
4151,0,152356
4152,0,134266.3
4153,0,128675.4
4154,0,118046.9
4155,0,108648.2
4156,0,133240.2
4157,0,142903.2
4158,0,228850.4
4159,0,278712.6
4160,0,300348.1
4161,0,312683.6
4162,0,322288.2
4163,0,336095.2
4164,0,346862.8
4165,0,357432.4
4166,0,371501.1
4167,0,383417.4
4168,0,385017.2
4169,0,404148.8
4170,0,312635.6
4171,0,293047.2
4172,0,214088.5
4173,0,199884.6
4174,0,169922.4
4175,0,155099.6
4176,0,136215
4177,0,128722.6
4178,0,116151.2
4179,0,104556.7
4180,0,97258.3
4181,0,89498.2
4182,0,104145.4
4183,0,140058
4184,0,155205.9
4185,0,193194.6
4186,0,212112.3
4187,0,219784.4
4188,0,226931.2
4189,0,234924.3
4190,0,242895.2
4191,0,203618.4
4192,0,209540.3
4193,0,209495.3
4194,0,204508.3
4195,0,199550.4
4196,0,135014.9
4197,0,122241.9
4198,0,106573.1
4199,0,93844.9
4200,301.8,71253.1
4201,0,68823.2
4202,0,60724.5
4203,0,54377.4
4204,0,51594.7
4205,0,46502.9
4206,1084.1,61308.3
4207,0,73319.3
4208,446.1,87938.8
4209,0,100313
4210,0,103621.1
4211,0,107436.7
4212,0,109595.5
4213,0,113086.5
4214,0,119913.8
4215,0,123666.9
4216,540.2,116587.9
4217,1635.9,94779.8
4218,182.7,88837.3
4219,793.6,81823.8
4220,4823,56519.1
4221,2360.7,53971.5
4222,3112.3,45221.7
4223,3893,39826.4
4224,7671.4,31243.2
4225,4263.9,34024.1
4226,4895.8,31029.2
4227,5547.7,28568.4
4228,4912.8,41375.7
4229,927.4,52709.9
4230,2016.9,132825.4
4231,0,190612.2
4232,0,223084.2
4233,0,242030.6
4234,0,255211.2
4235,0,276513.3
4236,0,292683.1
4237,0,308173.7
4238,0,324327.2
4239,0,340001.4
4240,0,346287.6
4241,0,359889.8
4242,0,270092.3
4243,0,259841.7
4244,0,188578.3
4245,0,177213.7
4246,0,148658
4247,0,134009.4
4248,0,115836.6
4249,0,110141
4250,0,99038.5
4251,0,88652
4252,0,108986.9
4253,0,120859.2
4254,0,210728.9
4255,0,266802.1
4256,0,289741.1
4257,0,304901.1
4258,0,314342
4259,0,332041.3
4260,0,343848.3
4261,0,357528.7
4262,0,373231.1
4263,0,383454.3
4264,0,388699.5
4265,0,400612.1
4266,0,303663.2
4267,0,285348.6
4268,0,214699.8
4269,0,202830.7
4270,0,173773.3
4271,0,159454.5
4272,0,142404.1
4273,0,136271.8
4274,0,125720.6
4275,0,115118.3
4276,0,137991.8
4277,0,146790
4278,0,235051.7
4279,0,287525.3
4280,0,310504.2
4281,0,323990.1
4282,0,332200.8
4283,0,351349.6
4284,0,363327.9
4285,0,376184.1
4286,0,391975.2
4287,0,406503.5
4288,0,419454.4
4289,0,439156.5
4290,0,343176
4291,0,320023.8
4292,0,236103.4
4293,0,220473.6
4294,0,190075.2
4295,0,174759.9
4296,0,156915.4
4297,0,150504.4
4298,0,140111.3
4299,0,130378.9
4300,0,155100
4301,0,161998.2
4302,0,248462.8
4303,0,299678.8
4304,0,322223.8
4305,0,336175.4
4306,0,345215.3
4307,0,362991.2
4308,0,374550.1
4309,0,386694.4
4310,0,400369.4
4311,0,412976.5
4312,0,422683.1
4313,0,439681.1
4314,0,344044.4
4315,0,320167.5
4316,0,238246.9
4317,0,224631.3
4318,0,194680
4319,0,179162.9
4320,0,162918.8
4321,0,157609.4
4322,0,147303.4
4323,0,137408
4324,0,162638.4
4325,0,169492.9
4326,0,258215.2
4327,0,308126.4
4328,0,329867.5
4329,0,343050.6
4330,0,355616.5
4331,0,367223.5
4332,0,377864.6
4333,0,388401
4334,0,401202
4335,0,412856.2
4336,0,421467.9
4337,0,437820.5
4338,0,339890.5
4339,0,315515.7
4340,0,236803.7
4341,0,223136
4342,0,192768.3
4343,0,178442.2
4344,0,161886.2
4345,0,156228.4
4346,0,146751.7
4347,0,137571.3
4348,0,132014.6
4349,0,124352.2
4350,0,132909.6
4351,0,167436.1
4352,0,181927.1
4353,0,221973
4354,0,238675.8
4355,0,245034.2
4356,0,250601.8
4357,0,252180.9
4358,0,256186.1
4359,0,216679.5
4360,0,218959.8
4361,0,215977.6
4362,0,201880.3
4363,0,195206.5
4364,0,138293
4365,0,128334.9
4366,0,114437.6
4367,0,104083.7
4368,315.2,82044.8
4369,0,79536.5
4370,0,71084.8
4371,0,65034.7
4372,0,63600.6
4373,0,59753.6
4374,1093.6,72071.6
4375,0,80193.5
4376,453.8,95487
4377,0,108333.4
4378,0,113106
4379,0,118027.9
4380,0,121521.1
4381,0,125810.3
4382,0,130299.4
4383,0,138371.4
4384,0,140812.6
4385,1351.7,109853.9
4386,44.2,96162
4387,453.7,87801.1
4388,4141.7,64077.5
4389,1661.8,63616.4
4390,2401.4,55655.2
4391,3174.3,51080.8
4392,6850,42536
4393,3491.3,46665.6
4394,4099.7,44046.3
4395,4733.6,41614.7
4396,4031.3,55524
4397,306.2,66608.4
4398,1571.1,148095.3
4399,0,204247.2
4400,0,234420.9
4401,0,252327.1
4402,0,269239
4403,0,284321.3
4404,0,298733.2
4405,0,311476.5
4406,0,322991.3
4407,0,331816.1
4408,0,334434.2
4409,0,343895.6
4410,0,252245.7
4411,0,245826.7
4412,0,179945.5
4413,0,171013.6
4414,0,143417.7
4415,0,129400.4
4416,0,108026.1
4417,0,102533.7
4418,0,91673.9
4419,0,81555.4
4420,0,76228
4421,0,69473.7
4422,556.2,80433.6
4423,0,86370.7
4424,48.9,102250.4
4425,0,112939.9
4426,0,113931.5
4427,0,118209.3
4428,0,120969.9
4429,0,119995
4430,0,123783.9
4431,0,127206.3
4432,0,128905.6
4433,720.8,102917.1
4434,0,94788
4435,0,87357.9
4436,2493.3,65055.3
4437,294.5,63480.8
4438,861.7,55354.2
4439,1563.1,50658.9
4440,1548.8,48553.2
4441,1966.6,45767.5
4442,2527.5,42986.3
4443,3110.1,40349.8
4444,2988.5,53683.1
4445,27.5,64104.5
4446,1165.7,143753
4447,0,197049.7
4448,0,227082
4449,0,244091.2
4450,0,260004.1
4451,0,276078.4
4452,0,291078.7
4453,0,304891
4454,0,315801
4455,0,324989.2
4456,0,328767.5
4457,0,338167.9
4458,0,247739.9
4459,0,242918.1
4460,0,177510.7
4461,0,168587
4462,0,141053.5
4463,0,126923.2
4464,0,109421.7
4465,0,105907.3
4466,0,96481.8
4467,0,87589.7
4468,0,109421
4469,0,121301.5
4470,0,207733.2
4471,0,263305.1
4472,0,289187.9
4473,0,304707
4474,0,314643.8
4475,0,331655.4
4476,0,343406
4477,0,355772.3
4478,0,370967
4479,0,386791.6
4480,0,394227
4481,0,409123.5
4482,0,311101.9
4483,0,297464.1
4484,0,223986.8
4485,0,211050.9
4486,0,181825.6
4487,0,167542.7
4488,0,151239.6
4489,0,144616.7
4490,0,134223.9
4491,0,124182.7
4492,0,147970.3
4493,0,156057.5
4494,0,243600.9
4495,0,295130.7
4496,0,317575.6
4497,0,331041.4
4498,0,344721.7
4499,0,357821.4
4500,0,369210
4501,0,381236.3
4502,0,395130.1
4503,0,407673.6
4504,0,414313.9
4505,0,429905.7
4506,0,333665
4507,0,311935.2
4508,0,234615.2
4509,0,220659.4
4510,0,190413.4
4511,0,175528
4512,0,158814.5
4513,0,152373
4514,0,141907.8
4515,0,132232.2
4516,0,126734
4517,0,119722.2
4518,0,132301.2
4519,0,170244
4520,0,186778.2
4521,0,228802.2
4522,0,249465.9
4523,0,259773.1
4524,0,267833.8
4525,0,276419.2
4526,0,286983.5
4527,0,253814.4
4528,0,261927
4529,0,265285.5
4530,0,254839.5
4531,0,247692.7
4532,0,184858.8
4533,0,171261.6
4534,0,157178.6
4535,0,147647.3
4536,310.5,130879.5
4537,0,125774.7
4538,0,116013.6
4539,0,106325.8
4540,0,100453.9
4541,0,93123.8
4542,1076.2,105786.2
4543,0,116557.1
4544,436.1,135075.1
4545,0,149136.1
4546,0,155939.5
4547,0,162577.8
4548,0,169758.8
4549,0,177962.1
4550,0,188137
4551,0,196966.3
4552,54.2,201507.7
4553,936.5,187101.7
4554,5.9,177275.1
4555,214.6,168802.2
4556,499.4,145446.8
4557,744.5,134943.2
4558,1001.7,123525.9
4559,1325.9,115030.9
4560,4470.2,104262.5
4561,1402.4,103313.9
4562,1754.8,96047
4563,2259.1,88814.5
4564,2380.1,106347.5
4565,0,118862.2
4566,1023.4,206635.8
4567,0,268047.7
4568,0,291723.9
4569,0,306859.3
4570,0,317245.6
4571,0,334836.6
4572,0,346186.3
4573,0,358066.5
4574,0,370998.1
4575,0,384112
4576,0,393782.2
4577,0,409921.5
4578,0,315449.6
4579,0,301934
4580,0,225694.8
4581,0,211012.4
4582,0,180415.2
4583,0,165291.9
4584,0,149177.2
4585,0,142795
4586,0,132288.3
4587,0,122081.3
4588,0,143731.9
4589,0,152844.6
4590,0,244001.2
4591,0,296346.4
4592,0,317679.1
4593,0,330190.3
4594,0,338144
4595,0,354769.4
4596,0,366100
4597,0,378355.4
4598,0,392783.4
4599,0,405521.5
4600,0,416005.4
4601,0,434836.2
4602,0,334559.4
4603,0,322759.7
4604,0,239825.2
4605,0,223885.3
4606,0,191905.1
4607,0,175797.3
4608,0,158155.4
4609,0,150882.5
4610,0,139626.9
4611,0,128876.2
4612,0,151783
4613,0,159103
4614,0,244997.7
4615,0,295913.5
4616,0,318992.8
4617,0,332861.3
4618,0,347801.8
4619,0,360549.7
4620,0,371751.8
4621,0,384376.4
4622,0,399093.7
4623,0,413397.3
4624,0,423546.3
4625,0,442440.4
4626,0,347792.6
4627,0,326021.1
4628,0,241794.4
4629,0,226395.2
4630,0,195486.3
4631,0,180491.4
4632,0,164175.1
4633,0,158284
4634,0,148460.8
4635,0,139297.5
4636,0,165098.9
4637,0,172797.9
4638,0,260328.8
4639,0,308186.8
4640,0,330256
4641,0,343435.2
4642,0,357194.6
4643,0,369989
4644,0,380148.4
4645,0,391651.6
4646,0,404485
4647,0,411960.5
4648,0,412457.8
4649,0,427169.7
4650,0,335127.5
4651,0,315920.5
4652,0,236016.5
4653,0,221411.7
4654,0,191285.7
4655,0,176899.5
4656,0,160554
4657,0,154167.8
4658,0,143347.8
4659,0,133138.3
4660,0,157381.4
4661,0,164952.8
4662,0,254384.2
4663,0,305921.7
4664,0,328240.7
4665,0,341845.4
4666,0,350211.5
4667,0,367609
4668,0,378295.4
4669,0,390001.1
4670,0,402404.3
4671,0,413959.9
4672,0,419252.4
4673,0,435931.9
4674,0,342288.4
4675,0,320882
4676,0,237517
4677,0,221064
4678,0,189281.9
4679,0,173391.4
4680,0,154869.1
4681,0,146640.7
4682,0,133765.8
4683,0,122015.5
4684,0,114417
4685,0,105694.9
4686,0,118259.1
4687,0,154348.1
4688,0,168216.8
4689,0,206386.4
4690,0,226235.7
4691,0,235804.9
4692,0,244839.5
4693,0,253682.9
4694,0,264787.7
4695,0,230868.9
4696,0,234176.7
4697,0,241861.7
4698,0,231469.6
4699,0,224411.3
4700,0,161306.7
4701,0,149310.6
4702,0,134666.5
4703,0,123137.1
4704,288.9,101074.7
4705,0,94793
4706,0,83199
4707,0,73628.9
4708,0,69684
4709,0,65234.5
4710,1062.7,77901.7
4711,0,90692.4
4712,425.5,105154.3
4713,0,116257.4
4714,0,119853.8
4715,0,122525.7
4716,0,126360.9
4717,0,127751.7
4718,0,130132.9
4719,0,132259.3
4720,0,133669.9
4721,1275.2,105539.8
4722,12.4,95067.3
4723,337.7,88119.8
4724,3879.5,64726.4
4725,1448.2,64632.3
4726,2148.6,56761.4
4727,2890.8,51864.6
4728,6473.1,42957
4729,3179.9,46747.5
4730,3789.8,43649.5
4731,4448.3,40450.6
4732,3809.2,52798.4
4733,233.6,63211
4734,1482.1,145793.1
4735,0,204125.4
4736,0,236318.1
4737,0,254808.4
4738,0,268244.6
4739,0,291239.7
4740,0,307498.9
4741,0,323943.8
4742,0,340754
4743,0,351842.2
4744,0,356085.5
4745,0,371700.3
4746,0,282833.5
4747,0,273692
4748,0,200923.4
4749,0,188373.4
4750,0,159129.3
4751,0,144568.5
4752,0,127989.2
4753,0,122038.1
4754,0,110898.9
4755,0,100034.2
4756,0,119546.5
4757,0,129648.3
4758,0,217892.7
4759,0,272940.4
4760,0,296407.5
4761,0,311381.7
4762,0,321929.2
4763,0,340367.2
4764,0,352790.8
4765,0,366768.3
4766,0,382893.4
4767,0,397605
4768,0,408619
4769,0,426759.5
4770,0,327127.3
4771,0,313259.3
4772,0,232599.3
4773,0,217621.2
4774,0,186576.9
4775,0,171093.6
4776,0,153925.4
4777,0,147099.6
4778,0,136175.2
4779,0,125535.3
4780,0,148370
4781,0,155926.3
4782,0,244332.5
4783,0,296590.7
4784,0,318696.4
4785,0,332890.1
4786,0,343083.3
4787,0,360985.1
4788,0,372961.6
4789,0,385753.9
4790,0,399511.1
4791,0,412728.2
4792,0,423195.8
4793,0,439621.1
4794,0,345139.5
4795,0,323070.9
4796,0,241176.7
4797,0,226909
4798,0,196634.2
4799,0,182180
4800,0,166512.4
4801,0,161315
4802,0,152395.7
4803,0,143954.3
4804,0,170426.3
4805,0,177541.8
4806,0,264151.1
4807,0,310284.2
4808,0,329702.9
4809,0,341893
4810,0,355304.1
4811,0,368989.5
4812,0,380275.8
4813,0,393627
4814,0,405819.1
4815,0,413128.6
4816,0,414650.5
4817,0,427506.2
4818,0,327189.7
4819,0,304068.3
4820,0,228457.3
4821,0,216663.7
4822,0,187960.7
4823,0,174325.9
4824,0,158645.3
4825,0,153016.1
4826,0,142975.9
4827,0,133452
4828,0,158476.3
4829,0,165836
4830,0,254841.8
4831,0,305995.5
4832,0,327663.8
4833,0,340593.2
4834,0,351858.5
4835,0,363412.5
4836,0,376868.9
4837,0,387413.6
4838,0,400098.3
4839,0,409631.9
4840,0,413190.1
4841,0,428556.5
4842,0,336548.5
4843,0,315127.2
4844,0,236628.1
4845,0,222608.1
4846,0,192212.2
4847,0,177418.2
4848,0,160603.1
4849,0,154056
4850,0,143189.2
4851,0,132996.2
4852,0,127040.3
4853,0,118936.9
4854,0,127220.2
4855,0,163389
4856,0,179691
4857,0,220913.7
4858,0,240911.5
4859,0,250911.2
4860,0,257519.8
4861,0,265247.1
4862,0,272196.8
4863,0,230893.6
4864,0,234253.8
4865,0,236811.7
4866,0,222765.1
4867,0,214252.8
4868,0,156059.1
4869,0,146139.4
4870,0,131879.1
4871,0,120778.9
4872,299.8,99257.3
4873,0,94712.3
4874,0,83724.2
4875,0,73851.8
4876,0,68796.6
4877,0,63640.9
4878,1075.9,75870.2
4879,0,87235.3
4880,437.5,102638.2
4881,0,115150.4
4882,0,119744.3
4883,0,123521.6
4884,0,127184.9
4885,0,133402.4
4886,0,143338.7
4887,0,153534.2
4888,184.8,156408.5
4889,1215.4,140909.1
4890,18.6,130816.2
4891,356.8,120311.5
4892,808.4,96255.6
4893,1355.7,83748.1
4894,1999.5,69332.1
4895,2702.5,58812.4
4896,6313.7,45880.9
4897,3045.9,48631.9
4898,3674.8,44617.1
4899,4334.8,41482.3
4900,3752.2,55050.9
4901,263.9,65962
4902,1417.3,149244.8
4903,0,207485.8
4904,0,238982.3
4905,0,257105.8
4906,0,270003.7
4907,0,289213.4
4908,0,301047
4909,0,308784.9
4910,0,319609.2
4911,0,332309.3
4912,0,333400.3
4913,0,343088.9
4914,0,250717.1
4915,0,244479.8
4916,0,178503.1
4917,0,170195.1
4918,0,143213.8
4919,0,129548.6
4920,0,112342.5
4921,0,108837.3
4922,0,99404.5
4923,0,90295.2
4924,0,111594.9
4925,0,123251.9
4926,0,209057.7
4927,0,261450.9
4928,0,283768.1
4929,0,295182.7
4930,0,306433.2
4931,0,316450.4
4932,0,326070.6
4933,0,331215.2
4934,0,341003.1
4935,0,348710.5
4936,0,354555.9
4937,0,359010.7
4938,0,267747.5
4939,0,256226.6
4940,0,188506.6
4941,0,179140.7
4942,0,151500.1
4943,0,137670.5
4944,0,119848.1
4945,0,115480.4
4946,0,106049
4947,0,97712
4948,0,122142.1
4949,0,132238.2
4950,0,218567.9
4951,0,271345.6
4952,0,294250.7
4953,0,308525.6
4954,0,322779.1
4955,0,336116.7
4956,0,348670
4957,0,358315
4958,0,372261.6
4959,0,385390.6
4960,0,390465.7
4961,0,398893.4
4962,0,302655.7
4963,0,286627.8
4964,0,215449.2
4965,0,205001.6
4966,0,176978.8
4967,0,163481
4968,0,147402
4969,0,141713.2
4970,0,131452.1
4971,0,121978.3
4972,0,146420.2
4973,0,154947.7
4974,0,241481
4975,0,290950.3
4976,0,313561.7
4977,0,329075.3
4978,0,342511.7
4979,0,352445.5
4980,0,365791.6
4981,0,376774.8
4982,0,390038.1
4983,0,399073.4
4984,0,405879.1
4985,0,421312.5
4986,0,329254
4987,0,310457.9
4988,0,231045.2
4989,0,216512.4
4990,0,186106.2
4991,0,171171.8
4992,0,154091
4993,0,147185.8
4994,0,135897.6
4995,0,125529.1
4996,0,148904.4
4997,0,156603.6
4998,0,241516.7
4999,0,290575.9
5000,0,310839.4
5001,0,323603.9
5002,0,335930.7
5003,0,345969.1
5004,0,354435.1
5005,0,360273
5006,0,370361.8
5007,0,378546.1
5008,0,385529.1
5009,0,388912.8
5010,0,294958.1
5011,0,279529.8
5012,0,206393.2
5013,0,195601.5
5014,0,167250.6
5015,0,153496.3
5016,0,136387.8
5017,0,131703.5
5018,0,121957.9
5019,0,113014.2
5020,0,108514.9
5021,0,102247.8
5022,0,114065.5
5023,0,150505.6
5024,0,167095.2
5025,0,208671.3
5026,0,229386
5027,0,239884.6
5028,0,246076
5029,0,253357.9
5030,0,263236.9
5031,0,227555.3
5032,0,233895.8
5033,0,233880.6
5034,0,221308.7
5035,0,211661.7
5036,0,149901.3
5037,0,137909.7
5038,0,122239.6
5039,0,110064.9
5040,308.9,86174.4
5041,0,81545
5042,0,71299
5043,0,63796.9
5044,0,61076.5
5045,0,56212.8
5046,1087.2,67792.8
5047,0,77694.4
5048,453.6,93310.8
5049,0,107249.6
5050,0,112697.2
5051,0,117579.5
5052,0,121017.6
5053,0,126942.6
5054,0,137184.7
5055,0,146966
5056,445.7,148596.9
5057,1507.6,130949.1
5058,181.3,118432.5
5059,682,107239
5060,4450.3,78925.5
5061,1946.1,75731.5
5062,2637.5,62748
5063,3418,54066.8
5064,7124,42171.9
5065,3752.6,45265.3
5066,4379.3,41855
5067,5036.5,38943.8
5068,4399.8,51838.3
5069,639.3,62826
5070,1733.4,145179.6
5071,0,204101.1
5072,0,236853.1
5073,0,255363.3
5074,0,268533.1
5075,0,290323.3
5076,0,305570.2
5077,0,320288.2
5078,0,337713.3
5079,0,352480.1
5080,0,359720.6
5081,0,375258.8
5082,0,284428.9
5083,0,274584
5084,0,198881.4
5085,0,186480.7
5086,0,157578
5087,0,144015.7
5088,0,128385.7
5089,0,123714.4
5090,0,114566.2
5091,0,106290.8
5092,0,129462
5093,0,141046.8
5094,0,229802.6
5095,0,284237.6
5096,0,306820
5097,0,324004
5098,0,334952.3
5099,0,351946.1
5100,0,364408.4
5101,0,377262.7
5102,0,390509.1
5103,0,396475.6
5104,0,393931.5
5105,0,403357
5106,0,309004.5
5107,0,296481.8
5108,0,224341.4
5109,0,212840.7
5110,0,184080.9
5111,0,170025.5
5112,0,154571.4
5113,0,148424.8
5114,0,138352.8
5115,0,128045.1
5116,0,151101.5
5117,0,158646.8
5118,0,243251.5
5119,0,294670.8
5120,0,317321.2
5121,0,330998.7
5122,0,344458.3
5123,0,357183.6
5124,0,368289.9
5125,0,379615.3
5126,0,393746.3
5127,0,407044
5128,0,413497.1
5129,0,430850.2
5130,0,337039.7
5131,0,313687.2
5132,0,231884.2
5133,0,216810.9
5134,0,185066.4
5135,0,169687.5
5136,0,152132
5137,0,144328.8
5138,0,132639.2
5139,0,122688.6
5140,0,145557.9
5141,0,152978.4
5142,0,237226.1
5143,0,290062.7
5144,0,313454.8
5145,0,328161.7
5146,0,341667.5
5147,0,354239.3
5148,0,365248.6
5149,0,377043
5150,0,392242.8
5151,0,406122.4
5152,0,412509.7
5153,0,428071.3
5154,0,332571.4
5155,0,312721.1
5156,0,230621
5157,0,215684.3
5158,0,184437.2
5159,0,168338.7
5160,0,150296.2
5161,0,142568.7
5162,0,129684.5
5163,0,118644.4
5164,0,140177.3
5165,0,146416.6
5166,0,229530.7
5167,0,283452.8
5168,0,307867.6
5169,0,324452.2
5170,0,335303.8
5171,0,354930.1
5172,0,368691.3
5173,0,382062.5
5174,0,396377.9
5175,0,405579.5
5176,0,413951.7
5177,0,429612.8
5178,0,334091.3
5179,0,311392.8
5180,0,230476.5
5181,0,216186.1
5182,0,185150.5
5183,0,170154.3
5184,0,152375.5
5185,0,145649.4
5186,0,134170.1
5187,0,123232
5188,0,116159.1
5189,0,107126.1
5190,0,116242.4
5191,0,152485.1
5192,0,169679.6
5193,0,210702.2
5194,0,232897.7
5195,0,245873
5196,0,256702.8
5197,0,263934.4
5198,0,269437.3
5199,0,230292.4
5200,0,231394.2
5201,0,233267.2
5202,0,222587.2
5203,0,215120.6
5204,0,155554
5205,0,146340.4
5206,0,132387.7
5207,0,121143.1
5208,290.3,98594.4
5209,0,93086.9
5210,0,81535.6
5211,0,70939.9
5212,0,66703.7
5213,0,61869.8
5214,1064.6,73284.7
5215,0,85286.9
5216,425.5,103257.8
5217,0,117676.4
5218,0,124454.5
5219,0,129311.2
5220,0,135047.1
5221,0,142078.2
5222,0,153236.6
5223,0,161848.7
5224,140.4,164158.9
5225,1099.1,148998.6
5226,7.7,140325.4
5227,243.4,131528.5
5228,650.3,108659.2
5229,1056.2,98922.3
5230,1528.1,86328.4
5231,2066.9,76361.9
5232,5466.8,61375.8
5233,2304.4,61390.5
5234,2807.2,54885.8
5235,3461.2,49641.3
5236,3130.9,64742.1
5237,93.1,75075.1
5238,1000.2,158527.4
5239,0,221111
5240,0,252795.7
5241,0,271762.7
5242,0,283525.8
5243,0,304447.4
5244,0,319929.6
5245,0,335577.3
5246,0,351911.3
5247,0,367688.9
5248,0,374293.8
5249,0,384567.9
5250,0,285540.5
5251,0,275122.9
5252,0,206240.4
5253,0,196134.9
5254,0,168561.8
5255,0,155633.9
5256,0,141480.5
5257,0,137489.5
5258,0,128844.9
5259,0,120404.5
5260,0,144586.2
5261,0,154581.6
5262,0,242701.3
5263,0,293756
5264,0,312078.1
5265,0,323352.1
5266,0,332317.1
5267,0,346153.8
5268,0,354256.1
5269,0,361325.9
5270,0,366289.5
5271,0,371961.5
5272,0,374464.4
5273,0,377156.8
5274,0,284953.3
5275,0,272409.3
5276,0,204262.2
5277,0,194244.4
5278,0,166240.8
5279,0,152611.5
5280,0,135411.4
5281,0,129757.7
5282,0,119620.3
5283,0,109574.2
5284,0,132133.4
5285,0,140639.3
5286,0,225328.4
5287,0,277899.9
5288,0,299612.5
5289,0,314074.7
5290,0,327496.9
5291,0,339930.8
5292,0,351398.1
5293,0,363432.9
5294,0,377474.2
5295,0,390524.8
5296,0,395588.7
5297,0,410207.2
5298,0,315743.8
5299,0,295856.2
5300,0,216196.2
5301,0,201835.8
5302,0,169815.9
5303,0,152992.8
5304,0,132499.7
5305,0,123792.7
5306,0,110393.7
5307,0,99431.3
5308,0,122314.7
5309,0,129455.1
5310,0,212998
5311,0,266912.6
5312,0,290020.9
5313,0,304444.1
5314,0,319242.4
5315,0,334177.3
5316,0,348428.2
5317,0,363244.1
5318,0,376691.9
5319,0,383880.7
5320,0,393871.2
5321,0,406274.5
5322,0,313522.7
5323,0,295657.6
5324,0,217833.9
5325,0,206054.2
5326,0,176902.9
5327,0,161926.8
5328,0,145533
5329,0,140080.9
5330,0,128747
5331,0,118838.7
5332,0,142601.8
5333,0,150528.7
5334,0,235437.2
5335,0,287416.2
5336,0,310637.1
5337,0,326849.4
5338,0,337438.2
5339,0,354519
5340,0,367659.9
5341,0,381820.8
5342,0,395617.6
5343,0,404588.2
5344,0,396627.5
5345,0,407782.6
5346,0,313245.6
5347,0,297806.1
5348,0,224381.4
5349,0,213059.5
5350,0,184572.3
5351,0,171325.2
5352,0,155286.8
5353,0,149140.4
5354,0,138375.8
5355,0,127800.6
5356,0,121351.9
5357,0,112220.1
5358,0,119355.1
5359,0,155654.6
5360,0,173527.9
5361,0,216345.4
5362,0,238518
5363,0,251165.4
5364,0,261623.6
5365,0,273253.3
5366,0,287099.4
5367,0,253653.6
5368,0,255979.9
5369,0,259075.5
5370,0,242061
5371,0,234095.2
5372,0,175261.8
5373,0,165561.1
5374,0,152706.7
5375,0,143456.6
5376,294.8,126759.1
5377,0,121527.5
5378,0,111859.6
5379,0,102126.8
5380,0,96093.2
5381,0,88736.8
5382,1060.6,97185.3
5383,0,104858.7
5384,420,122912.9
5385,0,138923.8
5386,0,146175.6
5387,0,152668.4
5388,0,158210.3
5389,0,163883.1
5390,0,173163.4
5391,0,172507.5
5392,0,176012.1
5393,957.9,160557
5394,1.3,145312.6
5395,179,138429.5
5396,466.7,119315.5
5397,737.8,112233.7
5398,1070.5,102757.1
5399,1413.3,95883.8
5400,4538.7,84096.4
5401,1555.8,84351.2
5402,1937.6,77295.6
5403,2439.2,70692.4
5404,2454.6,87204.9
5405,0,99667.5
5406,1248.6,180896
5407,0,247417.5
5408,0,274611.5
5409,0,292600.5
5410,0,306213.7
5411,0,327756.5
5412,0,343090.6
5413,0,357501
5414,0,373906.9
5415,0,384078.1
5416,0,377535.4
5417,0,380060.4
5418,0,281260.9
5419,0,269619.1
5420,0,201110.7
5421,0,189707.8
5422,0,161498.2
5423,0,147850.9
5424,0,131668.9
5425,0,126665.8
5426,0,117451.8
5427,0,108435.8
5428,0,130188.8
5429,0,140615.2
5430,0,227037.6
5431,0,277821.1
5432,0,301303.9
5433,0,311174.4
5434,0,322875.3
5435,0,334569.3
5436,0,340473.6
5437,0,352000.5
5438,0,359409.9
5439,0,366145.7
5440,0,367333.9
5441,0,381330.7
5442,0,287186.7
5443,0,276133.5
5444,0,204521.1
5445,0,194057.7
5446,0,166146.5
5447,0,152104.3
5448,0,133775.6
5449,0,126457.3
5450,0,114345.3
5451,0,103351.6
5452,0,125055.1
5453,0,132863.6
5454,0,216900.5
5455,0,271170.8
5456,0,295450.6
5457,0,311623.4
5458,0,326419
5459,0,340163.2
5460,0,352566
5461,0,367219.4
5462,0,381079.9
5463,0,389142.5
5464,0,398882.9
5465,0,409422.3
5466,0,318654.7
5467,0,298667.4
5468,0,221547.4
5469,0,208316.3
5470,0,177882.5
5471,0,163505
5472,0,147184.4
5473,0,140607.7
5474,0,129608.2
5475,0,119733.4
5476,0,143080.7
5477,0,151054.4
5478,0,236509.4
5479,0,288382.9
5480,0,311520.1
5481,0,328264
5482,0,345122.5
5483,0,360685.8
5484,0,373886
5485,0,387214.9
5486,0,403049.5
5487,0,417403.2
5488,0,424937
5489,0,440392.4
5490,0,345115.6
5491,0,320381.6
5492,0,240940.9
5493,0,227236.2
5494,0,195736.9
5495,0,180373.7
5496,0,163537.6
5497,0,156619.8
5498,0,145239.5
5499,0,134127.6
5500,0,157880.4
5501,0,163974.2
5502,0,248588.1
5503,0,299513.9
5504,0,323782.5
5505,0,340090
5506,0,354862.4
5507,0,368880.7
5508,0,379943.7
5509,0,390893.1
5510,0,404018.5
5511,0,408765.7
5512,0,418572.8
5513,0,434181.4
5514,0,337315.6
5515,0,311466.4
5516,0,234222.8
5517,0,221017.8
5518,0,189575.4
5519,0,173958.4
5520,0,156461.3
5521,0,149376.4
5522,0,137813.6
5523,0,127239.4
5524,0,120357.9
5525,0,111377.1
5526,0,119020.2
5527,0,152648.6
5528,0,166801.4
5529,0,208229.5
5530,0,231062.7
5531,0,242058.1
5532,0,251666.2
5533,0,262465.8
5534,0,275694.6
5535,0,241371.9
5536,0,241265.8
5537,0,242048.2
5538,0,230014.8
5539,0,219079.8
5540,0,160984.4
5541,0,152321
5542,0,140174.9
5543,0,130742.7
5544,295.5,111610.8
5545,0,106966.6
5546,0,97131.9
5547,0,86842.5
5548,0,80507.4
5549,0,73614.4
5550,1064.6,82384.7
5551,0,88752.5
5552,427.3,102830.3
5553,0,117205.4
5554,0,121645.7
5555,0,129227.2
5556,0,132928.1
5557,0,141358.9
5558,0,149786.1
5559,0,154940.3
5560,184.5,152971.9
5561,1170.4,133005.1
5562,13.4,123771.7
5563,350.5,111746.3
5564,3621.2,81911.6
5565,1322.5,77782.8
5566,1867.2,64855.7
5567,2507,56798.9
5568,6069.5,47037.2
5569,2878.8,49362.9
5570,3543,45873.8
5571,4254.7,42563.2
5572,3788,55464.3
5573,393.1,65454
5574,1459.1,146228.4
5575,0,200799.2
5576,0,228698.7
5577,0,242098.6
5578,0,255218.2
5579,0,267020.5
5580,0,281362.7
5581,0,292928.1
5582,0,301524.5
5583,0,314018.2
5584,0,322237.8
5585,0,335330.4
5586,0,241343.2
5587,0,235458
5588,0,167435.7
5589,0,158421.5
5590,0,129793.4
5591,0,114262.8
5592,0,94068.6
5593,0,90463
5594,0,81222
5595,0,73423.1
5596,0,94217.3
5597,0,104504.8
5598,0,188509.2
5599,0,245073.5
5600,0,270410.4
5601,0,286000
5602,0,296364.6
5603,0,316733.3
5604,0,330645.2
5605,0,344381.3
5606,0,358009.4
5607,0,366341.8
5608,0,370764.8
5609,0,385840.1
5610,0,287885.8
5611,0,274385
5612,0,200820.1
5613,0,188523.6
5614,0,158343.1
5615,0,142622.3
5616,0,122479.5
5617,0,115333
5618,0,102913.6
5619,0,92426.6
5620,0,114731.3
5621,0,122614.4
5622,0,204800.1
5623,0,258909.4
5624,0,283456.7
5625,0,299814.2
5626,0,311647.1
5627,0,333278.3
5628,0,348702.8
5629,0,361661.1
5630,0,373770.7
5631,0,384767.8
5632,0,391599.8
5633,0,401818.9
5634,0,305398.5
5635,0,285483.8
5636,0,212536
5637,0,201502.1
5638,0,172688
5639,0,159245.4
5640,0,142577.8
5641,0,136895.5
5642,0,126591.1
5643,0,117172.1
5644,0,140477.3
5645,0,148949.4
5646,0,233519.5
5647,0,282394.4
5648,0,300373.3
5649,0,312609.6
5650,0,323045
5651,0,331356.8
5652,0,341084.7
5653,0,348803.8
5654,0,364063.6
5655,0,378780.3
5656,0,382128.8
5657,0,392576.4
5658,0,297861.4
5659,0,278880.5
5660,0,204334.7
5661,0,192999.3
5662,0,163711.9
5663,0,148867.8
5664,0,129734.4
5665,0,124238
5666,0,113718.9
5667,0,104286.8
5668,0,128267.2
5669,0,137632
5670,0,222299.1
5671,0,274461.6
5672,0,297363.4
5673,0,310158.5
5674,0,322478.5
5675,0,329499.4
5676,0,337423.3
5677,0,345042.8
5678,0,349133.9
5679,0,352247.7
5680,0,355899.7
5681,0,358853.9
5682,0,267686.1
5683,0,254383.5
5684,0,183302.6
5685,0,173252.9
5686,0,144249.4
5687,0,129463.7
5688,0,111131.2
5689,0,107687.2
5690,0,99207.8
5691,0,92440.1
5692,0,90667.8
5693,0,86934.3
5694,979.6,94978.5
5695,0,129603.7
5696,0,143959.6
5697,0,183621.6
5698,0,207167.6
5699,0,218748.2
5700,0,228527
5701,0,238516.5
5702,0,252796.8
5703,0,217878.3
5704,0,214338.8
5705,0,214266.6
5706,0,200243.9
5707,0,192592.8
5708,0,134694
5709,0,124701.9
5710,0,110042.2
5711,0,98963.4
5712,301.4,76562.5
5713,0,74429.5
5714,0,66115
5715,0,59868.7
5716,0,58720.2
5717,0,55391.6
5718,3306.7,63341.3
5719,0,78401.7
5720,465,94361.9
5721,0,106593.5
5722,0,113476.7
5723,0,121174.4
5724,0,126951.8
5725,0,132550.5
5726,0,138144.2
5727,0,144599.1
5728,490.5,149384
5729,1584.2,126683.9
5730,214.4,117273.1
5731,724.9,107368.1
5732,4518.9,82776.9
5733,1987.8,80510
5734,2661.3,69419
5735,3390.9,61712.3
5736,7027.7,49838.1
5737,3665.6,52205
5738,4248.4,48710.8
5739,4875.3,45427.2
5740,4235.4,59759.4
5741,557.7,70151.3
5742,1653.5,150282.6
5743,0,206766.2
5744,0,237460.4
5745,0,257986.2
5746,0,277509.2
5747,0,295407
5748,0,311382.1
5749,0,327538.1
5750,0,344757.1
5751,0,359646.5
5752,0,366969.1
5753,0,378392.8
5754,0,283328.6
5755,0,269777.7
5756,0,199448.2
5757,0,187599.5
5758,0,159161.5
5759,0,145824.4
5760,0,129431.8
5761,0,123463.3
5762,0,113047.7
5763,0,103245.5
5764,0,124399.7
5765,0,134494.3
5766,0,220369.7
5767,0,274736.9
5768,0,300054.5
5769,0,317364.9
5770,0,332567.9
5771,0,346526.5
5772,0,359247.6
5773,0,372534.1
5774,0,386900.6
5775,0,398336.6
5776,0,401639.5
5777,0,412971.4
5778,0,307156.8
5779,0,293823.4
5780,0,222278.2
5781,0,209351.5
5782,0,178402.8
5783,0,163051.8
5784,0,145858.1
5785,0,138672.4
5786,0,126334.7
5787,0,114873.9
5788,0,136859.6
5789,0,143775.8
5790,0,226307.2
5791,0,274739.2
5792,0,293942.7
5793,0,304803.6
5794,0,316360.2
5795,0,328499.3
5796,0,336983.2
5797,0,344175.5
5798,0,349517.4
5799,0,358586.8
5800,0,359721.8
5801,0,361139.5
5802,0,271462
5803,0,255028.8
5804,0,182608.5
5805,0,172182.4
5806,0,142478.6
5807,0,126447.3
5808,0,106782.1
5809,0,103185.2
5810,0,94108.8
5811,0,87529.3
5812,0,109876.3
5813,0,117155.1
5814,0,199520.5
5815,0,251586.7
5816,0,272448.7
5817,0,282569.9
5818,0,295840.5
5819,0,310160.5
5820,0,321306.1
5821,0,328086.7
5822,0,335234.1
5823,0,340900.4
5824,0,343798.4
5825,0,347991
5826,0,252300.4
5827,0,244310.6
5828,0,173273.7
5829,0,163352.3
5830,0,133725.8
5831,0,118475.9
5832,0,100852.5
5833,0,98092
5834,0,89778.7
5835,0,84023.6
5836,0,107034.7
5837,0,113782.4
5838,0,196570.8
5839,0,248906.9
5840,0,274484.4
5841,0,291229.9
5842,0,307293.9
5843,0,321705.1
5844,0,335248.7
5845,0,348496.5
5846,0,361515.6
5847,0,377191.2
5848,0,380299.7
5849,0,392852
5850,0,298823.2
5851,0,279322.6
5852,0,204872.5
5853,0,193983.3
5854,0,165958.6
5855,0,151936.4
5856,0,133964.5
5857,0,128259.9
5858,0,117933.6
5859,0,108692.5
5860,0,103650.7
5861,0,96991.3
5862,0,106468
5863,0,140491
5864,0,155781.3
5865,0,197960.9
5866,0,218258.1
5867,0,230156.1
5868,0,242477.4
5869,0,252016.3
5870,0,260211.4
5871,0,226102.2
5872,0,231828.8
5873,0,231441.6
5874,0,216432.4
5875,0,205638.3
5876,0,148241.5
5877,0,138217.4
5878,0,124239.4
5879,0,114055.3
5880,304.2,92603.3
5881,0,89340.6
5882,0,80401.7
5883,0,72424.3
5884,0,68583.2
5885,0,63637.3
5886,1078.2,74196.4
5887,0,82878.5
5888,437.7,99131.2
5889,0,116628.2
5890,0,124177.5
5891,0,129216.2
5892,0,134213.8
5893,0,139682.8
5894,0,146840.1
5895,0,155491.1
5896,237.8,150964.8
5897,1248.2,129133.9
5898,35.7,113614.4
5899,417.3,104915.1
5900,3739.4,80554.2
5901,1379.3,77940.3
5902,1889.2,66844
5903,2486.7,59746.9
5904,6944.8,47705.3
5905,4110.3,48735.2
5906,4950.1,44762.9
5907,5764.4,41948.2
5908,6570.5,42820.1
5909,7377.6,40715
5910,12860.5,54840.1
5911,8934.8,65422.6
5912,9327.4,79673
5913,5050.3,95271.2
5914,5189.5,100814.6
5915,5365.4,107510.2
5916,5506.9,116125.9
5917,5629.9,123619.8
5918,5735.1,133045.2
5919,5792.2,142303.5
5920,9198.4,142243.5
5921,13048.8,120906
5922,10300.2,108012.7
5923,11101,100053.1
5924,11793.5,82532.1
5925,12433.9,74391.9
5926,13053,63390.5
5927,13679.6,55242.5
5928,18866.8,44637.3
5929,13468.3,45666.2
5930,13829.5,42106.3
5931,14221,39214.6
5932,12325.3,53292.4
5933,6358.3,65776.1
5934,6195.1,144956.5
5935,691.6,202735.8
5936,0,232099.4
5937,0,249360.4
5938,0,266004.2
5939,0,282661.9
5940,0,295177
5941,0,303214.3
5942,0,310754.2
5943,0,317676.6
5944,0,323504.5
5945,0,327862.8
5946,0,237343.1
5947,0,232520.2
5948,0,168559.8
5949,0,159861.1
5950,0,133292.8
5951,0,119915.7
5952,0,102917.4
5953,0,101391.8
5954,0,92877
5955,0,84632.2
5956,0,106814.4
5957,0,120066.6
5958,0,207051.5
5959,0,260950.7
5960,0,284237.1
5961,0,300133.4
5962,0,314100.9
5963,0,326649.1
5964,0,339490.6
5965,0,348604.7
5966,0,363121
5967,0,376928
5968,0,383151.5
5969,0,391967.5
5970,0,291216.9
5971,0,275685.8
5972,0,204846
5973,0,193421.5
5974,0,164498.3
5975,0,149481.8
5976,0,131074.4
5977,0,124897.7
5978,0,113660.7
5979,0,103088.9
5980,0,125723.4
5981,0,134509.1
5982,0,218555.9
5983,0,272475.1
5984,0,296591.8
5985,0,312248.7
5986,0,327218
5987,0,340362.4
5988,0,352542.2
5989,0,366223.2
5990,0,381064.7
5991,0,393473
5992,0,396440.3
5993,0,406453
5994,0,306184.4
5995,0,287624.4
5996,0,214047.4
5997,0,201693.3
5998,0,171610.6
5999,0,156810.9
6000,0,139063.8
6001,0,132194.3
6002,0,120208.8
6003,0,108636.2
6004,0,130545.2
6005,0,138472
6006,0,221312.3
6007,0,272440.8
6008,0,294892.2
6009,0,309318
6010,0,322688.5
6011,0,334254.3
6012,0,342356.8
6013,0,354418.2
6014,0,365278.2
6015,0,375890.1
6016,0,373546.5
6017,0,377062.9
6018,0,280541.9
6019,0,264576.9
6020,0,191495.9
6021,0,180217.1
6022,0,150055
6023,0,133612.6
6024,0,112254.6
6025,0,105641.9
6026,0,94493.9
6027,0,85226.4
6028,0,81901.9
6029,8175.3,56713.6
6030,999.2,81576.6
6031,0,118615.4
6032,0,134597.6
6033,0,171405.8
6034,0,191114.2
6035,0,201234.2
6036,0,210163.3
6037,0,220570.1
6038,0,234594.9
6039,0,202240.3
6040,0,201646.7
6041,0,208397.8
6042,0,190450.6
6043,0,180525.8
6044,0,119483.3
6045,0,108186.6
6046,0,91728.4
6047,0,79812.8
6048,334,57023.5
6049,0,56010.4
6050,0,49716.3
6051,1.2,44084.8
6052,12.3,42489
6053,33.7,38927.5
6054,3878.2,45498
6055,99.8,62713.3
6056,757.8,79482.9
6057,0,94518.1
6058,0,99413.7
6059,0,101643.1
6060,0,103204.2
6061,13.1,110330.2
6062,89.3,119123.6
6063,166.3,125481.7
6064,1099,125846.6
6065,2585,107222.1
6066,1205.2,93027.2
6067,1878.6,77839.7
6068,5930.2,52567.3
6069,3233.6,51431.9
6070,3978.7,42753.4
6071,4799.3,37985.1
6072,4704.3,35833.7
6073,5162,32845
6074,5804.6,29766.7
6075,6495.9,26736.4
6076,5976.5,38458.8
6077,1967,49612.5
6078,2538,123911.2
6079,14,176840.2
6080,0,209470
6081,0,230642.5
6082,0,245573.9
6083,0,269667.3
6084,0,286469.1
6085,0,301327.6
6086,0,317785.1
6087,0,332100.3
6088,0,334736.4
6089,0,339806.8
6090,0,250812.1
6091,0,240141.9
6092,0,171549.5
6093,0,162153.1
6094,0,133811.6
6095,0,117548.5
6096,0,97134.6
6097,0,93481.9
6098,0,82669.2
6099,0,73535.8
6100,0,93567.6
6101,0,104697.5
6102,0,186859.1
6103,0,241306.3
6104,0,267263.4
6105,0,282858.1
6106,0,296505.3
6107,0,311168.3
6108,0,322495
6109,0,336775.7
6110,0,351043.8
6111,0,358659.7
6112,0,364387.3
6113,0,375060.8
6114,0,274985.8
6115,0,261993.1
6116,0,190816.5
6117,0,179514.3
6118,0,149751.4
6119,0,133428.9
6120,0,112746.9
6121,0,106664.1
6122,0,95825.8
6123,0,86436.8
6124,0,108642
6125,0,117397.2
6126,0,199037
6127,0,253023.9
6128,0,277725.7
6129,0,293391.8
6130,0,308213.4
6131,0,321972.5
6132,0,334791.9
6133,0,343950.2
6134,0,354006.4
6135,0,362476.5
6136,0,358018.1
6137,0,364688.6
6138,0,272493.9
6139,0,259336.3
6140,0,189306.4
6141,0,180010.1
6142,0,152584.1
6143,0,138765.4
6144,0,121074.8
6145,0,117453.1
6146,0,108242.1
6147,0,100414.6
6148,0,126002.6
6149,0,137318.4
6150,0,223917.5
6151,0,275002.7
6152,0,295825.3
6153,0,306792.8
6154,0,317966.5
6155,0,332625.8
6156,0,343971.4
6157,0,354531.6
6158,0,369673.8
6159,0,375334.7
6160,0,368998
6161,0,380147.1
6162,0,283709
6163,0,267967.8
6164,0,195278.6
6165,0,184417.5
6166,0,155625.5
6167,0,140316.8
6168,0,120263.1
6169,0,113634.3
6170,0,101470.7
6171,0,91252.1
6172,0,113378
6173,0,120489.2
6174,0,200888.1
6175,0,254334.5
6176,0,278093.8
6177,0,292247
6178,0,306357.7
6179,0,319834.5
6180,0,330783.7
6181,0,342836.5
6182,0,356375.1
6183,0,369223.1
6184,0,371770
6185,0,382030.4
6186,0,284762
6187,0,262184.7
6188,0,187182.3
6189,0,174558.7
6190,0,142708.4
6191,0,124707.8
6192,0,102686.5
6193,0,98177
6194,0,89003.5
6195,0,82315
6196,0,79131.2
6197,11.2,73345
6198,1085.6,77582.9
6199,0,114695.2
6200,0,131861.6
6201,0,168210.8
6202,0,187138.4
6203,0,196905.2
6204,0,205915.4
6205,0,216389.5
6206,0,229888.2
6207,0,195780.2
6208,0,199516.2
6209,0,204812.5
6210,0,187936.6
6211,0,176074.8
6212,0,114831.1
6213,0,103289.4
6214,0,86970.2
6215,0,74444.2
6216,341.4,54251.2
6217,0,54017.2
6218,2.2,47893.1
6219,15.1,42557.2
6220,24.7,41111.7
6221,96.4,37211
6222,4078.9,43780.6
6223,311.1,59830.8
6224,1030.1,76946.4
6225,188.3,93411.1
6226,35.1,99768.8
6227,0,104689.6
6228,4.9,108960.7
6229,83.4,113497.6
6230,171.3,122315.6
6231,250.9,129862.9
6232,1268.8,130275.8
6233,2772.4,109515.2
6234,1431.9,92327.6
6235,2103.8,79455.8
6236,6086.4,53382.9
6237,3375.6,51419.7
6238,4041.7,42079.1
6239,4867.1,36851
6240,4776.7,34692
6241,5250.4,31673.3
6242,5903.4,28421.7
6243,6597.5,25219.5
6244,6097,36934.6
6245,2122.7,47847.5
6246,2618.7,121677
6247,38.3,172538
6248,0,205399.2
6249,0,226479.9
6250,0,246181.5
6251,0,264028.5
6252,0,278895.7
6253,0,292048
6254,0,310302
6255,0,325369.5
6256,0,331110.4
6257,0,341722.5
6258,0,244902.7
6259,0,232871.4
6260,0,164987.1
6261,0,155132.9
6262,0,125534.6
6263,0,109024.5
6264,0,88676.7
6265,0,86591.7
6266,0,77941.6
6267,0,69969.3
6268,0,91679.4
6269,0,102761.6
6270,0,185186.3
6271,0,240885.4
6272,0,267850.2
6273,0,284905.8
6274,0,299618.5
6275,0,311569.5
6276,0,322552.8
6277,0,334961.3
6278,0,349075.5
6279,0,360894.9
6280,0,362913.1
6281,0,369607.7
6282,0,266128.6
6283,0,252293.3
6284,0,181746.4
6285,0,169324.4
6286,0,137627.3
6287,0,119796.1
6288,0,97332.5
6289,0,92493
6290,0,83370.8
6291,0,76674.1
6292,0,97059.6
6293,0,104966.4
6294,0,182802.6
6295,0,232258.6
6296,0,259381.9
6297,0,274911.7
6298,0,287561.7
6299,0,299349.8
6300,0,310858.1
6301,0,323771.3
6302,0,338748.2
6303,0,346156.4
6304,0,344585.3
6305,0,351943.3
6306,0,250382.7
6307,0,240576.7
6308,0,169808
6309,0,159396.9
6310,0,129018.9
6311,0,112520
6312,0,93073.6
6313,0,90070.3
6314,0,82283.4
6315,0,76663.6
6316,0,98466
6317,0,106762.7
6318,0,187829.9
6319,0,237719.5
6320,0,259979.7
6321,0,270128.4
6322,0,280000.6
6323,0,289542.9
6324,0,297718.2
6325,0,305710.1
6326,0,313354.7
6327,0,320135
6328,0,327220.8
6329,0,330329.2
6330,0,233776.3
6331,0,228655.3
6332,0,160767.3
6333,0,152308
6334,0,123968.3
6335,0,110445.8
6336,0,93437.7
6337,0,91031.5
6338,0,83716.2
6339,0,78398.6
6340,0,102588.4
6341,0,111579.4
6342,0,194408.9
6343,0,246399.7
6344,0,269160.4
6345,0,282264.4
6346,0,294016.1
6347,0,304963.7
6348,0,315056.4
6349,0,323511.2
6350,0,330464.3
6351,0,336772.4
6352,0,340511.2
6353,0,341322.5
6354,0,242520.7
6355,0,235228.6
6356,0,164506.9
6357,0,154487.8
6358,0,124569.7
6359,0,108980.4
6360,0,90705.5
6361,0,87818.5
6362,0,79947.9
6363,0,73913.3
6364,0,71139.8
6365,0,66024.1
6366,1014.7,71667.1
6367,0,105937.8
6368,0,119558.6
6369,0,155589.4
6370,0,175348.2
6371,0,186234.6
6372,0,195242.9
6373,0,205517.4
6374,0,218034.5
6375,0,182983.6
6376,0,191337
6377,0,189258.7
6378,0,169617.5
6379,0,155935.7
6380,0,93270.9
6381,0,83710.1
6382,0,69975.2
6383,0,62388.7
6384,0.2,54207.9
6385,12.5,47838.1
6386,37.5,42249
6387,132.1,37079.2
6388,280.8,35608.1
6389,589.3,32301.5
6390,4964.6,39618.5
6391,1057.3,52964.9
6392,1668,67809.7
6393,655.3,82516.8
6394,539.4,88286.1
6395,324,92514.6
6396,153.9,95185.8
6397,208.7,96083
6398,349.1,94192.9
6399,526.8,92468.1
6400,701.2,92864.4
6401,3541.2,69848.3
6402,2060.2,58862
6403,3046.7,53528.1
6404,7577.9,33571.1
6405,4788.5,35032.3
6406,5603.8,28099.2
6407,6503.5,24333.2
6408,6433,22811.7
6409,6921.1,20312.5
6410,7574,18121.6
6411,8267.3,16293.4
6412,7823.2,29434.2
6413,3405.9,39148.2
6414,3527.2,111251.2
6415,0,166804.1
6416,0,183919
6417,0,198497.6
6418,0,214166.1
6419,0,228335.4
6420,0,239363.8
6421,0,249241.2
6422,0,262683
6423,0,272441.2
6424,0,275462.6
6425,0,287131
6426,0,194995.9
6427,0,191039.2
6428,0,123354.3
6429,0,114829.6
6430,0,86700.3
6431,0,73407.2
6432,1.1,59059.2
6433,0,58390.7
6434,0,53488.2
6435,0,48921.7
6436,1.8,68697
6437,0,78368.1
6438,0,156604.3
6439,0,201968.2
6440,0,228459.9
6441,0,243585.3
6442,0,261138.5
6443,0,275534.1
6444,0,291307.8
6445,0,306397.5
6446,0,320227.4
6447,0,329099.6
6448,0,327545
6449,0,333910
6450,0,243069.9
6451,0,231388.5
6452,0,163246.7
6453,0,153254.8
6454,0,123195.3
6455,0,106960.8
6456,0,86182.4
6457,0,82564.4
6458,0,74058.7
6459,0,67188.4
6460,0,89717.1
6461,0,97005.9
6462,0,178928.1
6463,0,227706.9
6464,0,252713.1
6465,0,265488.6
6466,0,275978.2
6467,0,287390.2
6468,0,301472.6
6469,0,314447.3
6470,0,328973
6471,0,333658.6
6472,0,333647.6
6473,0,339552.2
6474,0,241308.9
6475,0,234464
6476,0,165392.1
6477,0,156142.7
6478,0,126590.3
6479,0,110682.6
6480,0,91345.5
6481,0,88581.1
6482,0,80376.9
6483,0,74150.1
6484,0,97071.3
6485,0,105237.8
6486,0,186538.3
6487,0,237294.5
6488,0,260417.2
6489,0,271773
6490,0,283384
6491,0,295126.3
6492,0,305978.6
6493,0,316225.8
6494,0,322357.4
6495,0,329356.5
6496,0,336830
6497,0,340565.3
6498,0,243406.7
6499,0,237115.4
6500,0,168466.5
6501,0,159864
6502,0,131488
6503,0,116303.1
6504,0,97669.6
6505,0,95280.5
6506,0,87207.1
6507,0,80637.2
6508,0,105632.3
6509,0,114671.7
6510,0,197114.2
6511,0,249011.8
6512,0,271238.4
6513,0,285166.4
6514,0,300325.3
6515,0,312780
6516,0,324616.8
6517,0,335407.3
6518,0,343640.7
6519,0,351190.3
6520,0,350923.1
6521,0,358479.1
6522,0,266289.2
6523,0,253894.2
6524,0,184163.1
6525,0,175089.7
6526,0,147284.2
6527,0,132807.3
6528,0,113990.6
6529,0,109937.4
6530,0,99957.5
6531,0,91417.2
6532,0,87627.4
6533,0,82051.4
6534,999.9,87966.6
6535,0,124346.4
6536,0,138768.3
6537,0,175476.7
6538,0,194406.6
6539,0,199676.6
6540,0,204876.6
6541,0,209509.9
6542,0,213175.9
6543,0,168965.5
6544,0,169697.9
6545,0,166416.9
6546,0,153083.1
6547,0,147744.5
6548,0,89178.2
6549,0,82144.6
6550,0,70645.2
6551,0,64692.4
6552,0,57176.9
6553,0,50251.1
6554,0,41522
6555,0,35375
6556,0,34368.1
6557,0,31480.1
6558,3685.3,40563.5
6559,0,52396.1
6560,638.9,63627.7
6561,0,74868.9
6562,0,81379.1
6563,0,88823.2
6564,0,94195.1
6565,0,98048.9
6566,0,104194.4
6567,0,108363.8
6568,963.1,104685
6569,2294.6,86094
6570,896,70899.4
6571,1662.5,63430.9
6572,5836.7,43062.4
6573,3215.3,43197.9
6574,3971.5,36002.1
6575,4761.6,31916.9
6576,4653,29397
6577,5104.7,26774.6
6578,5718.8,24180
6579,6367,21640.1
6580,5816,28682.1
6581,1739.8,37261.7
6582,2435.5,105105.7
6583,0,153884.9
6584,0,183827.6
6585,0,204740
6586,0,226313.3
6587,0,242596.2
6588,0,256854.2
6589,0,275335.2
6590,0,291402.5
6591,0,303697.6
6592,0,308916.7
6593,0,311903.1
6594,0,212786.5
6595,0,204028.3
6596,0,136239.9
6597,0,127253.2
6598,0,100397.1
6599,0,84587
6600,0,65234.9
6601,0,63191.9
6602,0,54970.8
6603,0,49300
6604,0,64271.4
6605,0,72441.3
6606,0,152137.1
6607,0,205055.1
6608,0,228957
6609,0,238463
6610,0,246480.4
6611,0,255788.9
6612,0,263790.2
6613,0,269592.1
6614,0,277408.4
6615,0,283476.9
6616,0,286525.8
6617,0,290867.4
6618,0,194414.2
6619,0,188281.5
6620,0,117487.3
6621,0,107344.8
6622,0,82615.5
6623,12,70996
6624,86.1,63674.6
6625,201.9,57484.5
6626,317.7,52197.2
6627,440.8,48056
6628,171.2,64438
6629,209.3,71211.2
6630,0,143643.5
6631,0,197227.3
6632,0,213208
6633,0,228626
6634,0,246067.3
6635,0,257113.7
6636,0,265723.1
6637,0,276841
6638,0,286093.8
6639,0,294726.9
6640,0,295421.6
6641,0,301952.9
6642,0,202000.5
6643,0,194423.8
6644,0,122773.6
6645,0,112608.7
6646,0,87238.5
6647,0,74597.3
6648,27,66502.1
6649,109.7,60178
6650,187.9,54487.7
6651,314.7,50329.6
6652,127.4,66976.3
6653,130.6,73168.8
6654,0,146741.3
6655,0,201204.9
6656,0,216931.1
6657,0,231502.5
6658,0,246314
6659,0,260143.3
6660,0,273203.6
6661,0,285230.2
6662,0,297629.7
6663,0,305008.8
6664,0,302728.7
6665,0,311169.4
6666,0,211109.5
6667,0,203008.7
6668,0,131005.4
6669,0,120403.1
6670,0,93982.2
6671,0,80164.4
6672,18.4,64639.3
6673,25.3,63120.9
6674,122.5,56897
6675,222.1,52028.2
6676,124.7,68498.9
6677,162.4,74380.5
6678,0,148277.1
6679,0,204772.5
6680,0,224498.8
6681,0,240540.9
6682,0,255728.6
6683,0,269074.8
6684,0,280724.2
6685,0,293986.8
6686,0,310540.8
6687,0,325465.5
6688,0,329424.3
6689,0,336640.7
6690,0,229085.7
6691,0,216211.1
6692,0,141830
6693,0,129401.6
6694,0,100096.5
6695,14.9,83880.8
6696,153.7,66371.6
6697,315,64336.8
6698,423.2,58239.5
6699,549.6,53102.5
6700,694.4,51920.3
6701,1002.4,48830.3
6702,2346.6,56031.4
6703,721.4,82004.2
6704,514,95363.1
6705,35,125471.5
6706,0,145953.2
6707,0,154722.5
6708,0,162862.8
6709,0,174175.8
6710,0,188373
6711,0,153007.7
6712,0,160931.5
6713,0,155322.4
6714,0,133624.5
6715,0,123395.2
6716,0,70884.1
6717,0.4,63883.7
6718,12.5,54266.8
6719,46.4,48816.2
6720,191.5,42405.1
6721,311.2,37284.7
6722,640.6,32668.5
6723,1182.3,28217.6
6724,1795.5,26813
6725,2293.5,23769.6
6726,6962,32510.9
6727,3191.2,44270.8
6728,3372.4,58868.8
6729,2034.5,73921.7
6730,1664.9,80702.3
6731,1302,85769.3
6732,949.2,89742.3
6733,781.5,95112.5
6734,937.1,101733.7
6735,1100,106864.4
6736,2317.3,103770.9
6737,3814.6,86964.3
6738,2268.5,68229.4
6739,2976.9,58223.1
6740,7224.4,37945
6741,4428.5,37917
6742,5215.4,30604.2
6743,6052.4,26585.9
6744,7009.2,23173.5
6745,8084.2,20174.1
6746,9318,17806.4
6747,10503.3,15638.7
6748,11690.9,16666.1
6749,12823.5,15982.8
6750,25120.6,28704.7
6751,14751.2,39987.3
6752,15172,48544.3
6753,10066.4,62530.6
6754,9917.1,70296.3
6755,9638,75736.1
6756,9448.2,77958.5
6757,9545.2,80474.5
6758,9633.7,86110.9
6759,9725.8,88545.8
6760,9829.9,86188
6761,17974.5,67469.9
6762,14699.7,54698
6763,15546,49037.9
6764,22002.5,30958.8
6765,16967.8,31544.4
6766,17653.3,25125.4
6767,18309.7,21864.4
6768,17912.7,19725.8
6769,18068.4,17855.5
6770,18425.8,16109.9
6771,18838.3,14416.5
6772,17391.8,17498.7
6773,10733.8,23738
6774,11681.7,83167.3
6775,3167.4,131677.6
6776,102.8,159465
6777,0,173018.9
6778,0,186279.2
6779,0,200136.2
6780,0,209960.5
6781,0,219981.9
6782,0,229183.2
6783,0,236770.6
6784,0,242190.1
6785,0,248024.7
6786,0,153981.7
6787,0,149809.8
6788,0,84442.3
6789,0,76665.8
6790,0,56975.8
6791,0,48683.6
6792,47.4,43736.2
6793,157.8,39406
6794,281.5,35529
6795,400.5,31881.8
6796,188.8,45458.2
6797,117.1,54651.6
6798,0,126631.9
6799,0,178219.2
6800,0,195963.1
6801,0,209516.3
6802,0,222189.9
6803,0,236268
6804,0,252227.2
6805,0,261731.2
6806,0,271724.1
6807,0,278963.3
6808,0,285100.7
6809,0,292650.3
6810,0,195461.5
6811,0,187264.6
6812,0,116210.2
6813,0,107293.6
6814,0,82392.7
6815,0,69185.3
6816,17,55484.6
6817,33.2,54152.4
6818,164.6,49469.1
6819,371.8,45205.1
6820,213.7,61446.6
6821,300.6,68407.2
6822,0,139007.7
6823,0,192480.4
6824,0,212394.7
6825,0,228612.5
6826,0,243715.6
6827,0,255591.1
6828,0,265346.1
6829,0,275652.2
6830,0,285958.9
6831,0,290962
6832,0,291782.6
6833,0,295101.6
6834,0,195023.6
6835,0,187128
6836,0,116136.3
6837,0,105695.3
6838,98.7,80609.1
6839,241.6,69239.2
6840,375.6,62203.6
6841,615,56986.1
6842,879.2,52089.6
6843,1272.9,47725.8
6844,902.4,64262.9
6845,1163.9,70387.1
6846,233.2,138012.5
6847,0.2,188772.4
6848,0,206375.7
6849,0,219811
6850,0,235140.8
6851,0,246891.3
6852,0,253777.1
6853,0,263630.3
6854,0,278901.7
6855,0,287616.2
6856,0,289199.5
6857,0,297068
6858,0,186624.6
6859,0,183514
6860,2.7,111218.5
6861,88.5,99914.5
6862,369,76737.7
6863,651.6,66959.2
6864,1117.3,60467.2
6865,1875.4,55123.9
6866,2697.3,50037.6
6867,3396,45523.9
6868,4082.5,43749.3
6869,5282.1,40240.2
6870,6585,45758.2
6871,3809.6,70937.9
6872,3342.5,86364.8
6873,2072.3,116215.3
6874,1599.1,132674.2
6875,1013.2,139949.1
6876,392.4,145971.2
6877,19.8,152909.5
6878,0,160696.6
6879,0,125812.9
6880,0,130291.6
6881,0,122830.1
6882,0,97748.9
6883,6.5,97007
6884,176.1,57399.6
6885,308.9,54211.7
6886,501.6,46236.6
6887,950.7,41302.4
6888,1540.3,35515.2
6889,2094.2,30901
6890,2529.4,26857.8
6891,3047.1,23071.9
6892,3576,22055.3
6893,4073,19194.9
6894,9481.9,28454
6895,5156,37643.2
6896,4897.9,49051.2
6897,3124.6,62260.2
6898,2850.9,68180
6899,2417.3,74007.9
6900,1946.9,78080.8
6901,1578.3,83120.1
6902,1563,86724.4
6903,1727.7,89930.3
6904,1891.1,90141.4
6905,5097.7,65998.5
6906,3443.2,52004.3
6907,4395.1,46233
6908,9042.3,27686.6
6909,6026.9,28034.3
6910,6880,21740.2
6911,7894.1,18585.9
6912,7900.1,16386.1
6913,8659.8,14481
6914,9666.9,12920.4
6915,10817.5,11535.7
6916,10259.9,16767.4
6917,5895.6,22522
6918,5324.9,81613.6
6919,0,134440.3
6920,0,154654.8
6921,0,173484.6
6922,0,191201.6
6923,0,209681.3
6924,0,226904.9
6925,0,246273.7
6926,0,266154.2
6927,0,282151
6928,0,286860.3
6929,0,293415.3
6930,0,193848.7
6931,0,185933.1
6932,0,117967.9
6933,0,108675.3
6934,0,81009.8
6935,0,66901.5
6936,1.2,51507.6
6937,0,50311.1
6938,5.7,45872.7
6939,52.6,41914.5
6940,1.8,55790.9
6941,2.4,64366.9
6942,0,137305.9
6943,0,185097.3
6944,0,214590.9
6945,0,233717.1
6946,0,250943.4
6947,0,265525.8
6948,0,278050.3
6949,0,291762
6950,0,305781.6
6951,0,316054.8
6952,0,312219.8
6953,0,316641.9
6954,0,218748.4
6955,0,211867.9
6956,0,142004.2
6957,0,133189.1
6958,0,106621.1
6959,0,92313
6960,0,74287.2
6961,0,73108.1
6962,0,65983.5
6963,0,61270
6964,0,79996.5
6965,0,88996.2
6966,0,169103.3
6967,0,224421.4
6968,0,247014.6
6969,0,259903.5
6970,0,273064.1
6971,0,286965.8
6972,0,297893.4
6973,0,312259.2
6974,0,317184.9
6975,0,323128.8
6976,0,319344.1
6977,0,320293.8
6978,0,221726.1
6979,0,214750.9
6980,0,143122.3
6981,0,133596.2
6982,0,106684.5
6983,0,92043
6984,0,74834.6
6985,0,72928.2
6986,0,66533
6987,0,61515.4
6988,0,78122.1
6989,0,85404.1
6990,0,163224.2
6991,0,215490.7
6992,0,238555.2
6993,0,248809.7
6994,0,258788.2
6995,0,272590.8
6996,0,288171.5
6997,0,303666.8
6998,0,319420.4
6999,0,333086.1
7000,0,335350.2
7001,0,339700.5
7002,0,238264.7
7003,0,221298.8
7004,0,147492.2
7005,0,136353.6
7006,0,108171.3
7007,0,92370.7
7008,6,74822.2
7009,0,72678.6
7010,0,66157.8
7011,24,60075
7012,6.5,75680.1
7013,9.4,81903.6
7014,0,155818.7
7015,0,204541.2
7016,0,230994.3
7017,0,246871.8
7018,0,261056.7
7019,0,272187.3
7020,0,283264.5
7021,0,293064
7022,0,298917
7023,0,308049.6
7024,0,306219.9
7025,0,305570.1
7026,0,205853.3
7027,0,199208.3
7028,0,127013.1
7029,0,116503.1
7030,6.9,90946.7
7031,120.2,78123.6
7032,251.4,69899.1
7033,392.6,62965.6
7034,616.9,56537.6
7035,859.2,51567.1
7036,1221.9,50147.6
7037,1706.6,46883.6
7038,3021.9,53446.5
7039,1354.5,79684.5
7040,937.5,95638.4
7041,294.7,126060.4
7042,55.7,144846.5
7043,0,153399.7
7044,0,160657.7
7045,0,170385.2
7046,0,181362.4
7047,0,144268.6
7048,0,147859.9
7049,0,141255.9
7050,0,120268.4
7051,0,111972.7
7052,0,65766.6
7053,0.5,61990.1
7054,11.8,53332.5
7055,80.9,47891.4
7056,203.2,41673.5
7057,317.2,36710.9
7058,624.9,32280
7059,1005.4,28134.9
7060,1417.1,27033.7
7061,1810.4,24089.1
7062,6363.1,33208.7
7063,2513,43582.9
7064,2996.7,54282
7065,1754,68233.2
7066,1574.6,76206.4
7067,1308.2,81272.7
7068,1025,84313.9
7069,799,89504.6
7070,876.4,95520.8
7071,1052.5,100207.2
7072,1222.1,101089.8
7073,3944.8,77017.6
7074,5515.7,52894.3
7075,3234.7,49652.8
7076,7683.4,30933.4
7077,4940.5,31154.1
7078,5815.3,24765.4
7079,6850.8,21309.9
7080,7090.5,18777.6
7081,7946,16208.1
7082,9108,13803.9
7083,10403.1,11964
7084,9858.5,17725.5
7085,5840.8,23597.1
7086,5233.9,81999.5
7087,93.9,131914.5
7088,1,149514.4
7089,0,165725.7
7090,0,181911.5
7091,0,196689.9
7092,0,210378.1
7093,0,223183.9
7094,0,233191.3
7095,0,237785.6
7096,0,234921.3
7097,0,243487.2
7098,0,148977.3
7099,0,144003.3
7100,83,79380.3
7101,227.3,72605.1
7102,461.4,56778.2
7103,770.4,49675
7104,1298,44506.7
7105,2054.4,39888.8
7106,2764.9,35636.5
7107,3479.6,31565.9
7108,3138.8,45460
7109,3320.1,54203.4
7110,1269.9,120410.2
7111,193.6,165212.3
7112,18.1,179824.3
7113,0,195161.6
7114,0,210023.1
7115,0,224306.7
7116,0,236163.6
7117,0,249899.3
7118,0,259369
7119,0,260689.6
7120,0,261352.8
7121,0,264186.7
7122,0,169598.7
7123,0,164396.9
7124,16.3,94653.3
7125,103.8,86803.8
7126,285.9,68478.3
7127,383.3,61530.2
7128,481.4,56323
7129,606.9,51526.6
7130,741.9,47343.6
7131,982.8,43649
7132,512.6,60317
7133,435.6,67076.6
7134,0,137795.6
7135,0,187870.4
7136,0,203334.8
7137,0,214718.2
7138,0,224641.2
7139,0,235285.8
7140,0,243412.7
7141,0,248534.7
7142,0,255333.4
7143,0,260020
7144,0,262116.8
7145,0,264908.1
7146,0,168358.1
7147,0,161403.6
7148,239.7,91944.3
7149,475.9,84718.2
7150,916.9,68048.5
7151,1335.7,60926.6
7152,1863,55185.5
7153,2581.3,49894.2
7154,3363.2,45012.8
7155,4128.2,41188.7
7156,3553.8,57561.6
7157,3709.4,63857.7
7158,1167.2,130043.3
7159,314.3,174673
7160,42,186900.3
7161,0,197052.2
7162,0,205772
7163,0,217454.4
7164,0,222667
7165,0,233064
7166,0,243106.5
7167,0,255355.4
7168,0,260354.7
7169,0,259876.4
7170,0,159139.9
7171,73.1,150903.4
7172,973.5,84423.9
7173,1489.8,79847.7
7174,2854.3,65074.5
7175,4005.4,57829.8
7176,4851.2,52214.2
7177,6089.1,47422.5
7178,7428.7,43031.2
7179,8758.5,39325.2
7180,6743.9,55502
7181,6971.1,61832.8
7182,3483.3,126421.8
7183,1949.5,167052.1
7184,913.3,179112.4
7185,295.8,187733.5
7186,21.2,199698.1
7187,0,212208.4
7188,0,224595.1
7189,0,235553
7190,0,247234.9
7191,0,252317.8
7192,0,250452.6
7193,0,257812.3
7194,0,161148.9
7195,0,154797.6
7196,401.6,86370
7197,642.2,81080.7
7198,1280.2,66687.6
7199,1761.9,59949.9
7200,2297.1,54621.2
7201,2706.4,49824.9
7202,3105.2,45564.8
7203,3523.9,42088.1
7204,3667,40273.6
7205,4084,37591.1
7206,4977,43809.6
7207,2648.2,67586.5
7208,2282.3,79401.3
7209,1209.6,105851.7
7210,707.9,119962.4
7211,388.2,124336.8
7212,164.1,128709.9
7213,4.6,131822.9
7214,0,134336.8
7215,0,99641.6
7216,0,103295.4
7217,0,101838
7218,0,89821
7219,0,87147.5
7220,157.2,48911.5
7221,369.9,45553.8
7222,586.6,38060.5
7223,909.5,33383.1
7224,1514.1,27734.8
7225,2054.6,23124.2
7226,2905,19521.8
7227,4038.5,16820.3
7228,4967.3,15657.8
7229,6184.1,13611.1
7230,12173.8,23048.7
7231,8218.2,30199.1
7232,8337.4,37395.3
7233,5694.2,46863.9
7234,5049.7,50066.4
7235,5084.3,51524.2
7236,4961.4,54277.1
7237,4784.4,59008.7
7238,4634.6,59211.4
7239,4498.5,58619
7240,4536.1,56671.9
7241,8575.7,40705.9
7242,7335.2,31822
7243,8887.6,29457
7244,14578,16102.8
7245,12560.5,16816.6
7246,14821.9,12620.5
7247,17242.2,10722.4
7248,17866.9,9400.7
7249,19931.5,8303.5
7250,21991.5,7676.1
7251,23908.3,7112.1
7252,19186.8,10645.7
7253,14105.1,14268.6
7254,10482.5,68830.9
7255,1409.7,115806.6
7256,602.8,131925.5
7257,183.5,145782.2
7258,3.6,161432.4
7259,0,176378.1
7260,0,190140
7261,0,203775.8
7262,0,218954
7263,0,235723.6
7264,0,240052
7265,0,246283
7266,0,137884.4
7267,0,135451
7268,244.2,72962.9
7269,624.4,66037.3
7270,1281.1,50507.4
7271,1984.9,43085.9
7272,3131,38003.1
7273,4153.3,33455
7274,5226.1,29273.4
7275,6863,25544.7
7276,5617.4,39274.3
7277,5839.8,47920.1
7278,3102.3,114046.2
7279,1630.6,156155.9
7280,741.4,172342
7281,235.6,186866.1
7282,0,202185.3
7283,0,216937.7
7284,0,229834
7285,0,244153
7286,0,260348.4
7287,0,274007.6
7288,0,276623.1
7289,0,279891.3
7290,0,172170.4
7291,0,168796.9
7292,29.7,97294.7
7293,153.9,87864.7
7294,392.2,67922.3
7295,576.7,60904.9
7296,794.3,55750
7297,1312.7,50832.5
7298,1886.5,46460.6
7299,2369.5,42544.7
7300,1886.4,59071.4
7301,1784.2,65794.6
7302,350.6,129625.2
7303,1.2,175513
7304,0,189067.9
7305,0,198500.1
7306,0,206653
7307,0,214777.1
7308,0,222895.6
7309,0,232303.2
7310,0,239003.2
7311,0,244240.2
7312,0,248910.3
7313,0,253163.8
7314,0,155370.3
7315,0,147861.1
7316,514.9,85723.7
7317,950.3,80425.4
7318,1743.6,65689.3
7319,2610.1,58496.6
7320,3371.6,52923.1
7321,3969.5,47891.3
7322,5034.9,43502.2
7323,6145.1,39946.4
7324,4446.3,56395.8
7325,4243.9,62968.9
7326,1669.6,124243.9
7327,430,165433.8
7328,96.5,179355.1
7329,0,194427.9
7330,0,207783.9
7331,0,214522.2
7332,0,225716.5
7333,0,233433
7334,0,242868.2
7335,0,248868.8
7336,0,260647.2
7337,0,257028.2
7338,0,155890.1
7339,0,148757.7
7340,329.8,86710.2
7341,550.5,82050.1
7342,1122.4,67526
7343,1616.8,60658.6
7344,2158.1,55168.8
7345,2713,50026.6
7346,3286.2,45383.4
7347,3893.2,41757.5
7348,3351.6,58203.7
7349,3411.8,64297.3
7350,1183.5,125309
7351,238.8,168144.7
7352,32.5,183214.3
7353,0,198713.8
7354,0,214325.4
7355,0,229186.8
7356,0,241912.9
7357,0,256280
7358,0,272800.8
7359,0,286207
7360,0,287122.5
7361,0,292580.4
7362,0,183863.1
7363,0,174733.7
7364,1.3,110694.8
7365,29.2,100462.6
7366,246.9,75468.4
7367,366.5,66575.1
7368,486.5,61011
7369,635.3,56148.3
7370,1174.1,51479.7
7371,1865.4,47196.1
7372,2094.7,46109.3
7373,2389.9,43275.9
7374,3697.6,50239.7
7375,1980.8,75360.2
7376,1628.5,90652.7
7377,1002.5,117461.4
7378,573.2,133841.5
7379,219.1,140722.8
7380,0,147812.8
7381,0,155151.5
7382,0,159434.7
7383,0,128126.6
7384,0,129774.2
7385,0,123426.5
7386,0,107111
7387,0,102329.1
7388,0,61556.6
7389,0.1,59229
7390,6.2,51369.9
7391,15.7,46664
7392,74.4,41116.5
7393,104.6,36765.7
7394,129.9,32939.3
7395,216.1,29034.6
7396,346.5,28144.7
7397,467.4,25317.6
7398,5854.7,34763.7
7399,813.2,45051.6
7400,1724,52596.7
7401,581.6,62520.6
7402,609,64761.7
7403,734,66150.7
7404,845,68129.1
7405,939.5,69333.4
7406,1024.5,69558.4
7407,1151.9,72525.2
7408,1335.1,74398
7409,4757.4,54658.8
7410,3671.4,43616.7
7411,4971.3,39568.6
7412,10682.1,23034.5
7413,7396.1,23273.4
7414,8664.4,17877.9
7415,10036.1,15591.8
7416,9541.7,14077
7417,10299.6,12687.9
7418,11336.5,11435.3
7419,12466.9,10234.6
7420,13592.8,9131
7421,11456.2,13441.9
7422,6862.2,17980.4
7423,5386.7,71948.8
7424,0,125404.9
7425,0,147714.1
7426,0,166280
7427,0,175004
7428,0,197371.2
7429,0,211707.2
7430,0,225596.6
7431,0,236647.2
7432,0,246928.5
7433,0,244373.4
7434,0,244895.1
7435,0,150242.4
7436,0,146651.4
7437,0,86959.5
7438,0,79856.1
7439,21.7,59684.8
7440,136.9,51683
7441,215.7,46724.8
7442,301.4,42393.3
7443,418.2,38407.1
7444,598.5,34640.4
7445,369.7,48906
7446,411.5,57594.2
7447,0,123048.5
7448,0,170657.1
7449,0,187171.4
7450,0,199207.6
7451,0,218940.1
7452,0,223431.4
7453,0,229624.5
7454,0,236467.6
7455,0,241303
7456,0,244853.1
7457,0,247499.4
7458,0,249911.8
7459,0,154199.9
7460,0,147713.8
7461,232.1,86789.9
7462,468.8,80648.3
7463,990.7,65118.2
7464,1587.3,57718.4
7465,2513.7,51809.7
7466,3403.6,46683
7467,4725.6,42091.4
7468,6535.2,38339.9
7469,5186,54207.1
7470,5538.8,61077
7471,2503.6,121881.1
7472,728.8,165905.7
7473,117.7,180048.8
7474,0,196120.5
7475,0,207501.3
7476,0,215405.8
7477,0,222538.3
7478,0,232400
7479,0,241716.1
7480,0,253509.8
7481,0,250658.8
7482,0,258320
7483,0,159690.6
7484,0,152530.7
7485,119.7,89451.3
7486,225.4,83517.7
7487,588.1,68050.3
7488,881.2,60962.2
7489,1382,55290.1
7490,1948.1,50209.5
7491,2487.3,45396.1
7492,3098.6,41682.4
7493,2601.8,57978
7494,2782.7,64161.9
7495,865.8,126014.6
7496,18.1,174731.7
7497,0,194733.2
7498,0,211252.4
7499,0,226417.7
7500,0,239743.1
7501,0,254201.4
7502,0,269529.1
7503,0,281519.5
7504,0,287803.9
7505,0,284148.2
7506,0,278425.4
7507,0,177987
7508,0,170651.5
7509,54.1,106118
7510,256.2,94887.2
7511,525.2,72614.6
7512,813.2,65215.5
7513,1447.9,59672.9
7514,2337.5,54582.6
7515,3004.4,49737.8
7516,3714.7,45346.2
7517,3353.8,62240.4
7518,3563.4,68354.7
7519,1580.1,129964.4
7520,406.1,175765.4
7521,12.4,189664.5
7522,0,199833.3
7523,0,209637.6
7524,0,220380.4
7525,0,230176.4
7526,0,239321.6
7527,0,247685.8
7528,0,253684.6
7529,0,258654
7530,0,263035.7
7531,0,165105.2
7532,0,158980.3
7533,0,95880.2
7534,16.5,89289.3
7535,220,70596.7
7536,425.2,63585.8
7537,671.1,56199.4
7538,968.6,50448.8
7539,1420.1,45456.6
7540,1840.9,41215.9
7541,2214,39627.5
7542,2636.7,36453.3
7543,4297.5,42758.5
7544,3320.7,52293.6
7545,2301.3,61943.4
7546,1871.6,74671.6
7547,1606.9,79358.6
7548,1345.7,82307.5
7549,1030.5,82226
7550,774,81247.1
7551,586.9,83577.9
7552,535.7,83723.1
7553,584.4,79760.6
7554,1475,54783.8
7555,1615.6,43996.6
7556,2294.6,38123.5
7557,5178.6,20649.6
7558,4605.4,20975.7
7559,6475.6,15732.7
7560,8115,13106.8
7561,10610.7,11132.9
7562,13756.2,9676.8
7563,16961.7,8563
7564,20234.3,7897.8
7565,22941.9,8681.5
7566,25763.9,8484.5
7567,38209.7,19041.1
7568,27195.2,27459.2
7569,21633.9,31648.3
7570,15014.6,40925.1
7571,13746.2,45111.1
7572,12554.6,48137.3
7573,11759.7,51273.6
7574,11043.2,53851.7
7575,10744.1,51910.8
7576,10800.5,49332.7
7577,11162.3,46726.1
7578,20166,37707.7
7579,18490.3,30132.2
7580,20610,28030
7581,29975,14367.1
7582,25790,15374.7
7583,28001.5,11284.3
7584,30224.9,9513.8
7585,29316.5,8339.9
7586,30116.6,7198
7587,31253.3,6217.2
7588,32192.2,5692.5
7589,24310.7,8579.1
7590,17016.8,12128.9
7591,15808.3,59711.6
7592,2667.1,102880.4
7593,306.3,118104
7594,0,129396.4
7595,0,139799.5
7596,0,151968.4
7597,0,160358.6
7598,0,182964.9
7599,0,207455.6
7600,0,217604.4
7601,0,208395.2
7602,0,216083.8
7603,0,123232.6
7604,0,119256.2
7605,17.8,65135.1
7606,129.6,60705.9
7607,388.1,46623.3
7608,724.1,39855.5
7609,1171.3,35134.2
7610,1895.1,30827.7
7611,2619.2,26740.9
7612,3309.3,22988.2
7613,3241,36172.8
7614,3377.8,44762.8
7615,1473,106412.7
7616,231.1,152230
7617,12,171957.5
7618,0,189530
7619,0,205315.9
7620,0,220313.9
7621,0,235909
7622,0,252059.9
7623,0,264563.9
7624,0,271106
7625,0,266998.9
7626,0,262512.3
7627,0,165705.3
7628,0,159761.8
7629,19.5,96366.1
7630,170.2,86258.1
7631,453,66277.9
7632,732.1,59150.1
7633,1196.9,53606.3
7634,2007.5,48443.4
7635,2620.2,44284.6
7636,3238.1,40375.8
7637,2873,56574.1
7638,2988,63564.4
7639,1115.8,124223.4
7640,134.3,171428.2
7641,0,192316.6
7642,0,210445.9
7643,0,225557.2
7644,0,238444.4
7645,0,252118.8
7646,0,267693
7647,0,279670.3
7648,0,283741.8
7649,0,279135.3
7650,0,276397.9
7651,0,177814.2
7652,0,170608.9
7653,52.5,106293.5
7654,203,96082.8
7655,441.8,73265
7656,576.7,65604.6
7657,631.1,60408.3
7658,978.8,55658.6
7659,1413.2,51040.8
7660,1698,47037.1
7661,1121.4,63886.8
7662,961.3,70206.4
7663,44.8,134068.7
7664,0,182510.1
7665,0,197006.5
7666,0,208082.1
7667,0,219072.3
7668,0,229512.8
7669,0,239685.3
7670,0,250555.3
7671,0,261508.9
7672,0,270863.6
7673,0,270834.6
7674,0,271145.8
7675,0,173040.1
7676,0,167317.8
7677,0,103868.5
7678,0,96184.1
7679,40.4,74635.8
7680,84.9,66128.6
7681,87,61191.8
7682,102.2,56688.1
7683,151,52138.9
7684,182.5,48169.8
7685,49.2,65209.6
7686,0,71668.5
7687,0,138540.1
7688,0,189701.9
7689,0,205514.3
7690,0,218379.4
7691,0,232770.6
7692,0,247264.9
7693,0,260003
7694,0,273234.3
7695,0,282390.3
7696,0,285764.8
7697,0,281115.4
7698,0,276451.1
7699,0,175467
7700,0,167678.1
7701,179.1,102973.3
7702,432.3,93063
7703,1110.9,72303.6
7704,1553.3,64291.7
7705,2434.2,58459.5
7706,3175.2,53124
7707,3721.2,48247.8
7708,4942.8,43601.6
7709,6421.7,41462.5
7710,7956.7,37781.9
7711,8741.1,43227.2
7712,4709.1,68733.4
7713,3766.4,84862.8
7714,2437.8,112001.4
7715,1902.1,124529.1
7716,1312.4,128556.2
7717,712.9,136479.5
7718,266.6,141660.3
7719,9.3,145242.8
7720,25.1,109887.4
7721,66.2,107404.8
7722,264.3,103047.1
7723,408.3,91434.8
7724,575.7,88598.2
7725,1996,50425.3
7726,3089,46644.9
7727,4216.8,38781.4
7728,5749.3,33653.7
7729,7642.6,27733.8
7730,9275.3,23077.9
7731,11135.6,18845.4
7732,12345.4,15415.2
7733,13219.3,14540
7734,14587.8,12243.2
7735,20406,22332.2
7736,14635,30021.1
7737,12526.6,36970.7
7738,9514.9,45164.6
7739,8504.6,46766.1
7740,8185,47028
7741,8069.1,47206.2
7742,8390,46972
7743,8753.7,46879.7
7744,9368.5,46709.8
7745,9998.6,46585.5
7746,17647.5,35116.9
7747,17316.6,28322.4
7748,19754.4,26430
7749,27371.2,14010.4
7750,24198.8,14496.2
7751,26070.6,10672.5
7752,27547.6,8963.9
7753,26643.8,8159.3
7754,27627.7,7545.4
7755,28329.9,7016.7
7756,29501.6,6531.3
7757,22149.1,10065.7
7758,15993.9,13630.8
7759,11607.7,62095.8
7760,1231.1,104049.9
7761,282.1,118399.8
7762,0,129682.9
7763,0,139491.9
7764,0,148990.5
7765,0,157785.4
7766,0,166815
7767,0,175298.5
7768,0,183402.5
7769,0,189846.5
7770,0,196097
7771,0,108881.1
7772,0,107042.1
7773,216,61433.8
7774,409.2,58505.3
7775,682.7,45019.5
7776,765.4,38542.5
7777,944.7,34284.6
7778,1337.4,30614.2
7779,1822,27140.7
7780,2217.4,24192.2
7781,1470.1,38037.2
7782,1413.3,46595.5
7783,193.2,108035.9
7784,0,153379.1
7785,0,167017.6
7786,0,177800
7787,0,187414.7
7788,0,196552.5
7789,0,208456.1
7790,0,216767.8
7791,0,229072.6
7792,0,233610
7793,0,233331.2
7794,0,232785.5
7795,0,137186.4
7796,26.1,130340.1
7797,697.8,76452.5
7798,1071.3,72688.8
7799,2250.1,58606.2
7800,3560.3,51507.4
7801,4728.6,46256.8
7802,6127.9,41670.6
7803,8023.7,37637
7804,9847.2,33923.4
7805,8335.7,49320.6
7806,8840.3,56681.4
7807,4192.8,115700.9
7808,1858.6,155820
7809,927.7,170484.8
7810,450,182489.5
7811,56.4,192302.1
7812,0,204096.6
7813,0,213356.9
7814,0,227470.1
7815,0,238222.2
7816,0,243104.4
7817,0,239792.5
7818,0,239293.6
7819,172.7,142257.3
7820,475.6,134227
7821,1821.1,79834.1
7822,2549.1,76258.6
7823,4562.8,61653.5
7824,5761.6,54793.6
7825,7925.5,47875.5
7826,10216.5,42601.6
7827,12550.1,38144.6
7828,15379.7,34120.6
7829,17043.1,31543.9
7830,18673.8,28322.3
7831,19310.4,32429.5
7832,17581.5,41563.7
7833,11831,53846.8
7834,9053.2,68048.3
7835,7021.9,72800.6
7836,5159.5,75757.3
7837,3698.3,78833.1
7838,2424.5,81547.6
7839,1557.3,82188.3
7840,1114.8,79744
7841,1249.7,73376.2
7842,3052.2,48803.4
7843,3188.5,38916.5
7844,4300.1,33755.1
7845,8472.8,17704.6
7846,7885.8,17644.7
7847,10146.2,13158
7848,12682.3,11235.6
7849,13578,9948.6
7850,15917.7,8904.8
7851,18604.6,8319
7852,21163.1,7788.6
7853,16426.8,12868.7
7854,12946.2,17717.9
7855,8294.9,72202.2
7856,2621.6,119279.7
7857,1752.4,137314.1
7858,1184.8,151933.4
7859,538.5,166332.9
7860,58.6,179903.8
7861,0,192061.9
7862,0,201883.9
7863,0,215409.5
7864,0,224975
7865,0,223066.8
7866,0,220035.2
7867,306.3,125758.8
7868,715.2,119329.6
7869,1902.6,68636.6
7870,2413.7,66616.3
7871,4268.9,52432
7872,5172.9,45106
7873,5937.5,40019.3
7874,7810.9,35449.3
7875,9396.2,31625.1
7876,10957.6,28190.6
7877,12544.6,25837
7878,14361.5,22782.5
7879,15916.6,29057.7
7880,8862.4,50656.9
7881,6345.7,67446.8
7882,4272.5,96243.9
7883,3425.9,109946.2
7884,2531.6,115230.1
7885,1648.7,120303
7886,875.7,125256.5
7887,373.4,125524.9
7888,333.2,93692.2
7889,455.2,94268.1
7890,568.2,92664.6
7891,744.9,82066.4
7892,1074.7,79552.7
7893,2926.7,42116.2
7894,3777.6,38350.2
7895,5070.6,30670.6
7896,6532.3,25647.9
7897,9076.8,19694.7
7898,11781.8,15994.8
7899,15028.9,13173.5
7900,17990.7,10491.6
7901,19804.5,10092.8
7902,22561.8,9852.6
7903,30525.8,20104.8
7904,23055.1,27718
7905,19309.1,34578.5
7906,13780,46100.8
7907,11531.1,50826.3
7908,9649.5,54963.6
7909,8147.3,58154.2
7910,7253,60773.8
7911,6790.1,60442.4
7912,6794.8,56354.2
7913,7044.6,53133.9
7914,12271.1,39796
7915,10982.1,32316.7
7916,12756.8,30318.9
7917,19692.3,16416.6
7918,15890.6,17385.5
7919,17354.6,13271.7
7920,19144.8,11447.3
7921,18038.1,10295.4
7922,18786.3,9186.8
7923,19955.7,8091.7
7924,21172.3,7177.5
7925,17377.9,11069.4
7926,11413.4,14695.2
7927,9994,67476.4
7928,586.5,114744.3
7929,0,130053.6
7930,0,144253.9
7931,0,156953.5
7932,0,168348.6
7933,0,180256.4
7934,0,190006.8
7935,0,197888.7
7936,0,204178.7
7937,0,210445.2
7938,0,216792.7
7939,0,126856.2
7940,0,124256.3
7941,0,70961.6
7942,0,66256
7943,41.7,50496.1
7944,98.5,43952.9
7945,178.2,39564.8
7946,251.6,35721.3
7947,339.2,32071.2
7948,465.7,28477.5
7949,214.7,42492.4
7950,208.7,51294.5
7951,0,117569.8
7952,0,164221.3
7953,0,177208.3
7954,0,186451.1
7955,0,194790.1
7956,0,205137.5
7957,0,213640.3
7958,0,220986.3
7959,0,233746
7960,0,238800
7961,0,238546.8
7962,0,237371.1
7963,1.7,141234.9
7964,84.8,133992.5
7965,861,78703
7966,1213.3,74549
7967,2293.8,60200.7
7968,3468.3,53221.2
7969,4461.3,47548.4
7970,5532.5,42834.6
7971,7260.8,38706
7972,8813.7,34978.1
7973,6713.4,50678.4
7974,6783.7,58225.4
7975,3245.8,117538.3
7976,1296,158271.3
7977,481.6,174588.3
7978,175.1,188369.2
7979,42.5,201551.3
7980,0,213272.9
7981,0,225214.8
7982,0,238525.4
7983,0,248383.4
7984,0,254507.4
7985,0,245223.3
7986,0,247399.9
7987,189.6,148278.3
7988,491,140347.3
7989,1560.2,82440.8
7990,2250.9,78807.1
7991,3879.9,64213.3
7992,5025.1,57115.1
7993,6150.2,51485
7994,7854.8,46676.4
7995,9702.3,42448.8
7996,11899.4,38684.9
7997,9887.5,54858.8
7998,9709.2,61556.7
7999,5200.5,121170.6
8000,2963.1,159943.3
8001,1826.8,170118.7
8002,1083.2,178578.9
8003,491.3,185951.8
8004,67.1,192931.5
8005,0,201146.2
8006,0,214214.8
8007,0,232158.6
8008,0,240950.7
8009,0,237093.9
8010,0,236586.5
8011,160.2,132972.4
8012,271.2,132588.9
8013,1339.4,81735.5
8014,1818.3,78494.2
8015,3193.6,64063.5
8016,4000.5,56940.5
8017,5065.5,51258.4
8018,6267.7,46711.8
8019,7441.8,42607.2
8020,8654.4,39027.9
8021,6418.3,55371.1
8022,6131.9,61859.3
8023,2883.6,120353.6
8024,875.9,159714.6
8025,128.3,172876.8
8026,0,183649.1
8027,0,197426.2
8028,0,213927.2
8029,0,229777.4
8030,0,242685
8031,0,248486.4
8032,0,252014.5
8033,0,247249.5
8034,0,255511
8035,0,157642.3
8036,0,151112.7
8037,68.3,90581.6
8038,209.9,83656.6
8039,512.1,67967.1
8040,857.6,61245.8
8041,1346.9,55865
8042,2114.3,50768.8
8043,2836.7,45827.7
8044,3557.6,42029.5
8045,4281.1,40021.3
8046,5614.8,37065.2
8047,7009.9,42573.4
8048,3788.8,68662.5
8049,3201,84686.9
8050,2091.5,110201.6
8051,1581.9,124886.7
8052,980.7,133819.4
8053,461.6,140675.9
8054,54.6,146555.7
8055,0,149573.1
8056,0,112410.8
8057,0,111234.8
8058,0,108166.2
8059,0,96703.3
8060,1.1,93463.9
8061,271.8,54115.3
8062,485.3,50013.8
8063,946.6,41905.5
8064,1623.7,36931.2
8065,2643.6,31041.9
8066,3973.7,26254.7
8067,5645.7,21952.4
8068,7325,17820.7
8069,8766.7,16343.2
8070,10507.1,13794.7
8071,18290.2,23288.1
8072,12403.3,32191.1
8073,7995.1,44340.8
8074,5493.8,57015.1
8075,5587.7,60836
8076,5723.4,63129.2
8077,5697,65812.4
8078,5384,68895.6
8079,5252.6,70777.4
8080,5398.8,70021
8081,6010,62959.8
8082,14519.6,41813.5
8083,15042.7,32470.3
8084,18522.7,29247.3
8085,27580.6,15989.3
8086,25411.3,16641.5
8087,28701.8,12331
8088,31822.6,10309.6
8089,32140.7,8915
8090,34490.7,7769.9
8091,37080.1,7144.4
8092,39700.3,6587.7
8093,30411.1,10222.5
8094,24398.6,13659
8095,15736,62633.9
8096,5220,102693.1
8097,3381.3,116337
8098,2624.7,125735.6
8099,1946.2,137177.8
8100,1367.3,151737.3
8101,625.6,166097.7
8102,38.5,178873.9
8103,3.5,189848.9
8104,0,198096.8
8105,39.5,189109.5
8106,227.9,193867.9
8107,1588.4,101721.4
8108,1933.7,103317.3
8109,4208.2,61846.1
8110,5372.8,58886.7
8111,7855.7,44586
8112,10361.1,37087.4
8113,12506.3,32207.5
8114,14877.6,28309.6
8115,17336,24703
8116,19649.8,21283.2
8117,15893.4,34992.6
8118,15038.7,43470
8119,7765.8,99910
8120,5252.1,137652.2
8121,3991.3,147691.5
8122,3028,155247.6
8123,1895,163952.6
8124,1147.8,173596.2
8125,369.7,184060.8
8126,1.4,194586.4
8127,0,205730.8
8128,1.5,211183.4
8129,85.6,210242.6
8130,286.8,209820.8
8131,1566.6,117364.5
8132,2054.8,113726.6
8133,4429.1,72269.2
8134,5699.4,69259.9
8135,8376.4,55412.9
8136,10388.6,48758
8137,12069.4,43844.4
8138,13771.6,39345.6
8139,15744,35352.4
8140,17830.7,31772.9
8141,15037.7,47391.9
8142,14413.2,54618.2
8143,7561.2,110327
8144,4518.2,147833.2
8145,2373.9,161187
8146,1473.6,173399.1
8147,707.4,185362.1
8148,93.2,196386.5
8149,0,207014.7
8150,0,214734.3
8151,0,222580.5
8152,0,224169.5
8153,0,227946.9
8154,0,232199.5
8155,36.8,136719.7
8156,127.2,131061.6
8157,893.2,79292.1
8158,1197.4,76243.8
8159,1992.6,62736.2
8160,2590.4,56475.8
8161,3012.3,51481.4
8162,3455.3,47237.6
8163,3881,43394
8164,4287.9,40101.2
8165,3520.5,56584.4
8166,3109.5,63011.2
8167,962,121124.8
8168,37.1,162492.5
8169,0,175802.6
8170,0,185341.2
8171,0,195821.7
8172,0,207007.7
8173,0,219440.8
8174,0,228425.6
8175,0,236688.3
8176,0,244050.7
8177,0,246404.4
8178,0,248224.5
8179,0,144851.2
8180,0,144247.4
8181,114.9,86983.1
8182,257.3,81211.7
8183,628.8,66004.5
8184,827.3,59258.5
8185,1069.7,54118.3
8186,1564.4,49441.3
8187,2096.9,45232.4
8188,2583.1,41746.8
8189,1996.1,58146.5
8190,1971.9,64386.8
8191,404.2,123581.8
8192,0,167986
8193,0,183246.1
8194,0,198460.2
8195,0,216251.7
8196,0,227870.8
8197,0,240514.1
8198,0,256867.8
8199,0,264139.7
8200,0,266534.1
8201,0,262776.8
8202,0,272921.4
8203,0,168413.8
8204,0,169324.2
8205,0,109420.6
8206,0,102008.9
8207,0,78340.1
8208,0,68051.3
8209,0,62106.6
8210,0,57604.2
8211,0,53523.9
8212,0,49998.7
8213,0,49393.8
8214,0.8,46614.7
8215,1026.8,55630.8
8216,0,80600.2
8217,0,91988.7
8218,0,115220
8219,0,128211.6
8220,0,130910.7
8221,0,132384.3
8222,0,135041.8
8223,0,136551.8
8224,0,101196.6
8225,0,103940.8
8226,0,103084.3
8227,0.6,92151.7
8228,21.7,89816.2
8229,425.1,51796
8230,661.7,48743.3
8231,960.7,41240.2
8232,1206.9,36602.2
8233,1823.1,31111.4
8234,2572.3,26595.4
8235,3495.4,22430.1
8236,4497.3,18504.4
8237,5495,17625.3
8238,6501.8,15399.2
8239,14523.8,25505.3
8240,8294.6,33594.6
8241,5753.6,40649.7
8242,3389.8,49210.3
8243,3449.3,51139.4
8244,3680.5,51612.4
8245,3936.5,52093.6
8246,4289.3,52171
8247,4668.2,52194.8
8248,5224.4,51730
8249,5886.7,51128.2
8250,15966.9,37106.1
8251,15911,29714.6
8252,18785.1,27678.3
8253,27766.1,15103.3
8254,25617.7,15473.8
8255,28870.8,11363
8256,31595.5,9525
8257,31212.9,8741.3
8258,33143.5,8070.5
8259,35635.1,7425
8260,38256.3,6812.2
8261,28348.8,10386.6
8262,21425.6,13987.7
8263,13477.9,61778.1
8264,3092.9,99844
8265,1956.8,112786.4
8266,1205,125245.7
8267,724.5,133163.2
8268,315.3,140740.8
8269,88.4,147928.6
8270,59.8,155054.2
8271,10.2,162131
8272,58.3,167475.2
8273,202.5,172448.3
8274,349.7,177276.6
8275,2101.9,97161.6
8276,2557.2,97619.4
8277,5553.7,57113.3
8278,6621.8,53388.7
8279,9974.3,40192
8280,11666.6,33623.5
8281,13162.1,29612
8282,15077.5,26688.7
8283,17075.7,23963.1
8284,19122.5,21400.9
8285,15665.4,33343.9
8286,14525.6,41050.7
8287,7497.5,95972.5
8288,5013.9,133805.7
8289,3703.4,144084.8
8290,2436.9,151811.8
8291,1249.5,159629.6
8292,476.1,167643.8
8293,34.6,179580.6
8294,0,191109.1
8295,0,198321
8296,0,200528.1
8297,0,201337.1
8298,0,204876.4
8299,724.3,115072.5
8300,1024.6,112236
8301,2627.7,71361.9
8302,3453.9,68101.3
8303,5138,54998
8304,6431.7,48882
8305,7611.3,43983
8306,8814.2,39587.1
8307,10014.6,35714.4
8308,11144.9,32293.9
8309,8866.5,48270.9
8310,7893.7,55620.1
8311,3539.9,111688.8
8312,1531.3,149067.1
8313,481.5,160301.6
8314,52.9,169099.8
8315,0,176921.5
8316,0,183825.4
8317,0,191373.2
8318,0,200184.3
8319,0,206814.1
8320,0,213363.9
8321,0,218572.4
8322,0,221808.1
8323,130,122949
8324,445,122443.1
8325,2354.6,75368
8326,3430.3,71568.7
8327,5342.6,58155.3
8328,7098.5,51935.5
8329,9160,46782.6
8330,11067,42123.5
8331,12899.5,37848.2
8332,14692.9,34122.2
8333,13560.7,50243.4
8334,13823.5,56686.3
8335,8181,111331.2
8336,5128.7,149273
8337,2754.4,163119.9
8338,2044.2,174343.9
8339,1458.7,184409.7
8340,739.9,195482.8
8341,72.5,205963
8342,0,217936.9
8343,0,228589.9
8344,0,235517.4
8345,0,225667.8
8346,3.6,229760.2
8347,1083,126860.8
8348,1472,124701.6
8349,3190.2,78203.1
8350,4395.1,74484.9
8351,6544.6,60573.9
8352,8208,54339.5
8353,10410.1,49321
8354,12534.3,44709.9
8355,15413.8,40386.4
8356,18414.4,36584.7
8357,15636.1,52618.9
8358,15250.8,59200.6
8359,8438.4,114661.2
8360,6235,150320.7
8361,5212.1,159082.3
8362,4040.5,166058.8
8363,3270.6,171384.1
8364,2637.9,176177.1
8365,2160.4,180866
8366,1770.6,185664
8367,1559.7,190070.3
8368,1754.9,193780
8369,2166,197217.8
8370,2612.1,200222.7
8371,5513,112954.3
8372,6255,114332.4
8373,10450.3,72673.4
8374,12088.5,68877.4
8375,15717.4,56575.3
8376,17864.7,50439.1
8377,19750.1,45509.8
8378,21250.3,41066
8379,22550.8,36911.9
8380,23625.6,33376.3
8381,23005,31628.1
8382,23297.1,29544.5
8383,21786.9,32458
8384,13961.4,53848.4
8385,11803.2,64597.4
8386,7333.8,87332
8387,5164.5,100185.1
8388,4120.4,103983.9
8389,3295.7,106923.2
8390,2646.8,109270.7
8391,2231.5,110944.8
8392,2846.1,80151.7
8393,3304.8,82598.7
8394,3911.4,81292.3
8395,5356.1,71910.4
8396,6067.7,69748.8
8397,11357.1,35238.1
8398,13376.9,32240.9
8399,15928.3,27581.3
8400,17926.8,24458.5
8401,21179.3,20566.5
8402,24097.6,17449.2
8403,27040.6,14592.6
8404,30181.3,11904.3
8405,32217.2,11008.3
8406,35465.1,9660.9
8407,43680.2,15953.2
8408,35747.9,22672.6
8409,28164,30128
8410,23054.6,38401.2
8411,21185.3,40413.7
8412,19514.2,41756.1
8413,18178.1,43934.9
8414,15583.2,46567.5
8415,13270.2,48501.6
8416,11980.3,48129.2
8417,16280.3,39126.6
8418,29167.8,31208.9
8419,30216.5,24686.1
8420,34066.9,22875.6
8421,44946.6,11292.4
8422,43230.2,11280.5
8423,48053.6,8780.1
8424,52728.8,7897.9
8425,54206.9,7389.7
8426,57075.8,6897.9
8427,59920.5,6440.9
8428,63179.7,6041.1
8429,52605.3,9747.5
8430,43749.8,12849.5
8431,27069.3,55408
8432,10739.6,92898.4
8433,6876.9,106244.2
8434,5130.8,116549.8
8435,3721.1,126256.4
8436,2838.5,137815.3
8437,1949.4,150458.8
8438,794.3,163323.8
8439,183.3,173870.3
8440,74.6,182938.7
8441,130.2,182735.9
8442,301.1,183416.2
8443,1497.2,98347.4
8444,1759.6,98239.1
8445,3850.3,57700.4
8446,4679.2,54372.4
8447,6721.6,40723
8448,8484.9,34440.6
8449,9867.3,30376.6
8450,11055.3,26801.2
8451,12442.1,23446.3
8452,13844.3,20714.1
8453,10879,34192.8
8454,9392.6,42461.3
8455,4552.9,99070.3
8456,2389.7,137441.3
8457,1334.3,148338.4
8458,559.6,157175.1
8459,98.9,166658
8460,11.1,177613.1
8461,0,185376.7
8462,0,191270.4
8463,0,199403.4
8464,9.6,203824.8
8465,232.2,203338.8
8466,739.1,204478.7
8467,2588.2,114034.4
8468,3574.5,110438.1
8469,7178.5,69206.4
8470,8997.2,65404.9
8471,13475.1,52132.6
8472,16171.7,45573.5
8473,18759.4,40372.3
8474,21843.4,35579.9
8475,24809.5,31512.4
8476,28049.9,28641.4
8477,24993.8,43399.2
8478,24722.1,49731.9
8479,14789,102999.5
8480,11181.9,141299.6
8481,7849.2,153267.7
8482,6098.4,162480.9
8483,5380.5,170811
8484,5062.8,177324.8
8485,4382.6,184199
8486,3365.9,191754.3
8487,2511,198443.9
8488,2134.9,201261.7
8489,2856.3,197682.7
8490,3689.1,196967.2
8491,7237.7,112810.5
8492,8833.6,110767.6
8493,14464,70162.1
8494,17340.9,66362.4
8495,24120.6,54003.1
8496,28452.9,47419.8
8497,32299.8,42089.4
8498,36299.9,37316.7
8499,40096.1,32915.8
8500,44468.8,29877
8501,40362.3,44854.9
8502,39006.3,50841.2
8503,22414.3,102189.1
8504,15609.8,140650.4
8505,11778.4,152187.8
8506,9371.5,160649
8507,7904.5,168051.1
8508,6949.7,174674.7
8509,5804.5,183312.3
8510,4369.4,191215.8
8511,3167,197303.7
8512,2567.1,200659.5
8513,3283.4,197226
8514,4225.5,196155
8515,7961,112263.6
8516,9549.9,110131.2
8517,15524.7,70404.4
8518,18114,66797.7
8519,25017.5,54642.5
8520,29228.1,47999.7
8521,33306.1,42689
8522,37285.4,37875.9
8523,41331.8,33391.6
8524,45974.8,30134.7
8525,42294.8,45320
8526,41199.1,51256.9
8527,23710.9,102267.5
8528,16399,140309.8
8529,13147.4,150474.1
8530,10033.9,158431.7
8531,8275.1,164468.3
8532,6811.6,169358.8
8533,5489.3,173294
8534,4267.8,177908.8
8535,3777.1,180873
8536,3803.1,183508
8537,4551.2,186013
8538,5089.6,188791.4
8539,8751.3,110311.8
8540,9813.2,108169.5
8541,16269.8,69352
8542,18150.2,65725.3
8543,24279.3,53813.9
8544,27618.2,47556.4
8545,30459.5,42619
8546,32949.3,38194.1
8547,34761.7,34172.9
8548,36253.9,31427.6
8549,36279.1,29705.9
8550,36835.6,27522.3
8551,32780.8,28143.2
8552,23320,48667.5
8553,20734.8,58563.2
8554,12762.9,81902.5
8555,9501,94595.6
8556,7138.9,99685.8
8557,5763,104557.1
8558,4442.7,108879.6
8559,3309.4,114622.5
8560,3198.7,86216.4
8561,3616.4,85111.9
8562,4914,80610.3
8563,6621.7,64960.4
8564,7920,68099.2
8565,15247.9,32540.8
8566,18333.2,29614.4
8567,21946.4,25283.4
8568,24469.5,22320.2
8569,28144.3,18466.6
8570,31324.9,15433.4
8571,34178.4,13200.3
8572,36831.9,11460.1
8573,38195.4,10584.2
8574,40349.9,9287.9
8575,46442.4,15590.1
8576,38494.3,22343.4
8577,33126.3,27148.3
8578,28243.3,33417.8
8579,27437.5,34499.7
8580,25846.9,35378.7
8581,25393,35852.2
8582,23623.1,36531
8583,22797.5,37031.6
8584,22899.4,37301
8585,23944.7,37408.9
8586,37334.5,28344.1
8587,37895,22375.8
8588,41066.2,20762.3
8589,51369.9,9874.8
8590,47936.5,10374.6
8591,52216.4,8356.6
8592,56834.7,7480.4
8593,61565.2,6837.5
8594,66139.3,6281
8595,70649.9,5799.7
8596,75528.2,5376.9
8597,79378.9,5705.4
8598,83844.6,5511.5
8599,98746.6,9689.2
8600,81995.9,16558.3
8601,73244.5,18028
8602,61486.9,23063.5
8603,59124.3,25022
8604,57273.8,26591.7
8605,54746,28344.3
8606,50924.8,30613.9
8607,48101.3,32424.8
8608,47770.1,32839.1
8609,52514.9,31325.1
8610,76706.5,23211.5
8611,84556.4,14734
8612,79975.3,15871.7
8613,95547.2,6753
8614,90158.2,7305.1
8615,95581.3,5735.2
8616,99670.9,4960.9
8617,101324.8,4588.8
8618,105592.6,4234.4
8619,109120.9,3891.6
8620,112544.9,3561.7
8621,102143.8,5986.2
8622,88231.4,8959.4
8623,68579,38329.6
8624,38679.8,70509.8
8625,29661.3,83239.1
8626,22324.5,94099.1
8627,16740.4,105234.9
8628,12937,114814.9
8629,10324.8,120951.9
8630,7282.8,129139.9
8631,5678.5,135675.5
8632,5280.9,140113.6
8633,6198.1,144217.9
8634,7247.2,148316.7
8635,11632.7,79893.3
8636,12492.2,79703.3
8637,21742.8,41583.3
8638,24288.2,37416.6
8639,34719.6,27544.7
8640,40926.3,22941.9
8641,46084.8,19642.6
8642,50235.6,16979.8
8643,54050.3,15216.4
8644,58633.2,13605.7
8645,53825.5,23521.5
8646,47317.6,30004.7
8647,27940,76824.3
8648,14853.8,116333.5
8649,11973.3,128296.5
8650,9777,136694.8
8651,7763.5,143835.3
8652,6230.2,149667.6
8653,5383.6,154765.8
8654,4941.1,159225.6
8655,4291.6,163811.6
8656,4372.1,167742.6
8657,4929.3,171488.9
8658,5295.4,175194
8659,8758,99830.1
8660,9501,98930.3
8661,15514.5,60988.3
8662,16805.2,57372.4
8663,21884.5,45383.8
8664,24820.3,39075.3
8665,27017.3,34866.3
8666,28908.5,31549.1
8667,30550.9,28849.9
8668,31936.6,26301.8
8669,27003.5,39784.2
8670,23325,46511.6
8671,11370.2,97192
8672,8128.4,135114
8673,6613.8,144953
8674,5255.3,151901.9
8675,3931.5,157848.6
8676,2561.5,163690.4
8677,1566.2,169514.7
8678,832.1,175465.4
8679,564.2,180752.8
8680,750.4,185364
8681,1221,189290.7
8682,1680.6,192872
8683,3851.5,108965
8684,4202.6,107446.6
8685,7271.2,68106.1
8686,8284.3,64886.6
8687,11963.8,52817.7
8688,13649.3,46652
8689,14919.8,41782.3
8690,15983.9,37432.4
8691,17208.4,33932.9
8692,18378.5,31398.4
8693,15723.7,46812.7
8694,13295.8,53164.5
8695,6278.8,106653.2
8696,3738.8,144283.6
8697,2214.9,154307.9
8698,974.7,162298.1
8699,228.6,170961.2
8700,7.9,180008.3
8701,0,191063.5
8702,0,200706.6
8703,0,203635.3
8704,0,206127.3
8705,0,210132
8706,0,214097.3
8707,503.4,118953.1
8708,719.7,118395.5
8709,2201,74239.7
8710,2712.9,70720.7
8711,4283.4,58496.2
8712,5109.3,52631.8
8713,6015.4,47912.1
8714,7052.6,43622.6
8715,8012.5,39608
8716,8936.1,36159.6
8717,9043,34074.7
8718,9811.3,31163.1
8719,9625.4,34973.4
8720,5312.3,57634.7
8721,4108.2,71296.9
8722,2827,94397.5
8723,2169.5,109067.2
8724,1852.9,116447.4
8725,1526.2,123629.8
8726,1034.5,129275.3
8727,602,133226.1
8728,674.4,101059.7
8729,897.7,93836.8
8730,1302.6,93537.4
8731,1991.3,82333.1
8732,2748.4,79825.6
8733,5226.4,42588.8
8734,7117.9,38412.3
8735,9396.9,30908.2
8736,11817.3,26384
8737,15985,21533.6
8738,19752.7,18308.4
8739,23232.3,15409
8740,26802.9,12671.5
8741,29195,11540.2
8742,32160.9,10169.9
8743,40047.5,18270
8744,34044.8,25073.5
8745,28835.4,30427.9
8746,25092.5,37436.5
8747,24071.8,38612.7
8748,22320,39580.1
8749,20059.4,40813.9
8750,19475.8,40502.5
8751,18950.3,40477.9
8752,20978.6,39945
8753,22274.7,39931.9
8754,35300.5,30532.7
8755,36192.4,24261.2
8756,39615.7,22518.1
8757,49972.5,11078.5
8758,47420.2,11033.8
8759,50920.3,8673.4
8760,53890.2,7768.9
