Hours,HPHtgLd_W
1,12970.6
2,12989.3
3,12989.5
4,12988.6
5,12977.5
6,12977.8
7,12978
8,12985.5
9,17240.4
10,21478.1
11,25725.4
12,25728.7
13,25725
14,25727.9
15,25726.7
16,25725.4
17,25730
18,21475.8
19,12983.7
20,12989.4
21,12989.6
22,12981.9
23,12977.6
24,12978
25,13001.3
26,13011.5
27,13011.6
28,13011.8
29,13009.4
30,13000
31,13000.2
32,22084.2
33,26939.6
34,30628.3
35,36156.6
36,37997.8
37,32932
38,37999.6
39,36155
40,34313.8
41,29241.7
42,19102.6
43,15743.2
44,15725.6
45,15732.1
46,13321.2
47,13011.3
48,13011.5
49,13032.2
50,13033.7
51,13022.8
52,13022.2
53,13022.4
54,13026.6
55,13033.5
56,22120.4
57,26985.5
58,30675.9
59,36216.4
60,38068
61,32981.1
62,38070.3
63,36216.2
64,34370.8
65,29291.4
66,19129.4
67,15769
68,15769.7
69,15752.4
70,13349.1
71,13033.3
72,13033.2
73,13042.2
74,13043.7
75,13044
76,13047.9
77,13054.6
78,13054.5
79,13054.8
80,22154
81,27024.1
82,30725.8
83,36275.9
84,38129.3
85,33038
86,38127.6
87,36279.1
88,34423.3
89,29345.8
90,19165.4
91,15784.2
92,15796.3
93,15790.4
94,13371
95,13051.2
96,13043.5
97,13063.4
98,13065
99,13070.6
100,13075
101,13075.4
102,13075.4
103,13072.1
104,22186.1
105,27069.4
106,30776.7
107,36334.4
108,38188.6
109,33094.7
110,38187.2
111,36338
112,34481.1
113,29390.6
114,19198.8
115,15805.1
116,15821.9
117,15819.4
118,13392.2
119,13067.8
120,13064.5
121,13083.9
122,13085.5
123,13093.7
124,13095.2
125,13095.6
126,13095.6
127,13090.6
128,22220.8
129,27112
130,30824.9
131,36391.2
132,38248.7
133,33146
134,38247.7
135,36394.9
136,34533.7
137,29438.4
138,19226.2
139,15834
140,15846.2
141,15839.3
142,13412.8
143,13094.2
144,13084.8
145,13103.7
146,13105.2
147,13106.8
148,13114.8
149,13114.8
150,13115.1
151,13115.2
152,13107.6
153,18065.3
154,22656.6
155,27017.2
156,27013.8
157,26798.4
158,26799.3
159,26764.5
160,26766.3
161,26762
162,22013
163,13109.1
164,13115.1
165,13115.1
166,13105
167,13104.8
168,13105.1
169,13123.6
170,13133.9
171,13133.9
172,13134.1
173,13134.3
174,13129.9
175,13123.9
176,13124.3
177,17433.2
178,21720.4
179,26012.1
180,26016.9
181,26019.9
182,26015.4
183,26016.7
184,26019.7
185,26015.3
186,21723.8
187,13136.7
188,13124
189,13124.1
190,13124.5
191,13125.2
192,13133.9
193,13151.4
194,13152.7
195,13152.9
196,13148.5
197,13142.7
198,13143.1
199,13143.2
200,22330.3
201,27236.7
202,30965.1
203,36554.8
204,38414.4
205,33295.7
206,38414.9
207,36553.1
208,34692
209,29563.3
210,19317.1
211,15896.1
212,15916.8
213,15915.3
214,13471.5
215,13145.8
216,13142.9
217,13160.2
218,13161.6
219,13165.8
220,13170.4
221,13170.8
222,13170.7
223,13170.8
224,22350.7
225,27268.5
226,31002.9
227,36602.8
228,38478
229,33332.2
230,38478.4
231,36603.3
232,34738.8
233,29604.1
234,19336.6
235,15938.2
236,15923.3
237,15922.6
238,13486.2
239,13170.3
240,13170.5
241,13187.1
242,13188.3
243,13185.9
244,13178.7
245,13178.8
246,13179.2
247,13179.3
248,22393.8
249,27312
250,31050.3
251,36654.4
252,38519.8
253,33386.8
254,38519.9
255,36653.9
256,34786.7
257,29646.9
258,19366.1
259,15943.8
260,15959.9
261,15953.1
262,13507.8
263,13188.2
264,13179.8
265,13194.8
266,13196.2
267,13196.4
268,13200.5
269,13205
270,13204.9
271,13205.2
272,22415.1
273,27340
274,31084.7
275,36703.2
276,38575.8
277,33427.3
278,38572.8
279,36700.7
280,34831.3
281,29682.2
282,19393.1
283,15969.4
284,15963.8
285,15980.6
286,13523.8
287,13196.4
288,13196.4
289,13215
290,13221.1
291,13221.2
292,13221.4
293,13221.5
294,13219.1
295,13212.2
296,22439.9
297,27377.2
298,31125.6
299,36747.2
300,38625
301,33464.8
302,38625.8
303,36747.6
304,34874.6
305,29719.6
306,19412.1
307,16000.3
308,15983
309,15987.1
310,13538.7
311,13217.6
312,13221.1
313,13236
314,13237.2
315,13237.4
316,13233.5
317,13228.3
318,13228.5
319,13228.7
320,13228.9
321,18264
322,22861.9
323,27266.6
324,27268
325,27052.5
326,27053.4
327,27018.2
328,27017.2
329,27015.3
330,22222
331,13231
332,13237.3
333,13237.4
334,13229.1
335,13228.4
336,13228.6
337,13243.3
338,13245.9
339,13252
340,13252.1
341,13252.3
342,13252.5
343,13252.6
344,13244.5
345,17574.2
346,21917.9
347,26259.2
348,26253.3
349,26254.5
350,26257
351,26252.8
352,26254
353,26256.8
354,21915.7
355,13243.3
356,13252
357,13252.4
358,13252.3
359,13252.5
360,13252.5
361,13257.8
362,13258.6
363,13258.8
364,13259.1
365,13259.8
366,13266.7
367,13267
368,13266.9
369,17599.3
370,21945.2
371,26284.6
372,26285.6
373,26282.5
374,26283.8
375,26287.1
376,26282
377,26283.2
378,21944.6
379,13266
380,13258.7
381,13258.9
382,13259.2
383,13263.9
384,13266.6
385,13280
386,13281
387,13281.2
388,13279.6
389,13272.6
390,13272.8
391,13273
392,22547.7
393,27504.6
394,31269.6
395,36915
396,38800.6
397,33620.3
398,38802.2
399,36916.9
400,35034.2
401,29855.5
402,19501.5
403,16073.1
404,16052.2
405,16066
406,13601.2
407,13273.4
408,13277.6
409,13293.3
410,13294.3
411,13294.5
412,13294.7
413,13294.6
414,13286.6
415,13286.3
416,22567.6
417,27531.2
418,31300.2
419,36953.2
420,38843.5
421,33651.4
422,38845.5
423,36953.2
424,35071.2
425,29886.1
426,19525.4
427,16079.4
428,16072.9
429,16090
430,13616.7
431,13286.9
432,13286.8
433,13299.3
434,13304
435,13307
436,13307.1
437,13307.5
438,13307.5
439,13307.6
440,22584.8
441,27555.4
442,31328.4
443,36991.4
444,38880.3
445,33690
446,38875.3
447,36988.4
448,35106.2
449,29915.2
450,19548.6
451,16082.5
452,16106.1
453,16102.3
454,13630
455,13307.4
456,13299.8
457,13311.1
458,13312.1
459,13312.3
460,13312.5
461,13316.8
462,13319.3
463,13319.8
464,22609.9
465,27586.1
466,31362
467,37027.4
468,38910.6
469,33724
470,38909.7
471,37027.3
472,35136.2
473,29950.4
474,19553.2
475,16118.9
476,16117.3
477,16098.7
478,13642.3
479,13319.2
480,13319.6
481,13330.7
482,13331.6
483,13328
484,13323.6
485,13323.8
486,13324
487,13324.1
488,13324.5
489,18395.3
490,23026.8
491,27463.5
492,27464.6
493,27247.5
494,27248.2
495,27212.6
496,27213.2
497,27211.2
498,22373.1
499,13325.3
500,13331
501,13331.4
502,13331.4
503,13331.5
504,13331.1
505,13334.2
506,13334.9
507,13335.1
508,13335.4
509,13335.6
510,13339.1
511,13342.4
512,13342.2
513,17706.5
514,22070.9
515,26434.8
516,26438.5
517,26433.5
518,26434.6
519,26435.8
520,26437.7
521,26433.8
522,22073
523,13340.2
524,13342.7
525,13339.7
526,13334.8
527,13335
528,13335.2
529,13345.4
530,13346.3
531,13351.5
532,13352.6
533,13353
534,13352.9
535,13353
536,22667.7
537,27649.9
538,31441.1
539,37121.7
540,39009.9
541,33808.4
542,39009.8
543,37119.1
544,35227
545,30025.8
546,19603.2
547,16157.7
548,16160
549,16139.2
550,13676.4
551,13352.5
552,13352.8
553,13362.3
554,13363.1
555,13360.1
556,13355.4
557,13355.5
558,13355.8
559,13355.9
560,22690.7
561,27677
562,31465
563,37145.4
564,39044.5
565,33827.9
566,39048.3
567,37145.5
568,35253.9
569,30041.7
570,19627.9
571,16158.2
572,16162.5
573,16173.1
574,13688.4
575,13356
576,13355.6
577,13364.7
578,13365.5
579,13365.7
580,13370.8
581,13372
582,13371.8
583,13372.1
584,22700.1
585,27693.7
586,31487.5
587,37175.7
588,39066
589,33859.1
590,39065
591,37177.8
592,35276.8
593,30067.2
594,19633.9
595,16183.8
596,16172.6
597,16167.3
598,13694.7
599,13369.4
600,13371.7
601,13380
602,13380.7
603,13380.8
604,13381
605,13378.9
606,13373.6
607,13373.6
608,22715.9
609,27712.1
610,31505.4
611,37196.6
612,39102.2
613,33878.6
614,39093.3
615,37195.3
616,35302.5
617,30082.3
618,19654.7
619,16177.6
620,16195.4
621,16184.3
622,13705
623,13380.6
624,13381
625,13386.2
626,13381.7
627,13381.9
628,13382.1
629,13382.2
630,13382.5
631,13384.5
632,22737.3
633,27733.5
634,31528.6
635,37220.5
636,39119.6
637,33898
638,39123.2
639,37219
640,35322.2
641,30101
642,19665.6
643,16193
644,16190.5
645,16205.1
646,13715
647,13382.3
648,13382
649,13389.3
650,13390
651,13390.3
652,13395.9
653,13395.9
654,13396
655,13396.3
656,13396.3
657,18462
658,23147.7
659,27600.3
660,27601.8
661,27383.5
662,27384.2
663,27346.6
664,27344.5
665,27344.9
666,22492.1
667,13390.2
668,13396.3
669,13396.4
670,13395.9
671,13389.3
672,13389.4
673,13396
674,13396.7
675,13396.8
676,13397
677,13402.5
678,13402.7
679,13403.2
680,13403
681,17781.8
682,22173.8
683,26557.5
684,26560.1
685,26555.4
686,26556.5
687,26557.6
688,26560
689,26555.4
690,22175.4
691,13397.4
692,13403.1
693,13403.2
694,13401.7
695,13396.1
696,13396.3
697,13402.4
698,13402.9
699,13403.1
700,13403.4
701,13408.9
702,13408.9
703,13409.4
704,22763.2
705,27775.3
706,31577.1
707,37278.7
708,39174.6
709,33954.4
710,39180.8
711,37282.8
712,35377.6
713,30147.7
714,19692.8
715,16225.4
716,16207.3
717,16229.7
718,13735.1
719,13403.1
720,13403
721,13408.5
722,13411.5
723,13414.4
724,13414.5
725,13414.9
726,13414.8
727,13414.9
728,22773.8
729,27780.1
730,31589
731,37297
732,39193.1
733,33968
734,39192
735,37299
736,35391.6
737,30163.6
738,19698.3
739,16236.5
740,16219.8
741,16224.7
742,13739.6
743,13408.9
744,13411.8
745,13419.1
746,13419.5
747,13415.1
748,13424.1
749,13419.9
750,13420.1
751,13415.3
752,22779.1
753,27792
754,31597.5
755,37311.6
756,39209.8
757,33980.2
758,39208.2
759,37307.9
760,35405.5
761,30178.8
762,19702.5
763,16241.6
764,16234.6
765,16221.3
766,13744.5
767,13419.2
768,13419.4
769,13423.6
770,13424.1
771,13424.2
772,13424.4
773,13422.3
774,13417.5
775,13417.5
776,22789.8
777,27802.8
778,31608.5
779,37320.4
780,39228
781,33989.7
782,39222.6
783,37318.9
784,35417.7
785,30186.7
786,19710.1
787,16243.2
788,16247.4
789,16225.5
790,13749.3
791,13423.6
792,13423.9
793,13427.6
794,13428
795,13428.1
796,13424.3
797,13421.2
798,13421.4
799,13421.4
800,22799.8
801,27811.9
802,31618.4
803,37329.2
804,39242.2
805,33999.5
806,39232.6
807,37327.9
808,35428.1
809,30193.3
810,19719.2
811,16242.3
812,16252.5
813,16234.6
814,13753.1
815,13427.5
816,13427.8
817,13430.9
818,13431.2
819,13427.4
820,13424.4
821,13424.5
822,13424.7
823,13424.8
824,13425
825,18530.1
826,23197.6
827,27676.2
828,27671.7
829,27453
830,27453.5
831,27417.6
832,27417.9
833,27418.9
834,22546.9
835,13429.3
836,13424.8
837,13424.9
838,13425.1
839,13427.3
840,13430.5
841,13432.9
842,13433.1
843,13433.3
844,13433.5
845,13433.6
846,13431.5
847,13426.7
848,13426.9
849,17821.3
850,22219.3
851,26622.3
852,26616.8
853,26617.8
854,26618.9
855,26619.3
856,26616.6
857,26617.7
858,22223.3
859,13435.2
860,13426.9
861,13427
862,13427.3
863,13427.5
864,13427.7
865,13433.2
866,13434.8
867,13434.9
868,13435
869,13435.1
870,13435.3
871,13435.4
872,22805
873,27823.2
874,31636.9
875,37354.7
876,39254
877,34019.5
878,39252.2
879,37355.1
880,35446.3
881,30210.4
882,19728.4
883,16261.3
884,16244.5
885,16249.9
886,13760.7
887,13429.4
888,13431.2
889,13435.9
890,13436
891,13436.1
892,13436.3
893,13436.4
894,13436.6
895,13435
896,22806.4
897,27826.3
898,31638.3
899,37357.7
900,39257.8
901,34022.6
902,39256.3
903,37357.2
904,35449.8
905,30214.4
906,19729.6
907,16262.6
908,16248.6
909,16248.7
910,13761.7
911,13430.7
912,13434.9
913,13436.5
914,13436.6
915,13436.8
916,13437
917,13437
918,13437.3
919,13432.2
920,22808.7
921,27828
922,31638.8
923,37359.9
924,39259.8
925,34024.1
926,39258.4
927,37358
928,35451.5
929,30216.7
930,19729.8
931,16263
932,16251.7
933,16247.2
934,13762
935,13432.4
936,13436.5
937,13436.5
938,13436.6
939,13436.8
940,13437
941,13437
942,13436.1
943,13430.2
944,22809.8
945,27828.3
946,31637.9
947,37359
948,39261.1
949,34024
950,39258.8
951,37356.9
952,35451.4
953,30217.7
954,19728.2
955,16262.7
956,16253.4
957,16244.6
958,13761.7
959,13434.8
960,13436.4
961,13435.9
962,13436
963,13436.2
964,13436.3
965,13436.4
966,13431.8
967,13429.6
968,22808.8
969,27827.3
970,31636.5
971,37355.6
972,39260.8
973,34021.3
974,39257.3
975,37353.8
976,35449.9
977,30216.1
978,19726.9
979,16261.6
980,16255.4
981,16240.7
982,13761.5
983,13435.5
984,13435.8
985,13434.7
986,13434.8
987,13434.9
988,13435.1
989,13433.7
990,13428.3
991,13428.3
992,13428.5
993,18520.2
994,23212.7
995,27685.3
996,27684.4
997,27461.2
998,27460.7
999,27424.8
1000,27425.8
1001,27426.1
1002,22555.4
1003,13439.5
1004,13428.3
1005,13428.4
1006,13428.6
1007,13428.8
1008,13429
1009,13427.3
1010,13431.2
1011,13432.5
1012,13432.6
1013,13432.7
1014,13432.9
1015,13433
1016,13433.2
1017,17810
1018,22225.8
1019,26621.1
1020,26616.1
1021,26616
1022,26617.1
1023,26618.4
1024,26617.6
1025,26615.9
1026,22224.3
1027,13433.1
1028,13433.2
1029,13429.1
1030,13426.4
1031,13426.5
1032,13426.7
1033,13424.4
1034,13424.4
1035,13424.8
1036,13430
1037,13430.2
1038,13430
1039,13430.3
1040,22799.4
1041,27816.8
1042,31626.4
1043,37338.8
1044,39237.4
1045,34008.3
1046,39242.9
1047,37342.8
1048,35434
1049,30195.6
1050,19724.1
1051,16250.5
1052,16233.1
1053,16256.3
1054,13757
1055,13424.4
1056,13424.3
1057,13421.4
1058,13421.5
1059,13426.7
1060,13426.7
1061,13427.1
1062,13427
1063,13427.3
1064,22794.6
1065,27807.3
1066,31618.4
1067,37330.9
1068,39228.8
1069,34000.3
1070,39230.4
1071,37334
1072,35424.5
1073,30188.5
1074,19717.9
1075,16251.9
1076,16229.2
1077,16246.5
1078,13753
1079,13421.2
1080,13421.2
1081,13419
1082,13422.8
1083,13422.9
1084,13423
1085,13423.3
1086,13423.4
1087,13423.4
1088,22785.6
1089,27797.9
1090,31609.1
1091,37321.2
1092,39218.4
1093,33988.8
1094,39216.8
1095,37321.1
1096,35414.3
1097,30183.2
1098,19710.4
1099,16246.6
1100,16231.5
1101,16233.6
1102,13748.2
1103,13417.4
1104,13421.1
1105,13418.6
1106,13418.5
1107,13418.6
1108,13418.8
1109,13418.9
1110,13419.1
1111,13413.1
1112,22777.9
1113,27790.1
1114,31594.7
1115,37308
1116,39207.6
1117,33977.6
1118,39205.5
1119,37305.1
1120,35403
1121,30176.5
1122,19700.6
1123,16240.2
1124,16234.8
1125,16218.9
1126,13743.9
1127,13418.2
1128,13418.5
1129,13413.8
1130,13413.7
1131,13413.8
1132,13414
1133,13409.3
1134,13406.9
1135,13407
1136,22773.1
1137,27781.3
1138,31584
1139,37290.2
1140,39198.8
1141,33963.1
1142,39190.7
1143,37289
1144,35390.1
1145,30161.6
1146,19697.6
1147,16225.8
1148,16235.2
1149,16216.9
1150,13738.6
1151,13413.3
1152,13413.7
1153,13408.5
1154,13408.3
1155,13403.4
1156,13401.2
1157,13401.3
1158,13401.5
1159,13401.6
1160,13401.8
1161,18500.8
1162,23157.4
1163,27626.5
1164,27624.1
1165,27405.7
1166,27406.3
1167,27370.4
1168,27370.8
1169,27371.8
1170,22507.6
1171,13403.6
1172,13401.8
1173,13401.9
1174,13406.2
1175,13407.6
1176,13407.7
1177,13401.9
1178,13401.7
1179,13401.9
1180,13401.4
1181,13394.8
1182,13394.8
1183,13394.9
1184,13395.2
1185,17791.9
1186,22166.7
1187,26552
1188,26553.8
1189,26554.9
1190,26556.6
1191,26552.7
1192,26553.8
1193,26554.9
1194,22168.3
1195,13396.6
1196,13395.4
1197,13395.7
1198,13401.3
1199,13401.3
1200,13401.4
1201,13395.1
1202,13394.8
1203,13395
1204,13391.9
1205,13387.7
1206,13387.9
1207,13387.9
1208,13388.3
1209,17785.6
1210,22155.3
1211,26536.6
1212,26540
1213,26541.1
1214,26541.9
1215,26538.9
1216,26540
1217,26541.2
1218,22156.5
1219,13388.1
1220,13388.5
1221,13392.8
1222,13394.3
1223,13394.4
1224,13394.6
1225,13387.6
1226,13387.4
1227,13385.8
1228,13380
1229,13380.1
1230,13380.4
1231,13380.5
1232,22731.4
1233,27727.6
1234,31522.5
1235,37214.3
1236,39118.2
1237,33890.4
1238,39118.4
1239,37214.4
1240,35318.3
1241,30096.9
1242,19665.8
1243,16180.4
1244,16201.4
1245,16201.2
1246,13711.7
1247,13387.2
1248,13380.9
1249,13372.3
1250,13372
1251,13372.2
1252,13372.4
1253,13372.5
1254,13378.5
1255,13378.9
1256,22714.1
1257,27714.5
1258,31504.4
1259,37192.8
1260,39084.8
1261,33877.1
1262,39090.8
1263,37197.2
1264,35296.5
1265,30078.2
1266,19647.1
1267,16190.9
1268,16170.7
1269,16189.3
1270,13703.3
1271,13372.5
1272,13372.5
1273,13366.5
1274,13369.7
1275,13369.8
1276,13370
1277,13370.1
1278,13370.3
1279,13369.8
1280,22692.2
1281,27687.3
1282,31478.8
1283,37170.9
1284,39063.3
1285,33851.8
1286,39062.2
1287,37166.5
1288,35273.2
1289,30063.6
1290,19631.1
1291,16175.3
1292,16181.8
1293,16162.1
1294,13694
1295,13369.8
1296,13370.1
1297,13361.4
1298,13361.1
1299,13354.6
1300,13353.4
1301,13353.5
1302,13353.8
1303,13353.9
1304,22688.4
1305,27673.2
1306,31460.4
1307,37140
1308,39037.6
1309,33823.8
1310,39041.9
1311,37138.8
1312,35248.1
1313,30037
1314,19624.1
1315,16158.5
1316,16156.3
1317,16170.8
1318,13685.9
1319,13353.9
1320,13353.7
1321,13344.3
1322,13343.9
1323,13347.3
1324,13350.3
1325,13350.4
1326,13350.6
1327,13350.9
1328,13350.9
1329,18394.4
1330,23068.3
1331,27506.4
1332,27507.2
1333,27289.6
1334,27289.1
1335,27250
1336,27251
1337,27251.5
1338,22413.6
1339,13354.3
1340,13345.9
1341,13343.2
1342,13343.4
1343,13343.6
1344,13343.8
1345,13334
1346,13339.8
1347,13339.8
1348,13339.9
1349,13340.1
1350,13340.3
1351,13339.9
1352,13332.6
1353,17690.8
1354,22066.1
1355,26434.8
1356,26429.3
1357,26430.5
1358,26432.4
1359,26430.6
1360,26429.6
1361,26430.8
1362,22065.5
1363,13336.3
1364,13333
1365,13333.1
1366,13336.8
1367,13339.7
1368,13339.8
1369,13329.5
1370,13329
1371,13329.2
1372,13324.1
1373,13321.1
1374,13321.3
1375,13321.4
1376,22630.5
1377,27605.2
1378,31383.6
1379,37049.5
1380,38943.7
1381,33740.9
1382,38947.5
1383,37049
1384,35162.4
1385,29964.4
1386,19576.2
1387,16121.9
1388,16114.6
1389,16132.1
1390,13652.4
1391,13321.7
1392,13321.6
1393,13310.5
1394,13312.3
1395,13316.7
1396,13316.8
1397,13317.2
1398,13317.1
1399,13317.2
1400,22602.7
1401,27575.3
1402,31351.9
1403,37020.6
1404,38906.9
1405,33714.7
1406,38905
1407,37016.7
1408,35131.8
1409,29937.4
1410,19560.4
1411,16099.3
1412,16117.6
1413,16108.9
1414,13639.8
1415,13317
1416,13316.1
1417,13297.3
1418,13296.7
1419,13296.9
1420,13297.2
1421,13297.3
1422,13304
1423,13304.6
1424,22585.4
1425,27557.2
1426,31326.8
1427,36984.2
1428,38865.6
1429,33685.9
1430,38864.8
1431,36986.1
1432,35095.8
1433,29915.5
1434,19531.1
1435,16100.6
1436,16098.3
1437,16080.5
1438,13626.9
1439,13304.2
1440,13304.5
1441,13292.5
1442,13291.9
1443,13286.4
1444,13283.5
1445,13283.6
1446,13283.9
1447,13284
1448,22570.7
1449,27528.6
1450,31296.3
1451,36946.6
1452,38829.7
1453,33651.2
1454,38832
1455,36950.5
1456,35062.4
1457,29879.4
1458,19515.8
1459,16086
1460,16070
1461,16072.4
1462,13611.6
1463,13287.2
1464,13291.3
1465,13278.6
1466,13278
1467,13278.2
1468,13278.4
1469,13270.5
1470,13269.8
1471,13269.9
1472,22542.4
1473,27498
1474,31262.2
1475,36906.2
1476,38792.1
1477,33612
1478,38793.7
1479,36907.8
1480,35026.1
1481,29848.3
1482,19497.3
1483,16068.6
1484,16048.5
1485,16063.2
1486,13598.2
1487,13270.4
1488,13274.1
1489,13264.4
1490,13263.6
1491,13263.9
1492,13264
1493,13263.2
1494,13255.3
1495,13255.3
1496,13255.6
1497,18289.8
1498,22908.3
1499,27328.4
1500,27323
1501,27107.1
1502,27107.9
1503,27072.6
1504,27073.1
1505,27072.8
1506,22258.3
1507,13257.9
1508,13263.6
1509,13264
1510,13263.9
1511,13264.1
1512,13258.8
1513,13241.4
1514,13240.7
1515,13240.9
1516,13241.1
1517,13247.4
1518,13248.8
1519,13249.1
1520,13249.2
1521,17570.1
1522,21916.4
1523,26251.8
1524,26247.1
1525,26247
1526,26248.3
1527,26250.3
1528,26246.5
1529,26247.8
1530,21913.1
1531,13244.3
1532,13240.9
1533,13241.1
1534,13248.8
1535,13248.8
1536,13249
1537,13234.8
1538,13234.1
1539,13226.9
1540,13225
1541,13225.1
1542,13225.5
1543,13226.3
1544,22471.3
1545,27408.2
1546,31159.4
1547,36783.2
1548,38654.7
1549,33503.9
1550,38654.6
1551,36785.6
1552,34905.6
1553,29754.5
1554,19421.8
1555,16015.6
1556,16015.1
1557,15998.5
1558,13554.4
1559,13233.6
1560,13234
1561,13216.6
1562,13208.8
1563,13209
1564,13209.3
1565,13209.4
1566,13215.2
1567,13217.9
1568,22436.1
1569,27374.5
1570,31118.7
1571,36740.8
1572,38609.8
1573,33461.7
1574,38610.3
1575,36737.5
1576,34866.3
1577,29711.4
1578,19415
1579,15974
1580,15996.7
1581,15994.8
1582,13538.3
1583,13213.5
1584,13208.8
1585,13193.4
1586,13192.7
1587,13192.9
1588,13201.2
1589,13201.4
1590,13201.4
1591,13201.6
1592,22406.4
1593,27332.1
1594,31075.3
1595,36691.3
1596,38568.3
1597,33414.9
1598,38564.8
1599,36691
1600,34822.1
1601,29674.1
1602,19386.4
1603,15969.3
1604,15955.2
1605,15974.7
1606,13519.4
1607,13192.8
1608,13194
1609,13185.2
1610,13184.2
1611,13184.4
1612,13184.6
1613,13181.6
1614,13174.9
1615,13175
1616,22380.8
1617,27301.3
1618,31039
1619,36643.1
1620,38511.7
1621,33375.9
1622,38512.3
1623,36646.9
1624,34772.3
1625,29639.9
1626,19352.3
1627,15952.9
1628,15954.5
1629,15936.1
1630,13503.8
1631,13184.2
1632,13184.6
1633,13165.4
1634,13157.1
1635,13157.3
1636,13157.6
1637,13157.9
1638,13166.7
1639,13166.9
1640,22348.8
1641,27264.8
1642,30995.9
1643,36595
1644,38458.7
1645,33329
1646,38458.9
1647,36592.7
1648,34728.9
1649,29595.5
1650,19336.4
1651,15923.2
1652,15916.3
1653,15934
1654,13484
1655,13157.8
1656,13157.8
1657,13147.4
1658,13148.5
1659,13148.6
1660,13148.9
1661,13147.6
1662,13138.7
1663,13138.8
1664,13139.2
1665,18135.4
1666,22706.6
1667,27084.1
1668,27083.1
1669,26869.2
1670,26870.1
1671,26836.6
1672,26832.1
1673,26832.7
1674,22070.9
1675,13149.6
1676,13143.8
1677,13138.7
1678,13139.1
1679,13139.3
1680,13143
1681,13130.9
1682,13129.9
1683,13130.1
1684,13130.3
1685,13121.7
1686,13119.9
1687,13120.3
1688,17431.8
1689,21711.2
1690,26004.4
1691,26008.9
1692,26010.7
1693,26007.4
1694,26008.8
1695,26011.5
1696,26007.3
1697,21715.6
1698,13130.2
1699,13119.9
1700,13120.1
1701,13120.5
1702,13125.9
1703,13129.8
1704,13129.9
1705,13112.1
1706,13109.9
1707,13100.4
1708,13100.5
1709,13100.9
1710,13102.4
1711,22259.4
1712,27151.4
1713,30864.2
1714,36438
1715,38292.3
1716,33186.8
1717,38293.8
1718,36434.3
1719,34579
1720,29467.9
1721,19253.5
1722,15854.4
1723,15847.9
1724,15865.5
1725,13425.8
1726,13101.1
1727,13101.9
1728,13110.6
1729,13092.1
1730,13091.1
1731,13091.4
1732,13083.1
1733,13080.6
1734,13080.7
1735,22222.3
1736,27106.8
1737,30817.8
1738,36380.7
1739,38232.3
1740,33137.1
1741,38233.5
1742,36380
1743,34527.2
1744,29422.5
1745,19225.9
1746,15824.5
1747,15830.3
1748,15840.9
1749,13406.1
1750,13081.1
1751,13081
1752,13086
1753,13071.8
1754,13070.7
1755,13071
1756,13068.5
1757,13059.9
1758,13060
1759,22185.3
1760,27063.5
1761,30769
1762,36324.5
1763,38171.9
1764,33085.6
1765,38173.2
1766,36322.8
1767,34473
1768,29376.7
1769,19195.5
1770,15800.9
1771,15804.2
1772,15816.2
1773,13384.8
1774,13060.6
1775,13060.6
1776,13068.5
1777,13051.1
1778,13050
1779,13050.3
1780,13043
1781,13039
1782,13039.2
1783,22151.7
1784,27020.6
1785,30720.1
1786,36264.9
1787,38111.3
1788,33030.5
1789,38113
1790,36262.8
1791,34416.1
1792,29329.4
1793,19162.3
1794,15784
1795,15771.6
1796,15788.1
1797,13362
1798,13039.6
1799,13049.8
1800,13049.9
1801,13030
1802,13029
1803,13018.8
1804,13017.4
1805,13017.8
1806,13021.2
1807,22117.1
1808,26978.7
1809,30666.2
1810,36206.5
1811,38048.3
1812,32974.4
1813,38050.8
1814,36203.4
1815,34358.5
1816,29280.2
1817,19124.9
1818,15764.2
1819,15755.8
1820,15745.8
1821,13344.3
1822,13028.4
1823,13028.8
1824,13027.7
1825,12996.6
1826,12995.5
1827,12995.8
1828,13002.3
1829,13006.7
1830,13007
1831,13007.1
1832,17913.4
1833,22467.9
1834,26789.9
1835,26789.4
1836,26574.2
1837,26575.1
1838,26540.8
1839,26542.3
1840,26538.7
1841,21830.1
1842,13006
1843,13001.7
1844,12995.2
1845,12995.6
1846,12995.9
1847,13006.8
1848,13006.8
1849,12986
1850,12984
1851,12972.6
1852,12972.9
1853,12973.2
1854,12980.5
1855,12984.4
1856,17225
1857,21471.6
1858,25721
1859,25715
1860,25715.8
1861,25720.3
1862,25714.8
1863,25716.2
1864,25719.5
1865,21475
1866,12978.9
1867,12984.8
1868,12975.8
1869,12972.8
1870,12973.1
1871,12977.1
1872,12984.4
1873,12963.1
1874,12962
1875,12955.9
1876,12949.5
1877,12949.9
1878,12952.1
1879,22002.6
1880,26837.9
1881,30506.4
1882,36015.5
1883,37852.7
1884,32797.8
1885,37857
1886,36014.6
1887,34176.5
1888,29129.2
1889,19023.9
1890,15676.9
1891,15682.5
1892,15674.2
1893,13275.9
1894,12959
1895,12949.5
1896,12949.8
1897,12928
1898,12937.8
1899,12938.4
1900,12938.5
1901,12936
1902,12925.8
1903,21954.9
1904,26784.4
1905,30452.7
1906,35949.8
1907,37780.7
1908,32744.1
1909,37781.2
1910,35949.1
1911,34117.7
1912,29074.6
1913,18991.2
1914,15653.9
1915,15646.3
1916,15636.4
1917,13251.9
1918,12938.3
1919,12938.7
1920,12930.3
1921,12903.4
1922,12902.3
1923,12908.5
1924,12914.7
1925,12914.7
1926,12914.8
1927,21909.9
1928,26731.8
1929,30393.8
1930,35882.1
1931,37708.4
1932,32684.5
1933,37711
1934,35881.7
1935,34054.1
1936,29020.7
1937,18957.9
1938,15625.7
1939,15610.3
1940,15607.8
1941,13227.7
1942,12914.4
1943,12914.8
1944,12913.7
1945,12878.8
1946,12877.5
1947,12877.9
1948,12890.4
1949,12890.3
1950,12890.7
1951,21870.9
1952,26680.1
1953,30335.4
1954,35813.2
1955,37637.1
1956,32622.2
1957,37638.9
1958,35813.2
1959,33989.2
1960,28965.4
1961,18921.3
1962,15595.7
1963,15583.4
1964,15578.2
1965,13202.7
1966,12890.2
1967,12890.6
1968,12885.1
1969,12853.8
1970,12852.6
1971,12858.4
1972,12865.8
1973,12865.7
1974,12865.9
1975,21825
1976,26629.2
1977,30277.3
1978,35744.8
1979,37564
1980,32557.1
1981,37566.1
1982,35743.9
1983,33921.9
1984,28909.1
1985,18881.6
1986,15564.2
1987,15564.6
1988,15549
1989,13177.4
1990,12865.7
1991,12856.7
1992,12852.4
1993,12828.7
1994,12836.4
1995,12840.4
1996,12840.6
1997,12836.9
1998,12826.6
1999,12827
2000,17709.2
2001,22170.1
2002,26435.6
2003,26440.2
2004,26233.8
2005,26229.7
2006,26194.9
2007,26195.8
2008,26197.6
2009,21546.4
2010,12834.5
2011,12840.7
2012,12829.9
2013,12826.9
2014,12827.2
2015,12838.5
2016,12840.4
2017,12816.5
2018,12808.9
2019,12800.8
2020,12801.2
2021,12809.3
2022,12815.1
2023,12815
2024,16983.9
2025,21190.4
2026,25381.4
2027,25374.4
2028,25379.2
2029,25373.7
2030,25376.8
2031,25376.3
2032,25374.6
2033,21185.1
2034,12801.9
2035,12814.9
2036,12815.1
2037,12815.1
2038,12803.9
2039,12800.9
2040,12801.3
2041,12789.5
2042,12788.7
2043,12789
2044,12779.2
2045,12774.5
2046,12774.7
2047,21706.2
2048,26474.5
2049,30091.6
2050,35524.3
2051,37342.3
2052,32354.2
2053,37336
2054,35526.7
2055,33718
2056,28734.1
2057,18773.5
2058,15470
2059,15455.4
2060,15456.5
2061,13097.5
2062,12788.5
2063,12788.9
2064,12783.9
2065,12749.2
2066,12747.9
2067,12756.8
2068,12762.4
2069,12762.4
2070,12756.3
2071,21647.7
2072,26413.3
2073,30032
2074,35453.3
2075,37257.6
2076,32286.8
2077,37262
2078,35451.3
2079,33639.2
2080,28673.7
2081,18739.2
2082,15421.1
2083,15427.8
2084,15438.7
2085,13064.1
2086,12749.3
2087,12762.3
2088,12762.5
2089,12737.1
2090,12721.6
2091,12720.4
2092,12724.5
2093,12735.3
2094,12735.5
2095,21607
2096,26353.8
2097,29965.3
2098,35376.8
2099,37178
2100,32221.1
2101,37180.4
2102,35375.3
2103,33568.7
2104,28614.8
2105,18696.3
2106,15387.6
2107,15402.9
2108,15405.3
2109,13037
2110,12720.8
2111,12729.6
2112,12735.5
2113,12709.7
2114,12700.4
2115,12692.5
2116,12692.8
2117,12706.9
2118,12708
2119,21562.7
2120,26295.6
2121,29899.5
2122,35299.1
2123,37096.7
2124,32150.9
2125,37099.3
2126,35298.2
2127,33494.6
2128,28554
2129,18657.9
2130,15354.5
2131,15365.6
2132,15372
2133,13008.1
2134,12693.2
2135,12708.1
2136,12707.9
2137,12682
2138,12665.1
2139,12664.5
2140,12671.7
2141,12680.1
2142,12680.4
2143,21510
2144,26238.6
2145,29834.5
2146,35220.5
2147,37015.6
2148,32076.3
2149,37016.8
2150,35218.1
2151,33421.6
2152,28486.2
2153,18614.9
2154,15329.7
2155,15323.1
2156,15331.8
2157,12980
2158,12680
2159,12680.2
2160,12677.5
2161,12637.5
2162,12636.1
2163,12647.2
2164,12651.9
2165,12652.1
2166,12639.8
2167,12635.8
2168,17445.4
2169,21839.9
2170,26042
2171,26046.4
2172,25842.4
2173,25838.5
2174,25805.4
2175,25807.7
2176,25804.3
2177,21224.1
2178,12641.4
2179,12638.9
2180,12652.2
2181,12652
2182,12648.5
2183,12635.7
2184,12636.1
2185,12621.3
2186,12623.3
2187,12623.5
2188,12609.1
2189,12607
2190,12614.9
2191,12623.3
2192,16736
2193,20867.3
2194,24996.1
2195,24989.2
2196,24994.7
2197,24989
2198,24994.7
2199,24988.8
2200,24995
2201,20867.7
2202,12617.7
2203,12620.8
2204,12606.7
2205,12607.1
2206,12619.5
2207,12623.3
2208,12623.5
2209,12581.7
2210,12577.6
2211,12586.4
2212,12594.6
2213,12594.5
2214,12582.9
2215,21361.1
2216,26061.8
2217,29632.7
2218,34976.8
2219,36763
2220,31855.1
2221,36759.2
2222,34979.5
2223,33197
2224,28290.2
2225,18477.2
2226,15229.7
2227,15232.9
2228,15232.1
2229,12892.4
2230,12577.9
2231,12579.2
2232,12594.7
2233,12566.8
2234,12560.2
2235,12547.6
2236,12548
2237,12565.1
2238,12565.2
2239,21314.1
2240,25996.4
2241,29559.7
2242,34896.3
2243,36673.3
2244,31777.6
2245,36672.1
2246,34896.2
2247,33119.3
2248,28224
2249,18435.9
2250,15196.6
2251,15196.4
2252,15187.9
2253,12869.4
2254,12552.7
2255,12547.8
2256,12555
2257,12537
2258,12535.4
2259,12523.5
2260,12517.6
2261,12525.4
2262,12535.6
2263,21268.2
2264,25932.5
2265,29487.7
2266,34811.5
2267,36584.5
2268,31701.1
2269,36584.6
2270,34811.1
2271,33039.6
2272,28156.3
2273,18391.6
2274,15160.1
2275,15160.3
2276,15152.9
2277,12838.9
2278,12520.7
2279,12517.7
2280,12527.7
2281,12506.9
2282,12505.3
2283,12489.4
2284,12487.2
2285,12499.7
2286,12505.5
2287,21213.6
2288,25870.2
2289,29416.7
2290,34727.7
2291,36496.3
2292,31624.2
2293,36494.7
2294,34727.3
2295,32957.9
2296,28086.9
2297,18345.2
2298,15120.2
2299,15123.7
2300,15123.1
2301,12799.3
2302,12487.6
2303,12496.8
2304,12505.4
2305,12476.7
2306,12458.9
2307,12456.4
2308,12469.7
2309,12474.7
2310,12472.9
2311,21151
2312,25809.3
2313,29346.5
2314,34638.2
2315,36407.3
2316,31551
2317,36406
2318,34641.2
2319,32872.1
2320,28019.7
2321,18313.6
2322,15072.5
2323,15073.7
2324,15083.9
2325,12768.4
2326,12474.6
2327,12474.8
2328,12463.3
2329,12427
2330,12434.9
2331,12443.9
2332,12444.1
2333,12426.7
2334,12425.1
2335,12440.9
2336,17146.6
2337,21479.6
2338,25614.4
2339,25611.4
2340,25407.7
2341,25412.1
2342,25373.1
2343,25377.8
2344,25373.9
2345,20871.6
2346,12435.3
2347,12425.2
2348,12440
2349,12443.9
2350,12440.2
2351,12424.9
2352,12427.1
2353,12414.8
2354,12412.9
2355,12401.5
2356,12393.5
2357,12403.9
2358,12413.1
2359,12412.8
2360,16448.6
2361,20519.3
2362,24561.8
2363,24571.9
2364,24565.6
2365,24572.2
2366,24565.7
2367,24571.3
2368,24565.9
2369,20512
2370,12407.7
2371,12412.9
2372,12401.1
2373,12393.5
2374,12404.2
2375,12412.8
2376,12412.5
2377,12363.6
2378,12361.9
2379,12381.7
2380,12381.5
2381,12370.9
2382,12361.5
2383,21001.5
2384,25619.7
2385,29116.4
2386,34377.8
2387,36128.3
2388,31308.1
2389,36128
2390,34375.5
2391,32627.6
2392,27804.6
2393,18160.7
2394,14969.4
2395,14972.1
2396,14971.5
2397,12670.2
2398,12362
2399,12380.8
2400,12381.6
2401,12342.3
2402,12329.4
2403,12340.1
2404,12349.8
2405,12348.1
2406,12329.1
2407,20943.1
2408,25552.3
2409,29039.7
2410,34287.1
2411,36033.6
2412,31227.9
2413,36032.9
2414,34285.2
2415,32542.5
2416,27732.1
2417,18114.6
2418,14928.7
2419,14933.3
2420,14932.7
2421,12636.8
2422,12333
2423,12349.8
2424,12349.6
2425,12304.4
2426,12296.9
2427,12314
2428,12317.8
2429,12309.2
2430,12296.7
2431,20890.9
2432,25485.4
2433,28964.2
2434,34196
2435,35939.7
2436,31142.2
2437,35937.1
2438,34197.9
2439,32455.1
2440,27658.8
2441,18076
2442,14881.1
2443,14884.7
2444,14894.2
2445,12604.6
2446,12317.5
2447,12317.6
2448,12301.4
2449,12266.1
2450,12283.1
2451,12285.2
2452,12273.8
2453,12264
2454,12278.1
2455,20842.1
2456,25409.2
2457,28890.2
2458,34106.8
2459,35842.6
2460,31060.3
2461,35843.5
2462,34104.9
2463,32362.3
2464,27586.3
2465,18025.5
2466,14855.8
2467,14847.7
2468,14844.4
2469,12582.6
2470,12273.5
2471,12264
2472,12278.3
2473,12254.4
2474,12245.3
2475,12230.8
2476,12242.2
2477,12252.4
2478,12248.2
2479,20769.2
2480,25345.9
2481,28808.1
2482,34012
2483,35746
2484,30978.9
2485,35743.8
2486,34012.8
2487,32281
2488,27510.8
2489,17977.2
2490,14802.2
2491,14807.5
2492,14814.4
2493,12537
2494,12252.5
2495,12252.6
2496,12234.3
2497,12200.1
2498,12219.9
2499,12219.6
2500,12202.8
2501,12197.6
2502,12219.2
2503,12219.5
2504,16818.1
2505,21090.1
2506,25144.5
2507,25141.8
2508,24946.8
2509,24942
2510,24913.4
2511,24908.9
2512,24914.3
2513,20491.2
2514,12211.8
2515,12197.5
2516,12212.9
2517,12219.5
2518,12210.6
2519,12197.4
2520,12211.5
2521,12188.3
2522,12178
2523,12163.7
2524,12178.1
2525,12186.3
2526,12177.6
2527,12163.7
2528,16165.7
2529,20130
2530,24117
2531,24109.8
2532,24116.5
2533,24113.8
2534,24112.8
2535,24117.4
2536,24109.6
2537,20131
2538,12180.2
2539,12186.3
2540,12171.4
2541,12163.8
2542,12184.6
2543,12186.3
2544,12171.2
2545,12132
2546,12151.8
2547,12152.9
2548,12135.8
2549,12130.2
2550,12153.4
2551,20612
2552,25129.1
2553,28576
2554,33728.1
2555,35449.5
2556,30726.3
2557,35450.2
2558,33727.2
2559,32015.6
2560,27283.3
2561,17829.8
2562,14681.5
2563,14683.3
2564,14692
2565,12439.6
2566,12152.7
2567,12147
2568,12129.7
2569,12110.8
2570,12119.1
2571,12110.2
2572,12095.5
2573,12112.6
2574,12119.2
2575,20545
2576,25060.7
2577,28497.5
2578,33636
2579,35350
2580,30632.8
2581,35348.7
2582,33638.3
2583,31921.6
2584,27206.6
2585,17781.4
2586,14650.2
2587,14643.3
2588,14642.9
2589,12412.5
2590,12107
2591,12095.6
2592,12115.5
2593,12087.2
2594,12068.5
2595,12062
2596,12085.7
2597,12085.2
2598,12063.2
2599,20487.8
2600,24997.6
2601,28409.7
2602,33541.1
2603,35250.8
2604,30546.4
2605,35250.8
2606,33540.2
2607,31828.7
2608,27129.9
2609,17720.1
2610,14607.3
2611,14609.3
2612,14608.9
2613,12361.1
2614,12081.2
2615,12085.2
2616,12068.4
2617,12030
2618,12051.3
2619,12051
2620,12027.2
2621,12035.8
2622,12051.4
2623,20431.6
2624,24916.5
2625,28334.2
2626,33443.2
2627,35147.6
2628,30457.9
2629,35146.9
2630,33446.1
2631,31735.1
2632,27052.4
2633,17676.6
2634,14568.5
2635,14566.4
2636,14563.3
2637,12333.6
2638,12026.9
2639,12044.5
2640,12051.2
2641,12002.7
2642,11992.7
2643,12016.9
2644,12016.5
2645,11991.9
2646,12002.4
2647,20383
2648,24844.2
2649,28249.6
2650,33343.5
2651,35045.7
2652,30373.6
2653,35042.1
2654,33349.3
2655,31647.6
2656,26972.6
2657,17628
2658,14527.7
2659,14519.3
2660,14518.8
2661,12307.3
2662,11992.7
2663,12001.3
2664,12016.9
2665,11976
2666,11956.3
2667,11976.6
2668,11981.9
2669,11962.8
2670,11961.6
2671,11982.4
2672,16489.9
2673,20675
2674,24650.3
2675,24647.7
2676,24451
2677,24455.2
2678,24415.4
2679,24422.6
2680,24415.5
2681,20082
2682,11972.7
2683,11981.9
2684,11964.1
2685,11960.2
2686,11982.2
2687,11978.8
2688,11956.2
2689,11938.6
2690,11947.1
2691,11931.6
2692,11922.8
2693,11947.5
2694,11944.9
2695,11920.9
2696,15843.4
2697,19728.5
2698,23637.5
2699,23633.7
2700,23631.1
2701,23636.4
2702,23631.2
2703,23633.2
2704,23635.9
2705,19734.6
2706,11931.1
2707,11932.6
2708,11947.4
2709,11936.3
2710,11921
2711,11945.3
2712,11947.1
2713,11890.2
2714,11897.4
2715,11912.1
2716,11900.1
2717,11885.5
2718,11911.9
2719,20197
2720,24623.7
2721,28002.2
2722,33052.3
2723,34736.7
2724,30101.7
2725,34735.5
2726,33052.2
2727,31365.4
2728,26735.1
2729,17467.8
2730,14389.5
2731,14392.9
2732,14397.3
2733,12194.4
2734,11911.9
2735,11895.5
2736,11889
2737,11879.3
2738,11871.6
2739,11849.7
2740,11870.3
2741,11876.9
2742,11855.1
2743,20128.7
2744,24560.6
2745,27913.3
2746,32950.5
2747,34628.8
2748,30016.4
2749,34627.5
2750,32955.1
2751,31269.3
2752,26655.7
2753,17416.4
2754,14354.6
2755,14353.3
2756,14353.1
2757,12146.3
2758,11862.9
2759,11876.9
2760,11862.8
2761,11818.1
2762,11842
2763,11836.8
2764,11813.7
2765,11834.9
2766,11841.6
2767,20062.4
2768,24484.4
2769,27826
2770,32853.3
2771,34524.7
2772,29923
2773,34526.4
2774,32849.2
2775,31179
2776,26574.6
2777,17367.1
2778,14312.7
2779,14309.7
2780,14308.2
2781,12113.4
2782,11815.6
2783,11842
2784,11837.4
2785,11780
2786,11799.3
2787,11806
2788,11781.7
2789,11791.6
2790,11806.3
2791,20005.3
2792,24409
2793,27740.6
2794,32752.6
2795,34419.9
2796,29831.1
2797,34420.9
2798,32749.4
2799,31084
2800,26492.9
2801,17313.2
2802,14268.6
2803,14266.3
2804,14266.1
2805,12073.2
2806,11787.9
2807,11806.2
2808,11793.5
2809,11745.6
2810,11770.8
2811,11764.2
2812,11741.5
2813,11766.4
2814,11770.5
2815,19937.7
2816,24335.2
2817,27656.8
2818,32652.1
2819,34310
2820,29744
2821,34311.5
2822,32654.2
2823,30984.5
2824,26412
2825,17254.1
2826,14222.6
2827,14223.3
2828,14223.1
2829,12039.1
2830,11770.5
2831,11760.4
2832,11741.6
2833,11736.9
2834,11730.1
2835,11705.2
2836,11729.5
2837,11734.5
2838,11706
2839,11724.2
2840,16153
2841,20238.2
2842,24135.1
2843,24133.5
2844,23934.6
2845,23942.4
2846,23903.5
2847,23909.6
2848,23910.8
2849,19666.4
2850,11719.7
2851,11711.8
2852,11735.1
2853,11723.3
2854,11706.3
2855,11735.1
2856,11728.2
2857,11671
2858,11696
2859,11696
2860,11668.7
2861,11692.2
2862,11698.7
2863,11670.1
2864,15509.7
2865,19312.1
2866,23139
2867,23137.8
2868,23131.8
2869,23133.3
2870,23137.6
2871,23137.2
2872,23128
2873,19324.3
2874,11693.6
2875,11674
2876,11684.4
2877,11698.6
2878,11677.6
2879,11680.8
2880,11698.7
2881,11646.8
2882,11641.3
2883,11662.8
2884,11647.1
2885,11638.9
2886,11663.2
2887,19762.2
2888,24107.2
2889,27398
2890,32347.2
2891,33990.3
2892,29466.8
2893,33992.9
2894,32350.4
2895,30696.8
2896,26166.2
2897,17097.9
2898,14087.1
2899,14088.8
2900,14089
2901,11945
2902,11653.3
2903,11632.3
2904,11663.3
2905,11621.3
2906,11595.4
2907,11626.1
2908,11619.9
2909,11595.4
2910,11625.2
2911,19704.6
2912,24028.9
2913,27313.4
2914,32245.3
2915,33883.4
2916,29374.4
2917,33885.7
2918,32248.3
2919,30600.2
2920,26083.6
2921,17046.2
2922,14043.4
2923,14045.1
2924,14045.4
2925,11907.8
2926,11609.3
2927,11604.1
2928,11626.9
2929,11576.1
2930,11567.4
2931,11590.5
2932,11573
2933,11568.2
2934,11590.8
2935,19634.5
2936,23956.2
2937,27225.9
2938,32141.2
2939,33778
2940,29275
2941,33780.5
2942,32143.6
2943,30504.4
2944,25999.7
2945,17001.2
2946,14002.6
2947,14002
2948,14001.9
2949,11857.4
2950,11563.6
2951,11590.7
2952,11577.3
2953,11529.8
2954,11554.3
2955,11539.1
2956,11529.8
2957,11554.2
2958,11536.4
2959,19570.1
2960,23883
2961,27142.7
2962,32039.8
2963,33673.8
2964,29182.1
2965,33673.6
2966,32037.1
2967,30405.7
2968,25918.4
2969,16932.6
2970,13957.3
2971,13957.9
2972,13957.8
2973,11825
2974,11553.7
2975,11526.4
2976,11542.6
2977,11519.6
2978,11487.1
2979,11509.3
2980,11515.8
2981,11484.7
2982,11513
2983,19517.9
2984,23801.8
2985,27051.9
2986,31937.5
2987,33561.3
2988,29088.3
2989,33564.8
2990,31937.5
2991,30310.3
2992,25833.8
2993,16891.2
2994,13916.1
2995,13912.4
2996,13912.3
2997,11772.6
2998,11507.7
2999,11517.4
3000,11485.2
3001,11477.1
3002,11476.7
3003,11447.7
3004,11480.1
3005,11471.7
3006,11450.9
3007,11481.8
3008,15795.1
3009,19804.7
3010,23592
3011,23603.9
3012,23417.4
3013,23408.3
3014,23385.9
3015,23385.1
3016,23379.7
3017,19242.8
3018,11469.1
3019,11447.9
3020,11481.9
3021,11469.6
3022,11453.3
3023,11481.5
3024,11464.6
3025,11424.5
3026,11444.7
3027,11421.3
3028,11428.8
3029,11444.5
3030,11414.8
3031,11435.6
3032,15157.3
3033,18904.1
3034,22623.3
3035,22616.9
3036,22626.9
3037,22627
3038,22627
3039,22623.9
3040,22619.6
3041,18900.2
3042,11438.8
3043,11410.6
3044,11440.5
3045,11437.2
3046,11412.3
3047,11445.2
3048,11430.8
3049,11385
3050,11408.3
3051,11385.9
3052,11391.3
3053,11408
3054,11378
3055,19332.8
3056,23569.3
3057,26797
3058,31629.7
3059,33236.8
3060,28811
3061,33238.7
3062,31629.7
3063,30016.6
3064,25583.7
3065,16728.8
3066,13781.8
3067,13778.1
3068,13778.1
3069,11658.1
3070,11405
3071,11398.7
3072,11377.8
3073,11374.1
3074,11353
3075,11351.1
3076,11371.7
3077,11343.5
3078,11360.6
3079,19269.2
3080,23494.8
3081,26702.3
3082,31521.6
3083,33132.9
3084,28713.3
3085,33132.3
3086,31522.3
3087,29916.2
3088,25502.5
3089,16660.9
3090,13734.1
3091,13735.8
3092,13736.1
3093,11646.5
3094,11347.9
3095,11355.7
3096,11371.6
3097,11304
3098,11329.5
3099,11326.1
3100,11304.1
3101,11335.3
3102,11314.7
3103,19197
3104,23419.7
3105,26620.6
3106,31424.6
3107,33019.5
3108,28623.2
3109,33022.4
3110,31422.7
3111,29821.2
3112,25420.5
3113,16612.5
3114,13690.5
3115,13688.8
3116,13688.8
3117,11595.4
3118,11334.7
3119,11304.9
3120,11326.2
3121,11294.5
3122,11264.6
3123,11298.9
3124,11279.6
3125,11278.3
3126,11298.4
3127,19126.3
3128,23344.6
3129,26530.6
3130,31318.5
3131,32914.4
3132,28525.5
3133,32911.5
3134,31320.4
3135,29722.5
3136,25333.2
3137,16565.3
3138,13646.9
3139,13643.5
3140,13643.5
3141,11549.5
3142,11298.5
3143,11275.7
3144,11281.8
3145,11263.7
3146,11225.9
3147,11259.3
3148,11248.3
3149,11236.1
3150,11262.2
3151,19065.5
3152,23267.2
3153,26442.8
3154,31215.5
3155,32805.9
3156,28431.5
3157,32803.4
3158,31217.2
3159,29624.9
3160,25251.4
3161,16506.8
3162,13601.1
3163,13598.9
3164,13598.9
3165,11520.6
3166,11261.5
3167,11228.2
3168,11256.7
3169,11215.9
3170,11197.4
3171,11225.4
3172,11197.9
3173,11213.6
3174,11219.5
3175,11191
3176,15453.1
3177,19338.1
3178,23076.2
3179,23069.3
3180,22886.4
3181,22878.5
3182,22853
3183,22855.7
3184,22856
3185,18797.9
3186,11198.5
3187,11225.7
3188,11204.2
3189,11207.1
3190,11225
3191,11189
3192,11223
3193,11175.7
3194,11164.9
3195,11188.6
3196,11156.2
3197,11182.4
3198,11176.8
3199,11161.2
3200,14816.8
3201,18480.9
3202,22108
3203,22104.7
3204,22107.7
3205,22112.1
3206,22111.5
3207,22111.9
3208,22112.3
3209,18459.8
3210,11169.5
3211,11188.6
3212,11155.7
3213,11182.9
3214,11176.5
3215,11161.7
3216,11188.7
3217,11124.3
3218,11143.3
3219,11141.9
3220,11123
3221,11152.3
3222,11122.9
3223,18894.6
3224,23028.7
3225,26185.8
3226,30904.3
3227,32478.8
3228,28149.7
3229,32480.4
3230,30904.4
3231,29330
3232,25000.5
3233,16350.5
3234,13468.8
3235,13463.9
3236,13463.9
3237,11396.4
3238,11152.4
3239,11126.9
3240,11138.3
3241,11112
3242,11081.7
3243,11116.1
3244,11089.3
3245,11103
3246,11108.2
3247,18810.5
3248,22962.4
3249,26097.6
3250,30804.2
3251,32368.9
3252,28056
3253,32372.2
3254,30800.9
3255,29231.9
3256,24917.6
3257,16297.4
3258,13424
3259,13423.6
3260,13419
3261,11353.9
3262,11115.2
3263,11096.5
3264,11096.3
3265,11080.5
3266,11040.2
3267,11079.9
3268,11056
3269,11063.3
3270,11074.2
3271,18747.1
3272,22885.6
3273,26010.9
3274,30701.5
3275,32261.2
3276,27962.5
3277,32263.2
3278,30698.5
3279,29134.8
3280,24834.1
3281,16242
3282,13379.2
3283,13374.5
3284,13374.5
3285,11326.8
3286,11079.1
3287,11045.6
3288,11074.2
3289,11029
3290,11020.4
3291,11042.7
3292,11003.5
3293,11043.6
3294,11019.6
3295,18701.3
3296,22800.8
3297,25924.8
3298,30593.3
3299,32157.3
3300,27869
3301,32151.7
3302,30600.3
3303,29038.6
3304,24754.6
3305,16175.1
3306,13331
3307,13330.6
3308,13337.1
3309,11309.9
3310,11015.8
3311,11030.9
3312,11032.9
3313,10979.5
3314,11006.7
3315,10971.7
3316,11003
3317,10987.8
3318,10986.8
3319,18643.1
3320,22728.7
3321,25831.1
3322,30495
3323,32046.4
3324,27776.7
3325,32049.9
3326,30492.4
3327,28939.5
3328,24668.8
3329,16132.4
3330,13291.7
3331,13293.4
3332,13285.2
3333,11240.5
3334,11007.2
3335,10982.7
3336,10991.4
3337,10964.4
3338,10939.3
3339,10970.6
3340,10935.5
3341,10966.9
3342,10950.5
3343,10951.5
3344,15086.9
3345,18914.4
3346,22532.3
3347,22526.9
3348,22358
3349,22357.3
3350,22327.8
3351,22327.9
3352,22324.4
3353,18369.3
3354,10941.6
3355,10965.2
3356,10952.2
3357,10950.2
3358,10966.9
3359,10934.2
3360,10970.9
3361,10905.7
3362,10926.4
3363,10917.7
3364,10912.5
3365,10931.6
3366,10897.4
3367,10934.8
3368,14478.8
3369,18028.2
3370,21601.3
3371,21600.6
3372,21600.9
3373,21600.6
3374,21600.3
3375,21601.1
3376,21600.8
3377,18032.8
3378,10917.4
3379,10929.3
3380,10899.9
3381,10934.7
3382,10900.8
3383,10929.3
3384,10915.1
3385,10881.1
3386,10891.9
3387,10865.5
3388,10898.8
3389,10862
3390,10896.3
3391,18444.8
3392,22503.6
3393,25574.7
3394,30192.7
3395,31725.1
3396,27497.9
3397,31724.1
3398,30191.2
3399,28651.6
3400,24425.2
3401,15956.9
3402,13155.1
3403,13162.1
3404,13162.5
3405,11155.8
3406,10864.6
3407,10898.7
3408,10863.2
3409,10861.3
3410,10839.3
3411,10846.8
3412,10851.4
3413,10834.7
3414,10862.6
3415,18372.4
3416,22430.3
3417,25494.8
3418,30084.4
3419,31621.4
3420,27405.6
3421,31618.8
3422,30085.6
3423,28558.3
3424,24341.2
3425,15914.1
3426,13117
3427,13119.2
3428,13112.4
3429,11090.6
3430,10863.2
3431,10834.8
3432,10851.3
3433,10813.1
3434,10804.2
3435,10822
3436,10792.3
3437,10827.1
3438,10788.6
3439,18346.3
3440,22348.2
3441,25400.3
3442,29986.8
3443,31511.3
3444,27314.6
3445,31514
3446,29986.4
3447,28459.3
3448,24258.5
3449,15859.8
3450,13066.3
3451,13066.8
3452,13075.6
3453,11088.3
3454,10787.8
3455,10827.3
3456,10798.8
3457,10782.6
3458,10773.7
3459,10770.1
3460,10783.5
3461,10759.8
3462,10791.5
3463,18250.1
3464,22280.6
3465,25323.7
3466,29881.4
3467,31410.8
3468,27222.3
3469,31409.2
3470,29884.5
3471,28362.9
3472,24176.8
3473,15815.1
3474,13025.9
3475,13020.9
3476,13021.1
3477,11043
3478,10776.7
3479,10767.2
3480,10786.8
3481,10723.1
3482,10756
3483,10716.4
3484,10756.8
3485,10723.9
3486,10749
3487,18200.5
3488,22203.9
3489,25236.9
3490,29786.9
3491,31304.1
3492,27131.4
3493,31302.6
3494,29784.1
3495,28267.8
3496,24096.7
3497,15763.8
3498,12985.2
3499,12977.2
3500,12977.5
3501,11001.8
3502,10745.8
3503,10726.8
3504,10755.5
3505,10684.1
3506,10721
3507,10681.8
3508,10721.1
3509,10689.7
3510,10712.7
3511,10698.1
3512,14746.2
3513,18460.5
3514,22011.6
3515,22014.3
3516,21839.3
3517,21839.9
3518,21810.4
3519,21810.6
3520,21810.6
3521,17936.5
3522,10703.3
3523,10710.5
3524,10691.8
3525,10718.7
3526,10683.2
3527,10720.9
3528,10681.1
3529,10688.4
3530,10652.3
3531,10680.2
3532,10659.3
3533,10672.9
3534,10666.7
3535,10665.6
3536,14145.9
3537,17622.6
3538,21100.1
3539,21100.6
3540,21100.6
3541,21100.6
3542,21100.6
3543,21100.6
3544,21100.4
3545,17625.1
3546,10674.3
3547,10653.3
3548,10685.8
3549,10646.7
3550,10686
3551,10646.2
3552,10686.4
3553,10619.8
3554,10645
3555,10623.7
3556,10638.7
3557,10630.2
3558,10632.5
3559,10636.2
3560,14095.7
3561,17565.2
3562,21033.6
3563,21030.9
3564,21030.3
3565,21029.7
3566,21029.6
3567,21029.6
3568,21030
3569,17556.9
3570,10633.9
3571,10637.8
3572,10624.9
3573,10644
3574,10618.3
3575,10650.3
3576,10612
3577,10618.3
3578,10576.7
3579,10616.6
3580,10577.9
3581,10615.5
3582,10583
3583,17981.3
3584,21904.5
3585,24895.7
3586,29393
3587,30886.8
3588,26772
3589,30885.6
3590,29389.1
3591,27893.3
3592,23777.1
3593,15555.2
3594,12810.7
3595,12805.5
3596,12805.9
3597,10870.8
3598,10587.7
3599,10605.3
3600,10593.3
3601,10567.6
3602,10563
3603,10561.2
3604,10567
3605,10557.5
3606,10571.3
3607,17899.6
3608,21833.9
3609,24820.3
3610,29293.7
3611,30783
3612,26683.6
3613,30781.5
3614,29297.2
3615,27803.5
3616,23700.3
3617,15503.3
3618,12773.4
3619,12762.9
3620,12763.3
3621,10829.1
3622,10559.8
3623,10564.4
3624,10564
3625,10528
3626,10532.9
3627,10523
3628,10536
3629,10519.7
3630,10539.4
3631,17838.6
3632,21762.3
3633,24738.6
3634,29196.7
3635,30681.6
3636,26595.5
3637,30680.5
3638,29197
3639,27710.2
3640,23620.1
3641,15452.8
3642,12726
3643,12721.1
3644,12723.4
3645,10802.3
3646,10512
3647,10543.7
3648,10515.2
3649,10508.5
3650,10483.4
3651,10504.2
3652,10485.4
3653,10502
3654,10488
3655,17798.9
3656,21690.8
3657,24649.5
3658,29103.4
3659,30582.5
3660,26507.6
3661,30582.5
3662,29099.7
3663,27618.4
3664,23541
3665,15396.3
3666,12680.7
3667,12692.9
3668,12695.4
3669,10749.3
3670,10491.7
3671,10498.2
3672,10489.2
3673,10468.2
3674,10454.1
3675,10467.4
3676,10452.8
3677,10468.6
3678,10451.5
3679,10469.8
3680,14405
3681,18034.7
3682,21508.4
3683,21508.2
3684,21339.1
3685,21339.1
3686,21310.5
3687,21310.2
3688,21310.3
3689,17541
3690,10455
3691,10460.2
3692,10460.9
3693,10459
3694,10462.1
3695,10457.8
3696,10463.2
3697,10425.1
3698,10430
3699,10422.8
3700,10430.2
3701,10422.6
3702,10430.3
3703,10422.4
3704,13826.6
3705,17216.1
3706,20618.1
3707,20617.9
3708,20619.6
3709,20621.5
3710,20621.7
3711,20622
3712,20619.4
3713,17212.2
3714,10432.2
3715,10422.6
3716,10430.4
3717,10422.8
3718,10430.2
3719,10423
3720,10430
3721,10391.5
3722,10397
3723,10388.7
3724,10397.7
3725,10387.9
3726,10398.5
3727,17610
3728,21482.1
3729,24418.8
3730,28814.3
3731,30280.7
3732,26249.4
3733,30280.2
3734,28814.8
3735,27348.4
3736,23311.8
3737,15249.4
3738,12558.3
3739,12561.5
3740,12573.2
3741,10652
3742,10385.5
3743,10400.6
3744,10385.9
3745,10368.4
3746,10353.9
3747,10364.6
3748,10355.4
3749,10362.8
3750,10357.2
3751,17557.6
3752,21411.6
3753,24339.2
3754,28720.1
3755,30182.5
3756,26164.7
3757,30182.2
3758,28721.5
3759,27259.7
3760,23236.1
3761,15199.3
3762,12517.1
3763,12526.3
3764,12533.2
3765,10610.7
3766,10359.7
3767,10359
3768,10361.2
3769,10326.1
3770,10330.7
3771,10321.4
3772,10333.4
3773,10318.2
3774,10336.2
3775,17493.8
3776,21344.6
3777,24261.5
3778,28629.5
3779,30086.6
3780,26079.9
3781,30087.2
3782,28629.8
3783,27172.5
3784,23166.1
3785,15138.3
3786,12487.6
3787,12493.2
3788,12491.5
3789,10557.6
3790,10347.1
3791,10307.6
3792,10347.3
3793,10277.4
3794,10314.4
3795,10275.8
3796,10311.3
3797,10278.8
3798,10307.3
3799,17439.8
3800,21276.3
3801,24176.3
3802,28541.5
3803,29993.1
3804,25995.7
3805,29995.1
3806,28539.5
3807,27086.4
3808,23091.8
3809,15103.7
3810,12450.8
3811,12434.3
3812,12434.7
3813,10563
3814,10275.6
3815,10314.2
3816,10274.5
3817,10284.6
3818,10242.9
3819,10282.4
3820,10243.3
3821,10281.1
3822,10244.3
3823,17398.7
3824,21206
3825,24106.7
3826,28444.5
3827,29893.5
3828,25913.9
3829,29894
3830,28447
3831,26999.1
3832,23017.7
3833,15043.1
3834,12409.1
3835,12414.8
3836,12410.5
3837,10494.2
3838,10282.1
3839,10243.6
3840,10279.5
3841,10216.3
3842,10241.6
3843,10220.4
3844,10235.8
3845,10225.8
3846,10230
3847,10231.6
3848,14090.5
3849,17635.8
3850,21029.9
3851,21029.5
3852,20862.8
3853,20863
3854,20835.4
3855,20835.4
3856,20836.1
3857,17152.1
3858,10217
3859,10250.4
3860,10211.7
3861,10245.8
3862,10216.1
3863,10239.9
3864,10222.1
3865,10203.9
3866,10196.4
3867,10195.5
3868,10203.1
3869,10188.5
3870,10209.8
3871,10181.9
3872,13521
3873,16852.3
3874,20158.8
3875,20160
3876,20161.4
3877,20168
3878,20167.9
3879,20160.6
3880,20160.8
3881,16837
3882,10210.2
3883,10184.3
3884,10207.5
3885,10191.3
3886,10200.7
3887,10197.7
3888,10194.2
3889,10175.1
3890,10155
3891,10178.5
3892,10150.1
3893,10188.2
3894,10148.1
3895,17241.2
3896,21005.8
3897,23880
3898,28177.5
3899,29613
3900,25670.3
3901,29614.5
3902,28180.3
3903,26745.8
3904,22803.9
3905,14907.1
3906,12298.6
3907,12289.1
3908,12278.4
3909,10425.8
3910,10153
3911,10182.9
3912,10147.6
3913,10159
3914,10117.6
3915,10155.6
3916,10118.9
3917,10146.7
3918,10128
3919,17174.8
3920,20942.8
3921,23807.5
3922,28092.9
3923,29523.2
3924,25590.2
3925,29525.7
3926,28093.9
3927,26663.6
3928,22730.6
3929,14873
3930,12245.7
3931,12240.6
3932,12261.5
3933,10389.9
3934,10129.2
3935,10137
3936,10137.2
3937,10099.4
3938,10115.8
3939,10087.7
3940,10125.4
3941,10086.7
3942,10126.5
3943,17111.3
3944,20883.1
3945,23724.7
3946,28011
3947,29435.7
3948,25514.4
3949,29428
3950,28006
3951,26580.5
3952,22660.7
3953,14810.6
3954,12222.1
3955,12225.5
3956,12211.2
3957,10344.6
3958,10111.4
3959,10101.6
3960,10101.9
3961,10082.8
3962,10061
3963,10091.6
3964,10056.1
3965,10096.2
3966,10057.2
3967,17078.3
3968,20814.4
3969,23661.3
3970,27920.2
3971,29342.6
3972,25433.9
3973,29345.5
3974,27922.4
3975,26500.8
3976,22591.7
3977,14780.1
3978,12169.4
3979,12177.2
3980,12189
3981,10311.6
3982,10084.2
3983,10058
3984,10094.7
3985,10028.5
3986,10065.8
3987,10027.9
3988,10053.9
3989,10039.1
3990,10042.2
3991,17030.3
3992,20747.9
3993,23586.5
3994,27834.8
3995,29251.9
3996,25357.7
3997,29254.1
3998,27837.4
3999,26420.3
4000,22525.1
4001,14737.3
4002,12139.5
4003,12128.9
4004,12147.2
4005,10299.1
4006,10036.8
4007,10045.5
4008,10047.4
4009,10005.6
4010,10029.9
4011,9996.8
4012,10036.8
4013,9998
4014,10027.5
4015,10007.2
4016,13794
4017,17262.6
4018,20582.5
4019,20582.3
4020,20423.6
4021,20424.5
4022,20397.6
4023,20392.4
4024,20391.9
4025,16771.9
4026,10032.4
4027,9998.2
4028,10024.9
4029,10009.3
4030,10012.2
4031,10021.8
4032,9999.6
4033,10006.9
4034,9968.2
4035,10005.3
4036,9971
4037,9991.5
4038,9984.4
4039,9978.2
4040,13232
4041,16499.7
4042,19733.3
4043,19736
4044,19746.2
4045,19739.5
4046,19734.7
4047,19734.8
4048,19734.3
4049,16495.9
4050,9978.2
4051,9995
4052,9980.9
4053,9981.5
4054,9994.4
4055,9967.9
4056,10007.8
4057,9941.5
4058,9973
4059,9946
4060,9958.3
4061,9960
4062,9943.7
4063,16884.6
4064,20565
4065,23380.7
4066,27588.3
4067,28994.5
4068,25132.4
4069,28998.1
4070,27591.8
4071,26189.2
4072,22319.4
4073,14601
4074,12033.4
4075,12046.7
4076,12038
4077,10188.3
4078,9965.3
4079,9953
4080,9951
4081,9940.8
4082,9910.4
4083,9950.8
4084,9911.8
4085,9939.3
4086,9922.5
4087,16815.8
4088,20510.2
4089,23315.2
4090,27512.7
4091,28913.5
4092,25063.1
4093,28907.1
4094,27510.1
4095,26109.9
4096,22262.7
4097,14559.2
4098,12009
4099,11986.2
4100,11999.4
4101,10185.9
4102,9915.7
4103,9931.5
4104,9930.2
4105,9889.3
4106,9918
4107,9883.2
4108,9919
4109,9887.7
4110,9902.1
4111,16781.6
4112,20445.8
4113,23244.9
4114,27428.1
4115,28827.1
4116,24987.8
4117,28831
4118,27433
4119,26038.7
4120,22190.8
4121,14515.4
4122,11970.9
4123,11978.5
4124,11959.8
4125,10140.2
4126,9895.9
4127,9909.9
4128,9882.4
4129,9897
4130,9856.5
4131,9881.7
4132,9869.3
4133,9864.5
4134,9886.4
4135,16715.8
4136,20400.4
4137,23172.1
4138,27358.3
4139,28743.2
4140,24918
4141,28746.2
4142,27354.5
4143,25961.9
4144,22133.1
4145,14479.7
4146,11921
4147,11944.6
4148,11945
4149,10093.6
4150,9890.3
4151,9861.2
4152,9872.8
4153,9852.5
4154,9827.8
4155,9868.5
4156,9829.2
4157,9856.1
4158,9840.7
4159,16672.1
4160,20339.8
4161,23114.6
4162,27280.7
4163,28669.5
4164,24849.1
4165,28664.4
4166,27277.7
4167,25889
4168,22071.5
4169,14441
4170,11888.6
4171,11905.6
4172,11912.3
4173,10065.4
4174,9867.9
4175,9829.8
4176,9850.2
4177,9821.5
4178,9804.4
4179,9838.7
4180,9802.3
4181,9831.8
4182,9811.8
4183,9812.6
4184,13516.1
4185,16940
4186,20170.3
4187,20173.4
4188,20012.9
4189,20019.3
4190,19995.9
4191,19988.8
4192,19986.9
4193,16447.5
4194,9819.5
4195,9819.7
4196,9804.4
4197,9838.6
4198,9802.3
4199,9831.8
4200,9811.8
4201,9787.6
4202,9804.8
4203,9775.4
4204,9812.3
4205,9779.4
4206,9791.9
4207,9798.9
4208,12982.8
4209,16158.6
4210,19352.4
4211,19346.8
4212,19346.6
4213,19362.1
4214,19351.4
4215,19346.7
4216,19346.4
4217,16173
4218,9788.4
4219,9792.5
4220,9798.3
4221,9774.8
4222,9815.4
4223,9776.7
4224,9798.5
4225,9768.2
4226,9751.8
4227,9787.2
4228,9750.4
4229,9776.8
4230,9762.7
4231,16535.1
4232,20178.5
4233,22923.5
4234,27059.8
4235,28429.6
4236,24645.5
4237,28433
4238,27056
4239,25681.9
4240,21886.2
4241,14317
4242,11810.9
4243,11816.8
4244,11790
4245,10011.9
4246,9748.8
4247,9789.7
4248,9750.7
4249,9749
4250,9741.2
4251,9725.6
4252,9762.7
4253,9725.3
4254,9749.5
4255,16506.2
4256,20111.8
4257,22866.1
4258,26981.3
4259,28357.5
4260,24579.9
4261,28356.6
4262,26983.1
4263,25609.7
4264,21835.7
4265,14289.7
4266,11765
4267,11764.5
4268,11786.4
4269,9964.1
4270,9759.1
4271,9724.9
4272,9753.4
4273,9712.4
4274,9705.8
4275,9733.1
4276,9699.9
4277,9728.2
4278,9710.9
4279,16448.8
4280,20074.1
4281,22802.4
4282,26918.1
4283,28280.6
4284,24516
4285,28285
4286,26914.4
4287,25546.6
4288,21778.9
4289,14237.4
4290,11754.4
4291,11740.2
4292,11730.7
4293,9973.7
4294,9700.6
4295,9719.7
4296,9719.2
4297,9675.8
4298,9715
4299,9676.5
4300,9693.6
4301,9696.5
4302,9674.4
4303,16428.6
4304,20011.2
4305,22749.6
4306,26845.2
4307,28213.7
4308,24456
4309,28209.6
4310,26844.8
4311,25479.2
4312,21719.2
4313,14206.8
4314,11717.7
4315,11726.2
4316,11699
4317,9935.9
4318,9674.3
4319,9714.9
4320,9676.6
4321,9669.2
4322,9674.5
4323,9650.8
4324,9688.6
4325,9654.8
4326,9663.6
4327,16385
4328,19958.4
4329,22691.7
4330,26776.2
4331,28141.6
4332,24394.9
4333,28137.2
4334,26777
4335,25413.7
4336,21666.4
4337,14172.8
4338,11683.3
4339,11697.1
4340,11674.9
4341,9906.3
4342,9651.6
4343,9690.1
4344,9652.2
4345,9649.8
4346,9647
4347,9627
4348,9667.4
4349,9629.3
4350,9642.3
4351,9652.9
4352,13278.8
4353,16613.7
4354,19816.4
4355,19808.8
4356,19651.4
4357,19651.1
4358,19635.7
4359,19633.4
4360,19625.6
4361,16153.6
4362,9637
4363,9654.1
4364,9627.6
4365,9660.5
4366,9635.3
4367,9635.2
4368,9660
4369,9606.6
4370,9630.8
4371,9618.8
4372,9604.6
4373,9644.3
4374,9605.9
4375,9622.9
4376,12739.8
4377,15889.7
4378,19002.8
4379,19021
4380,19003.6
4381,19003
4382,19014.9
4383,19010.9
4384,19002.6
4385,15887.7
4386,9605.1
4387,9634.7
4388,9615
4389,9608.6
4390,9640.5
4391,9605.6
4392,9626.7
4393,9601.6
4394,9581.5
4395,9621.8
4396,9584
4397,9594.6
4398,9609.7
4399,16249.1
4400,19825.5
4401,22522.9
4402,26579.6
4403,27934.9
4404,24215.1
4405,27934.6
4406,26581.8
4407,25228.6
4408,21509.5
4409,14073.1
4410,11589.8
4411,11613.8
4412,11599.7
4413,9827.7
4414,9590
4415,9614.2
4416,9582.8
4417,9586.2
4418,9575.7
4419,9559.4
4420,9600.1
4421,9561.9
4422,9573.2
4423,9587.1
4424,12687.3
4425,15808.7
4426,18909.6
4427,18914.2
4428,18931.5
4429,18913.5
4430,18913.3
4431,18928.8
4432,18918.5
4433,15805.5
4434,9566.6
4435,9589.8
4436,9560.6
4437,9586.6
4438,9574.1
4439,9559.3
4440,9600.2
4441,9541.5
4442,9552.8
4443,9564.7
4444,9538.8
4445,9567.9
4446,9549.9
4447,16173.4
4448,19739.1
4449,22415.5
4450,26460.9
4451,27805.3
4452,24101.3
4453,27808
4454,26459
4455,25112
4456,21410.2
4457,14008
4458,11539.1
4459,11561
4460,11542.2
4461,9787.5
4462,9539.7
4463,9577.2
4464,9540
4465,9535
4466,9541.9
4467,9517.8
4468,9548.1
4469,9528.2
4470,9518.3
4471,16159.9
4472,19679.6
4473,22373.7
4474,26401.6
4475,27746.1
4476,24048.5
4477,27745.6
4478,26401.4
4479,25058.6
4480,21365.6
4481,13980.1
4482,11515.2
4483,11513.2
4484,11535.8
4485,9747
4486,9555
4487,9521.6
4488,9525.6
4489,9530.5
4490,9498.2
4491,9518.3
4492,9516.5
4493,9497
4494,9531.8
4495,16109.9
4496,19634.9
4497,22322.7
4498,26341
4499,27685.1
4500,23999.4
4501,27682.1
4502,26342.9
4503,25005.1
4504,21320.1
4505,13939.4
4506,11509.1
4507,11478.4
4508,11502.8
4509,9742.2
4510,9521.8
4511,9497.4
4512,9526.5
4513,9490.1
4514,9476.5
4515,9517.3
4516,9479.1
4517,9487.8
4518,9507
4519,9478
4520,13074.4
4521,16350.5
4522,19506.8
4523,19501.1
4524,19338.8
4525,19339.4
4526,19322.2
4527,19323.7
4528,19312.8
4529,15903.1
4530,9472.6
4531,9517.3
4532,9479
4533,9489.1
4534,9505.7
4535,9478
4536,9501.4
4537,9475.6
4538,9457.5
4539,9493.2
4540,9463.6
4541,9461.7
4542,9494.2
4543,9459.3
4544,12563.1
4545,15626.4
4546,18718
4547,18707.1
4548,18719.6
4549,18715.9
4550,18707.1
4551,18719.5
4552,18716.3
4553,15633.8
4554,9462.6
4555,9489.5
4556,9458.9
4557,9477.6
4558,9478.6
4559,9457.9
4560,9489.1
4561,9450
4562,9438.2
4563,9479.2
4564,9440.9
4565,9448.1
4566,9470.1
4567,16005.2
4568,19520.2
4569,22183.4
4570,26175.8
4571,27512
4572,23850
4573,27509.1
4574,26178.6
4575,24849.5
4576,21187.3
4577,13855.6
4578,11431.9
4579,11405.6
4580,11440.7
4581,9669.8
4582,9475.9
4583,9440.6
4584,9452.2
4585,9448.9
4586,9421.4
4587,9443.3
4588,9438.6
4589,9420.5
4590,9453.1
4591,15980.5
4592,19471.7
4593,22140.5
4594,26125.6
4595,27458.9
4596,23801.6
4597,27457.1
4598,26128
4599,24798.2
4600,21143.2
4601,13838.4
4602,11388
4603,11407.3
4604,11415.6
4605,9650.5
4606,9437
4607,9444.7
4608,9421
4609,9429.5
4610,9418.1
4611,9402.6
4612,9437.3
4613,9409.9
4614,9403.1
4615,15962.4
4616,19437.6
4617,22100.2
4618,26081.5
4619,27401.1
4620,23752.5
4621,27408
4622,26076.6
4623,24748.1
4624,21100.3
4625,13803.7
4626,11383.5
4627,11396.2
4628,11360.8
4629,9665.7
4630,9403.9
4631,9420.6
4632,9425.8
4633,9387.1
4634,9411.2
4635,9400.9
4636,9385.4
4637,9419
4638,9393.5
4639,15912.3
4640,19418.6
4641,22053.6
4642,26024.6
4643,27352.9
4644,23714.3
4645,27350
4646,26027.9
4647,24706.7
4648,21065.7
4649,13776.5
4650,11366.2
4651,11342.3
4652,11376.1
4653,9611.6
4654,9425.7
4655,9387.8
4656,9391.6
4657,9404.3
4658,9370.6
4659,9381.8
4660,9396.7
4661,9370
4662,9388.7
4663,15896.5
4664,19364.8
4665,22017.6
4666,25981.4
4667,27304.2
4668,23665.7
4669,27306
4670,25982.5
4671,24657.2
4672,21023.1
4673,13754.2
4674,11339.5
4675,11355.2
4676,11321.3
4677,9629.4
4678,9369.9
4679,9387
4680,9391.7
4681,9354.4
4682,9377.1
4683,9369.5
4684,9352.9
4685,9383.1
4686,9363.7
4687,9352.4
4688,12902.3
4689,16139.7
4690,19243.2
4691,19243.5
4692,19080.5
4693,19080.5
4694,19071.4
4695,19060.1
4696,19055.1
4697,15694
4698,9359
4699,9367.1
4700,9379.3
4701,9353.8
4702,9373.1
4703,9373.5
4704,9353.2
4705,9364.2
4706,9352.4
4707,9337.3
4708,9368.6
4709,9347.4
4710,9336.9
4711,9373.9
4712,12374.7
4713,15440.1
4714,18466.6
4715,18481.7
4716,18464.1
4717,18474.9
4718,18475.7
4719,18464.4
4720,18481.6
4721,15421.1
4722,9368.4
4723,9344
4724,9336.6
4725,9377.4
4726,9339.7
4727,9341.3
4728,9373.7
4729,9325.2
4730,9331
4731,9354.3
4732,9323.9
4733,9335.5
4734,9350
4735,15806.1
4736,19274.7
4737,21905.3
4738,25847.5
4739,27167
4740,23549.3
4741,27165.7
4742,25852.8
4743,24532.3
4744,20918.3
4745,13687.7
4746,11273.5
4747,11299
4748,11273.4
4749,9572.9
4750,9322.6
4751,9348.6
4752,9337.1
4753,9308.8
4754,9338.3
4755,9318.9
4756,9307.7
4757,9342.2
4758,9315.3
4759,15779.8
4760,19254.1
4761,21869
4762,25805
4763,27123.3
4764,23513.7
4765,27121.5
4766,25809
4767,24498.6
4768,20885.9
4769,13669.4
4770,11248.3
4771,11279.7
4772,11267
4773,9547.5
4774,9307.3
4775,9346.8
4776,9311.1
4777,9296.3
4778,9333.2
4779,9296.5
4780,9298.5
4781,9330.3
4782,9296.1
4783,15755.9
4784,19229.3
4785,21835.8
4786,25767.1
4787,27081.8
4788,23478.3
4789,27079.8
4790,25770
4791,24461.6
4792,20855.4
4793,13649.9
4794,11231.9
4795,11259.4
4796,11253.3
4797,9530.3
4798,9295.1
4799,9333.6
4800,9296.4
4801,9285.6
4802,9317.6
4803,9283.1
4804,9287.1
4805,9315.4
4806,9282.8
4807,15733.5
4808,19201.7
4809,21804.4
4810,25729.5
4811,27042.6
4812,23444.3
4813,27040.8
4814,25732.7
4815,24426.3
4816,20824.3
4817,13629.3
4818,11215.1
4819,11247.5
4820,11232.9
4821,9521.2
4822,9280.5
4823,9316.7
4824,9286.9
4825,9268.5
4826,9306.1
4827,9272.4
4828,9267.6
4829,9307.9
4830,9271
4831,15711.8
4832,19172.4
4833,21774
4834,25692.7
4835,27005.7
4836,23411.5
4837,27004.4
4838,25700.1
4839,24388.8
4840,20795.2
4841,13607.6
4842,11207.5
4843,11233.5
4844,11205.9
4845,9519.8
4846,9269
4847,9289.4
4848,9288.3
4849,9257.7
4850,9278.7
4851,9275
4852,9256.8
4853,9279.7
4854,9273.9
4855,9256.7
4856,12768.8
4857,15963.4
4858,19051.3
4859,19032.5
4860,18880.4
4861,18893.6
4862,18862.4
4863,18854.7
4864,18864.2
4865,15515.9
4866,9287.7
4867,9258.1
4868,9265.8
4869,9287.5
4870,9258
4871,9267
4872,9286.4
4873,9247.2
4874,9256.3
4875,9274.3
4876,9246.4
4877,9256.8
4878,9273.8
4879,9246.4
4880,12279.7
4881,15272.6
4882,18284.9
4883,18281.8
4884,18296
4885,18278
4886,18294.1
4887,18285.1
4888,18279.9
4889,15280.3
4890,9270.1
4891,9245.8
4892,9264
4893,9266.8
4894,9245.8
4895,9264.5
4896,9266.3
4897,9235.5
4898,9253.9
4899,9255.4
4900,9234.8
4901,9253.8
4902,9255.4
4903,15654.9
4904,19090.3
4905,21693.8
4906,25598
4907,26906.8
4908,23319.5
4909,26905.1
4910,25602.3
4911,24295.6
4912,20714.8
4913,13549.4
4914,11190.7
4915,11173.1
4916,11170.6
4917,9479
4918,9252.9
4919,9234.6
4920,9256.8
4921,9243
4922,9224.4
4923,9245.8
4924,9242.9
4925,9224.5
4926,9245.4
4927,15645.8
4928,19059.5
4929,21671.4
4930,25576.7
4931,26870.4
4932,23295
4933,26872.6
4934,25570.7
4935,24274.7
4936,20696.4
4937,13538.2
4938,11163.1
4939,11153.9
4940,11179.7
4941,9447.1
4942,9243.4
4943,9245.3
4944,9224.6
4945,9233.8
4946,9236.4
4947,9215.2
4948,9232.1
4949,9237.4
4950,9215.2
4951,15622.8
4952,19059.4
4953,21645.7
4954,25542.2
4955,26844.5
4956,23272.8
4957,26843.3
4958,25547.5
4959,24243.6
4960,20671.5
4961,13525.8
4962,11146.8
4963,11167.7
4964,11132.1
4965,9472.6
4966,9215.8
4967,9222.6
4968,9246.6
4969,9207.7
4970,9212.3
4971,9238.9
4972,9207.2
4973,9210.7
4974,9240.3
4975,15606
4976,19021.2
4977,21625.8
4978,25518.4
4979,26819.2
4980,23244
4981,26821.2
4982,25517.9
4983,24223
4984,20652
4985,13509.1
4986,11153.6
4987,11117.5
4988,11157.5
4989,9427.1
4990,9239.1
4991,9213.1
4992,9205
4993,9229.6
4994,9206.3
4995,9196.7
4996,9227.2
4997,9208.2
4998,9196.8
4999,15600.6
5000,19015.8
5001,21604
5002,25496.5
5003,26792.4
5004,23228.1
5005,26790.9
5006,25496
5007,24199
5008,20632.1
5009,13500.6
5010,11123
5011,11146.7
5012,11112.9
5013,9452.7
5014,9198.3
5015,9206.8
5016,9227.6
5017,9191.3
5018,9196.8
5019,9222
5020,9191.1
5021,9194.5
5022,9224.3
5023,9191.2
5024,12675.8
5025,15847.6
5026,18899.3
5027,18890.1
5028,18750.3
5029,18751.1
5030,18715.2
5031,18724.6
5032,18726.7
5033,15406.6
5034,9191.2
5035,9223.7
5036,9191.2
5037,9192.8
5038,9225.9
5039,9191.4
5040,9190.4
5041,9221.4
5042,9184.3
5043,9181.2
5044,9219.9
5045,9185.9
5046,9181.4
5047,9217
5048,12165.1
5049,15180
5050,18163
5051,18161.5
5052,18151.8
5053,18172.8
5054,18150.8
5055,18167
5056,18158.8
5057,15179.6
5058,9179.8
5059,9202.2
5060,9202.7
5061,9182.8
5062,9199.5
5063,9205.4
5064,9183
5065,9190.4
5066,9201.6
5067,9176.8
5068,9186.9
5069,9204.6
5070,9177
5071,15553
5072,18980.6
5073,21551.4
5074,25430.2
5075,26729.8
5076,23171.6
5077,26729.4
5078,25437.4
5079,24138
5080,20580.8
5081,13462.5
5082,11117.7
5083,11102.1
5084,11099.3
5085,9416.8
5086,9196.2
5087,9176.3
5088,9192.8
5089,9193.4
5090,9170.6
5091,9183.6
5092,9196.2
5093,9170.9
5094,9180.1
5095,15556.3
5096,18945.7
5097,21542.5
5098,25422.3
5099,26709.9
5100,23159
5101,26707.9
5102,25417.3
5103,24127.4
5104,20569.7
5105,13462.3
5106,11081.3
5107,11113.8
5108,11087.4
5109,9416.9
5110,9170.2
5111,9187.4
5112,9192.5
5113,9165.6
5114,9178.5
5115,9190.7
5116,9165.6
5117,9174.8
5118,9194.2
5119,15535.5
5120,18936.3
5121,21527.2
5122,25402.5
5123,26696.4
5124,23138
5125,26698.9
5126,25401.8
5127,24114.5
5128,20560.9
5129,13448.8
5130,11091.1
5131,11081.1
5132,11107.2
5133,9386.1
5134,9179.6
5135,9189.6
5136,9165.5
5137,9171.5
5138,9188.5
5139,9161.2
5140,9167.3
5141,9192.3
5142,9161.5
5143,15525.7
5144,18944.6
5145,21513.7
5146,25385.4
5147,26683
5148,23130.6
5149,26682.9
5150,25391.6
5151,24095.3
5152,20544.1
5153,13441.7
5154,11100.1
5155,11072.9
5156,11089.5
5157,9388.8
5158,9191.8
5159,9161.5
5160,9163.9
5161,9191.7
5162,9157.7
5163,9155.8
5164,9194.6
5165,9158
5166,9154.8
5167,15533.7
5168,18925.1
5169,21505.5
5170,25381
5171,26669.2
5172,23121.6
5173,26668.1
5174,25381.6
5175,24085.5
5176,20536.9
5177,13436.7
5178,11080.5
5179,11092.2
5180,11059.7
5181,9412.9
5182,9160.4
5183,9155
5184,9188.9
5185,9160.6
5186,9151.9
5187,9180.8
5188,9164.6
5189,9152.2
5190,9176.6
5191,9168.7
5192,12613.7
5193,15793.5
5194,18809.7
5195,18814.4
5196,18681.1
5197,18662.7
5198,18641.6
5199,18655.5
5200,18637.9
5201,15352.4
5202,9155.8
5203,9162.8
5204,9182
5205,9153.8
5206,9158.5
5207,9186.1
5208,9154.1
5209,9151.6
5210,9187.5
5211,9151.6
5212,9148.5
5213,9185.9
5214,9154.4
5215,9148.9
5216,12152.6
5217,15112.5
5218,18100.5
5219,18085.1
5220,18108.3
5221,18084.8
5222,18101.2
5223,18092.4
5224,18089.8
5225,15114.9
5226,9180.1
5227,9151.1
5228,9154.1
5229,9184.9
5230,9151.5
5231,9149.7
5232,9188.3
5233,9149.7
5234,9146.5
5235,9181.8
5236,9154
5237,9146.8
5238,9177.4
5239,15509.8
5240,18896.7
5241,21487.2
5242,25359.2
5243,26642.4
5244,23101.4
5245,26641.3
5246,25353.7
5247,24068.2
5248,20519.8
5249,13431
5250,11050.2
5251,11084.2
5252,11067.1
5253,9387.4
5254,9147.1
5255,9171.5
5256,9163.6
5257,9146.2
5258,9165.4
5259,9166.7
5260,9146.4
5261,9160.7
5262,9171.2
5263,15503.8
5264,18899.7
5265,21482.3
5266,25349.2
5267,26641.8
5268,23089.9
5269,26643.6
5270,25349.1
5271,24064.5
5272,20517.5
5273,13422.5
5274,11064.8
5275,11062.4
5276,11084.4
5277,9367.3
5278,9155
5279,9176.6
5280,9147.4
5281,9149.6
5282,9180.2
5283,9146.9
5284,9144.8
5285,9183.6
5286,9147.3
5287,15500.5
5288,18909.2
5289,21478.9
5290,25344.2
5291,26641.2
5292,23089
5293,26639.9
5294,25348.7
5295,24056.2
5296,20514.2
5297,13419.6
5298,11081.7
5299,11044
5300,11082.8
5301,9364.9
5302,9177.8
5303,9152.9
5304,9144.4
5305,9172.8
5306,9157.2
5307,9144.5
5308,9168.2
5309,9161.8
5310,9144.8
5311,15504
5312,18912.5
5313,21479.7
5314,25343.3
5315,26637.1
5316,23091.7
5317,26636.7
5318,25349.6
5319,24054.6
5320,20509.8
5321,13415.8
5322,11081.9
5323,11060.8
5324,11064.4
5325,9380.1
5326,9169.9
5327,9145.7
5328,9155.1
5329,9174.5
5330,9146.4
5331,9150.8
5332,9179
5333,9146.8
5334,9146.1
5335,15517.1
5336,18898.7
5337,21479.7
5338,25352.3
5339,26636.9
5340,23093.9
5341,26635.7
5342,25350.1
5343,24057.6
5344,20512.3
5345,13420.9
5346,11066.5
5347,11079.8
5348,11045.9
5349,9402.3
5350,9149.3
5351,9144.2
5352,9177.9
5353,9154.2
5354,9145.5
5355,9173.9
5356,9158.7
5357,9145.9
5358,9169.4
5359,9163.2
5360,12604.1
5361,15783.2
5362,18795.7
5363,18802
5364,18667
5365,18649.5
5366,18629.7
5367,18641.1
5368,18624.5
5369,15341.3
5370,9151.4
5371,9153.1
5372,9178.7
5373,9147.7
5374,9148.6
5375,9183.2
5376,9148.1
5377,9146.5
5378,9184.5
5379,9151.9
5380,9146.8
5381,9179.8
5382,9156.3
5383,9147.2
5384,12150
5385,15109.4
5386,18094.4
5387,18082.6
5388,18102.3
5389,18080.9
5390,18099.8
5391,18086.1
5392,18088.6
5393,15108.2
5394,9181.1
5395,9149.6
5396,9147.3
5397,9186.1
5398,9150.2
5399,9146.7
5400,9181.8
5401,9156.7
5402,9149.3
5403,9179.2
5404,9161.1
5405,9149.6
5406,9174.9
5407,15516
5408,18902.4
5409,21493.4
5410,25365.6
5411,26649.9
5412,23107.8
5413,26647.7
5414,25360.6
5415,24074.5
5416,20525.3
5417,13433.8
5418,11053
5419,11089.7
5420,11066.5
5421,9392.9
5422,9149.8
5423,9170.5
5424,9169.5
5425,9153.1
5426,9169
5427,9176.6
5428,9153.6
5429,9164.7
5430,9180.7
5431,15515.1
5432,18912.3
5433,21498.9
5434,25369.2
5435,26661.2
5436,23107.5
5437,26664
5438,25368.4
5439,24082.9
5440,20533.4
5441,13432.6
5442,11073.3
5443,11070.4
5444,11092.7
5445,9374.2
5446,9162.7
5447,9182.6
5448,9154.1
5449,9161.9
5450,9190.1
5451,9158
5452,9158
5453,9194.1
5454,9158.2
5455,15519.6
5456,18934.1
5457,21505.5
5458,25375.7
5459,26672.8
5460,23119.9
5461,26672.6
5462,25381.6
5463,24085.6
5464,20538.3
5465,13436.1
5466,11095.5
5467,11063.3
5468,11090.3
5469,9378.9
5470,9194.1
5471,9158.2
5472,9155.1
5473,9196.7
5474,9164.8
5475,9159.5
5476,9193.1
5477,9168.6
5478,9159.8
5479,15537.7
5480,18938.5
5481,21516.4
5482,25391.4
5483,26682.9
5484,23133.2
5485,26681.9
5486,25394.5
5487,24096.5
5488,20547
5489,13442.6
5490,11088.9
5491,11094.4
5492,11068.7
5493,9413.7
5494,9168.5
5495,9159.8
5496,9189.7
5497,9176.2
5498,9164.8
5499,9190.5
5500,9180
5501,9165.1
5502,9186.9
5503,15543.5
5504,18934.8
5505,21530
5506,25409
5507,26695.1
5508,23147
5509,26692.9
5510,25403.6
5511,24115.5
5512,20560.1
5513,13457.3
5514,11072.1
5515,11105.1
5516,11089.5
5517,9404.4
5518,9164.6
5519,9191.4
5520,9179.1
5521,9170.1
5522,9193.2
5523,9188
5524,9170.7
5525,9189.9
5526,9191.2
5527,9170.9
5528,12649.3
5529,15813.8
5530,18865.7
5531,18849.9
5532,18704.7
5533,18716.9
5534,18675.4
5535,18680.1
5536,18691.8
5537,15370.1
5538,9179.3
5539,9197.8
5540,9171.6
5541,9179.8
5542,9201
5543,9171.9
5544,9176.4
5545,9209.9
5546,9178.1
5547,9179.4
5548,9213.1
5549,9178.4
5550,9176.3
5551,9215.5
5552,12156.1
5553,15169.3
5554,18148.5
5555,18151.7
5556,18139.2
5557,18162.2
5558,18138.9
5559,18153.4
5560,18148.4
5561,15170.1
5562,9172.3
5563,9198.7
5564,9194.4
5565,9176.7
5566,9195.7
5567,9197.5
5568,9176.9
5569,9198.9
5570,9207
5571,9183.9
5572,9196.5
5573,9209.6
5574,9184
5575,15565.5
5576,18996.5
5577,21570.1
5578,25450.1
5579,26751.2
5580,23190.3
5581,26750.5
5582,25458.3
5583,24157.5
5584,20597.6
5585,13474.7
5586,11122.1
5587,11116
5588,11102.5
5589,9430.7
5590,9197.1
5591,9182.9
5592,9207.3
5593,9206.2
5594,9190.4
5595,9211.9
5596,9208.9
5597,9190.6
5598,9209.7
5599,15587.9
5600,18988.2
5601,21590.4
5602,25479.8
5603,26769.8
5604,23211.6
5605,26768.4
5606,25474.8
5607,24182.8
5608,20618.4
5609,13495.5
5610,11106.7
5611,11127.6
5612,11128.6
5613,9421.6
5614,9189.3
5615,9228.7
5616,9193
5617,9196.6
5618,9234.3
5619,9202.9
5620,9197.2
5621,9232.3
5622,9204.8
5623,15591.6
5624,19020
5625,21606.1
5626,25494.6
5627,26796.8
5628,23228.8
5629,26796.6
5630,25499.6
5631,24198
5632,20631.6
5633,13496.2
5634,11146.6
5635,11125.1
5636,11129.6
5637,9436.3
5638,9221.8
5639,9198.9
5640,9212.8
5641,9231.4
5642,9207.5
5643,9219.8
5644,9233.4
5645,9207.6
5646,9218.3
5647,15619
5648,19023.4
5649,21630
5650,25526.7
5651,26818.5
5652,23253.6
5653,26816.1
5654,25520.9
5655,24226.5
5656,20655.5
5657,13519.8
5658,11126.7
5659,11147.1
5660,11149.1
5661,9437.8
5662,9206.9
5663,9245.7
5664,9208.5
5665,9214.2
5666,9254.6
5667,9217.9
5668,9214.5
5669,9253.5
5670,9218.8
5671,15621.3
5672,19058.9
5673,21647.5
5674,25543.3
5675,26848.5
5676,23274
5677,26848
5678,25549.8
5679,24244.9
5680,20672.2
5681,13523.2
5682,11161.6
5683,11156.7
5684,11140.8
5685,9466.7
5686,9227.2
5687,9215.2
5688,9244.3
5689,9236.8
5690,9225
5691,9253.1
5692,9238
5693,9225
5694,9252.9
5695,9238.5
5696,12719.6
5697,15915.5
5698,18967.3
5699,18965.4
5700,18830.6
5701,18820.3
5702,18789.8
5703,18802.7
5704,18797.9
5705,15470.2
5706,9223.3
5707,9263.1
5708,9227.2
5709,9226.7
5710,9263.6
5711,9227.3
5712,9226.1
5713,9273.7
5714,9237.6
5715,9236.5
5716,9274.3
5717,9237.6
5718,9236.4
5719,9274.3
5720,12237
5721,15268.2
5722,18263.3
5723,18274.3
5724,18258.5
5725,18277.4
5726,18262.9
5727,18262.9
5728,18276.1
5729,15259.5
5730,9236.9
5731,9270.3
5732,9237.2
5733,9240.7
5734,9270.3
5735,9237.3
5736,9240.7
5737,9280.5
5738,9248.1
5739,9252.2
5740,9280.6
5741,9248.1
5742,9252.7
5743,15690
5744,19107.2
5745,21725.8
5746,25639.4
5747,26937
5748,23355.9
5749,26935.4
5750,25633.6
5751,24333.6
5752,20747.2
5753,13573.5
5754,11186.5
5755,11184.7
5756,11206.5
5757,9470
5758,9263
5759,9270
5760,9247
5761,9274.6
5762,9280.8
5763,9258.5
5764,9276.4
5765,9279.7
5766,9258.3
5767,15699.2
5768,19147.3
5769,21748.4
5770,25666.9
5771,26972.6
5772,23384.2
5773,26970.7
5774,25666.5
5775,24363.5
5776,20771.4
5777,13594.9
5778,11186.3
5779,11218
5780,11204.8
5781,9496.9
5782,9257.1
5783,9292.5
5784,9264.3
5785,9268.4
5786,9306.1
5787,9274.9
5788,9269
5789,9307.9
5790,9273.2
5791,15714.1
5792,19174.6
5793,21777.2
5794,25696.4
5795,27009.6
5796,23414.5
5797,27008.3
5798,25704
5799,24392
5800,20798.3
5801,13609.4
5802,11209.5
5803,11235.1
5804,11207
5805,9521.5
5806,9270.3
5807,9290.2
5808,9290
5809,9282.2
5810,9305
5811,9300.6
5812,9282.6
5813,9307.4
5814,9298.2
5815,15736.8
5816,19195.4
5817,21808.7
5818,25733.4
5819,27047.9
5820,23446.5
5821,27046.8
5822,25740
5823,24424.9
5824,20827
5825,13626.8
5826,11229.9
5827,11250.3
5828,11217.5
5829,9539.4
5830,9283.5
5831,9297.6
5832,9307.9
5833,9295.9
5834,9313.7
5835,9318.5
5836,9296.3
5837,9316.7
5838,9315.4
5839,15759.8
5840,19221.7
5841,21840.7
5842,25771.1
5843,27087.4
5844,23480.6
5845,27086.2
5846,25777.4
5847,24460.5
5848,20857.2
5849,13647
5850,11244.4
5851,11266.4
5852,11236
5853,9550.5
5854,9296.4
5855,9314.6
5856,9317.6
5857,9309.3
5858,9331.9
5859,9328
5860,9309.8
5861,9335.6
5862,9324.3
5863,9309.4
5864,12842.3
5865,16059.6
5866,19158.3
5867,19148.3
5868,18990.5
5869,18995.4
5870,18979.9
5871,18964.6
5872,18965.2
5873,15618.8
5874,9327.6
5875,9309.2
5876,9343.8
5877,9316.9
5878,9308.9
5879,9347.4
5880,9313.2
5881,9323.9
5882,9363.3
5883,9326.1
5884,9329.4
5885,9358.9
5886,9325.7
5887,9333.9
5888,12374.7
5889,15407.9
5890,18458.3
5891,18440.5
5892,18439.2
5893,18456.3
5894,18437
5895,18446.9
5896,18449.8
5897,15410.5
5898,9323.6
5899,9360.8
5900,9325.8
5901,9331.9
5902,9356.4
5903,9325.5
5904,9336.4
5905,9366.2
5906,9340.1
5907,9356.7
5908,9362
5909,9339.6
5910,9362.1
5911,9356.9
5912,12393.6
5913,15438
5914,18463.2
5915,18480.4
5916,18476.9
5917,18467.7
5918,18487
5919,18470.9
5920,18468.8
5921,15438.3
5922,9362.4
5923,9339.3
5924,9365.2
5925,9353.6
5926,9338.8
5927,9370.6
5928,9348.5
5929,9353.1
5930,9392
5931,9358.6
5932,9356.5
5933,9392.8
5934,9356.5
5935,15858.9
5936,19355.1
5937,21978.8
5938,25939
5939,27260.3
5940,23634.4
5941,27257.5
5942,25940
5943,24623.5
5944,20994.4
5945,13732.2
5946,11324.3
5947,11309.1
5948,11338.2
5949,9580.1
5950,9387.5
5951,9362.8
5952,9353.8
5953,9409.2
5954,9373.3
5955,9375.2
5956,9406.5
5957,9372.4
5958,9381.9
5959,15902.8
5960,19369.4
5961,22022.4
5962,25990.3
5963,27306.3
5964,23669.9
5965,27311.9
5966,25986.8
5967,24661.9
5968,21026.8
5969,13755.2
5970,11347
5971,11353.5
5972,11320.7
5973,9637.2
5974,9372.3
5975,9381.4
5976,9400.4
5977,9387.6
5978,9405.5
5979,9410
5980,9387.8
5981,9413.1
5982,9402.5
5983,15915.9
5984,19418.7
5985,22058.9
5986,26028.8
5987,27358.5
5988,23717.6
5989,27355.9
5990,26033
5991,24711.7
5992,21069.5
5993,13782.3
5994,11362.9
5995,11350.3
5996,11378.1
5997,9613.8
5998,9421.1
5999,9394.8
6000,9386.8
6001,9443.9
6002,9406.7
6003,9412.9
6004,9436.9
6005,9406
6006,9421.5
6007,15959.2
6008,19440.2
6009,22103
6010,26082.6
6011,27410.6
6012,23757.8
6013,27411.5
6014,26084.1
6015,24752.9
6016,21106
6017,13809.9
6018,11373.6
6019,11398.8
6020,11376.9
6021,9653.3
6022,9404.3
6023,9439.8
6024,9410.9
6025,9423.1
6026,9460.9
6027,9424.3
6028,9433.7
6029,9452.3
6030,9422.9
6031,9443.1
6032,12982.2
6033,16275.4
6034,19377.5
6035,19385.7
6036,19237.8
6037,19225.5
6038,19200.1
6039,19209.5
6040,19209.7
6041,15797.4
6042,9441.7
6043,9440
6044,9422.3
6045,9455.3
6046,9430.9
6047,9422.2
6048,9462.6
6049,9441.7
6050,9450.8
6051,9471.3
6052,9441.9
6053,9461.1
6054,9461.2
6055,9441
6056,12540.9
6057,15597.5
6058,18691.6
6059,18672.7
6060,18677.8
6061,18688.6
6062,18672.7
6063,18678.7
6064,18688.2
6065,15599.5
6066,9455.9
6067,9462.6
6068,9441
6069,9470.1
6070,9452.6
6071,9440.3
6072,9480.7
6073,9460.9
6074,9467.9
6075,9492.1
6076,9460.9
6077,9479.1
6078,9481
6079,16039.9
6080,19569.4
6081,22232
6082,26233.4
6083,27573
6084,23904.7
6085,27569.6
6086,26237.2
6087,24905.9
6088,21229.6
6089,13884.2
6090,11464.2
6091,11440.9
6092,11449.4
6093,9711.8
6094,9476.6
6095,9459.5
6096,9495.6
6097,9483.7
6098,9484
6099,9514.7
6100,9480.6
6101,9496.1
6102,9502.8
6103,16073.3
6104,19609.5
6105,22278.6
6106,26288
6107,27630.7
6108,23954.7
6109,27627.1
6110,26292.1
6111,24957.9
6112,21272.6
6113,13912.8
6114,11487.9
6115,11470.3
6116,11467.1
6117,9739.5
6118,9488.6
6119,9480.5
6120,9517.8
6121,9499.7
6122,9513.5
6123,9525.4
6124,9499.6
6125,9526.6
6126,9512.5
6127,16106.5
6128,19657.2
6129,22322.4
6130,26347.8
6131,27689.2
6132,24004.7
6133,27687.4
6134,26348.2
6135,25006.8
6136,21320
6137,13945.5
6138,11505.6
6139,11510.1
6140,11479.1
6141,9765.6
6142,9500.1
6143,9520.2
6144,9518.8
6145,9518.3
6146,9554.6
6147,9526
6148,9525.3
6149,9554.4
6150,9520.9
6151,16148.9
6152,19691.9
6153,22375
6154,26411.3
6155,27748.4
6156,24053.3
6157,27754.3
6158,26407.5
6159,25061.5
6160,21368.7
6161,13982.6
6162,11508.6
6163,11537.4
6164,11529.2
6165,9759
6166,9531.7
6167,9548.1
6168,9520.3
6169,9565.9
6170,9555
6171,9540.1
6172,9581.1
6173,9542.6
6174,9553.9
6175,16195
6176,19726.7
6177,22428.9
6178,26466
6179,27815.5
6180,24110.3
6181,27812.7
6182,26466.4
6183,25122.2
6184,21419.9
6185,14004.2
6186,11562
6187,11531.4
6188,11555.7
6189,9788.4
6190,9563.9
6191,9540.8
6192,9573.8
6193,9569.1
6194,9567.4
6195,9597.4
6196,9563.4
6197,9583.5
6198,9581.6
6199,9561.9
6200,13192.1
6201,16510
6202,19671.9
6203,19684.1
6204,19522
6205,19515.5
6206,19490.2
6207,19495.2
6208,19503
6209,16027
6210,9598.3
6211,9564.1
6212,9576.1
6213,9588.8
6214,9562.6
6215,9592.4
6216,9573
6217,9585.6
6218,9621.7
6219,9585.6
6220,9604.3
6221,9604.8
6222,9584
6223,9621.8
6224,12707.8
6225,15853.5
6226,18959.6
6227,18973
6228,18971.5
6229,18961.9
6230,18965.7
6231,18977.9
6232,18961.6
6233,15852.5
6234,9579.3
6235,9624.5
6236,9586
6237,9600
6238,9609.1
6239,9584.4
6240,9617.3
6241,9613.4
6242,9613.7
6243,9640.3
6244,9607.7
6245,9631.9
6246,9622.3
6247,16290.3
6248,19881.7
6249,22577.7
6250,26654.9
6251,28007.7
6252,24277.4
6253,28013.2
6254,26654
6255,25295.1
6256,21567.9
6257,14115.2
6258,11617.6
6259,11629
6260,11644
6261,9838.7
6262,9641.4
6263,9613.4
6264,9615.3
6265,9660.3
6266,9630.6
6267,9657.7
6268,9642.7
6269,9632.3
6270,9667.3
6271,16331.4
6272,19922.4
6273,22639.4
6274,26713.5
6275,28077.2
6276,24337.5
6277,28077.1
6278,26717
6279,25357
6280,21620.1
6281,14146.6
6282,11644.4
6283,11667.6
6284,11669.3
6285,9864.8
6286,9653.5
6287,9646.6
6288,9629.2
6289,9692.2
6290,9654.9
6291,9672.5
6292,9674.7
6293,9653
6294,9693.4
6295,16371.7
6296,19968.6
6297,22695.9
6298,26780.3
6299,28147.3
6300,24398.9
6301,28146.2
6302,26783.4
6303,25420
6304,21673.8
6305,14182.2
6306,11673.6
6307,11693.5
6308,11700.1
6309,9886.9
6310,9681.8
6311,9665.6
6312,9657.4
6313,9712
6314,9678.4
6315,9703.1
6316,9692.2
6317,9679.5
6318,9715.2
6319,16412.7
6320,20023
6321,22751.4
6322,26849
6323,28217.7
6324,24458.8
6325,28223.1
6326,26852.6
6327,25484.2
6328,21729.3
6329,14219
6330,11709.7
6331,11706.2
6332,11729.7
6333,9915.3
6334,9713.2
6335,9678.3
6336,9703.5
6337,9715.1
6338,9704.9
6339,9738.8
6340,9702.8
6341,9727.7
6342,9716.5
6343,16452.5
6344,20079.8
6345,22807.1
6346,26925.1
6347,28288.5
6348,24522.6
6349,28292.9
6350,26921.8
6351,25553.6
6352,21785.6
6353,14241.2
6354,11757.7
6355,11741.2
6356,11735.9
6357,9976.1
6358,9703.3
6359,9720.2
6360,9723.9
6361,9724.9
6362,9766.8
6363,9728.4
6364,9746.7
6365,9747.2
6366,9726.2
6367,9767.1
6368,13407
6369,16796
6370,20019.2
6371,20016.2
6372,19857.9
6373,19857.5
6374,19838.2
6375,19842.4
6376,19832
6377,16314.7
6378,9753.4
6379,9736.6
6380,9735.8
6381,9758
6382,9727.2
6383,9759.7
6384,9734.7
6385,9762.1
6386,9781
6387,9752.3
6388,9788.8
6389,9756.7
6390,9767.7
6391,9776.9
6392,12950.6
6393,16121.1
6394,19304.5
6395,19300.3
6396,19302.3
6397,19315.9
6398,19302.1
6399,19300.3
6400,19302.4
6401,16131.1
6402,9769.9
6403,9760.9
6404,9783.8
6405,9752.5
6406,9785.9
6407,9759.6
6408,9764.9
6409,9804.1
6410,9777.9
6411,9817.2
6412,9780
6413,9796.9
6414,9799.4
6415,16583.2
6416,20238.9
6417,22988.9
6418,27140.6
6419,28514.1
6420,24718.8
6421,28517.8
6422,27136.5
6423,25758.4
6424,21952
6425,14360.2
6426,11842.8
6427,11851.3
6428,11829
6429,10036.7
6430,9782.8
6431,9813.1
6432,9778.6
6433,9834.4
6434,9813.3
6435,9816.8
6436,9832.1
6437,9804.1
6438,9844.4
6439,16629.4
6440,20288
6441,23052.8
6442,27208.8
6443,28593.6
6444,24785.9
6445,28597.8
6446,27211.2
6447,25827.7
6448,22015.8
6449,14392.1
6450,11881.8
6451,11878.9
6452,11855.1
6453,10073.5
6454,9803.9
6455,9844.2
6456,9805.8
6457,9851.4
6458,9849.4
6459,9834.7
6460,9867.3
6461,9831.6
6462,9863.7
6463,16681.9
6464,20341
6465,23119.5
6466,27282.6
6467,28673.1
6468,24854.5
6469,28677.2
6470,27286.7
6471,25899.1
6472,22075.4
6473,14432.1
6474,11914.1
6475,11915.1
6476,11888
6477,10096.5
6478,9831.2
6479,9870.8
6480,9831.9
6481,9885.7
6482,9869.4
6483,9870.1
6484,9886.4
6485,9857.9
6486,9898.4
6487,16721.2
6488,20402.8
6489,23177.9
6490,27363.2
6491,28752.7
6492,24924.8
6493,28756.2
6494,27362.9
6495,25971.2
6496,22137
6497,14481.3
6498,11933.2
6499,11948.6
6500,11938.5
6501,10106.9
6502,9880.1
6503,9876.4
6504,9862.9
6505,9919.3
6506,9886.1
6507,9921.7
6508,9890.6
6509,9905.2
6510,9906.4
6511,16767.2
6512,20463.5
6513,23250.4
6514,27443.3
6515,28840.2
6516,24997.7
6517,28834.5
6518,27439.9
6519,26043.1
6520,22204.1
6521,14530
6522,11961.4
6523,11960.3
6524,11982.3
6525,10138.9
6526,9911.8
6527,9885.2
6528,9926.1
6529,9913
6530,9943.5
6531,9924.3
6532,9928.1
6533,9939.5
6534,9913.1
6535,9954.1
6536,13670.9
6537,17115.6
6538,20416.2
6539,20408.3
6540,20246.5
6541,20245.7
6542,20219.2
6543,20218.8
6544,20219.1
6545,16647.8
6546,9922.1
6547,9942.4
6548,9925.3
6549,9927.1
6550,9940.6
6551,9913.2
6552,9953.9
6553,9941.3
6554,9973.1
6555,9951.8
6556,9958.5
6557,9965.8
6558,9944.1
6559,9980
6560,13198.1
6561,16442.7
6562,19685.6
6563,19682.6
6564,19683.2
6565,19688.2
6566,19695
6567,19683.9
6568,19682.3
6569,16449.7
6570,9949.1
6571,9971.1
6572,9941.6
6573,9982.1
6574,9943.1
6575,9972.3
6576,9952.3
6577,9985.2
6578,9994.9
6579,9973.5
6580,10008.2
6581,9971.2
6582,10008.7
6583,16915.5
6584,20639
6585,23445.6
6586,27683.9
6587,29087.3
6588,25215.5
6589,29088.2
6590,27680.3
6591,26271.3
6592,22398.3
6593,14655.3
6594,12069.4
6595,12060.5
6596,12083
6597,10236.9
6598,9986.1
6599,9982.9
6600,9999
6601,9997.7
6602,10040.2
6603,10000.6
6604,10035.2
6605,10005.7
6606,10022.4
6607,16980.8
6608,20693.6
6609,23520.9
6610,27761.3
6611,29173.3
6612,25289.8
6613,29175.6
6614,27762.8
6615,26349.5
6616,22465
6617,14700.1
6618,12102.8
6619,12096.4
6620,12119.9
6621,10265.9
6622,10016
6623,10012.2
6624,10028.1
6625,10027.9
6626,10069.5
6627,10030
6628,10067.2
6629,10032.7
6630,10055.3
6631,17028
6632,20757.6
6633,23588.3
6634,27846.6
6635,29260.7
6636,25366.3
6637,29262.2
6638,27845.9
6639,26428.4
6640,22532.4
6641,14737.5
6642,12151.9
6643,12132.4
6644,12142.1
6645,10311.7
6646,10030.5
6647,10059.5
6648,10040.2
6649,10076.4
6650,10080.8
6651,10067.5
6652,10091.3
6653,10059
6654,10099.8
6655,17065.3
6656,20826.4
6657,23661.8
6658,27934.2
6659,29355.2
6660,25444.8
6661,29347.6
6662,27929.4
6663,26508
6664,22600.9
6665,14768.3
6666,12191.3
6667,12192.7
6668,12173.3
6669,10321.8
6670,10077.3
6671,10081.6
6672,10066.6
6673,10120.6
6674,10089.3
6675,10129.8
6676,10090.2
6677,10127.3
6678,10092.4
6679,17132.6
6680,20884.5
6681,23741.4
6682,28014.7
6683,29441.7
6684,25519.8
6685,29444.3
6686,28016.6
6687,26590.2
6688,22668.1
6689,14831.5
6690,12211.5
6691,12209.5
6692,12229.6
6693,10356.4
6694,10107.1
6695,10103.3
6696,10116.2
6697,10122.8
6698,10156.1
6699,10120.1
6700,10160.3
6701,10121
6702,10157.4
6703,10123.8
6704,13964.5
6705,17486.5
6706,20840
6707,20840.5
6708,20674.8
6709,20675
6710,20647.7
6711,20648.9
6712,20651
6713,16992.8
6714,10133.5
6715,10147.9
6716,10132.7
6717,10139.2
6718,10141.4
6719,10130.9
6720,10150
6721,10151.7
6722,10189.1
6723,10151.2
6724,10191.1
6725,10151.9
6726,10188.5
6727,10154.6
6728,13486.9
6729,16789.4
6730,20104.8
6731,20112.3
6732,20112.5
6733,20104.7
6734,20104.5
6735,20103.9
6736,20104.2
6737,16804.5
6738,10151.5
6739,10188.2
6740,10151
6741,10191.2
6742,10151.9
6743,10189.1
6744,10153.7
6745,10211.1
6746,10192.6
6747,10206.2
6748,10198.9
6749,10199.6
6750,10205.4
6751,10193
6752,13521.4
6753,16859.7
6754,20164.3
6755,20167.4
6756,20166.8
6757,20171.3
6758,20174.7
6759,20171.5
6760,20167.1
6761,16837.2
6762,10218.2
6763,10183.2
6764,10220.6
6765,10184.9
6766,10213.5
6767,10191.9
6768,10206.8
6769,10228
6770,10232.7
6771,10235.6
6772,10227.1
6773,10241.3
6774,10221.2
6775,17357
6776,21143.3
6777,24031.4
6778,28366.6
6779,29813.2
6780,25840.9
6781,29807.1
6782,28365.9
6783,26922.2
6784,22947.6
6785,15010
6786,12365.3
6787,12380.2
6788,12380.2
6789,10462
6790,10253.1
6791,10214
6792,10254.1
6793,10244.6
6794,10285.6
6795,10246.9
6796,10282.7
6797,10249.8
6798,10277.8
6799,17391.5
6800,21216.2
6801,24106.4
6802,28460.7
6803,29907.9
6804,25921.5
6805,29910.2
6806,28458.4
6807,27009.4
6808,23024.7
6809,15065.4
6810,12404.9
6811,12399.1
6812,12409.7
6813,10533.5
6814,10246.6
6815,10283.4
6816,10248.7
6817,10309.3
6818,10285.5
6819,10307.4
6820,10289.4
6821,10303.7
6822,10292.7
6823,17451.6
6824,21281.4
6825,24191.6
6826,28546
6827,29999.5
6828,26005.2
6829,30000
6830,28547.5
6831,27094.4
6832,23098
6833,15097.3
6834,12450.6
6835,12457.9
6836,12456.9
6837,10527.1
6838,10318
6839,10278.6
6840,10317.9
6841,10309.5
6842,10350.2
6843,10311.7
6844,10348
6845,10313.7
6846,10345.2
6847,17499.2
6848,21351.1
6849,24263.8
6850,28642.5
6851,30099
6852,26088.2
6853,30100.5
6854,28640.4
6855,27182.3
6856,23174.1
6857,15149
6858,12495.9
6859,12491.9
6860,12478.4
6861,10584.4
6862,10330.4
6863,10331
6864,10327.9
6865,10364.5
6866,10359
6867,10368.2
6868,10357.4
6869,10369.9
6870,10355.4
6871,10371.6
6872,14274.6
6873,17867.2
6874,21307.5
6875,21307.2
6876,21139.1
6877,21139.1
6878,21111
6879,21110.7
6880,21111
6881,17373
6882,10363.8
6883,10358.6
6884,10366.6
6885,10360.3
6886,10365
6887,10362
6888,10363.4
6889,10394.8
6890,10395.7
6891,10397.6
6892,10395
6893,10398.3
6894,10394.3
6895,10399
6896,13787.2
6897,17161.5
6898,20559.2
6899,20561.2
6900,20562
6901,20562.3
6902,20560.8
6903,20557.5
6904,20557.8
6905,17160.4
6906,10412.1
6907,10376.9
6908,10416.5
6909,10376.4
6910,10416.8
6911,10376.3
6912,10416.8
6913,10407.7
6914,10450.1
6915,10409.6
6916,10450.3
6917,10409.6
6918,10450.4
6919,17665.1
6920,21561.6
6921,24507
6922,28919.2
6923,30390.6
6924,26343.8
6925,30390.1
6926,28918.7
6927,27446.8
6928,23395.8
6929,15304
6930,12603.5
6931,12605.9
6932,12617.9
6933,10691.8
6934,10420.1
6935,10440.7
6936,10419.3
6937,10473
6938,10452.1
6939,10476.3
6940,10450.7
6941,10477.6
6942,10449.3
6943,17744.4
6944,21627.8
6945,24584
6946,29011.9
6947,30495.6
6948,26429.3
6949,30497
6950,29015.8
6951,27538.4
6952,23476.6
6953,15347.1
6954,12656.9
6955,12655.8
6956,12641.7
6957,10715.6
6958,10473.2
6959,10453.8
6960,10474.7
6961,10484.2
6962,10510.7
6963,10483.9
6964,10513.3
6965,10481.4
6966,10515.6
6967,17780.3
6968,21698.4
6969,24667.8
6970,29110.5
6971,30590.9
6972,26517.1
6973,30590
6974,29109.5
6975,27627.7
6976,23549.9
6977,15406.4
6978,12687.8
6979,12683.7
6980,12692
6981,10770.7
6982,10477.1
6983,10517.3
6984,10477
6985,10549.5
6986,10513.3
6987,10549.8
6988,10516.4
6989,10546.5
6990,10519.6
6991,17868.5
6992,21767.5
6993,24739.8
6994,29209.9
6995,30694.1
6996,26604.4
6997,30693.7
6998,29205.7
6999,27719
7000,23627.3
7001,15453.9
7002,12727.9
7003,12730.8
7004,12740.9
7005,10798.7
7006,10518.4
7007,10548.2
7008,10514.3
7009,10583.1
7010,10546.3
7011,10585.4
7012,10545.8
7013,10585.6
7014,10545.5
7015,17930.5
7016,21840.8
7017,24822.6
7018,29307.4
7019,30796.1
7020,26692.5
7021,30795.7
7022,29302.5
7023,27810.8
7024,23705.4
7025,15505.6
7026,12770.4
7027,12768.2
7028,12782.5
7029,10840
7030,10546.3
7031,10585.3
7032,10545.9
7033,10618.1
7034,10580.4
7035,10620.3
7036,10585.5
7037,10615.1
7038,10590.5
7039,10609.7
7040,14602.2
7041,18287.6
7042,21801.9
7043,21802.3
7044,21630.3
7045,21629.9
7046,21600.8
7047,21599.9
7048,21597.5
7049,17772.7
7050,10589.2
7051,10620
7052,10580
7053,10620.3
7054,10583.6
7055,10617.1
7056,10588.7
7057,10644.4
7058,10629.7
7059,10640.1
7060,10636.1
7061,10633.8
7062,10642.1
7063,10627.7
7064,14104.4
7065,17573.6
7066,21036.5
7067,21037.6
7068,21037.6
7069,21037.6
7070,21037.7
7071,21037.7
7072,21037.8
7073,17573.8
7074,10640.6
7075,10624.6
7076,10651.7
7077,10617.9
7078,10654.4
7079,10615.2
7080,10654.8
7081,10649.5
7082,10688.4
7083,10658.7
7084,10680.9
7085,10666.3
7086,10673.6
7087,18090.2
7088,22063.1
7089,25076.1
7090,29599.8
7091,31106.5
7092,26960
7093,31105.6
7094,29596.4
7095,28089.7
7096,23943.8
7097,15661.8
7098,12899.3
7099,12895.8
7100,12899.2
7101,10947.7
7102,10656.7
7103,10682.8
7104,10664
7105,10708.5
7106,10707.5
7107,10702.3
7108,10715.5
7109,10694
7110,10724.2
7111,18134.3
7112,22138.1
7113,25164.4
7114,29693.7
7115,31211
7116,27050.1
7117,31212.6
7118,29696.4
7119,28184.3
7120,24023.4
7121,15709
7122,12940.3
7123,12943.7
7124,12951.3
7125,10981.8
7126,10686
7127,10724.7
7128,10685.7
7129,10757.7
7130,10729.9
7131,10750.4
7132,10739.3
7133,10741.1
7134,10748.3
7135,18204.8
7136,22207.4
7137,25248.7
7138,29794.2
7139,31314.8
7140,27140.7
7141,31317.6
7142,29796
7143,28278.8
7144,24103.4
7145,15762.7
7146,12983.9
7147,12984
7148,12994.1
7149,11019.3
7150,10720
7151,10760.2
7152,10726.6
7153,10787.2
7154,10772.5
7155,10778.9
7156,10782.4
7157,10768.8
7158,10792.8
7159,18256.7
7160,22286.7
7161,25333.1
7162,29892.5
7163,31422.1
7164,27231.9
7165,31420.7
7166,29895.2
7167,28373
7168,24185.1
7169,15819.9
7170,13029.9
7171,13025.5
7172,13025.8
7173,11049.9
7174,10777
7175,10774
7176,10787.1
7177,10797.1
7178,10830.6
7179,10791.2
7180,10831.5
7181,10800.5
7182,10821.8
7183,18331.1
7184,22360.4
7185,25412.2
7186,30001.8
7187,31524.3
7188,27323.5
7189,31521.6
7190,30000.5
7191,28470.5
7192,24269.3
7193,15859.6
7194,13078.4
7195,13080.2
7196,13080.3
7197,11062.9
7198,10820.4
7199,10813.4
7200,10809.2
7201,10858.4
7202,10832.7
7203,10866.5
7204,10829.1
7205,10865.1
7206,10840.9
7207,10852.6
7208,14943.2
7209,18727
7210,22316.4
7211,22316.1
7212,22133.8
7213,22140.9
7214,22112.1
7215,22112.4
7216,22111.9
7217,18184
7218,10853.9
7219,10852.5
7220,10841.4
7221,10864.6
7222,10828.3
7223,10866.7
7224,10833
7225,10894.7
7226,10882.2
7227,10883.4
7228,10895
7229,10869.9
7230,10902.6
7231,10865.3
7232,14440
7233,17998.5
7234,21532.8
7235,21535.4
7236,21532.9
7237,21532.7
7238,21532.4
7239,21533.3
7240,21536.3
7241,17996.7
7242,10878.4
7243,10882.2
7244,10896.1
7245,10868.7
7246,10902.4
7247,10866.4
7248,10899.5
7249,10913.5
7250,10921.6
7251,10929.9
7252,10907.1
7253,10938.3
7254,10901.6
7255,18537
7256,22579
7257,25669.3
7258,30299.3
7259,31845.3
7260,27599.8
7261,31845.7
7262,30298.8
7263,28756
7264,24512.8
7265,16030.9
7266,13208.6
7267,13208
7268,13201
7269,11173.7
7270,10938.4
7271,10907.5
7272,10930
7273,10956.1
7274,10951.6
7275,10973.3
7276,10935.4
7277,10974.8
7278,10946.3
7279,18589.2
7280,22653.8
7281,25759.9
7282,30399.5
7283,31953.9
7284,27692.5
7285,31950.7
7286,30401.1
7287,28857.1
7288,24595.5
7289,16074.2
7290,13252.6
7291,13254.3
7292,13254.4
7293,11217.4
7294,10956.3
7295,10968.4
7296,10940.5
7297,11008.6
7298,10978.9
7299,11003.2
7300,10995
7301,10987.1
7302,11010.4
7303,18627.4
7304,22740.4
7305,25846.3
7306,30506.7
7307,32057.6
7308,27785.6
7309,32059.4
7310,30504.9
7311,28951.1
7312,24676.3
7313,16135.5
7314,13292.4
7315,13290.5
7316,13290.6
7317,11275.4
7318,10992.7
7319,10989.5
7320,11008.7
7321,11006.3
7322,11047.2
7323,11021.2
7324,11033.1
7325,11038.4
7326,11015.5
7327,18718.6
7328,22811.1
7329,25925.7
7330,30606
7331,32168.4
7332,27878.8
7333,32166.5
7334,30605
7335,29051.9
7336,24760.9
7337,16179.5
7338,13340.3
7339,13342
7340,13342.2
7341,11301.3
7342,11019.5
7343,11046.7
7344,11011.7
7345,11077.3
7346,11066.1
7347,11061.4
7348,11083.1
7349,11044.3
7350,11083.4
7351,18762.9
7352,22890.9
7353,26015.4
7354,30712.1
7355,32271.6
7356,27974.6
7357,32275.2
7358,30707.9
7359,29143.9
7360,24843.7
7361,16242.3
7362,13384.3
7363,13386.5
7364,13386.6
7365,11323.9
7366,11070.4
7367,11074.9
7368,11051.7
7369,11117.5
7370,11090.3
7371,11109.7
7372,11109.3
7373,11090.3
7374,11119.9
7375,11088.9
7376,15306.2
7377,19155.4
7378,22850.6
7379,22848
7380,22667
7381,22660.4
7382,22632.6
7383,22636.2
7384,22636.5
7385,18615.7
7386,11102.8
7387,11119.2
7388,11080.4
7389,11120.1
7390,11099
7391,11100.9
7392,11117.9
7393,11115.2
7394,11156.6
7395,11135.4
7396,11137.4
7397,11155.4
7398,11117.1
7399,11156.4
7400,14773.2
7401,18408.9
7402,22045.2
7403,22046.6
7404,22045.9
7405,22042
7406,22039.1
7407,22045.7
7408,22046.1
7409,18409.2
7410,11151.3
7411,11124.5
7412,11148.5
7413,11144.4
7414,11128.2
7415,11156.1
7416,11125.6
7417,11181.8
7418,11183
7419,11162.5
7420,11192.7
7421,11165.6
7422,11180.2
7423,11186.7
7424,18942.9
7425,23123.2
7426,26279
7427,31022.3
7428,32595.3
7429,28253.3
7430,32600.1
7431,31016.3
7432,29437.2
7433,25093.9
7434,16397.2
7435,13517.1
7436,13518.8
7437,13519.2
7438,11458
7439,11157.2
7440,11193
7441,11205.8
7442,11211
7443,11228.8
7444,11192.9
7445,11226.7
7446,11214.5
7447,11204.5
7448,19030.1
7449,23192.7
7450,26363.2
7451,31118.6
7452,32709.8
7453,28347.2
7454,32706.7
7455,31122.8
7456,29536
7457,25175.7
7458,16465.1
7459,13564.2
7460,13558.5
7461,13558.2
7462,11471.9
7463,11227
7464,11214.2
7465,11239.3
7466,11265.6
7467,11236.5
7468,11255.8
7469,11259.1
7470,11232.2
7471,11266.3
7472,19076.3
7473,23274
7474,26451.2
7475,31225.3
7476,32818.1
7477,28441.3
7478,32813.7
7479,31229.2
7480,29634.3
7481,25251.2
7482,16523.6
7483,13606.6
7484,13603.3
7485,13603.4
7486,11517.8
7487,11265.6
7488,11239.6
7489,11286.9
7490,11299.8
7491,11265.7
7492,11302.1
7493,11287.5
7494,11277.9
7495,11302.6
7496,19135.2
7497,23352
7498,26539.3
7499,31329
7500,32926
7501,28535.3
7502,32922.1
7503,31332.6
7504,29732.5
7505,25342.4
7506,16572
7507,13652.2
7508,13648.1
7509,13648.1
7510,11548.3
7511,11302.6
7512,11285.5
7513,11314.5
7514,11338.8
7515,11310.8
7516,11327.8
7517,11335.3
7518,11302.9
7519,11339
7520,19205.8
7521,23427.8
7522,26625.2
7523,31430.1
7524,33035.9
7525,28629.2
7526,33033.6
7527,31431.5
7528,29829.5
7529,25426.6
7530,16623.4
7531,13694.4
7532,13696.6
7533,13696.6
7534,11599.1
7535,11313
7536,11339
7537,11349.4
7538,11359.9
7539,11375.2
7540,11342.5
7541,11369.7
7542,11367.8
7543,11343.1
7544,11375.8
7545,15065.5
7546,18779
7547,22486.2
7548,22486.9
7549,22477.6
7550,22487.5
7551,22487.1
7552,22487
7553,22487.1
7554,18776
7555,11350.9
7556,11368.8
7557,11368.5
7558,11342.3
7559,11375.9
7560,11359.3
7561,11386.9
7562,11412
7563,11387.6
7564,11397.1
7565,11411.7
7566,11379.9
7567,11405.2
7568,11406.1
7569,15118
7570,18827.1
7571,22561.7
7572,22561.2
7573,22560.8
7574,22550.7
7575,22561
7576,22561.1
7577,22561.3
7578,18834.8
7579,11389.8
7580,11412.2
7581,11391.8
7582,11392.9
7583,11411.8
7584,11384.2
7585,11435.1
7586,11447.9
7587,11414.6
7588,11443.9
7589,11441.5
7590,11415.5
7591,11449.3
7592,19394.8
7593,23657.8
7594,26886.9
7595,31738.2
7596,33360.9
7597,28911.2
7598,33360.9
7599,31738.8
7600,30125.6
7601,25676.5
7602,16775.8
7603,13827.9
7604,13828.5
7605,13828.5
7606,11721.2
7607,11445.3
7608,11414.4
7609,11480.8
7610,11476.5
7611,11453.7
7612,11485.4
7613,11471.6
7614,11459
7615,11485.5
7616,19453.6
7617,23735.3
7618,26974.6
7619,31841.4
7620,33468.9
7621,29004.6
7622,33468.3
7623,31841.5
7624,30224.8
7625,25760.9
7626,16831.8
7627,13873.4
7628,13873
7629,13873
7630,11750.7
7631,11484.7
7632,11458.8
7633,11506.3
7634,11521.3
7635,11491.9
7636,11512.1
7637,11520.8
7638,11488.7
7639,11515.6
7640,19525.1
7641,23808.8
7642,27061.5
7643,31948
7644,33572.4
7645,29098
7646,33575.9
7647,31949.2
7648,30320.2
7649,25842.6
7650,16897.3
7651,13921
7652,13917
7653,13916.9
7654,11776.9
7655,11508.7
7656,11521.3
7657,11526.4
7658,11548.1
7659,11557.6
7660,11526.7
7661,11550.1
7662,11556.4
7663,11525.3
7664,19592.1
7665,23884
7666,27153.5
7667,32052.8
7668,33684.6
7669,29192
7670,33682.5
7671,32051.3
7672,30415.3
7673,25926.8
7674,16937.8
7675,13959.8
7676,13961.5
7677,13961.7
7678,11837.6
7679,11548.6
7680,11527.1
7681,11592.4
7682,11584
7683,11564.6
7684,11594.5
7685,11583.4
7686,11565.1
7687,11594.8
7688,19645.7
7689,23963
7690,27234.2
7691,32153.6
7692,33787.7
7693,29286.3
7694,33791.3
7695,32155.3
7696,30514.1
7697,26008.9
7698,17006.2
7699,14004
7700,14006.3
7701,14006.2
7702,11869.6
7703,11563
7704,11590.6
7705,11624
7706,11599.2
7707,11626.4
7708,11627.1
7709,11599.2
7710,11625.5
7711,11628.1
7712,11599.1
7713,16020.7
7714,20051.5
7715,23916.4
7716,23908.5
7717,23725
7718,23726.6
7719,23686.5
7720,23694.1
7721,23694.6
7722,19488.9
7723,11613.8
7724,11609.5
7725,11630.7
7726,11612.8
7727,11608.4
7728,11630.5
7729,11648.2
7730,11643.1
7731,11666.7
7732,11653
7733,11640.5
7734,11666.8
7735,11655.2
7736,11638
7737,15467.2
7738,19263.4
7739,23071.3
7740,23072.8
7741,23072.5
7742,23063.1
7743,23072.7
7744,23072.4
7745,23072.4
7746,19265.7
7747,11650.7
7748,11643.5
7749,11666.9
7750,11652.7
7751,11640.9
7752,11666.8
7753,11689.3
7754,11673.9
7755,11702.9
7756,11695.1
7757,11672.5
7758,11700.9
7759,11698.7
7760,19821.4
7761,24193.1
7762,27495.2
7763,32457.1
7764,34112.5
7765,29563.1
7766,34113
7767,32461.6
7768,30803.9
7769,26256.4
7770,17160
7771,14135.5
7772,14137.2
7773,14137.5
7774,11985.6
7775,11688.9
7776,11676.5
7777,11736.6
7778,11729.5
7779,11709
7780,11737.7
7781,11734.5
7782,11709
7783,11732.3
7784,19900.1
7785,24258.1
7786,27585.5
7787,32561.5
7788,34221.2
7789,29655.8
7790,34222
7791,32557.2
7792,30902.6
7793,26338.2
7794,17211.6
7795,14185.2
7796,14183.4
7797,14183.2
7798,12001.9
7799,11728.1
7800,11738.3
7801,11748.9
7802,11758.4
7803,11774.1
7804,11757.4
7805,11751.2
7806,11774.4
7807,11764.3
7808,19947.7
7809,24344.4
7810,27666.9
7811,32660.1
7812,34324.1
7813,29750.4
7814,34323.9
7815,32665.1
7816,30995
7817,26420.3
7818,17257.7
7819,14226.1
7820,14228.2
7821,14228
7822,12050.1
7823,11773.9
7824,11755.6
7825,11786.9
7826,11810
7827,11799.4
7828,11781.6
7829,11809.6
7830,11807.2
7831,11781.3
7832,11801.4
7833,15645.8
7834,19514.6
7835,23353.5
7836,23360.1
7837,23360.7
7838,23351.7
7839,23360.5
7840,23361.1
7841,23352.6
7842,19511.4
7843,11804.5
7844,11784.6
7845,11796.1
7846,11809.7
7847,11792.4
7848,11787.7
7849,11843.4
7850,11837
7851,11817.6
7852,11842.4
7853,11845.2
7854,11818.9
7855,11832.6
7856,20088.2
7857,24481.6
7858,27841.6
7859,32863.3
7860,34538.1
7861,29930
7862,34537.4
7863,32863.3
7864,31186.9
7865,26582.1
7866,17373.7
7867,14308.7
7868,14310.4
7869,14310.6
7870,12132
7871,11839.1
7872,11817.6
7873,11873.1
7874,11880.6
7875,11857.8
7876,11864.5
7877,11880.7
7878,11868.7
7879,11853.4
7880,11880.9
7881,16351.1
7882,20496.9
7883,24438.7
7884,24438.7
7885,24238.4
7886,24245.5
7887,24205.5
7888,24212.6
7889,24205.9
7890,19916.6
7891,11875.4
7892,11865.9
7893,11855.4
7894,11881
7895,11876.8
7896,11853.4
7897,11905.4
7898,11915.7
7899,11896.9
7900,11895.2
7901,11916
7902,11909.2
7903,11889
7904,11910
7905,15787.6
7906,19690.4
7907,23568.1
7908,23573.9
7909,23572.8
7910,23566.2
7911,23573.8
7912,23571.7
7913,23567.1
7914,19677.3
7915,11910.7
7916,11915.8
7917,11889.8
7918,11903
7919,11915.7
7920,11901.7
7921,11923
7922,11951.2
7923,11950.1
7924,11924.6
7925,11938.3
7926,11950.7
7927,11937.6
7928,20253.5
7929,24715.1
7930,28088.3
7931,33161
7932,34848.4
7933,30204.1
7934,34852.6
7935,33155.6
7936,31473.8
7937,26822.4
7938,17536.2
7939,14438.3
7940,14438.9
7941,14438.7
7942,12240
7943,11936.2
7944,11925.1
7945,11983.9
7946,11985.5
7947,11960.4
7948,11972.1
7949,11985.8
7950,11975.2
7951,11960
7952,20325.8
7953,24785.8
7954,28174
7955,33256.8
7956,34952
7957,30296.9
7958,34951.9
7959,33259
7960,31564.8
7961,26902.5
7962,17584.4
7963,14487.9
7964,14481.4
7965,14481.1
7966,12275.6
7967,11963.9
7968,11967.8
7969,12018.3
7970,12014.3
7971,11995.1
7972,12011.9
7973,12020.4
7974,12005.2
7975,11995.3
7976,20388.5
7977,24856.8
7978,28257
7979,33354.5
7980,35054.7
7981,30385.9
7982,35055.3
7983,33355.2
7984,31659
7985,26980.2
7986,17638.4
7987,14525.2
7988,14523.1
7989,14522.8
7990,12311.1
7991,12007.5
7992,11995.2
7993,12051.1
7994,12054.6
7995,12034.4
7996,12035.4
7997,12055
7998,12051.7
7999,12029.8
8000,20437.3
8001,24933.8
8002,28337.3
8003,33454.7
8004,35156.6
8005,30470.3
8006,35159.7
8007,33449
8008,31752.2
8009,27059.5
8010,17681.9
8011,14562.3
8012,14564.2
8013,14571.8
8014,12339.9
8015,12054.4
8016,12044.2
8017,12062.6
8018,12084.3
8019,12088.7
8020,12072.6
8021,12065.1
8022,12089.1
8023,12088.9
8024,20487.3
8025,25001.9
8026,28416.9
8027,33550.5
8028,35260.8
8029,30555
8030,35260.1
8031,33551.6
8032,31836.5
8033,27138.4
8034,17731.9
8035,14614.4
8036,14612.8
8037,14610.7
8038,12370.6
8039,12065.2
8040,12083.2
8041,12120.6
8042,12108.3
8043,12099.2
8044,12121.3
8045,12122.7
8046,12104.9
8047,12100.7
8048,12123.2
8049,16690.3
8050,20918.3
8051,24945.5
8052,24938.6
8053,24746.7
8054,24740.6
8055,24713.9
8056,24708
8057,24713.8
8058,20326.2
8059,12111.5
8060,12099.3
8061,12122.9
8062,12122.7
8063,12103.3
8064,12102.6
8065,12154.6
8066,12156.4
8067,12134.8
8068,12138.8
8069,12156.5
8070,12155.8
8071,12133.2
8072,12140.7
8073,16122
8074,20081.6
8075,24058.4
8076,24055
8077,24051.4
8078,24057.3
8079,24049.4
8080,24056.2
8081,24053.3
8082,20088.1
8083,12151
8084,12142.1
8085,12133.4
8086,12154.4
8087,12156.4
8088,12140.3
8089,12165.3
8090,12189.3
8091,12189.8
8092,12173.6
8093,12167.3
8094,12189.4
8095,12190
8096,20663.4
8097,25209.8
8098,28666.4
8099,33835
8100,35560.7
8101,30818.3
8102,35557.2
8103,33836.8
8104,32113.4
8105,27367.4
8106,17889
8107,14726.4
8108,14728.2
8109,14730.7
8110,12483.2
8111,12189.7
8112,12179.1
8113,12198.9
8114,12216.9
8115,12223
8116,12213.8
8117,12200.9
8118,12215.2
8119,12223.1
8120,20725.8
8121,25278.3
8122,28744.7
8123,33926.9
8124,35657.9
8125,30905.9
8126,35658.9
8127,33923.9
8128,32203.2
8129,27443.7
8130,17928.3
8131,14768.4
8132,14778.5
8133,14777.9
8134,12504.1
8135,12218.8
8136,12223
8137,12242.8
8138,12234.4
8139,12249.3
8140,12255.9
8141,12248.1
8142,12234.3
8143,12245.9
8144,20791.7
8145,25348.7
8146,28820.3
8147,34024.3
8148,35755.1
8149,30985.9
8150,35757.2
8151,34022.4
8152,32284.5
8153,27519.2
8154,17980.3
8155,14819.2
8156,14817.7
8157,14809.4
8158,12552.4
8159,12235.2
8160,12237
8161,12286.8
8162,12288.6
8163,12272.3
8164,12267.6
8165,12286.6
8166,12288.6
8167,12277.1
8168,20834.5
8169,25423.5
8170,28892.9
8171,34114
8172,35852.2
8173,31070.9
8174,35851.2
8175,34114.2
8176,32378
8177,27593.1
8178,18028.2
8179,14846
8180,14857
8181,14858.4
8182,12572
8183,12285.3
8184,12288.6
8185,12309.6
8186,12300.2
8187,12311.8
8188,12320.9
8189,12317.7
8190,12300.1
8191,12305.3
8192,20902.4
8193,25488.8
8194,28974.3
8195,34206.1
8196,35949.4
8197,31151.3
8198,35949
8199,34206.4
8200,32461
8201,27666.8
8202,18084.5
8203,14889.1
8204,14887.5
8205,14887.3
8206,12619.3
8207,12320.8
8208,12311
8209,12330.8
8210,12343.9
8211,12352.9
8212,12350.8
8213,12332.6
8214,12335.8
8215,12353.4
8216,12352.9
8217,17002.8
8218,21321.9
8219,25425.3
8220,25420.5
8221,25223.5
8222,25218.2
8223,25190.4
8224,25184.5
8225,25186.7
8226,20714.7
8227,12347.6
8228,12353
8229,12335.1
8230,12332.9
8231,12351.8
8232,12353
8233,12373.7
8234,12364.9
8235,12374.8
8236,12384.7
8237,12384.8
8238,12365.5
8239,12365
8240,12384.7
8241,16418.8
8242,20466.5
8243,24517.5
8244,24510.1
8245,24513.7
8246,24513.4
8247,24510.9
8248,24515.6
8249,24508.5
8250,20465.7
8251,12367.6
8252,12384.1
8253,12384.9
8254,12375.9
8255,12364.9
8256,12374.5
8257,12414.2
8258,12416.2
8259,12398.3
8260,12397
8261,12414
8262,12416.1
8263,12409.6
8264,21052.2
8265,25687
8266,29206.6
8267,34472
8268,36230.2
8269,31403.8
8270,36232.2
8271,34475
8272,32713.1
8273,27884.4
8274,18220.3
8275,15016.5
8276,15003.9
8277,15003
8278,12716.8
8279,12415.2
8280,12396.6
8281,12426.6
8282,12447
8283,12447.2
8284,12440.1
8285,12428.2
8286,12434.1
8287,12447.5
8288,21117.2
8289,25747.4
8290,29277.7
8291,34563.7
8292,36324.4
8293,31475.4
8294,36323.3
8295,34564.1
8296,32801.8
8297,27954.9
8298,18264.9
8299,15038.2
8300,15051.8
8301,15052.6
8302,12737.3
8303,12436.9
8304,12447.2
8305,12476.3
8306,12462.7
8307,12459.6
8308,12472.2
8309,12478.2
8310,12477.1
8311,12459.2
8312,21163.1
8313,25821.6
8314,29346.2
8315,34648.1
8316,36414.2
8317,31562.5
8318,36415.9
8319,34649.4
8320,32878.3
8321,28025.4
8322,18313.7
8323,15087.6
8324,15078.3
8325,15078
8326,12780.2
8327,12477.8
8328,12470.4
8329,12488.4
8330,12494.9
8331,12508.4
8332,12508.4
8333,12498
8334,12490.3
8335,12497.2
8336,21222.8
8337,25883.3
8338,29421.1
8339,34734.9
8340,36505.1
8341,31636.7
8342,36505.3
8343,34731.8
8344,32966.4
8345,28094.9
8346,18353.8
8347,15128
8348,15124.3
8349,15115.3
8350,12811.3
8351,12502.1
8352,12490.2
8353,12521.4
8354,12538.5
8355,12538.5
8356,12531.6
8357,12520.6
8358,12523.6
8359,12538.8
8360,21275.1
8361,25940.3
8362,29494.5
8363,34821.4
8364,36595.4
8365,31710
8366,36596.2
8367,34817.4
8368,33048.1
8369,28163.1
8370,18397.6
8371,15164.5
8372,15163.6
8373,15151.8
8374,12842.1
8375,12530.7
8376,12520.7
8377,12552.3
8378,12568.2
8379,12568.2
8380,12561.6
8381,12550.8
8382,12552.4
8383,12568.5
8384,12568.4
8385,17304.7
8386,21699.7
8387,25875.6
8388,25869.5
8389,25665.6
8390,25668.8
8391,25630.5
8392,25633.3
8393,25632.1
8394,21083.9
8395,12564.8
8396,12550.8
8397,12551.9
8398,12568.2
8399,12568.1
8400,12563.5
8401,12578.6
8402,12580.9
8403,12596.6
8404,12597.4
8405,12595.9
8406,12580.4
8407,12580.7
8408,12593.1
8409,16710.6
8410,20821.6
8411,24943.4
8412,24936.7
8413,24943.2
8414,24936.5
8415,24942.8
8416,24936.3
8417,24942.2
8418,20822
8419,12591.9
8420,12597.6
8421,12583.2
8422,12580.7
8423,12589.3
8424,12597.4
8425,12624.8
8426,12616
8427,12609.9
8428,12613.5
8429,12626.6
8430,12626.4
8431,12621.4
8432,21413.5
8433,26128
8434,29708.1
8435,35069.7
8436,36856.8
8437,31935.3
8438,36854
8439,35068.8
8440,33283.7
8441,28363.5
8442,18527.3
8443,15271.8
8444,15271.4
8445,15259.4
8446,12932.2
8447,12620.3
8448,12609.8
8449,12637.4
8450,12654.1
8451,12654.9
8452,12655.1
8453,12639.4
8454,12639
8455,12647.2
8456,21473.2
8457,26191.5
8458,29770.4
8459,35149
8460,36939.8
8461,32017.2
8462,36940.3
8463,35148.5
8464,33354.8
8465,28430.4
8466,18576.9
8467,15290.3
8468,15303.5
8469,15307
8470,12953.2
8471,12639.3
8472,12654.9
8473,12681.4
8474,12683.2
8475,12667.7
8476,12667.5
8477,12675
8478,12683
8479,12683.3
8480,21514.9
8481,26244.8
8482,29841.4
8483,35228.7
8484,37024.3
8485,32083.9
8486,37025.5
8487,35226.3
8488,33429.2
8489,28492.9
8490,18619.4
8491,15332.8
8492,15326.6
8493,15336.1
8494,12982.2
8495,12682.9
8496,12683.1
8497,12707.7
8498,12695.3
8499,12695.7
8500,12703.6
8501,12710.9
8502,12710.9
8503,12704.5
8504,21559.5
8505,26305.4
8506,29909.5
8507,35309
8508,37105.8
8509,32151.6
8510,37107.7
8511,35305.6
8512,33507.5
8513,28556.1
8514,18659.1
8515,15371.2
8516,15360.6
8517,15364.4
8518,13015
8519,12710.6
8520,12710.9
8521,12731.2
8522,12723.1
8523,12723.5
8524,12734
8525,12738.3
8526,12738.3
8527,12729.3
8528,21607.4
8529,26363.1
8530,29974.8
8531,35386
8532,37186.7
8533,32222.4
8534,37190.6
8535,35382.7
8536,33578.3
8537,28618.4
8538,18701.2
8539,15399.3
8540,15393.3
8541,15405.4
8542,13037.9
8543,12736.5
8544,12738.1
8545,12763.6
8546,12754.4
8547,12750.5
8548,12750.8
8549,12765.1
8550,12765
8551,12765.2
8552,12753.5
8553,17584.7
8554,22038.9
8555,26285.3
8556,26281.7
8557,26074.5
8558,26076.5
8559,26038.2
8560,26039.2
8561,26042.5
8562,21416.9
8563,12759.4
8564,12765.3
8565,12753.7
8566,12750.5
8567,12751.2
8568,12765.1
8569,12789.9
8570,12791.7
8571,12780.2
8572,12777.3
8573,12777.7
8574,12791.5
8575,12791.6
8576,12791.7
8577,16952.5
8578,21150.4
8579,25331.2
8580,25327.8
8581,25331.7
8582,25327.2
8583,25332.8
8584,25326.6
8585,25328.2
8586,21145.1
8587,12786.4
8588,12791.5
8589,12791.6
8590,12781.2
8591,12777.3
8592,12777.6
8593,12815.1
8594,12817.5
8595,12817.7
8596,12809.4
8597,12803.6
8598,12804
8599,12813.6
8600,12817.5
8601,16997
8602,21192.4
8603,25385.9
8604,25379.3
8605,25383.9
8606,25380.4
8607,25380.2
8608,25384.5
8609,25379.5
8610,21191.4
8611,12807.6
8612,12806.4
8613,12817.8
8614,12817.6
8615,12817.8
8616,12805.9
8617,12828
8618,12830
8619,12842.3
8620,12843.1
8621,12843.2
8622,12836.5
8623,12829.4
8624,21793
8625,26585.4
8626,30226.4
8627,35682.8
8628,37497.9
8629,32494.5
8630,37503.4
8631,35680.3
8632,33856.2
8633,28862.9
8634,18855.6
8635,15518.7
8636,15537.8
8637,15537.1
8638,13149.6
8639,12830
8640,12830
8641,12865.8
8642,12868.2
8643,12868.4
8644,12863.1
8645,12854.8
8646,12855.3
8647,12860.8
8648,21839.8
8649,26641.4
8650,30280.5
8651,35749.2
8652,37578.9
8653,32557.2
8654,37573.5
8655,35752
8656,33929.8
8657,28915
8658,18895
8659,15555.1
8660,15553.1
8661,15568.7
8662,13173.9
8663,12856.4
8664,12868.3
8665,12891.5
8666,12893.2
8667,12885.9
8668,12880
8669,12880.2
8670,12886.5
8671,12893.1
8672,21880.9
8673,26688.2
8674,30338.7
8675,35819.4
8676,37648.8
8677,32625.1
8678,37645.4
8679,35820.5
8680,33996.8
8681,28971.2
8682,18930.2
8683,15590
8684,15581.1
8685,15595.9
8686,13198.9
8687,12886.5
8688,12892.8
8689,12915.8
8690,12917.4
8691,12906.4
8692,12904.6
8693,12904.8
8694,12913.3
8695,12917.4
8696,21922.4
8697,26738.1
8698,30396.7
8699,35887.7
8700,37720.8
8701,32686.9
8702,37717.1
8703,35889.3
8704,34062
8705,29026.4
8706,18967.2
8707,15615.6
8708,15612.4
8709,15628.6
8710,13224.7
8711,12905.1
8712,12916.6
8713,12939.4
8714,12941
8715,12938.2
8716,12928.4
8717,12928.7
8718,12929.1
8719,12940.8
8720,12941.1
8721,17833
8722,22350.3
8723,26649.9
8724,26653.2
8725,26437.8
8726,26437.9
8727,26403.8
8728,26406.5
8729,26402.2
8730,21718.1
8731,12938.8
8732,12936.1
8733,12928.4
8734,12928.8
8735,12931
8736,12940.8
8737,12962.7
8738,12964.3
8739,12959.7
8740,12952
8741,12952.3
8742,12953.2
8743,12964.4
8744,12964.1
8745,17193.1
8746,21438.1
8747,25680.6
8748,25673.7
8749,25675.1
8750,25678.8
8751,25674.1
8752,25676
8753,25677.1
8754,21439.8
8755,12963.5
8756,12956.6
8757,12952
8758,12952.4
8759,12956
8760,12964
