Hours,HPHtgLd_W,HPClgLd_W
1,104129.3,0
2,112154,0
3,109679.1,0
4,123328.1,0
5,114701,0
6,124499.2,0
7,114342.9,0
8,116282.1,0
9,74009.6,0
10,67131.9,0
11,58061.2,1530.3
12,64118.1,15210.6
13,55806.7,29959
14,49992.6,35603
15,39321.2,26673
16,42455.4,11916.5
17,45828.4,433.8
18,70492.3,0
19,76315.1,0
20,92218.8,0
21,94205.3,0
22,111625.7,0
23,112002.5,0
24,129659.9,0
25,119881.1,0
26,130034.5,0
27,124980,0
28,141039.8,0
29,136970.8,0
30,146962.3,0
31,90300.5,0
32,62736.7,0
33,14502.8,0
34,8010.8,99.1
35,5205.5,0
36,4330.6,0
37,4495.2,0
38,1672.3,3013.2
39,1208.3,9013.6
40,2098.8,13609.1
41,3091.9,17933.5
42,6939.1,6364.1
43,16522.9,0
44,21220.9,0
45,29282.5,0
46,28647.9,0
47,64608.7,0
48,78834.9,0
49,76043.9,0
50,84427.8,0
51,79958.1,0
52,88665.4,0
53,83969.4,0
54,91426.8,0
55,53323.8,0
56,38649.3,0
57,9854.8,0
58,5399.3,158.2
59,2801.7,4689
60,841.9,10568.8
61,1617.3,912.8
62,0,16768.8
63,0,24230
64,0,28683
65,0,32825.8
66,1142.9,20948.2
67,5809,867.4
68,7743.2,0
69,16594.6,0
70,20010,0
71,50770.7,0
72,66298.3,0
73,68474.2,0
74,77987.5,0
75,77656.4,0
76,94430,0
77,96472.7,0
78,110175.9,0
79,67953.2,0
80,50840.7,0
81,13676.5,232.7
82,7297.2,4450.8
83,5362.5,15017.6
84,3911.9,51203.7
85,5100.3,48341.4
86,1786.7,69988.4
87,1528.3,74522.8
88,1660.8,72273.2
89,2716.8,56256.9
90,7669.1,35729.8
91,16915.1,9591.8
92,20799.4,6268.8
93,30397.4,26.8
94,35834.2,0
95,83958.1,0
96,106494.7,0
97,110482.8,0
98,127902.4,0
99,128600,0
100,143605.9,0
101,144538.1,0
102,159274.6,0
103,99109.3,0
104,71007.6,0
105,21346.1,2860.6
106,13086.4,16599.9
107,9013.1,24901.5
108,6503.8,47831.9
109,7531.5,53087.7
110,3468.7,71168.4
111,2979.8,79654.1
112,2918.7,78346.7
113,3793.6,59980.1
114,8771.3,40680.8
115,17366.5,14493.6
116,20536.3,9408.6
117,28213.8,415.1
118,31981.4,0
119,77337.9,0
120,98142.3,0
121,104863.7,0
122,128471.8,0
123,134108,0
124,148332,0
125,148757.4,0
126,166142.1,0
127,103360.2,0
128,73373.4,0
129,19835.8,4126.8
130,10486.3,12085.9
131,6273,37412.7
132,4437.2,72336.9
133,4391.7,69277.7
134,1540.8,92168
135,1022,99375.6
136,879.3,97540.3
137,1381.6,78969.4
138,4007.4,46274
139,10341.9,20031
140,12855.2,14384.4
141,21210.6,1398.8
142,24569.4,0
143,63009.2,0
144,81157.4,0
145,88250,0
146,103525.6,0
147,105366.5,0
148,119630.1,0
149,115171.1,0
150,126711.9,0
151,71414.4,0
152,56539.8,0
153,34688.3,0
154,24388.5,0
155,19016.5,0
156,13772.9,0
157,14634.6,0
158,14522.2,0
159,24476.8,0
160,28211.9,0
161,29967.6,0
162,36671.1,0
163,70622.2,0
164,88323.1,0
165,86508.9,0
166,96670.8,0
167,91526.4,0
168,103575.1,0
169,97690.7,0
170,108054.6,0
171,101957.1,0
172,111462.8,0
173,103482,0
174,114888.8,0
175,107124.6,0
176,116664.3,0
177,101309.5,0
178,102503.2,0
179,90065.9,0
180,91329.1,0
181,78685.6,0
182,78291.3,0
183,72475.8,0
184,89177.8,0
185,101490.3,0
186,133581.1,0
187,135926.8,0
188,155511.6,0
189,154034.5,0
190,170363.3,0
191,166935.9,0
192,183844.1,0
193,173200.7,0
194,187862.7,0
195,183784.8,0
196,202543.3,0
197,199374.8,0
198,212046.5,0
199,136515.6,0
200,103924.5,0
201,48288,0
202,29682.7,0
203,18713.5,844.9
204,14961.2,11463.6
205,15851.4,21858.1
206,7659.6,31478.3
207,5914.8,35615.6
208,6119.8,32504.8
209,7845.9,21664.2
210,16699.8,6096
211,28242.2,0
212,31464.4,0
213,42331.6,0
214,46770.5,0
215,98634.6,0
216,127649.5,0
217,134864.6,0
218,153352.4,0
219,152406.3,0
220,167476.9,0
221,161668.2,0
222,175472.8,0
223,110676.9,0
224,79363.5,0
225,23129.1,0
226,14465.5,3724.7
227,9770.6,21528.9
228,6568.7,48021.8
229,6900.6,43516.2
230,2417.1,65135.5
231,1808,69803.3
232,1571.7,67040
233,2125.4,48364.6
234,5305.6,26896.9
235,13395.6,3783.1
236,15543.6,1556.4
237,22849.9,0
238,25941.6,0
239,65026.3,0
240,83734.4,0
241,87157.6,0
242,101346.9,0
243,100458.7,0
244,112291.8,0
245,109550.8,0
246,119229.4,0
247,70700,0
248,52167.2,0
249,18033.1,242.8
250,10472.4,7287.3
251,5533.1,14690.5
252,3026.5,20658.1
253,3719.7,9729.5
254,2097.4,26780.9
255,1475.9,33570.2
256,2355.6,38406.6
257,2561.8,43658.6
258,5743.5,30103.8
259,12970.9,5214.7
260,14464.4,3179.1
261,22939,0
262,25841.9,0
263,62791.2,0
264,84889.3,0
265,87083.7,0
266,100516.6,0
267,99393.2,0
268,109301.1,0
269,98796.1,0
270,102737.6,0
271,61788,0
272,45138.2,0
273,10206.1,1419.1
274,4555.1,1510.6
275,3125,15183.8
276,2104.2,58495.9
277,2171.7,58078.1
278,547.1,80882.2
279,187.5,88186
280,35.8,90130
281,260.8,76130.9
282,1801.2,42154.1
283,6657.6,15294.6
284,9918.1,10138.1
285,18156.1,498.1
286,21496.6,0
287,59212.1,0
288,74436.1,0
289,73087,0
290,87192,0
291,91431.3,0
292,108229.3,0
293,105533.8,0
294,111601.8,0
295,65525.9,0
296,47051,0
297,11158.6,4556.8
298,4258.6,18313.9
299,2067,26370.1
300,574.3,31490.3
301,206.2,22158.3
302,0,40293.2
303,0,48005.1
304,0,53336.8
305,0,57756.6
306,520.2,41415.2
307,3263.7,16116.4
308,4369.6,11725.8
309,8058.4,798.3
310,6995.7,0
311,17356.5,1515
312,17955.7,6527.3
313,25121.5,823.3
314,32475,0
315,30467.1,0
316,43277.6,0
317,49470.9,0
318,60439.4,0
319,32857.5,0
320,25156.7,0
321,7531.3,0
322,4172.4,4491.8
323,2675.8,22509.7
324,2008.9,32687.4
325,1459.1,38419.1
326,935.1,43810.7
327,2526.7,36571.1
328,3451.9,25689.7
329,5599.9,7613.9
330,12259.4,0
331,34624,0
332,46837.6,0
333,52946.4,0
334,66937.7,0
335,70428.9,0
336,87883.1,0
337,90289.8,0
338,107994.9,0
339,107572.9,0
340,121865.2,0
341,118386.6,0
342,130012.5,0
343,125188.3,0
344,126329.9,0
345,80814,0
346,66220.3,0
347,55791.7,1909.1
348,59496.6,16406.5
349,52982.6,28579.1
350,47517,32654.9
351,40969,8308.1
352,55411.2,0
353,59490.9,0
354,75328.6,0
355,81887.4,0
356,101428.5,0
357,97740.3,0
358,108353,0
359,103864.3,0
360,115433.6,0
361,111060,0
362,124295.7,0
363,118170.7,0
364,129508.5,0
365,118544.4,0
366,126844.8,0
367,118179.1,0
368,125787.6,0
369,107711.5,0
370,103694.6,0
371,82931.2,0
372,82579.4,0
373,66077,0
374,61615.2,0
375,41000.4,0
376,43554.3,0
377,49904.6,0
378,79673.7,0
379,80662.3,0
380,94825.6,0
381,91693.1,0
382,105815.1,0
383,102296.5,0
384,109640.8,0
385,92545.6,0
386,103511.5,0
387,101818.7,0
388,117218,0
389,114485.5,0
390,129957.3,0
391,82509.2,0
392,60145.2,0
393,15261.2,0
394,9274.1,0
395,6726.4,8538.5
396,5125.7,13589.5
397,6406.1,149.2
398,3006.8,6951.1
399,3008.8,15696.5
400,5020.8,9209.4
401,5956.2,21191.2
402,14333.6,8682.4
403,26371.4,0
404,31409.9,0
405,42089.2,0
406,46870.5,0
407,101563.1,0
408,130206.7,0
409,138154.5,0
410,158235.7,0
411,160848.6,0
412,179578.1,0
413,180624.4,0
414,197156.2,0
415,125905.7,0
416,88571.2,0
417,30523.5,0
418,21561.2,265.9
419,17266.5,16125.1
420,14650.8,41263.1
421,16352.2,37755.9
422,8786.1,60511.3
423,7261.7,65338.7
424,6743.7,63196.8
425,7646.7,49825.2
426,15178.3,24072.5
427,26031.4,3540.3
428,31107,1150.3
429,42931.3,0
430,48961.9,0
431,104942.3,0
432,138753.3,0
433,152495.8,0
434,173300.7,0
435,172859.8,0
436,191413.3,0
437,195416.8,0
438,209401.3,0
439,131413.8,0
440,91883.6,0
441,27937.3,0
442,16900.4,2562.1
443,11831.6,29082
444,8156.6,58412
445,8405,55707.7
446,3209.7,78266.8
447,2415.3,82726
448,2230.1,83453.9
449,3028.5,72541.2
450,8238.8,35913.3
451,18220.1,9699.1
452,20699.3,5917.2
453,29210,0
454,34798.7,0
455,83583.4,0
456,104336.8,0
457,104635.2,0
458,114200.9,0
459,111782.8,0
460,125029.4,0
461,122263.6,0
462,130333.9,0
463,74498.6,0
464,54374.5,0
465,21724.7,1507.5
466,14852.6,11363.5
467,11537.2,18540
468,6573.9,24402.4
469,5915.8,13841.2
470,3201.1,30754.1
471,2954.6,37882.7
472,3220.5,43506.5
473,4421.8,48831.8
474,10450.7,33898.1
475,20122.2,7784
476,23719,4882.7
477,34360.2,0
478,34437.7,0
479,73190.1,0
480,92958.6,0
481,102062.1,0
482,115556.6,0
483,111931.3,0
484,124605.8,0
485,117037.3,0
486,128130.5,0
487,72937.7,0
488,58525.4,0
489,32413.3,0
490,23171.5,0
491,17785.1,0
492,13167.1,0
493,10072.9,0
494,8012.6,0
495,18217.5,0
496,23779.2,0
497,29781.7,0
498,42866.4,0
499,83042.8,0
500,105154.7,0
501,107292.2,0
502,122313.1,0
503,122007.9,0
504,139781,0
505,134630.8,0
506,145499.5,0
507,139002.3,0
508,154076.1,0
509,148215.2,0
510,161488.4,0
511,154535,0
512,157719.6,0
513,110212,0
514,94145,0
515,85050.6,0
516,85552.5,0
517,77647.7,0
518,77807.7,138.3
519,66625.3,25.4
520,72680.3,0
521,86102.1,0
522,126471.2,0
523,131666.7,0
524,148647.5,0
525,145653.2,0
526,164902.5,0
527,163853.2,0
528,179543.6,0
529,171207.6,0
530,188641.5,0
531,182656.1,0
532,198349.2,0
533,197476.1,0
534,210886.5,0
535,132900.7,0
536,91800,0
537,27348.6,0
538,18577.9,0
539,13620.1,0
540,12410.2,0
541,14452,0
542,9556.2,1644.6
543,7641.1,6974.3
544,5225.4,12524.1
545,6517.3,19628.4
546,16607.8,7097.1
547,32702.3,0
548,35055.1,0
549,43433.8,0
550,47839.7,0
551,99340.2,0
552,126252,0
553,129588.9,0
554,143666,0
555,135923.6,0
556,144084.7,0
557,134608.4,0
558,144864.2,0
559,88766,0
560,64382.4,0
561,18568.9,0
562,8197.6,423.2
563,4611.8,17166.7
564,2698.7,45314.9
565,2328,43292.9
566,643.3,65921.7
567,166.9,70574.5
568,0,69427.5
569,9.6,60844.1
570,1177.7,25336.2
571,5592.4,3526.8
572,7571.6,1349.1
573,14414.3,0
574,16645.5,0
575,47117.6,0
576,63328.2,0
577,68225.9,0
578,80472.4,0
579,80887.1,0
580,93306.9,0
581,93886.2,0
582,109030.8,0
583,64619.4,0
584,44102.5,0
585,10680.4,571.7
586,4717.1,9135.1
587,2812.5,16811
588,1827.9,22706.5
589,3206.4,11347.5
590,1208.9,28153.8
591,1170.1,35003
592,1122.1,40256.2
593,1432.1,45680.5
594,3646.6,31759.8
595,8609.8,6501.7
596,9928.7,4226.9
597,17452.5,0
598,19850,0
599,51376.1,0
600,63088.8,0
601,61682.3,0
602,69372.3,0
603,65193.3,0
604,72958.8,0
605,66656.9,0
606,70425,0
607,38518.3,0
608,27249.3,0
609,5149.5,1899.5
610,1077.7,12529.3
611,0,19897.9
612,0,25830.2
613,0,15405.8
614,0,32465.2
615,0,40248.8
616,0,46381.8
617,0,51851
618,0,37001.1
619,0,11408.8
620,0,7511.9
621,7.1,240.8
622,204.1,0
623,6260.6,4804
624,6171.9,12325.7
625,8913.5,12761.1
626,7777.7,9700.6
627,8084.1,12035.9
628,8057.2,9427.1
629,10678.3,12322.5
630,9647.1,11438.1
631,5476.8,1257.4
632,3979.6,0
633,0,20219.3
634,0,39167.1
635,0,45548.1
636,0,50157.5
637,0,40260.3
638,0,56264.7
639,0,62210.2
640,0,66641.6
641,0,71730.9
642,0,52130
643,1198,29001.3
644,2592.1,23965.9
645,7733.8,7324.5
646,10789.5,2838
647,42966.9,0
648,54299.4,0
649,58964.8,0
650,69190.3,0
651,65973.8,0
652,74140.1,0
653,75604.3,0
654,92117.8,0
655,52560.5,0
656,41581,0
657,17608,0
658,11662.9,416.2
659,8551,9286.8
660,7036.1,23147.3
661,6106.3,31743.4
662,4019.1,34030.4
663,7325.6,23694.8
664,9028.4,14260.1
665,11936.1,1586.9
666,19859.1,0
667,51066.4,0
668,71260.1,0
669,73783.1,0
670,82968.7,0
671,79999.5,0
672,90637.3,0
673,86558.1,0
674,96532.6,0
675,90845.1,0
676,100975.8,0
677,95262.1,0
678,105429.8,0
679,101048.6,0
680,105655,0
681,63285.4,0
682,52690,3.5
683,40378.9,7557.8
684,35878.2,29237
685,26424.6,23186.6
686,25686.5,1151.4
687,20738.9,407.1
688,23527.2,0
689,26310.4,0
690,44221.2,0
691,52904.4,0
692,68785.9,0
693,70313.1,0
694,78401.9,0
695,77542.3,0
696,92889.3,0
697,84980.3,0
698,97538.9,0
699,93676.9,0
700,103658.6,0
701,96748.1,0
702,104710.2,0
703,62176.4,0
704,46117.5,0
705,11665,0
706,6190.6,0
707,4271.4,0
708,2038.3,1266.2
709,1644.3,0
710,0,7724.9
711,0,15166.7
712,0,20017.4
713,287.2,24590.9
714,3359.4,12494
715,10932.5,0
716,14463.4,0
717,23477.5,0
718,25050.6,0
719,59565.5,0
720,72058.1,0
721,71413,0
722,82189.2,0
723,80552.4,0
724,92555.2,0
725,89116.4,0
726,98855.8,0
727,57014.9,0
728,40786.3,0
729,12281.1,0
730,6203.3,2144.2
731,3035,9133.9
732,832.5,15226.5
733,1326.5,4197.7
734,0,21710.6
735,0,28907.6
736,0,33471.6
737,0,37687.6
738,1958.9,25926.7
739,7370.8,3366.8
740,10410.5,1530
741,19629.3,0
742,20572.7,0
743,48046.6,0
744,52638.9,0
745,47317.9,0
746,47598.6,0
747,38196.6,0
748,35680.8,0
749,31154.1,0
750,30028.1,0
751,15326.4,0
752,9572,0
753,0,2125
754,0,12567
755,0,20062.9
756,0,26698.6
757,0,21838.4
758,0,50666
759,0,83539.1
760,0,92274.7
761,0,93830.1
762,0,50331.5
763,0,18656.2
764,0,13701.7
765,0,1316.5
766,0,0
767,0,7137.5
768,0,11924
769,0,12945.3
770,0,14156
771,0,10744.8
772,0,13444
773,0,14435.4
774,0,12790.5
775,0,1265.5
776,0,0
777,0,26977.9
778,0,48006.2
779,0,59325.8
780,0,68867.2
781,0,54074.9
782,0,80340.3
783,0,90053.4
784,0,95655.7
785,0,101016.4
786,0,78293.4
787,0,43747.2
788,0,33489.9
789,2.1,11823
790,699.3,6219.4
791,18611.9,15048.9
792,28491.4,686.6
793,36668.5,0
794,43230.1,0
795,47854.7,0
796,51153.2,0
797,56336.1,0
798,57328.5,0
799,30521.1,0
800,22231,0
801,2466.2,16007.9
802,650.8,34511.8
803,13.1,41592.2
804,0,48168
805,0,38049.6
806,0,55604.4
807,0,62429.8
808,0,66137.1
809,0,69246.5
810,311.7,52390.4
811,4079,29080.9
812,5324.4,23976
813,11072.3,6660.7
814,13063.7,2111.5
815,42458.6,0
816,51863.5,0
817,54699.2,0
818,63426.2,0
819,60558.8,0
820,67852,0
821,65950.3,0
822,73963.2,0
823,37191.8,0
824,29721.1,0
825,15636.9,0
826,10502.9,0
827,5545.5,0
828,4839.4,0
829,1968,0
830,1985.4,0
831,7772.8,0
832,12667.3,0
833,17789.3,0
834,29018.2,0
835,65341.9,0
836,84693,0
837,87564.7,0
838,102974.9,0
839,103087.8,0
840,116525.6,0
841,113943.5,0
842,130042.3,0
843,127749.3,0
844,141791,0
845,138670.4,0
846,154138.6,0
847,148149.2,0
848,146017.5,0
849,98691.7,0
850,82430.2,0
851,75698.2,0
852,93438.6,0
853,89505.5,0
854,86956.8,0
855,79936,0
856,89066.4,0
857,84171.4,0
858,112168.8,0
859,119158.8,0
860,134837.5,0
861,134185.1,0
862,153189.2,0
863,150453.3,0
864,169838.5,0
865,163922.7,0
866,182495.2,0
867,180261.2,0
868,197231.7,0
869,192484.3,0
870,203543.6,0
871,131346.2,0
872,89480.9,0
873,29823.6,0
874,21489.7,361
875,17142.5,9184
876,13886.9,24604.6
877,15527.9,31371.6
878,7904,43603.1
879,6242.6,49776.4
880,5716.8,48308.9
881,6327.5,35387.6
882,12444.4,8096.9
883,23485.8,0
884,29231.1,0
885,41330.2,0
886,47158,0
887,104037.7,0
888,135977.4,0
889,144083.8,0
890,162855.9,0
891,164890.2,0
892,182040.9,0
893,180395.4,0
894,196312.3,0
895,123107.1,0
896,85389.6,0
897,26152.1,0
898,15367.9,840.8
899,11418.2,24584.6
900,9272.1,45506.5
901,9965.5,42313.8
902,3822.9,65646.4
903,2814.4,67521.4
904,2785.5,58788.3
905,3727.2,46124.8
906,8327.1,27165.6
907,17344.8,4126.4
908,21801.9,1939.3
909,31953.5,0
910,36671.6,0
911,80157.5,0
912,94078,0
913,93047,0
914,103599.8,0
915,99079.6,0
916,114145.4,0
917,115829.1,0
918,131314.5,0
919,80825.3,0
920,50139.5,0
921,12731.8,590.4
922,5471.7,2985.6
923,2471.7,32149.5
924,1014.1,58996.6
925,920.9,49318.8
926,0,68310.6
927,0,66477.7
928,0,63569.8
929,0,57054.2
930,941.8,37907.5
931,5180.8,11724.2
932,7406.5,7555.1
933,14499.7,252.3
934,17347.2,0
935,51642.4,0
936,67981.1,0
937,70544.3,0
938,83796.6,0
939,85101.4,0
940,99482.8,0
941,100846.8,0
942,114241.1,0
943,67370.2,0
944,42199.4,0
945,8814.4,4104.1
946,3817.9,17763.2
947,1590.8,25745.4
948,137.4,31908.8
949,792.6,18421.3
950,0,37280
951,0,45893
952,0,51822.8
953,0,56177.2
954,568.4,40647.1
955,4865,15077.9
956,7473.1,10429.6
957,15529,596.4
958,18512.3,0
959,56810.4,0
960,76058.7,0
961,77419.7,0
962,91924,0
963,96723.1,0
964,108478.1,0
965,107640.2,0
966,122318,0
967,72964.4,0
968,40829.7,0
969,7828.1,5.9
970,3052.8,16742.9
971,1035.6,55218.6
972,17.4,68794.8
973,0,65008.2
974,0,92879.5
975,0,108611.5
976,0,117042.3
977,0,113219.9
978,15.4,56891.9
979,1327.2,25136.6
980,2634.5,18993.8
981,8060.2,3806.5
982,10383.9,168.2
983,37283.2,0
984,52034.2,0
985,58747.3,0
986,72381.5,0
987,73786.7,0
988,86824.2,0
989,88446.9,0
990,103373.4,0
991,56676.3,0
992,35695.7,0
993,13695.6,9.2
994,8884.7,2968.9
995,6319.5,13086.5
996,3961.2,20923.3
997,2667.2,16143.9
998,1767.4,15996.3
999,3956.7,5955.2
1000,6282.4,106.7
1001,11457.6,0
1002,19624.8,0
1003,50122.3,0
1004,65937,0
1005,69127.3,0
1006,80658.4,0
1007,78177.8,0
1008,89102,0
1009,86225.8,0
1010,95537.7,0
1011,89922.6,0
1012,97268.8,0
1013,86959.3,0
1014,94581.5,0
1015,88143.4,0
1016,94542.4,0
1017,76974.6,0
1018,74205.9,0
1019,68807.9,0
1020,77197.9,0
1021,71545.8,0
1022,76410.4,0
1023,70478.9,0
1024,78715.6,0
1025,85856.7,0
1026,110215.5,0
1027,115765.2,0
1028,131069.3,0
1029,127473.9,0
1030,143165.9,0
1031,140638.8,0
1032,160257.7,0
1033,155206.2,0
1034,172831.6,0
1035,167972.2,0
1036,181537.5,0
1037,173175,0
1038,185014.2,0
1039,117872.2,0
1040,79697.3,0
1041,25833.5,0
1042,16289.5,0
1043,11581.5,773.6
1044,8484.5,9576.5
1045,9680.4,14366.9
1046,4236.7,15598.6
1047,3555.1,29904.8
1048,3468.4,28754.8
1049,4395.1,24892.9
1050,10661.5,9164.8
1051,23307,0
1052,27126.7,0
1053,38868.8,0
1054,43446.7,0
1055,90950.7,0
1056,114637.4,0
1057,120228.6,0
1058,138776.8,0
1059,139249.4,0
1060,155272.6,0
1061,153329.2,0
1062,167365.6,0
1063,104679.5,0
1064,58382.1,0
1065,17672.4,995.4
1066,10734.9,7793.7
1067,6612.6,21927.4
1068,3713.8,52496.8
1069,2984.7,50327.8
1070,817.5,72794.5
1071,202.9,77378.8
1072,0,67408.3
1073,3.8,60594.9
1074,1265.8,31472
1075,6470.5,6015.6
1076,8866.5,3664.6
1077,15962.2,0
1078,18871,0
1079,53886.4,0
1080,69769.2,0
1081,69485.8,0
1082,81213.4,0
1083,82561.1,0
1084,92377.5,0
1085,89327.4,0
1086,99444.4,0
1087,57568.5,0
1088,34727.5,0
1089,5269.5,1681
1090,1449.2,12058
1091,83.2,19425.9
1092,0,25456.8
1093,0,15180.5
1094,0,32175.6
1095,0,39695.8
1096,0,45698.3
1097,0,50943.2
1098,0,36259.3
1099,0,10741.3
1100,11.7,7209
1101,2222.5,210.5
1102,3503.3,0
1103,21595.3,0
1104,25488.9,10.9
1105,29778.4,0
1106,33106.4,0
1107,36746.9,0
1108,43040,0
1109,47199.9,0
1110,53718.9,0
1111,31117.9,0
1112,23432.2,0
1113,2040.7,6294.8
1114,169,14864
1115,0,30171.5
1116,0,35300.1
1117,0,31314
1118,0,64467.4
1119,0,88599.5
1120,0,99717.4
1121,0,103735.3
1122,0,52126.3
1123,1166.4,24723.9
1124,1860,18456.4
1125,6423.2,2986.8
1126,10704.8,4.9
1127,42558.4,0
1128,55246.6,0
1129,59014.8,0
1130,73459,0
1131,74656.7,0
1132,86035.2,0
1133,86346.7,0
1134,101396.2,0
1135,60260.3,0
1136,28292.5,0
1137,4605,1506.7
1138,1385,28075.3
1139,29.3,74705.4
1140,0,90372.8
1141,0,86697.2
1142,0,109256.3
1143,0,105181.1
1144,0,107967.1
1145,0,103209.2
1146,0,62371.3
1147,0,30288.4
1148,131.4,24698.4
1149,1396.3,7129.8
1150,2599.6,2568.5
1151,21554.2,65.8
1152,34480.3,0
1153,46803.3,0
1154,57549.6,0
1155,60842.2,0
1156,67740.6,0
1157,67251.3,0
1158,72267.2,0
1159,37190.1,0
1160,28643.2,0
1161,9332.9,0
1162,2787.8,0
1163,1160.7,0
1164,544,0
1165,18.9,4194.6
1166,0,19872.3
1167,261.8,15787.1
1168,498.4,3309.3
1169,1212.3,873.5
1170,4917.4,0
1171,22954.4,0
1172,32218.3,0
1173,37612.8,0
1174,47160.1,0
1175,47271.5,0
1176,56420.6,0
1177,55986.5,0
1178,66021.3,0
1179,65743.7,0
1180,75628.9,0
1181,72912.6,0
1182,83241.9,0
1183,76925.7,0
1184,81092.9,0
1185,67620.5,0
1186,65008.5,0
1187,50081.8,0
1188,58118.2,0
1189,53664.7,0
1190,58857.3,0
1191,56529.4,0
1192,65161.5,0
1193,62642.4,0
1194,73726.3,0
1195,70214.3,0
1196,77255.2,0
1197,69529.6,0
1198,77148.7,0
1199,73240.4,0
1200,81413.1,0
1201,76062.7,0
1202,86647.6,0
1203,80267.4,0
1204,88833.5,0
1205,82844,0
1206,91300.9,0
1207,83367.7,0
1208,84565.6,0
1209,65854,0
1210,57776.2,0
1211,37188.9,0
1212,26559.2,0
1213,22713.2,0
1214,20066.5,0
1215,19075.6,0
1216,19700,0
1217,25286.9,0
1218,36720.5,0
1219,41303.6,0
1220,50333.4,0
1221,49327.5,0
1222,63088.1,0
1223,61883.8,0
1224,75686.3,0
1225,68884,0
1226,83580,0
1227,78718.6,0
1228,93902.3,0
1229,89503.1,0
1230,107097.2,0
1231,63730.3,0
1232,34567.1,0
1233,9474.4,1666.6
1234,5642.5,3863.7
1235,3810.3,9113.6
1236,2506.7,27515.8
1237,3052.4,35044.8
1238,920.5,50478.9
1239,662.1,57712
1240,555.9,62719.9
1241,616.7,60710.3
1242,2594.6,13908.4
1243,9333.3,561.2
1244,12215.7,0
1245,20522.2,0
1246,24703,0
1247,71095.2,0
1248,95352.3,0
1249,103314.1,0
1250,121907.3,0
1251,121284.7,0
1252,134205.9,0
1253,133165.7,0
1254,146774.6,0
1255,88114.3,0
1256,45323,0
1257,11796.6,1929.2
1258,5392.4,6132.8
1259,2628,39284.5
1260,795,55256.2
1261,289.8,47469.7
1262,0,61306.5
1263,0,69147.5
1264,0,71395
1265,0,78533.5
1266,0,41880.5
1267,369,12043
1268,793,8028.1
1269,3044.8,328.9
1270,4020.6,0
1271,18150.5,0
1272,21404.6,0
1273,22994.7,0
1274,26638.4,0
1275,26193.3,0
1276,31370.3,0
1277,33119.8,0
1278,37778.9,0
1279,19258.7,0
1280,7456.8,0
1281,35.3,15860.4
1282,0,47680.4
1283,0,72135.4
1284,0,94913.7
1285,0,84803.5
1286,0,74513.4
1287,0,72809.2
1288,0,72953.1
1289,0,75287.6
1290,0,51353.9
1291,0,24550.1
1292,0,19596.8
1293,1390.9,4650.7
1294,2497.4,661.9
1295,20764.2,5989.8
1296,25031.9,1674.1
1297,29099.7,0
1298,35450.6,0
1299,40122.8,0
1300,48101.1,0
1301,55414.8,0
1302,62034.5,0
1303,33690.2,0
1304,18129.6,0
1305,3180.7,16991.9
1306,1394.2,52816.4
1307,221.7,73456.7
1308,0,82555.7
1309,0,76307
1310,0,101967.8
1311,0,108350.8
1312,0,100009.6
1313,0,102023.6
1314,59.5,61488.9
1315,1654.8,32547.2
1316,3205.1,26483.8
1317,8697.7,8134.6
1318,13066.9,3340.7
1319,45304.1,0
1320,62054.8,0
1321,69430.9,0
1322,85448.7,0
1323,88502.3,0
1324,100193.7,0
1325,99082.4,0
1326,114540.1,0
1327,64107.6,0
1328,35604.8,0
1329,16408.8,0
1330,11867.7,0
1331,12188,0
1332,6605.4,824.1
1333,5617.7,940.9
1334,4242,0
1335,8278.2,0
1336,9834.9,0
1337,11825.3,0
1338,20752.5,0
1339,62175.3,0
1340,83687.7,0
1341,87622.9,0
1342,104198.6,0
1343,106041,0
1344,126103.3,0
1345,124726.9,0
1346,137307.2,0
1347,136096.6,0
1348,151590.5,0
1349,141788.9,0
1350,155633.2,0
1351,151158.8,0
1352,132139.1,0
1353,91323.9,0
1354,78256.9,0
1355,64678.1,0
1356,67888.6,1375.7
1357,60870,7707
1358,52534.8,10585.9
1359,39881.7,8122.9
1360,41871.7,2323.6
1361,46079.6,0
1362,65771,0
1363,74533.9,0
1364,94432,0
1365,95824.6,0
1366,108328.3,0
1367,103724.4,0
1368,116326.7,0
1369,105633.5,0
1370,112920.6,0
1371,104501.5,0
1372,114663.5,0
1373,106995,0
1374,115190.2,0
1375,67984,0
1376,47855.4,0
1377,10279.2,0
1378,4363.4,0
1379,1732.1,0
1380,189.6,670
1381,32.6,0
1382,0,6901.2
1383,0,14350.3
1384,0,19237.6
1385,0,23728.1
1386,1051.1,11605
1387,6304.1,0
1388,9689.2,0
1389,19238.9,0
1390,22902.3,0
1391,57140.4,0
1392,71648.5,0
1393,73281.6,0
1394,82672.3,0
1395,79650.7,0
1396,90837.2,0
1397,89378.4,0
1398,100035.1,0
1399,57998.6,0
1400,40640.3,0
1401,9605,0
1402,3253,1904.5
1403,665.8,8984.9
1404,77.9,15463.9
1405,701.3,2792.9
1406,0,21667.4
1407,0,29025
1408,0,33813.6
1409,0,39042
1410,265.5,28040.8
1411,4876.9,5112.3
1412,9686.3,2627.1
1413,20517.5,0
1414,24117.7,0
1415,62263.3,0
1416,77537.1,0
1417,77966.4,0
1418,89720.9,0
1419,89163.4,0
1420,102459.5,0
1421,99386.7,0
1422,112638.7,0
1423,66319,0
1424,31976.4,0
1425,4652.3,3055.5
1426,1192.7,19614.8
1427,0,41524.1
1428,0,55765.5
1429,0,17355
1430,0,39816
1431,0,49787.5
1432,0,52172.3
1433,0,54647
1434,0,39260
1435,0,13935.1
1436,25.6,9526.3
1437,1645.1,570.8
1438,2086.2,0
1439,15694.3,1762.3
1440,25231.9,2599.5
1441,28483.8,0
1442,37685.4,0
1443,45509,0
1444,64591.3,0
1445,62910.7,0
1446,73396.4,0
1447,35690.2,0
1448,14001.8,0
1449,616.8,7122.1
1450,0,37981
1451,0,35073.6
1452,0,65808.3
1453,0,71638.4
1454,0,104870.5
1455,0,124835.6
1456,0,138401.7
1457,0,140265.8
1458,0,87350.5
1459,0,34306.3
1460,0,26111.3
1461,40.9,8062.5
1462,617.1,3388
1463,8267.7,13848.5
1464,13117.7,27234
1465,17977,19611.5
1466,25957.2,11614.3
1467,29934.1,0
1468,41203.8,0
1469,46472.1,0
1470,58547,0
1471,30873.1,0
1472,13610.3,0
1473,1125.4,18104
1474,1.1,54587
1475,0,82158.1
1476,0,98072.5
1477,0,90751.6
1478,0,114811.1
1479,0,128314.1
1480,0,136074.6
1481,0,135976.8
1482,0,76941.7
1483,0,39269.3
1484,0,33477.7
1485,954.1,13934.1
1486,2191.2,6809.1
1487,20371.7,3770
1488,31090.3,0
1489,39234.3,0
1490,47814.7,0
1491,45555.7,0
1492,53388.9,0
1493,51469.1,0
1494,60963.4,0
1495,29518.6,0
1496,21306.2,0
1497,10973.3,0
1498,9206.2,0
1499,7047.8,0
1500,5979.5,0
1501,5646,0
1502,4770.4,0
1503,8958.3,0
1504,9365.7,0
1505,8745,0
1506,15612.8,0
1507,41398.6,0
1508,48800.2,0
1509,49741.9,0
1510,57532.5,0
1511,53859,0
1512,61169.1,0
1513,54802.5,0
1514,57624.8,0
1515,50569.4,0
1516,53369.7,0
1517,48491.6,0
1518,53842.9,0
1519,47085.8,0
1520,32440.7,0
1521,15219.8,3210.9
1522,7693,9364.3
1523,2630.2,18719.6
1524,842.5,38270.9
1525,57.8,48469.5
1526,0,55386.7
1527,0,48972.2
1528,0,50259.3
1529,337.7,27148
1530,4694.7,3258.5
1531,12042.2,0
1532,19059.4,0
1533,25978.1,0
1534,37932.1,0
1535,43705.7,0
1536,55448.1,0
1537,55207.9,0
1538,68890.2,0
1539,71745.7,0
1540,83632.8,0
1541,82461.5,0
1542,94365.4,0
1543,54380.7,0
1544,27580.2,0
1545,5146.3,1098.3
1546,2417.4,6087.8
1547,915.9,20747.8
1548,50.6,39695.2
1549,85.3,36933.4
1550,0,58527.4
1551,0,67419.4
1552,0,73665.3
1553,0,69080.3
1554,19.2,28142.1
1555,2061.7,5528.4
1556,4177.3,3235.7
1557,9433.8,0
1558,12178.6,0
1559,43370,0
1560,59922,0
1561,64123.4,0
1562,77795.2,0
1563,78883.4,0
1564,92244.1,0
1565,92425.8,0
1566,105869.3,0
1567,59167,0
1568,26737.8,0
1569,4453.5,4291.2
1570,1569.8,15245
1571,108.3,19553.5
1572,0,29380.7
1573,0,30917.4
1574,0,55659.1
1575,0,61502.9
1576,0,61382
1577,0,60313.2
1578,0,42362
1579,697.4,17007.7
1580,1368.4,12113.5
1581,4138,1285.9
1582,5778.9,0
1583,25136.4,0
1584,30515.8,0
1585,32577.9,0
1586,38068,0
1587,36993.7,0
1588,40118.5,0
1589,39709.2,0
1590,42920.4,0
1591,22146.8,0
1592,15027.3,0
1593,1138.3,7819.9
1594,0,22440.7
1595,0,29994.6
1596,0,36356.7
1597,0,27060.5
1598,0,45009.1
1599,0,54372.7
1600,0,59700.7
1601,0,64106.6
1602,0,47542
1603,0,23310.7
1604,0,18302.2
1605,0,3814.1
1606,3.3,230.8
1607,5893.8,12992.3
1608,8047.8,18857.9
1609,10294.2,17750.2
1610,12281.2,20385.9
1611,16897.8,26069.8
1612,18052.2,11916.9
1613,26939.9,8965.3
1614,31656.3,4062.5
1615,14291.5,0
1616,5631.1,3.4
1617,0,27814.4
1618,0,69279.8
1619,0,96795.8
1620,0,110724.3
1621,0,100485.3
1622,0,127764.3
1623,0,148731
1624,0,161056
1625,0,164482.9
1626,0,118162.5
1627,0,48865.2
1628,0,38860.1
1629,0,18273.2
1630,14.2,10171.4
1631,4596.2,12569.8
1632,7088.2,17529.8
1633,15772.4,14725.2
1634,22004.5,3213.5
1635,31683.7,0
1636,36998.2,0
1637,44822.7,0
1638,47408.3,0
1639,22953.4,0
1640,9399,121.3
1641,184,31977.5
1642,0,83003.4
1643,0,112622
1644,0,122735.8
1645,0,109210.8
1646,0,138309.3
1647,0,161781.1
1648,0,175883.3
1649,0,176907.8
1650,0,129769
1651,0,53126.9
1652,0,44609.5
1653,0,22867.7
1654,87.9,14771.2
1655,5356.1,18651.4
1656,9445,12485.8
1657,20197.8,12589.9
1658,29836.6,0
1659,38855.3,0
1660,49338.3,0
1661,53175.8,0
1662,61036.7,0
1663,25720.7,0
1664,11340.6,0
1665,2262,0
1666,365.6,0
1667,0,0
1668,0,217.1
1669,0,558.2
1670,0,166.2
1671,0,0
1672,0,0
1673,137.2,0
1674,1376.8,0
1675,9272.6,0
1676,15145.7,0
1677,15896.2,0
1678,20530.3,0
1679,27112.8,0
1680,28924.3,0
1681,27965.1,0
1682,31663.4,0
1683,29763.4,0
1684,32814.1,0
1685,31330.6,0
1686,34967.7,0
1687,31007.2,0
1688,28130.5,0
1689,13640.2,0
1690,3744.3,172.7
1691,3161.3,3554
1692,2194.4,13410.7
1693,1342.4,28849.3
1694,851.7,21198
1695,2541.6,5145.9
1696,1875.1,2356
1697,3954,0
1698,7653.7,0
1699,15194.3,0
1700,18228.3,0
1701,24947.4,0
1702,25016,0
1703,31456.5,0
1704,28572.9,0
1705,34178.6,0
1706,34007.2,0
1707,42691.7,0
1708,43243.6,0
1709,55782.4,0
1710,31231.5,0
1711,21503,0
1712,1310,0
1713,0,6747
1714,0,26182.2
1715,0,45996
1716,0,39440.3
1717,0,68170.3
1718,0,71387.3
1719,0,84832.9
1720,0,89081.9
1721,0,43426.6
1722,0,11794.6
1723,0,7592.1
1724,0,293.6
1725,0,0
1726,698.5,3796
1727,2022.1,15225.5
1728,3874.2,18501.5
1729,4608.5,16419.3
1730,5915.7,16660.7
1731,8077.8,16773.1
1732,12495.9,17744.7
1733,14818.1,9338.3
1734,7186.8,168
1735,5555.1,0
1736,0,21483.7
1737,0,41067.4
1738,0,49963.3
1739,0,68427.6
1740,0,76130.7
1741,0,85497.3
1742,0,87245.2
1743,0,89814.9
1744,0,93554.4
1745,0,67795.4
1746,0,37382.9
1747,0,32119
1748,0,12945.8
1749,0,7548.5
1750,5014.5,13037.9
1751,8025.4,10146.3
1752,19399,27354.4
1753,27247.8,9152.1
1754,37379.1,0
1755,34457.6,0
1756,41064.1,0
1757,43303.3,0
1758,22639.6,0
1759,17340.9,0
1760,1343.7,14449.3
1761,8.5,62260.4
1762,0,80988.3
1763,0,97960.4
1764,0,88193.4
1765,0,111636.2
1766,0,123309.8
1767,0,138858.4
1768,0,151755.9
1769,0,123990.9
1770,0,66796.5
1771,0,36091.9
1772,621.7,18692.4
1773,1305.1,10260.3
1774,13246.7,11897.5
1775,23424.9,1154.6
1776,33219.2,0
1777,43331.6,0
1778,51608.9,0
1779,54742.9,0
1780,60006.1,0
1781,69540.3,0
1782,38586.8,0
1783,27657.1,0
1784,4291.2,13170.5
1785,1089.9,58588.6
1786,0,82741.9
1787,0,104958.8
1788,0,91740.6
1789,0,112182.5
1790,0,117073
1791,0,132118.8
1792,0,140695.1
1793,0,107044
1794,0,53089.5
1795,0,37987.2
1796,442.7,18657.4
1797,809.1,10404
1798,7506.6,12796.7
1799,12693.7,15268.6
1800,16172.5,7765.8
1801,20840.1,4449.9
1802,21666.3,21310.8
1803,27449.1,706
1804,31078.7,0
1805,39343.2,0
1806,19444,0
1807,15133.3,0
1808,1196.7,22562.4
1809,0,44996.8
1810,0,55953.9
1811,0,79637.3
1812,0,78978.3
1813,0,110817.6
1814,0,122645.1
1815,0,137589.2
1816,0,141444
1817,0,85098.2
1818,0,49033.5
1819,0,38795.4
1820,1137,19474.5
1821,2222.4,11183.9
1822,19222.2,7854.7
1823,29567.6,228.3
1824,41302.5,0
1825,51485.5,0
1826,61438.5,0
1827,71887.9,0
1828,77323.3,0
1829,86151.4,0
1830,45532.9,0
1831,39704.4,0
1832,19976.2,0
1833,9500,0
1834,6302.5,196
1835,4508.1,5905
1836,3247.1,17513.6
1837,1961.2,26308.9
1838,2322.5,25414.8
1839,2574.8,21903.4
1840,2960,16116
1841,5203.7,4053.8
1842,19731,0
1843,31635.3,0
1844,42899.5,0
1845,53948.5,0
1846,63596.5,0
1847,74875,0
1848,86276.9,0
1849,98274.5,0
1850,107307.1,0
1851,121980.6,0
1852,126476.5,0
1853,133245.6,0
1854,146759.7,0
1855,137218.4,0
1856,99890.7,0
1857,77882.8,0
1858,57462.8,18.1
1859,49332.9,40
1860,37990.4,6061.6
1861,30092.9,18930.7
1862,16994.6,23744.7
1863,11537.8,17709.7
1864,7280,5110.9
1865,8641.8,267.9
1866,13857.6,0
1867,30243.9,0
1868,40501.7,0
1869,54167.5,0
1870,57140.6,0
1871,69363.9,0
1872,61131.7,0
1873,60152.5,0
1874,51236.7,0
1875,55358.3,0
1876,53304.7,0
1877,59193.4,0
1878,32382.9,0
1879,18424.4,0
1880,774.6,0
1881,0,3706.6
1882,0,13225.9
1883,0,33297.9
1884,0,26453.8
1885,0,30268.1
1886,0,34727.4
1887,0,35202.4
1888,0,52466
1889,0,58768.6
1890,0,7311.8
1891,0,4815.8
1892,0,0
1893,0,0
1894,178,1625.6
1895,1576.5,7439.4
1896,5251.2,8511
1897,15289.1,6864.3
1898,20957.4,0
1899,33639.8,0
1900,39414.4,0
1901,46480,0
1902,24124.4,0
1903,17797.8,0
1904,1173.6,5227.8
1905,6.8,41334.8
1906,0,59233.4
1907,0,73165.5
1908,0,61324.6
1909,0,83684.9
1910,0,82703.2
1911,0,91403.9
1912,0,89813.6
1913,0,59751
1914,0,28715.5
1915,0,23455.9
1916,642.3,7289.2
1917,1689.4,3028.8
1918,20300.6,9205.3
1919,26729.1,2172
1920,35478.8,0
1921,38766.6,0
1922,42755.5,0
1923,50916.8,0
1924,54771.9,0
1925,57362.7,0
1926,29375.1,0
1927,21825.6,0
1928,3363.3,12891.6
1929,410.1,30016.2
1930,0,37451.2
1931,0,43500.8
1932,0,33549.5
1933,0,51178.4
1934,0,58457.3
1935,0,63073.3
1936,0,66736.3
1937,0,50343.4
1938,1155.6,26827
1939,2986.4,21716.7
1940,7180.8,5470.8
1941,9455.4,1176.9
1942,37951.1,0
1943,45865.7,0
1944,49931.6,0
1945,54585.3,0
1946,56087.7,0
1947,59855.9,0
1948,58974.6,0
1949,60797,0
1950,33440.3,0
1951,25391.4,0
1952,5358.6,10793.8
1953,1598.3,26643.6
1954,13.9,33930
1955,0,39817.5
1956,0,30191.1
1957,0,47864.2
1958,0,55442.5
1959,0,60261.6
1960,0,64464.9
1961,0,48272.8
1962,832.8,24282.8
1963,2290.4,19208.5
1964,5488.7,3996.2
1965,7171,271.7
1966,31997.8,1712.3
1967,38588.9,0
1968,37168.3,0
1969,44113.2,0
1970,42588.3,0
1971,49014,0
1972,46023,0
1973,52946.7,0
1974,27819.1,0
1975,18387.3,0
1976,1783,10453.2
1977,0,26308
1978,0,33853.4
1979,0,39890.4
1980,0,30171.4
1981,0,47887.9
1982,0,55556.7
1983,0,60328.3
1984,0,64469.8
1985,0,48215.1
1986,684.4,24180.6
1987,2458,19077.5
1988,6752.9,3786
1989,8816.8,197.4
1990,37398.2,0
1991,45307.6,0
1992,51498.2,0
1993,56062.6,0
1994,57425.9,0
1995,60951.2,0
1996,63484.1,0
1997,68984.3,0
1998,35987.6,0
1999,28981.7,0
2000,9560.1,0
2001,4082.8,0
2002,1732,9.6
2003,944.5,0
2004,127.2,1012.5
2005,0,12340.9
2006,433.2,15646.9
2007,497.8,15007.1
2008,490.2,13517.5
2009,1066.9,7918.2
2010,8244.3,862.4
2011,15048.8,0
2012,21246.6,0
2013,29232,0
2014,35770,0
2015,44127,0
2016,50158.8,0
2017,63457.2,0
2018,71254.7,0
2019,82709,0
2020,92806.7,0
2021,106269,0
2022,109875.3,0
2023,104084.6,0
2024,72944.5,0
2025,50308.1,0
2026,34334.1,219
2027,28736.8,1006.6
2028,18634.4,5165.4
2029,11186.4,19148.2
2030,3624.6,26810.3
2031,1611.8,23060.1
2032,1074,15158.2
2033,1127.2,11416.1
2034,2602.8,4366.1
2035,8262.2,0
2036,13210.5,0
2037,20155.6,0
2038,26720.3,0
2039,32888.9,0
2040,38676,0
2041,52225.5,0
2042,60253.6,0
2043,65649.8,0
2044,74870.5,0
2045,78144.4,0
2046,45277.1,0
2047,28716.1,0
2048,2216.1,90.1
2049,0,4541.1
2050,0,15459
2051,0,37155
2052,0,36616.6
2053,0,64031.5
2054,0,84287.1
2055,0,94475.6
2056,0,112297.5
2057,0,85944.2
2058,0,28624
2059,0,9287
2060,0,286.1
2061,0,0
2062,0,3774.9
2063,0,9130.8
2064,0,9878.4
2065,0,2674.5
2066,0,7387.9
2067,0,9372.1
2068,73.3,9850.9
2069,727.1,4802.9
2070,60.8,152.1
2071,0,0
2072,0,18366.5
2073,0,51619.6
2074,0,81987.7
2075,0,94294
2076,0,90843.5
2077,0,156948.3
2078,0,192255.6
2079,0,212962.7
2080,0,212866.6
2081,0,194069.7
2082,0,146279.9
2083,0,102735.3
2084,0,56823.3
2085,0,34933.8
2086,0,29621.6
2087,0,17460.8
2088,0,16467.7
2089,0,16931.9
2090,0,19724.4
2091,0,23040.7
2092,0,11844.8
2093,0,24975.9
2094,0,1092.1
2095,0,0
2096,0,49471
2097,0,78956.2
2098,0,96410.7
2099,0,120863.4
2100,0,106779.6
2101,0,153706.2
2102,0,176529.9
2103,0,198038
2104,0,198839
2105,0,156988
2106,0,102833.5
2107,0,88727.1
2108,0,50470
2109,0,36592.7
2110,0,32977.3
2111,0,18159.7
2112,0,24377.5
2113,0,27422
2114,0,20473.6
2115,0,20709.3
2116,0,20866.5
2117,0,23160.1
2118,0,1690.3
2119,0,0
2120,0,53578.9
2121,0,84924.3
2122,0,98614.4
2123,0,109608.8
2124,0,92560.1
2125,0,128004.9
2126,0,138366.5
2127,0,144184.7
2128,0,145775
2129,0,112796.8
2130,0,71444.9
2131,0,63206.4
2132,0,33014.7
2133,0,20776
2134,756.5,29496.3
2135,3670.7,20546.5
2136,5312.6,13366.7
2137,7152.5,12635.7
2138,9599.9,13988.4
2139,11147.6,16068.8
2140,13787.2,13810.7
2141,14579.4,9634.2
2142,6472,1524.3
2143,4530.4,0
2144,0,37807.7
2145,0,58897.5
2146,0,65492.3
2147,0,71253.9
2148,0,57197.9
2149,0,79546.7
2150,0,87448.3
2151,0,92790.2
2152,0,97730.8
2153,0,74447.8
2154,0,45042.2
2155,0,40362.6
2156,893.9,21260
2157,2104,13393.7
2158,13692.3,14975.7
2159,18755.1,11408.1
2160,30568.6,17966.5
2161,37634.6,19482
2162,39201.2,0
2163,43551.9,0
2164,47820,0
2165,51727,0
2166,25704,0
2167,16929.8,0
2168,5176.5,2969.8
2169,1835.6,13957.9
2170,317.6,18431.5
2171,0,24368
2172,0,27388.4
2173,0,32202.1
2174,0,30233.2
2175,0,31479.2
2176,0,34047.2
2177,0,23413.6
2178,1023.3,9090.7
2179,5476,0
2180,9858.8,0
2181,15824.1,0
2182,21309.2,0
2183,30230.8,0
2184,30344.5,0
2185,36246.6,0
2186,35186.8,0
2187,43248.8,0
2188,42579.9,0
2189,53979.9,0
2190,54822.3,0
2191,59937.9,0
2192,38346.7,0
2193,25496.1,101.8
2194,13632.8,1638
2195,8051.7,2224.3
2196,3015.5,9889.9
2197,377.8,25553.2
2198,0,26765
2199,0,25602.3
2200,0,6025.6
2201,0,1245.5
2202,0,1336.4
2203,151.7,0
2204,876.2,0
2205,1479.2,0
2206,2878.4,0
2207,4760.7,0
2208,7379.3,0
2209,9278.9,0
2210,13852.4,0
2211,15671.6,0
2212,20180.1,0
2213,21950.8,0
2214,10503.5,0
2215,5154.8,0
2216,0,1375
2217,0,21929.5
2218,0,46728.9
2219,0,68575.2
2220,0,57641.3
2221,0,85067.7
2222,0,105414.5
2223,0,125635.4
2224,0,137264.6
2225,0,90083.7
2226,0,35568.7
2227,0,22880.8
2228,0,5232.1
2229,0,1246.6
2230,0,8133.6
2231,0,18168.8
2232,8.8,13650.6
2233,618.7,15612.1
2234,2332.3,17599.8
2235,3337.7,18458.5
2236,4685.1,27778.7
2237,7383.1,21740.4
2238,2285.4,2207.2
2239,851.6,0
2240,0,29150.3
2241,0,47240.3
2242,0,56779.8
2243,0,77687.4
2244,0,77066.5
2245,0,128253
2246,0,158375.1
2247,0,181622.8
2248,0,188791.7
2249,0,160706.7
2250,0,109743.2
2251,0,63242.7
2252,0,28950.2
2253,0,17582.7
2254,0,25327.5
2255,0,21161.2
2256,219.7,24799.4
2257,2179.7,16762.7
2258,3105.6,16921.9
2259,6247,11170.2
2260,9389,15685.5
2261,12993.5,18054.3
2262,5894.8,1384.3
2263,2890.2,0
2264,0,34731.5
2265,0,66893.6
2266,0,99175.5
2267,0,121728.7
2268,0,100166
2269,0,130593.5
2270,0,150922.8
2271,0,174722.9
2272,0,189534.6
2273,0,159763.6
2274,0,105699.8
2275,0,60110.4
2276,0,28963
2277,0,21143.3
2278,177.8,25719.2
2279,3010.6,20253.8
2280,3251.9,13564.2
2281,8764.1,13780.3
2282,13960.2,13957.2
2283,23315.2,9956.9
2284,28142.7,2218.6
2285,35853.9,0
2286,12550.7,0
2287,6110.3,0
2288,0,46046
2289,0,89584.1
2290,0,110878.4
2291,0,129931.8
2292,0,114867.2
2293,0,152982.1
2294,0,175087.8
2295,0,193638.5
2296,0,199393.5
2297,0,169406.1
2298,0,108735.1
2299,0,67501.6
2300,0,33500.5
2301,0,23268.9
2302,0,31883.8
2303,0,13699.6
2304,427.2,24460.6
2305,1822.2,13839.8
2306,2955.7,10915.6
2307,5145.3,16919.8
2308,10949.2,16260.6
2309,13747.9,12902.5
2310,5141,1800.6
2311,2220.8,0
2312,0,42896.8
2313,0,84262.8
2314,0,107943
2315,0,130689.3
2316,0,110215
2317,0,148699
2318,0,157876.6
2319,0,159687.2
2320,0,158387.5
2321,0,119623.2
2322,0,68186.5
2323,0,57937.2
2324,0,30697
2325,0,22546.6
2326,0,26365.1
2327,0,20905.8
2328,225.3,14356.7
2329,2345.3,14951.7
2330,4489.9,10156.8
2331,4320,14657.9
2332,5076.5,24999.2
2333,6471.2,7050.1
2334,2174.5,2432
2335,792.2,0
2336,0,1709
2337,0,4290.1
2338,0,6790.6
2339,0,10855.2
2340,0,11175.3
2341,0,10467.3
2342,0,0
2343,0,0
2344,0,0
2345,0,0
2346,0,471.6
2347,0,4186.8
2348,0,6015.9
2349,0,7296.7
2350,0,8154.4
2351,0,8795.2
2352,739.8,9208.3
2353,3125.1,9423.4
2354,4390.2,16141.1
2355,4603,956.6
2356,3760,9575.8
2357,4192.8,12626.6
2358,4731.3,12446.8
2359,5518.5,8435.9
2360,1694.8,3220.1
2361,191.1,8921.8
2362,0,2966
2363,0,10751.9
2364,0,7674.7
2365,0,13475.9
2366,0,3720
2367,0,6357.7
2368,0,9573
2369,0,3180.9
2370,0,1476.9
2371,0,750.5
2372,0,481.9
2373,0,3261.4
2374,0,4741.8
2375,0,5710.2
2376,0,8921.3
2377,577.5,1337.2
2378,1999.8,8401
2379,3852.2,8820.3
2380,5326,11619.4
2381,6570.1,6998.5
2382,2930.9,48.3
2383,901.8,71.4
2384,0,38130.3
2385,0,72294.7
2386,0,91715.2
2387,0,108009.6
2388,0,87614.1
2389,0,115070.9
2390,0,138757
2391,0,138303.1
2392,0,143555.1
2393,0,113898.1
2394,0,65044.9
2395,0,51482.4
2396,0,22615.3
2397,0,14294.1
2398,0,28527.2
2399,0,35139.5
2400,0,21784.7
2401,0,16067.2
2402,0,16998.3
2403,386,11818.6
2404,2803.8,14645.5
2405,4251.2,11856.7
2406,1448.5,1387.9
2407,412.7,0
2408,0,39343.4
2409,0,85468.9
2410,0,116049.8
2411,0,140398.3
2412,0,127988.1
2413,0,172814.7
2414,0,198331.9
2415,0,219332.9
2416,0,229649.7
2417,0,192553.1
2418,0,128072.5
2419,0,94357.7
2420,0,51404.3
2421,0,36275
2422,0,31288.9
2423,0,22955.1
2424,0,16010.7
2425,0,35803
2426,0,24041
2427,194.1,20283.1
2428,2259.8,15192.8
2429,4766.7,11678.1
2430,625.2,3680.1
2431,0,1667.9
2432,0,65369
2433,0,108606.6
2434,0,136474.5
2435,0,146098.4
2436,0,129630.4
2437,0,167820
2438,0,180789.6
2439,0,190142.9
2440,0,193952.1
2441,0,158019.6
2442,0,100979.9
2443,0,81999.4
2444,0,47817.2
2445,0,35377
2446,0,32894.7
2447,0,22288.5
2448,0,17865.9
2449,0,23877.6
2450,0,29840
2451,0,26395.1
2452,0,25312.1
2453,0,24166.5
2454,0,610.4
2455,0,0
2456,0,53030.8
2457,0,87789.1
2458,0,125107
2459,0,155918.7
2460,0,133223.7
2461,0,176505.4
2462,0,192724.2
2463,0,201916.7
2464,0,191058.1
2465,0,151570
2466,0,96031.3
2467,0,81634.5
2468,0,49283.4
2469,0,36277.9
2470,0,31200.5
2471,0,20153.4
2472,0,21579.9
2473,0,31787.8
2474,0,25577.5
2475,0,23078.5
2476,786.7,17704.4
2477,2850.8,13283.4
2478,201.6,0
2479,0,0
2480,0,49710.2
2481,0,78115.8
2482,0,87537.4
2483,0,98977.2
2484,0,82169.1
2485,0,111064
2486,0,124692.1
2487,0,134843.9
2488,0,141739.5
2489,0,111771.3
2490,0,68065.4
2491,0,60017.8
2492,0,31387.2
2493,0,21793
2494,0,32796.6
2495,0,15597.1
2496,0,22240.8
2497,0,22818.7
2498,0,13432.5
2499,0,14819.9
2500,609.7,16932
2501,3221.4,3368.9
2502,383.6,2353.4
2503,8.3,0
2504,0,2030.2
2505,0,4679.1
2506,0,7658.5
2507,0,8780.9
2508,0,8873
2509,0,8859.9
2510,0,0
2511,0,0
2512,0,0
2513,0,0
2514,505.9,121.3
2515,4030.3,3671.3
2516,8162,6917.7
2517,10914.9,5957.3
2518,20660.1,5885.8
2519,23029.5,0
2520,29166.5,0
2521,29749.2,0
2522,33401.5,0
2523,31398.9,0
2524,35987.1,0
2525,34180.5,0
2526,36723.6,0
2527,25456.5,0
2528,23066.9,0
2529,12329,0
2530,6434,1091.3
2531,3263.7,48.8
2532,3351.7,0
2533,3148.8,0
2534,2408.8,1883.6
2535,2068.9,2415.6
2536,3446.5,4824.5
2537,3903.1,10874.8
2538,8966.3,7491
2539,14785.7,395.1
2540,27336.8,0
2541,31063.2,0
2542,44952.1,0
2543,48430.3,0
2544,57153.2,0
2545,58401.7,0
2546,73093.6,0
2547,74405.2,0
2548,90742.2,0
2549,86479.7,0
2550,43238.5,0
2551,24706.4,0
2552,3918,7141.2
2553,450.1,24486.8
2554,0,35189.4
2555,0,45357.4
2556,0,30811.5
2557,0,55776.3
2558,0,71190.6
2559,0,85472
2560,0,109359.7
2561,0,89952.4
2562,0,43409
2563,0,12901.2
2564,0,1468.6
2565,0,0
2566,3327.7,11453.4
2567,9411,10094.6
2568,16017.2,1463.8
2569,29838.7,0
2570,36171.2,0
2571,42572.5,0
2572,44508.9,0
2573,48637,0
2574,19652.9,0
2575,9696.9,0
2576,122.9,14929.4
2577,0,45014.5
2578,0,66668.2
2579,0,86187.3
2580,0,76175.6
2581,0,104020.7
2582,0,127426.3
2583,0,149883.9
2584,0,166161.6
2585,0,130813
2586,0,73596
2587,0,41109.7
2588,0,15378.7
2589,0,8552.1
2590,0,19087.8
2591,0,21804
2592,120.5,12345.1
2593,2428.8,23060
2594,2965.3,6035.1
2595,6702.6,28396.6
2596,8325.8,25792
2597,11866.7,33870.8
2598,3340.8,143.9
2599,826.8,0
2600,0,42459
2601,0,85804.7
2602,0,109665.8
2603,0,132358.8
2604,0,114779.9
2605,0,159588.4
2606,0,188580.8
2607,0,212446.9
2608,0,228861.4
2609,0,195839.9
2610,0,131960.9
2611,0,95487.6
2612,0,47444.6
2613,0,34146.7
2614,0,30891.6
2615,0,24050.3
2616,0,18296.1
2617,0,18817.9
2618,0,19742.5
2619,593.9,16113.9
2620,3097.1,15185.8
2621,3446.3,12357.4
2622,316.8,3714.3
2623,0,2316.2
2624,0,70204.7
2625,0,112055
2626,0,140510.4
2627,0,163842
2628,0,150604.7
2629,0,198491.1
2630,0,227987.1
2631,0,249603.9
2632,0,260647.4
2633,0,223758.5
2634,0,159854.3
2635,0,116485.1
2636,0,66547.9
2637,0,50065.8
2638,0,31487.6
2639,0,19433.9
2640,0,19483.1
2641,0,18548.2
2642,0,26044.8
2643,0,23764.5
2644,0,17784.8
2645,0,34866.4
2646,0,2726.6
2647,0,0
2648,0,54561.7
2649,0,113247.4
2650,0,159432.7
2651,0,182470.2
2652,0,161893.1
2653,0,203329.8
2654,0,226670.7
2655,0,246474.9
2656,0,258210.6
2657,0,225824.6
2658,0,166285
2659,0,128721.1
2660,0,74757
2661,0,55352.8
2662,0,37795.2
2663,0,21492.4
2664,0,21470.3
2665,0,22681.4
2666,0,21728.5
2667,941.1,18397.1
2668,4753.5,10942
2669,6733.9,12217.2
2670,478.3,0
2671,0,1607.1
2672,0,24021.6
2673,0,38784.6
2674,0,47355.5
2675,0,52064.8
2676,0,56559.9
2677,0,58872.5
2678,0,35803.4
2679,0,40479.7
2680,0,42378.3
2681,0,34766.4
2682,0,11810.2
2683,0,2209.3
2684,0,9599.2
2685,0,14509.1
2686,0,13100.5
2687,0,14664.9
2688,0,16889.7
2689,0,10500.9
2690,543.8,14356.7
2691,2364.9,13676
2692,4827.7,26152.7
2693,6757.6,22642.5
2694,7449.4,12633.2
2695,4794.1,19667.9
2696,3504.6,9618
2697,709.9,23068.6
2698,0,25473.4
2699,0,15050.2
2700,0,18522.2
2701,0,26147.9
2702,0,32307.7
2703,0,36810.9
2704,0,51610.4
2705,0,42428.9
2706,0,30391.5
2707,0,5632
2708,0,666.4
2709,0,306.4
2710,0,989.1
2711,17.4,2255.7
2712,242,5928.6
2713,875,7797
2714,1363.9,14311.1
2715,2139,6806.3
2716,2309.1,11303.2
2717,2719.1,6275.9
2718,689.5,302
2719,0,867.7
2720,0,42119.7
2721,0,80540
2722,0,99636.9
2723,0,118483.5
2724,0,105749.8
2725,0,146463.2
2726,0,171686.7
2727,0,192270.6
2728,0,201915.7
2729,0,165015
2730,0,102417.8
2731,0,74218.7
2732,0,36790.9
2733,0,23527.7
2734,0,24023.7
2735,0,15450.7
2736,0,24355.3
2737,0,18253.9
2738,0,29722.1
2739,0,25473.8
2740,0,16537.6
2741,0,11959.7
2742,0,67.3
2743,0,0
2744,0,44678.9
2745,0,73542.1
2746,0,92086.9
2747,0,124740.7
2748,0,124314.4
2749,0,167025.4
2750,0,193941.2
2751,0,213757.5
2752,0,217798.2
2753,0,174954.9
2754,0,115477.3
2755,0,91824.4
2756,0,51224.8
2757,0,37460.8
2758,0,30047.5
2759,0,19752.1
2760,0,17636.8
2761,0,38677.9
2762,0,28393.9
2763,0,24844
2764,152.1,19054.1
2765,826.8,11987.4
2766,35.8,1267.7
2767,0,0
2768,0,49326.4
2769,0,77708.9
2770,0,87589
2771,0,99423.7
2772,0,81966.7
2773,0,110713.9
2774,0,125188.2
2775,0,134883.2
2776,0,132644.2
2777,0,105008.6
2778,0,67505.7
2779,0,59574.7
2780,0,29589.3
2781,0,19575.3
2782,56.8,26022.9
2783,1278.1,21056.8
2784,4835.1,14048.2
2785,5449.9,10865.6
2786,4782.8,13282.4
2787,6841.6,18560.2
2788,8252.2,14180.1
2789,10583.4,8535.1
2790,4829.2,826.6
2791,2269.2,0
2792,0,37956.9
2793,0,59641.2
2794,0,66751
2795,0,77372.5
2796,0,62181.3
2797,0,91783.4
2798,0,106374.2
2799,0,115434.6
2800,0,117064.9
2801,0,90389.6
2802,0,51869.6
2803,0,44307.5
2804,0,24890.7
2805,0,16996.2
2806,0,15888.1
2807,37.6,11023.6
2808,1214.8,13108.1
2809,3792.6,11600.8
2810,5219.7,16338.1
2811,5516.8,10330.7
2812,6580.1,12441.2
2813,6958.1,14705.9
2814,2329.1,0
2815,225,0
2816,0,36429.9
2817,0,58256.9
2818,0,66306.1
2819,0,79686
2820,0,65061.2
2821,0,101238.3
2822,0,115214.3
2823,0,123770.6
2824,0,123016
2825,0,95417.4
2826,0,55177.3
2827,0,47225.5
2828,0,24688
2829,0,16775.5
2830,0,16856.5
2831,131.8,11617.5
2832,3054.5,12880.5
2833,4864.5,13673.4
2834,5328.5,16335.1
2835,5466.2,11195.2
2836,7340.5,32005.5
2837,7089.6,22824
2838,2572.1,3240.1
2839,1357.8,0
2840,0,807.5
2841,0,2693
2842,0,3738.5
2843,0,4944.6
2844,0,7006.7
2845,0,15410.7
2846,0,4079.3
2847,0,9876.9
2848,0,18415.2
2849,0,18615.4
2850,0,10440.3
2851,0,433.8
2852,0,0
2853,21.8,1228.5
2854,417.8,2587.9
2855,1223.6,3463.5
2856,2213.7,6083.3
2857,3841.3,8471.9
2858,4071.1,6884.2
2859,5878.1,9303.3
2860,6191,7837.7
2861,8605.7,11797.2
2862,8093.8,9289.5
2863,8579.7,12862.6
2864,5512.1,9657.4
2865,3772.3,13537.4
2866,1949.4,8939.4
2867,1017.7,4632
2868,33,4862.5
2869,0,7645.6
2870,0,2401.1
2871,0,9084.4
2872,0,1713.8
2873,0,8577.7
2874,763.2,3085.2
2875,2494.4,7299.9
2876,3945.5,10217.7
2877,4966.4,11995.7
2878,6644.8,13532.9
2879,8399,16061.4
2880,9450,4565.4
2881,11880.2,11545.8
2882,14298.6,13395.2
2883,21858,4175.1
2884,27978,3142.8
2885,35423.6,1318.8
2886,10146.6,0
2887,4167.2,211.3
2888,0,19873.3
2889,0,59157.2
2890,0,78853
2891,0,92242.2
2892,0,82988.7
2893,0,111701.9
2894,0,135396
2895,0,160628.1
2896,0,177792.3
2897,0,155431.3
2898,0,90940.8
2899,0,65550.9
2900,0,23419.8
2901,0,16286.1
2902,0,28923.1
2903,0,27937.5
2904,0,24345.8
2905,0,17682.5
2906,0,17107.8
2907,0,10822.7
2908,960.5,10258.8
2909,3393.2,14398.7
2910,391.4,0
2911,0,0
2912,0,43689.6
2913,0,74000.5
2914,0,92323.5
2915,0,112069.8
2916,0,88099.3
2917,0,127510.2
2918,0,154301.1
2919,0,170640.8
2920,0,183429.1
2921,0,159175.7
2922,0,95812.2
2923,0,73292.9
2924,0,39812.8
2925,0,26759.8
2926,0,25739.9
2927,0,20568.2
2928,0,26785.7
2929,0,27721.6
2930,0,21692.3
2931,0,18035.8
2932,0,14251.8
2933,0,12139
2934,0,1466.8
2935,0,0
2936,0,49414.3
2937,0,94079.1
2938,0,141450
2939,0,165981.4
2940,0,148176.1
2941,0,193825.6
2942,0,219793.7
2943,0,228317.3
2944,0,225993.8
2945,0,187516.2
2946,0,120518.9
2947,0,100088
2948,0,57817.8
2949,0,44253
2950,0,34304.2
2951,0,23333.2
2952,0,19866.3
2953,0,17698.6
2954,27.1,21853.8
2955,1307,17234.9
2956,4138,11646
2957,4338.4,9733.9
2958,953.6,1103.8
2959,382.5,0
2960,0,54730.2
2961,0,84366.4
2962,0,93314.3
2963,0,100726.9
2964,0,82138.4
2965,0,109645
2966,0,118603.9
2967,0,128337.1
2968,0,134759.9
2969,0,107480.5
2970,0,65312.8
2971,0,55244.2
2972,0,28869.2
2973,0,20924.3
2974,4398.5,18445.4
2975,7084.1,12852.8
2976,11514.7,12691.6
2977,16544.3,13434
2978,18804,13053
2979,27086,7064.4
2980,34470.8,8584.5
2981,35991.4,4553.3
2982,13953.4,308.1
2983,5556.4,0
2984,0,40495.7
2985,0,86291.9
2986,0,98694.2
2987,0,109315.8
2988,0,82038.4
2989,0,107104.2
2990,0,118458.1
2991,0,130514.9
2992,0,138242.1
2993,0,118987.9
2994,0,76412.7
2995,0,54902.6
2996,0,30121.5
2997,0,21519.9
2998,0,18359.4
2999,860.8,13068.7
3000,6495.7,12525.1
3001,7906.6,16298.9
3002,14818.5,17571.2
3003,21404.6,10094.3
3004,25338.5,6353
3005,33209.6,19584.9
3006,9015.2,1465.8
3007,3645.2,459.8
3008,25.6,15045.7
3009,0,26625.9
3010,0,31596.9
3011,0,35859.5
3012,0,38504.7
3013,0,42270.6
3014,0,24650.4
3015,0,30657.7
3016,0,35276.7
3017,0,28901.6
3018,0,18825.8
3019,0,3416.5
3020,0,1229.9
3021,0,2839.3
3022,0,5703.6
3023,0,7608.9
3024,0,8767.7
3025,221.7,9577.2
3026,1062.9,10173.7
3027,2345.8,21695.7
3028,3943.9,18573.3
3029,6292.9,18936.5
3030,5279.9,24047.7
3031,3411.7,13861.9
3032,32,12040
3033,0,30324.3
3034,0,29109.7
3035,0,27346.4
3036,0,15458.5
3037,0,26962.7
3038,0,26907.5
3039,0,43771.1
3040,0,43837.5
3041,0,39574.1
3042,0,25627.4
3043,0,9060.8
3044,0,1233.6
3045,0,596.7
3046,0,644.5
3047,0,93.9
3048,0,3423.2
3049,0,6962.4
3050,0,9394.7
3051,0,11416.9
3052,0,13196.4
3053,0,11955.4
3054,0,1249.1
3055,0,583.4
3056,0,43392.5
3057,0,91186.7
3058,0,119502.2
3059,0,140606.3
3060,0,126129.8
3061,0,169363
3062,0,188894
3063,0,213891.6
3064,0,231293.5
3065,0,202150.4
3066,0,147463.7
3067,0,120984.9
3068,0,52273
3069,0,38067.8
3070,0,30151
3071,0,18672.1
3072,0,17341
3073,0,39533.8
3074,0,26433.1
3075,895.1,15592.7
3076,4295.3,12040.8
3077,7402,14780.2
3078,681.3,3375.1
3079,0,5656.2
3080,0,84875.1
3081,0,126381.4
3082,0,150696.5
3083,0,170643.7
3084,0,154229.5
3085,0,195323.9
3086,0,222955.3
3087,0,245851.5
3088,0,259546.2
3089,0,235186
3090,0,185579
3091,0,156989.2
3092,0,79271
3093,0,57638.2
3094,0,38202
3095,0,22067.1
3096,0,20914.6
3097,0,22073.9
3098,0,20133.3
3099,0,37852.8
3100,0,36258.5
3101,0,24462.7
3102,0,764.1
3103,0,10493.9
3104,0,107896.3
3105,0,154615.1
3106,0,183322.1
3107,0,205331.2
3108,0,193176.5
3109,0,235932.6
3110,0,259766.8
3111,0,276940.1
3112,0,289320
3113,0,265111.7
3114,0,215646
3115,0,189544.6
3116,0,110713.5
3117,0,86905.8
3118,0,53282.1
3119,0,37465.3
3120,0,33972.7
3121,0,20061.1
3122,0,24497.9
3123,0,18100.3
3124,0,21375.4
3125,0,19096.7
3126,0,5102.8
3127,0,4915.7
3128,0,120183
3129,0,183055
3130,0,218746.9
3131,0,240898.4
3132,0,223924.9
3133,0,263788.6
3134,0,284671.6
3135,0,302231.6
3136,0,309247.9
3137,0,278861.3
3138,0,223088.5
3139,0,192005.7
3140,0,122209.5
3141,0,96353
3142,0,66085.3
3143,0,48713
3144,0,35453.5
3145,0,23954.5
3146,0,28870.8
3147,0,22534.6
3148,0,21311.5
3149,0,18019.1
3150,0,1173.1
3151,0,11770.2
3152,0,134205.2
3153,0,194459.3
3154,0,226281.9
3155,0,246352
3156,0,231083.7
3157,0,266608.7
3158,0,287044.6
3159,0,291758.7
3160,0,267605.5
3161,0,229119.3
3162,0,166036.7
3163,0,146494.2
3164,0,95797.6
3165,0,77035.1
3166,0,57455.3
3167,0,37563.4
3168,0,30036.6
3169,0,20133.9
3170,0,22628.9
3171,0,19246.8
3172,0,19746.3
3173,0,27989.9
3174,0,2483.9
3175,0,67.8
3176,0,27051.3
3177,0,47017.5
3178,0,56280.2
3179,0,64653.3
3180,0,67545.1
3181,0,70523.9
3182,0,34722.4
3183,0,35049.2
3184,0,37524.3
3185,0,31560.1
3186,0,6220.7
3187,0,7386.8
3188,0,24043.5
3189,0,16577
3190,0,10546.8
3191,0,18117.8
3192,0,20758.5
3193,0,5339.7
3194,867.5,18485.1
3195,2047.1,14890.5
3196,1927.2,22099
3197,2779.6,16768.7
3198,4177.7,36345.5
3199,2571.2,18346.1
3200,1236.3,15092
3201,205,4434.7
3202,0,19675.7
3203,0,18442.3
3204,0,13643.6
3205,0,10977.3
3206,0,5172
3207,0,6260.9
3208,0,6291.2
3209,0,7712.1
3210,0,12548.6
3211,0,15499.1
3212,0,18390.1
3213,0,13456
3214,0,19510.3
3215,0,14129.4
3216,0,9421
3217,0,15382.4
3218,0,20108.5
3219,0,7772.9
3220,0,20833.9
3221,0,10533.4
3222,0,1587.1
3223,0,0
3224,0,32712.7
3225,0,66523.9
3226,0,89670
3227,0,116075.6
3228,0,110509.3
3229,0,159663.1
3230,0,188256
3231,0,212620.1
3232,0,228767.1
3233,0,196675
3234,0,140056.8
3235,0,118625
3236,0,60645.7
3237,0,42694.9
3238,0,34468.5
3239,0,24522.4
3240,0,16414.4
3241,0,21159.4
3242,0,23427.9
3243,0,31617.7
3244,0,29801.4
3245,57.4,23158.5
3246,0,617.6
3247,0,8940.4
3248,0,95980.7
3249,0,136161
3250,0,155519.1
3251,0,174196.8
3252,0,157181.4
3253,0,195756.5
3254,0,219550.9
3255,0,241693.7
3256,0,255899.6
3257,0,232017.7
3258,0,181791.3
3259,0,153670.3
3260,0,76792.1
3261,0,57904.5
3262,0,40980.6
3263,0,21894.9
3264,0,20331.5
3265,0,22339.5
3266,0,21796
3267,0,27402.5
3268,0,26059.1
3269,470.7,13915.9
3270,0,96.5
3271,0,6239.5
3272,0,98401.5
3273,0,142893.9
3274,0,169983.6
3275,0,194187.2
3276,0,181322
3277,0,227295.3
3278,0,253776.5
3279,0,274652.4
3280,0,288727.3
3281,0,265300.3
3282,0,215813
3283,0,189345.3
3284,0,110957.4
3285,0,87422.7
3286,0,52005.8
3287,0,38191.7
3288,0,31941.8
3289,0,19881.7
3290,0,25978
3291,0,18740.9
3292,0,17280.1
3293,0,25537.9
3294,0,3899.5
3295,0,14825.8
3296,0,129997.2
3297,0,190224.5
3298,0,222903.6
3299,0,242541.4
3300,0,227220.6
3301,0,268113.9
3302,0,287298.3
3303,0,303358.3
3304,0,301227.2
3305,0,250921.1
3306,0,188810.7
3307,0,169040
3308,0,115802.6
3309,0,95686.1
3310,0,68259.4
3311,0,48866.9
3312,0,34937.6
3313,0,25322.9
3314,0,25641.5
3315,0,19627.7
3316,0,26111.8
3317,0,15528.7
3318,0,835.5
3319,0,3296.4
3320,0,83343.6
3321,0,118355.5
3322,0,131185.4
3323,0,151835.4
3324,0,139406.1
3325,0,179632
3326,0,192141.5
3327,0,195231.2
3328,0,184836.2
3329,0,147982.3
3330,0,97111.2
3331,0,85390.7
3332,0,50527
3333,0,37029.7
3334,0,34291.5
3335,0,28908.9
3336,520.2,27147.5
3337,2684,14281.7
3338,4932,15286.1
3339,5216.2,12930.9
3340,6335.4,12602.5
3341,6837.6,12299.9
3342,1521.4,2411.2
3343,784.1,0
3344,0,6202.7
3345,0,11228.5
3346,0,12598.2
3347,0,13489.9
3348,0,14052.3
3349,0,14404.2
3350,0,0
3351,0,0
3352,0,0
3353,0,0
3354,877.3,653.7
3355,3499.1,9430
3356,4554.9,12428.7
3357,5206.3,13689.1
3358,6437.7,15694.3
3359,7286.6,17566.7
3360,7889.7,18031.3
3361,8694.6,19737.5
3362,8736.7,20011.9
3363,9155.8,20307.8
3364,9407.2,20495.7
3365,9915.7,20598.4
3366,8730.3,20832.8
3367,6899.2,14022.4
3368,3723.8,10181.3
3369,1295.3,14158.7
3370,0,9940.1
3371,0,17446.1
3372,0,5522.2
3373,0,4090.3
3374,0,4921.2
3375,0,4452.7
3376,0,6776.5
3377,0,4265
3378,0,6752.7
3379,0,1942.2
3380,0,339.9
3381,0,1054.1
3382,0,3060.2
3383,0,4285.3
3384,0,9073.1
3385,0,13062.3
3386,0,6179.2
3387,0,12032.8
3388,0,10836.8
3389,0,12550.2
3390,0,2272.3
3391,0,0
3392,0,25856.1
3393,0,53742.9
3394,0,72700.6
3395,0,98100.6
3396,0,94705.5
3397,0,141852.8
3398,0,171024.9
3399,0,197587
3400,0,212056.3
3401,0,189109.2
3402,0,139232.2
3403,0,107313.1
3404,0,57762.1
3405,0,35537.8
3406,0,32870.8
3407,0,18190
3408,0,23035.4
3409,0,27733
3410,0,21338
3411,0,13298.6
3412,0,24412.8
3413,0,23717.3
3414,0,2555.1
3415,0,0
3416,0,59728.6
3417,0,151726.2
3418,0,188240.8
3419,0,210658.4
3420,0,188031.7
3421,0,227126.1
3422,0,228015.9
3423,0,225334.2
3424,0,218953.6
3425,0,183708.5
3426,0,130749.5
3427,0,115703.6
3428,0,71094.3
3429,0,53178.7
3430,0,34730.8
3431,0,19965.9
3432,0,22296.2
3433,0,17074.6
3434,0,22685
3435,0,19335.7
3436,0,21593.9
3437,0,32700.8
3438,0,378.8
3439,0,228.5
3440,0,84109.4
3441,0,145953.8
3442,0,173853.8
3443,0,197237.4
3444,0,188145.5
3445,0,224947.2
3446,0,242548.1
3447,0,260408
3448,0,271266.5
3449,0,246676.6
3450,0,192548.1
3451,0,169059.5
3452,0,103008.7
3453,0,79401.6
3454,0,54024.6
3455,0,31866.3
3456,0,27493.1
3457,0,20837.6
3458,0,31513.6
3459,0,16982.9
3460,0,19254
3461,0,17765.7
3462,0,592.2
3463,0,915.5
3464,0,77627.7
3465,0,117612
3466,0,141239.4
3467,0,164161.9
3468,0,151124.8
3469,0,190514.2
3470,0,202597.9
3471,0,209863.6
3472,0,214345.2
3473,0,179319.6
3474,0,120020.6
3475,0,103161.5
3476,0,60094.6
3477,0,46468.3
3478,0,35207.5
3479,0,27344.4
3480,0,22916.4
3481,0,21357.5
3482,0,42293.9
3483,0,37400.6
3484,0,28685.2
3485,0,27805
3486,0,859.7
3487,0,0
3488,0,68643.8
3489,0,107395.5
3490,0,129356.2
3491,0,152109.6
3492,0,143487.8
3493,0,187237.8
3494,0,201141.8
3495,0,209442.3
3496,0,213256.8
3497,0,178843.9
3498,0,120543.4
3499,0,103058.7
3500,0,59366
3501,0,45161.3
3502,0,37615.1
3503,0,25885.6
3504,0,16099.7
3505,0,17175.7
3506,0,19581.5
3507,0,24829.3
3508,0,21960.8
3509,0,18008.8
3510,0,558.8
3511,0,0
3512,0,6755.5
3513,0,12905.6
3514,0,16524.1
3515,0,22331.9
3516,0,27716.5
3517,0,31291.7
3518,0,4813.3
3519,0,4148
3520,0,2559.8
3521,0,181.4
3522,0,4832.9
3523,0,17470.2
3524,0,17161.2
3525,0,23712.1
3526,0,15980.3
3527,0,24221
3528,0,15909.4
3529,0,23457.3
3530,0,14602.2
3531,0,14735.6
3532,0,15120.1
3533,0,21177.6
3534,0,15231.3
3535,0,22208.9
3536,0,11908.7
3537,0,9845.3
3538,0,8422.9
3539,0,6858.7
3540,0,7928
3541,0,9651.1
3542,0,24436.3
3543,0,39406
3544,0,46445.1
3545,0,55741.1
3546,0,53909.3
3547,0,34900.3
3548,0,6644.9
3549,0,1798.8
3550,0,1958.1
3551,0,1115.8
3552,0,6174.8
3553,0,2087.8
3554,0,6459.5
3555,0,9605.3
3556,0,11454.2
3557,0,12943.3
3558,0,18239.5
3559,0,6324.6
3560,0,29294.9
3561,0,42247.7
3562,0,49506
3563,0,65537.8
3564,0,71422.8
3565,0,76460.9
3566,0,91150
3567,0,111746.6
3568,0,112496.2
3569,0,110096.9
3570,0,97138.8
3571,0,66333.5
3572,0,28018.4
3573,0,8934.9
3574,0,7433.4
3575,0,3899.3
3576,0,5598.8
3577,0,6080.8
3578,0,9589.6
3579,0,13831
3580,0,17604.6
3581,0,27524
3582,0,4408
3583,0,30373.7
3584,0,110149.2
3585,0,173955.3
3586,0,206085.7
3587,0,225348.9
3588,0,206217.5
3589,0,249821
3590,0,270255.2
3591,0,272331.4
3592,0,275414.1
3593,0,258276.2
3594,0,213045.8
3595,0,196691.8
3596,0,130184.9
3597,0,107096.2
3598,0,65878.1
3599,0,57081.3
3600,0,41534.3
3601,0,31471.3
3602,0,27458.6
3603,0,22632
3604,0,23989
3605,0,22988.7
3606,0,3817.8
3607,0,6371.1
3608,0,120600.7
3609,0,200947.3
3610,0,232835.6
3611,0,251552.5
3612,0,233969.5
3613,0,264202.8
3614,0,266204.6
3615,0,284993.1
3616,0,297137
3617,0,271165.1
3618,0,217582
3619,0,191745.6
3620,0,130926.1
3621,0,108094.6
3622,0,78961.7
3623,0,64092.2
3624,0,40820.6
3625,0,36347.1
3626,0,29498.3
3627,0,33091.7
3628,0,39655.2
3629,0,34729.1
3630,0,2578
3631,0,10709.7
3632,0,136789.9
3633,0,188661.3
3634,0,216098.9
3635,0,235356.2
3636,0,219466.7
3637,0,255661
3638,0,273651.5
3639,0,291569.4
3640,0,301018.4
3641,0,274741.2
3642,0,231262.1
3643,0,213587.9
3644,0,135815.4
3645,0,107746.4
3646,0,74750.3
3647,0,40531.5
3648,0,44289.8
3649,0,37762.8
3650,0,40020.7
3651,0,30371
3652,0,43434.5
3653,0,29739
3654,0,4556.4
3655,0,8446.3
3656,0,103130.3
3657,0,173506.2
3658,0,217665
3659,0,241524.4
3660,0,228614
3661,0,266684.8
3662,0,284517
3663,0,294600.6
3664,0,297143
3665,0,269125.2
3666,0,206079.3
3667,0,184909.3
3668,0,130854.6
3669,0,106611.1
3670,0,79202.2
3671,0,39200.5
3672,0,42185.8
3673,0,35319.3
3674,0,38726
3675,0,31478.3
3676,0,39710
3677,0,53645.6
3678,0,9201
3679,0,1533.1
3680,0,39746.3
3681,0,74420.3
3682,0,97904.3
3683,0,112614
3684,0,123950.7
3685,0,125097.6
3686,0,76288.2
3687,0,60644.5
3688,0,39414.2
3689,0,24566.5
3690,0,14821.5
3691,0,17046.3
3692,0,23304
3693,0,27319.9
3694,0,32503.4
3695,0,23659.3
3696,0,32455.9
3697,0,26355.2
3698,0,24528.7
3699,0,32682.1
3700,0,21073.8
3701,0,25878.7
3702,0,29667.5
3703,0,8887.1
3704,0,10081.5
3705,0,11908.4
3706,0,12123.1
3707,0,13812
3708,0,8137
3709,0,9320.8
3710,0,7959.7
3711,0,9543.5
3712,0,5615
3713,0,3060.7
3714,0,1978.2
3715,0,1493
3716,0,1738
3717,0,8856.2
3718,0,12992.4
3719,0,15429.1
3720,0,17995.5
3721,0,21998.6
3722,0,14489.8
3723,499.6,23255.5
3724,5060.3,21889.6
3725,4572,18705
3726,311.2,1698.3
3727,0,5774.4
3728,0,78449.5
3729,0,118695.9
3730,0,134780.7
3731,0,151682.9
3732,0,137023.7
3733,0,176859.8
3734,0,202181.1
3735,0,230239.4
3736,0,246291.7
3737,0,216136.3
3738,0,160460.7
3739,0,136235.3
3740,0,76648.7
3741,0,57766
3742,0,49178.4
3743,0,26729.3
3744,0,39391.7
3745,0,34752.3
3746,0,30804.6
3747,0,38481.3
3748,0,24405.7
3749,0,38668.2
3750,0,2113.7
3751,0,0
3752,0,86133.5
3753,0,150280.3
3754,0,173491.4
3755,0,192067.1
3756,0,178454.8
3757,0,218903.7
3758,0,242966
3759,0,264024.8
3760,0,280201
3761,0,257499.9
3762,0,208010.4
3763,0,186365.6
3764,0,120114
3765,0,95819.1
3766,0,62924.8
3767,0,32006.6
3768,0,42811.4
3769,0,34525.7
3770,0,42297.3
3771,0,31720
3772,0,36478.3
3773,0,27586.2
3774,0,1678
3775,0,4324.6
3776,0,133976.7
3777,0,203085
3778,0,231224.7
3779,0,237440
3780,0,219853.3
3781,0,254473.4
3782,0,273474.6
3783,0,291683
3784,0,302005.5
3785,0,274844.4
3786,0,219095.6
3787,0,198607.2
3788,0,138502.9
3789,0,111857.3
3790,0,78880.5
3791,0,37408.7
3792,0,45881
3793,0,37090.5
3794,0,39021.4
3795,0,35108
3796,0,39602.9
3797,0,30828.4
3798,0,4115.9
3799,0,7534.1
3800,0,113483.6
3801,0,180790.2
3802,0,203748.2
3803,0,225969.9
3804,0,214502.5
3805,0,249479.9
3806,0,271041.1
3807,0,284996.2
3808,0,290888.5
3809,0,269295.8
3810,0,200122.9
3811,0,173560.1
3812,0,121110.1
3813,0,99817.6
3814,0,71347.2
3815,0,34024.5
3816,0,51728.7
3817,0,37684.6
3818,0,39088.8
3819,0,30259.8
3820,0,35070.5
3821,0,30589
3822,0,6167
3823,0,11046.6
3824,0,124688.2
3825,0,179567.1
3826,0,217405.6
3827,0,241980.1
3828,0,233729.1
3829,0,269306.3
3830,0,288099.1
3831,0,305557.3
3832,0,313838.7
3833,0,267504.3
3834,0,200953.6
3835,0,176763.4
3836,0,125228.5
3837,0,105257.2
3838,0,79455.1
3839,0,39455.1
3840,0,39178.2
3841,0,35229.1
3842,0,42578.4
3843,0,31777
3844,0,39703.1
3845,0,54233.1
3846,0,7945.9
3847,0,26071.6
3848,0,75435.3
3849,0,97446.4
3850,0,107823.4
3851,0,119068.5
3852,0,128501.6
3853,0,135237.5
3854,0,83831.5
3855,0,82339.4
3856,0,58601.2
3857,0,37883
3858,0,38525.8
3859,0,43189.3
3860,0,23084.3
3861,0,21940.5
3862,0,31406.1
3863,0,27195.6
3864,0,16205.4
3865,0,25545.7
3866,0,31861.9
3867,0,38925.8
3868,0,34213.6
3869,0,28975.3
3870,0,16880.5
3871,0,21251.4
3872,0,34458.3
3873,0,24319.2
3874,0,17220.2
3875,0,26403.1
3876,0,17032.4
3877,0,11150.6
3878,0,9523.3
3879,0,13383.7
3880,0,10691
3881,0,10144.3
3882,0,5162.1
3883,0,5614.2
3884,0,10333.8
3885,0,15622.8
3886,0,15345.9
3887,0,22368.6
3888,0,18428.5
3889,0,28888.3
3890,0,27856.6
3891,0,24982.2
3892,0,17006.7
3893,0,17752.2
3894,0,1544.6
3895,0,4927.2
3896,0,90909
3897,0,147076
3898,0,174864.7
3899,0,198330.9
3900,0,183653.4
3901,0,224512.1
3902,0,249541.6
3903,0,268288.9
3904,0,281201.7
3905,0,255916.8
3906,0,206858.5
3907,0,183124.9
3908,0,111965.1
3909,0,84628.7
3910,0,53123.2
3911,0,31651.8
3912,0,43781
3913,0,32703
3914,0,42512
3915,0,33974.4
3916,0,34865.6
3917,0,27766.9
3918,0,3062.8
3919,0,2025.4
3920,0,102773.4
3921,0,173174.2
3922,0,207716.7
3923,0,229097.1
3924,0,209680.6
3925,0,245530.4
3926,0,261983.4
3927,0,277232.1
3928,0,292126.6
3929,0,270399.8
3930,0,220311.6
3931,0,191320.9
3932,0,127488.7
3933,0,99212
3934,0,68162.8
3935,0,33837.8
3936,0,47642.5
3937,0,34470
3938,0,39801.6
3939,0,33293.4
3940,0,37882.5
3941,0,28712.6
3942,0,2999.1
3943,0,8173
3944,0,107311.9
3945,0,160597.3
3946,0,191557.1
3947,0,213060.6
3948,0,211812.9
3949,0,250614
3950,0,271994.8
3951,0,290489.2
3952,0,303351.6
3953,0,279462.5
3954,0,229700.1
3955,0,210911
3956,0,142246.8
3957,0,116539.6
3958,0,81520.6
3959,0,43353.7
3960,0,49781.5
3961,0,40630.4
3962,0,39505.5
3963,0,30554.3
3964,0,36354.2
3965,0,29129.6
3966,0,4169.1
3967,0,7007.2
3968,0,97835.6
3969,0,138726.4
3970,0,166592.9
3971,0,193609.8
3972,0,188699.9
3973,0,227849.6
3974,0,247977.3
3975,0,256974.8
3976,0,267125.7
3977,0,248693.5
3978,0,204550.7
3979,0,179953
3980,0,118132.4
3981,0,92061.5
3982,0,63243
3983,0,31239.7
3984,0,45047.8
3985,0,32833.9
3986,0,34795.3
3987,0,29487.6
3988,0,33441.6
3989,0,30713.1
3990,0,6520.8
3991,0,9399.3
3992,0,140914.5
3993,0,192501.2
3994,0,218775.4
3995,0,235924.6
3996,0,219245.2
3997,0,257834.7
3998,0,279814.5
3999,0,299470.2
4000,0,311099
4001,0,285801.5
4002,0,239172.1
4003,0,220235.6
4004,0,149916.7
4005,0,123749.7
4006,0,88497.9
4007,0,49092
4008,0,41857
4009,0,40973.6
4010,0,41951.9
4011,0,21268.8
4012,0,40025.1
4013,0,45868.4
4014,0,9523
4015,0,12598.2
4016,0,62484
4017,0,89179
4018,0,105755.6
4019,0,120894.1
4020,0,133676.6
4021,0,145570.7
4022,0,101990.8
4023,0,105976
4024,0,102628.9
4025,0,88555.5
4026,0,94317.2
4027,0,102052.2
4028,0,46067
4029,0,29566.2
4030,0,29329.6
4031,0,26235.8
4032,0,35202.6
4033,0,40532.4
4034,0,36737.3
4035,0,40275.1
4036,0,41960.2
4037,0,34391.7
4038,0,30078.3
4039,0,13158.1
4040,0,32396.9
4041,0,40050
4042,0,55849.6
4043,0,54426.4
4044,0,76637.3
4045,0,69992.5
4046,0,96982.7
4047,0,90341.6
4048,0,65779.4
4049,0,26568.1
4050,0,16093.6
4051,0,10519.6
4052,0,10218.4
4053,0,9555.1
4054,0,13820.5
4055,0,16143.5
4056,0,25206.6
4057,0,36887.3
4058,0,47713.1
4059,0,31417.4
4060,0,41154.4
4061,0,45602.4
4062,0,896
4063,0,0
4064,0,77690.7
4065,0,157318.7
4066,0,205811.7
4067,0,230583.2
4068,0,215884.7
4069,0,237144
4070,0,247397
4071,0,259519.6
4072,0,276513.2
4073,0,253136.3
4074,0,187850.8
4075,0,169368
4076,0,116099.5
4077,0,91211.5
4078,0,60920.8
4079,0,34193.5
4080,0,42480.7
4081,0,30895.6
4082,0,48430.8
4083,0,33465
4084,0,41005.1
4085,0,34053.3
4086,0,2621.2
4087,0,5662.4
4088,0,126361.5
4089,0,187108.7
4090,0,215499.5
4091,0,236655
4092,0,223262.1
4093,0,263301.4
4094,0,283830.2
4095,0,299580.8
4096,0,306018.4
4097,0,260455.6
4098,0,198955.2
4099,0,181557
4100,0,132030.1
4101,0,110229.2
4102,0,80690.6
4103,0,43260.4
4104,0,42737.4
4105,0,38066
4106,0,44185.5
4107,0,34651.4
4108,0,43089.3
4109,0,30096.5
4110,0,6576.1
4111,0,14202.7
4112,0,150166.3
4113,0,213480.2
4114,0,239736.4
4115,0,257159.1
4116,0,239569.6
4117,0,276256.2
4118,0,295401.9
4119,0,312250.8
4120,0,324044.7
4121,0,300505
4122,0,255742.7
4123,0,236880.5
4124,0,167365.5
4125,0,140429.4
4126,0,105764.1
4127,0,68052.6
4128,0,40912.7
4129,0,46221.8
4130,0,55566.9
4131,0,32203.5
4132,0,42201.3
4133,0,30089
4134,0,9084.1
4135,0,13927.9
4136,0,171348.9
4137,0,224255.5
4138,0,247114.8
4139,0,268765.2
4140,0,253250.9
4141,0,289847.6
4142,0,306400.7
4143,0,315463.7
4144,0,301123.6
4145,0,264520
4146,0,202569
4147,0,179680.1
4148,0,129979.5
4149,0,109975.8
4150,0,83208.5
4151,0,47921.2
4152,0,38236.6
4153,0,42528.9
4154,0,42673.3
4155,0,29558.4
4156,0,35792.6
4157,0,28619.9
4158,0,14370.8
4159,0,12641.8
4160,0,124815.8
4161,0,176210.5
4162,0,194904.8
4163,0,226821.9
4164,0,220817
4165,0,257776.6
4166,0,278313.2
4167,0,292598
4168,0,297250.1
4169,0,280283.2
4170,0,236981.8
4171,0,212706.9
4172,0,149586.2
4173,0,122159.1
4174,0,89110.7
4175,0,50489
4176,0,42036.9
4177,0,39310.4
4178,0,38944.6
4179,0,24588.8
4180,0,49080
4181,0,50183.1
4182,0,9282.4
4183,0,22616.9
4184,0,70984.5
4185,0,91242.8
4186,0,100359.1
4187,0,104040
4188,0,108988.1
4189,0,118406.3
4190,0,69191.8
4191,0,62934.6
4192,0,59166.3
4193,0,41216.4
4194,0,54356.8
4195,0,64228.6
4196,0,23799
4197,0,21857.2
4198,0,31814.2
4199,0,36762.4
4200,0,22730.3
4201,0,24537.1
4202,0,29731.3
4203,0,29655.7
4204,0,25321
4205,0,23807.9
4206,0,16976.6
4207,0,24565.1
4208,0,40888.4
4209,0,52181.3
4210,0,43995.4
4211,0,43075.5
4212,0,27662.5
4213,0,32208.3
4214,0,27299.6
4215,0,36268.5
4216,0,17083.6
4217,0,14357.3
4218,0,9845.5
4219,0,8955.1
4220,0,5209.5
4221,0,23528.2
4222,0,18943.2
4223,0,32213.3
4224,0,36762.7
4225,0,44166.5
4226,0,31445.9
4227,0,35931.9
4228,0,24070.7
4229,0,34355
4230,0,3013.2
4231,0,17761.6
4232,0,121658.2
4233,0,176784.8
4234,0,205866.4
4235,0,220385.8
4236,0,211000.2
4237,0,251766.8
4238,0,271071.2
4239,0,290370
4240,0,300863.8
4241,0,275274.2
4242,0,228252.4
4243,0,204549.2
4244,0,140037
4245,0,112327.9
4246,0,76005
4247,0,45067.3
4248,0,40699.4
4249,0,29748.7
4250,0,45654.6
4251,0,35706.2
4252,0,50975.6
4253,0,38190.7
4254,0,6705.2
4255,0,38105.3
4256,0,163106
4257,0,218801.4
4258,0,241708.3
4259,0,258535.5
4260,0,241041.1
4261,0,280768.2
4262,0,301748.5
4263,0,311999.1
4264,0,315838.1
4265,0,280888.4
4266,0,223973
4267,0,206921.7
4268,0,157676.8
4269,0,135239.7
4270,0,103656.1
4271,0,68758.6
4272,0,44565.4
4273,0,42841.4
4274,0,43542.8
4275,0,32916.8
4276,0,41475.5
4277,0,26890.4
4278,0,13721.7
4279,0,35936.5
4280,0,185821.6
4281,0,237322.2
4282,0,258046.8
4283,0,275277.7
4284,0,256857.1
4285,0,291867.2
4286,0,312239.6
4287,0,328679.6
4288,0,341729
4289,0,315184.7
4290,0,258776.7
4291,0,235594.1
4292,0,177756.7
4293,0,152678.2
4294,0,126821.9
4295,0,97194.4
4296,0,56079.9
4297,0,56272.8
4298,0,56360.4
4299,0,41445.8
4300,0,44693.4
4301,0,36698.2
4302,0,14647.4
4303,0,25298.9
4304,0,194023.7
4305,0,244681.7
4306,0,268836.5
4307,0,284588.5
4308,0,268025
4309,0,305946
4310,0,323979.6
4311,0,338308.2
4312,0,347493.3
4313,0,319654
4314,0,267150.7
4315,0,242953.3
4316,0,186542.1
4317,0,165058.3
4318,0,134660.2
4319,0,117793
4320,0,67536.7
4321,0,65701.5
4322,0,52760.7
4323,0,43227
4324,0,41661.1
4325,0,43162
4326,0,27693.5
4327,0,53994.6
4328,0,210663.4
4329,0,256534.7
4330,0,276513.4
4331,0,289002
4332,0,272706.2
4333,0,307528.2
4334,0,323783.2
4335,0,336514.5
4336,0,345296.8
4337,0,316974.4
4338,0,258404.2
4339,0,230794
4340,0,180102.7
4341,0,159565.8
4342,0,130855.9
4343,0,104629.1
4344,0,58165.6
4345,0,50685.6
4346,0,31656.1
4347,0,41495.5
4348,0,49464.8
4349,0,35676.5
4350,0,19128.2
4351,0,10505.8
4352,0,53951.1
4353,0,86647.9
4354,0,105335.5
4355,0,118594.8
4356,0,130586.8
4357,0,127342.6
4358,0,59898.2
4359,0,52802.1
4360,0,45008.1
4361,0,21717.7
4362,0,21925.8
4363,0,27937.6
4364,0,39778.8
4365,0,50989.7
4366,0,61844.5
4367,0,49462.7
4368,0,28946.3
4369,0,49002.3
4370,0,33429.7
4371,0,38262.2
4372,0,33630.4
4373,0,40806.5
4374,0,40093.3
4375,0,36715.9
4376,0,28591.8
4377,0,28778.6
4378,0,25737.5
4379,0,37833.1
4380,0,40641.3
4381,0,55874.9
4382,0,48662.2
4383,0,63804.9
4384,0,54428
4385,0,44173.7
4386,0,25696
4387,0,24985.3
4388,0,20916.6
4389,0,21795.5
4390,0,32018.2
4391,0,32108.8
4392,0,61051.4
4393,0,56892.3
4394,0,60042.9
4395,0,62738.2
4396,0,42547.2
4397,0,60416.5
4398,0,2756.4
4399,0,0
4400,0,86708.2
4401,0,144866.6
4402,0,177512.1
4403,0,202705.3
4404,0,197923
4405,0,238747
4406,0,254471.5
4407,0,262639.5
4408,0,265474.6
4409,0,234518.6
4410,0,181528.3
4411,0,161989.8
4412,0,112093.3
4413,0,92724
4414,0,66988.8
4415,0,35283.3
4416,0,45462.2
4417,0,32856.6
4418,0,38621.2
4419,0,41921
4420,0,27850.3
4421,0,37591.2
4422,0,42790.9
4423,0,43322.6
4424,0,47399.2
4425,0,49016.2
4426,0,45763.7
4427,0,44434.7
4428,0,44213.8
4429,0,41916.2
4430,0,43038
4431,0,46066.7
4432,0,44428
4433,0,39487.8
4434,0,39860.9
4435,0,33613.7
4436,0,21044.2
4437,0,26679.7
4438,0,41925.2
4439,0,57285.7
4440,0,45039.6
4441,0,41196.4
4442,0,33288.4
4443,0,47163.2
4444,0,51026.1
4445,0,48264.7
4446,0,3129.9
4447,0,0
4448,0,79399.6
4449,0,129177.9
4450,0,158956.8
4451,0,186920.9
4452,0,184001.5
4453,0,229261.4
4454,0,242068.8
4455,0,250321.4
4456,0,256402.6
4457,0,225349.8
4458,0,173816.4
4459,0,158416
4460,0,108326
4461,0,88437.5
4462,0,62269.1
4463,0,32447.1
4464,0,38599.9
4465,0,30177.4
4466,0,52531.7
4467,0,35968.5
4468,0,38045.3
4469,0,35719.1
4470,0,3389.6
4471,0,5065
4472,0,126537.9
4473,0,198891.6
4474,0,229053.1
4475,0,246478
4476,0,231506
4477,0,267795.8
4478,0,287203.9
4479,0,308806.4
4480,0,320729.2
4481,0,292957.2
4482,0,243259.4
4483,0,223460.3
4484,0,165536.7
4485,0,141011.9
4486,0,105431
4487,0,80460.2
4488,0,57366.7
4489,0,38573.5
4490,0,42641.1
4491,0,42300.5
4492,0,42629
4493,0,32459.6
4494,0,16605.2
4495,0,13297.5
4496,0,178441.3
4497,0,233625.2
4498,0,260208.7
4499,0,277591.2
4500,0,260760.9
4501,0,297097.6
4502,0,315536.8
4503,0,329878.5
4504,0,338459.3
4505,0,309394
4506,0,254731.9
4507,0,234109.6
4508,0,178104.8
4509,0,154454.1
4510,0,120349
4511,0,97904.8
4512,0,40134.2
4513,0,40832.4
4514,0,59808.7
4515,0,34227.7
4516,0,43610.5
4517,0,30962.5
4518,0,14155.8
4519,0,44483
4520,0,109315.7
4521,0,141531.8
4522,0,160297.8
4523,0,172381
4524,0,176589.5
4525,0,184751.1
4526,0,134142.1
4527,0,135570.9
4528,0,138460.2
4529,0,122682.4
4530,0,146779.7
4531,0,170358.2
4532,0,112320.8
4533,0,87538.9
4534,0,63561
4535,0,55383.5
4536,0,46395.3
4537,0,38427
4538,0,37827.4
4539,0,33129
4540,0,38102.6
4541,0,38814.1
4542,0,41770.1
4543,0,71426.7
4544,0,94026.3
4545,0,104347.8
4546,0,123387
4547,0,134290.2
4548,0,138708.2
4549,0,138597.5
4550,0,153460.8
4551,0,164887
4552,0,175913.7
4553,0,175339.7
4554,0,170790
4555,0,148439.9
4556,0,103680.8
4557,0,74168.4
4558,0,58157.6
4559,0,48888.7
4560,0,54109.7
4561,0,53248.7
4562,0,47568.2
4563,0,45364.1
4564,0,41926.6
4565,0,43593.9
4566,0,11786.1
4567,0,41683
4568,0,171550.6
4569,0,229241.6
4570,0,251792.1
4571,0,268552.8
4572,0,251669.8
4573,0,289100.5
4574,0,305209.1
4575,0,320770.6
4576,0,331918.7
4577,0,307591.3
4578,0,260355.1
4579,0,242831.3
4580,0,179292.8
4581,0,150277.6
4582,0,106799.5
4583,0,81085.4
4584,0,55203.9
4585,0,37444.2
4586,0,45067.9
4587,0,40154.5
4588,0,46640.1
4589,0,33534.6
4590,0,15787.7
4591,0,55030
4592,0,200152
4593,0,246237.4
4594,0,267682
4595,0,281277.2
4596,0,262718.9
4597,0,298232.4
4598,0,316104.3
4599,0,329297.1
4600,0,339764.2
4601,0,314987.1
4602,0,267460.9
4603,0,252252.6
4604,0,189073.6
4605,0,160152.7
4606,0,123354.8
4607,0,98750.9
4608,0,63869.2
4609,0,45410.2
4610,0,41254.4
4611,0,41022.8
4612,0,45880.4
4613,0,32519.8
4614,0,20454.8
4615,0,22048.5
4616,0,173306.6
4617,0,231313.5
4618,0,262605
4619,0,279186
4620,0,261987.5
4621,0,300358.1
4622,0,319425.9
4623,0,335421.7
4624,0,346405.1
4625,0,320785.3
4626,0,269275.4
4627,0,250750
4628,0,187629.5
4629,0,161748.5
4630,0,132423.4
4631,0,109860
4632,0,72415.3
4633,0,68304.7
4634,0,57105.1
4635,0,50307.2
4636,0,54102.4
4637,0,42052.7
4638,0,25659.4
4639,0,38555.2
4640,0,177150.5
4641,0,236813.3
4642,0,266367.3
4643,0,287989.7
4644,0,269765.3
4645,0,306569.8
4646,0,324601.7
4647,0,331463.4
4648,0,327800
4649,0,298902
4650,0,253569
4651,0,239046.9
4652,0,178828
4653,0,154228.2
4654,0,123012.3
4655,0,99823.8
4656,0,69453.5
4657,0,63779.5
4658,0,62110.8
4659,0,44756
4660,0,38432.3
4661,0,37075.6
4662,0,24100.7
4663,0,42906.9
4664,0,202993.4
4665,0,249352.5
4666,0,271662.8
4667,0,286166
4668,0,268159.8
4669,0,305807.4
4670,0,321635.8
4671,0,334081.1
4672,0,340646.3
4673,0,314251.6
4674,0,266656.9
4675,0,249994.1
4676,0,185163.5
4677,0,156695.4
4678,0,124385.7
4679,0,93900.8
4680,0,53005
4681,0,48152.2
4682,0,40635.9
4683,0,31770.1
4684,0,36902.1
4685,0,30622.7
4686,0,8096.5
4687,0,16993
4688,0,77290.5
4689,0,102877.6
4690,0,118504.3
4691,0,130346.8
4692,0,139098.5
4693,0,148441
4694,0,95922.8
4695,0,96237.3
4696,0,98197.5
4697,0,81601.9
4698,0,97533.7
4699,0,108900.8
4700,0,60515.3
4701,0,38150.2
4702,0,46196.6
4703,0,45729.3
4704,0,50444.4
4705,0,54892.3
4706,0,32232.6
4707,0,33357
4708,0,44956.4
4709,0,42775.1
4710,0,40258.1
4711,0,41972.2
4712,0,61889.9
4713,0,46565.8
4714,0,40241.6
4715,0,34552.7
4716,0,46218.4
4717,0,39576.5
4718,0,46629.4
4719,0,40151.9
4720,0,43492.1
4721,0,31475.5
4722,0,28636.3
4723,0,22547.8
4724,0,26439.8
4725,0,24652.6
4726,0,23263.3
4727,0,32549.7
4728,0,49136.9
4729,0,61479.8
4730,0,46931.1
4731,0,53884
4732,0,63998.2
4733,0,49999.4
4734,0,1768.8
4735,0,8126.7
4736,0,118764
4737,0,178770.3
4738,0,209558.2
4739,0,232683.2
4740,0,220157.7
4741,0,261482
4742,0,283317.9
4743,0,293404
4744,0,298075.5
4745,0,272691.9
4746,0,231828.6
4747,0,216845.2
4748,0,149217
4749,0,124663.9
4750,0,88624.5
4751,0,55892.7
4752,0,41718.3
4753,0,36206.3
4754,0,43661.6
4755,0,28700.1
4756,0,40711.3
4757,0,25557.8
4758,0,6540.5
4759,0,18739.6
4760,0,166404
4761,0,222085.8
4762,0,249939.6
4763,0,267392
4764,0,249357.9
4765,0,287385.7
4766,0,307826.1
4767,0,326067.7
4768,0,337281.9
4769,0,310816.5
4770,0,262271.1
4771,0,243959.5
4772,0,178900.2
4773,0,152197.5
4774,0,114464.9
4775,0,91698
4776,0,59034.3
4777,0,43290.8
4778,0,46717.2
4779,0,38937.7
4780,0,41567.7
4781,0,31360.4
4782,0,10133.5
4783,0,32214.1
4784,0,189640.7
4785,0,242276
4786,0,268713.5
4787,0,283714.6
4788,0,266764.8
4789,0,304887.6
4790,0,320848.3
4791,0,334777.7
4792,0,346419.2
4793,0,316958.7
4794,0,264469.6
4795,0,243811.8
4796,0,185349.6
4797,0,162624.9
4798,0,135604.7
4799,0,118504.4
4800,0,78543.6
4801,0,77567.1
4802,0,58398.2
4803,0,53406.7
4804,0,26408.4
4805,0,28198.9
4806,0,27067.7
4807,0,38899.8
4808,0,167628.6
4809,0,217252.4
4810,0,248716.4
4811,0,279667.3
4812,0,269740.8
4813,0,314513.7
4814,0,330354.9
4815,0,332851.5
4816,0,330305
4817,0,298736.8
4818,0,234545.9
4819,0,206329.2
4820,0,155733
4821,0,138951.4
4822,0,110301.2
4823,0,89008.5
4824,0,57260.7
4825,0,43713.9
4826,0,40413.7
4827,0,45063.8
4828,0,48008
4829,0,35426.7
4830,0,21135.5
4831,0,37877.2
4832,0,195395.3
4833,0,237517.9
4834,0,250863
4835,0,265643.5
4836,0,262344.2
4837,0,298848.4
4838,0,315753.9
4839,0,323904.1
4840,0,327839.6
4841,0,300128.6
4842,0,253424
4843,0,232617.6
4844,0,173943.6
4845,0,153427
4846,0,121935.7
4847,0,100087.6
4848,0,40736.3
4849,0,41002.8
4850,0,54147
4851,0,33828.8
4852,0,44360.5
4853,0,36028.4
4854,0,15737.4
4855,0,14400.7
4856,0,71573.1
4857,0,112435.3
4858,0,135317.1
4859,0,154011.3
4860,0,160210.1
4861,0,169622
4862,0,112866.6
4863,0,97008.2
4864,0,89303.4
4865,0,73968.1
4866,0,75025.5
4867,0,68590.6
4868,0,42600
4869,0,33549.2
4870,0,44861.8
4871,0,38579.5
4872,0,53996.8
4873,0,44475.6
4874,0,43006.3
4875,0,45700.8
4876,0,35539.1
4877,0,27490.2
4878,0,43736.1
4879,0,37471.4
4880,0,59067
4881,0,63758.3
4882,0,73470.6
4883,0,68760.4
4884,0,80986.5
4885,0,72701.7
4886,0,87697.3
4887,0,92174.3
4888,0,115682.5
4889,0,96155.1
4890,0,93696
4891,0,61619.3
4892,0,37011.3
4893,0,28155.9
4894,0,28909.6
4895,0,36805.7
4896,0,40984.5
4897,0,52692
4898,0,58949.4
4899,0,58108.6
4900,0,55097.7
4901,0,69941.3
4902,0,2016
4903,0,0
4904,0,94429.2
4905,0,161256.5
4906,0,201847.8
4907,0,223531.3
4908,0,207915.3
4909,0,229828.2
4910,0,241950.4
4911,0,263841.3
4912,0,266079.6
4913,0,235655.8
4914,0,181510.4
4915,0,160537.3
4916,0,110518.1
4917,0,91815.1
4918,0,64436.9
4919,0,33573.5
4920,0,43600.9
4921,0,40795.3
4922,0,45617.2
4923,0,27957.3
4924,0,28436.4
4925,0,33149.9
4926,0,11174.7
4927,0,6347.5
4928,0,112237
4929,0,158685
4930,0,183304.5
4931,0,203053.4
4932,0,195298
4933,0,221057.4
4934,0,237715.1
4935,0,248587.3
4936,0,252303.8
4937,0,221673.4
4938,0,168868.7
4939,0,152825.6
4940,0,107294.8
4941,0,89693.7
4942,0,64660.5
4943,0,43907.8
4944,0,38845
4945,0,32182.9
4946,0,46483.5
4947,0,31845.4
4948,0,30292.6
4949,0,25284.1
4950,0,4612
4951,0,8646.9
4952,0,120699.9
4953,0,177244.1
4954,0,209464.6
4955,0,235324.9
4956,0,228709.4
4957,0,261174.9
4958,0,283107.3
4959,0,301617.5
4960,0,312209.3
4961,0,277113.6
4962,0,217192.1
4963,0,193558.4
4964,0,144587.8
4965,0,126117.7
4966,0,95285.8
4967,0,69593.4
4968,0,37736.8
4969,0,44647.5
4970,0,50866.4
4971,0,42384.9
4972,0,44470.4
4973,0,33023.1
4974,0,13467.6
4975,0,17053.8
4976,0,140956.7
4977,0,221722.5
4978,0,250803.5
4979,0,258204.7
4980,0,252026.8
4981,0,289894.2
4982,0,309142.9
4983,0,315609.6
4984,0,328046.6
4985,0,300810.9
4986,0,253731.4
4987,0,234539.1
4988,0,171027.4
4989,0,145817.8
4990,0,111690.8
4991,0,83702.1
4992,0,53323.5
4993,0,38408.1
4994,0,48099.9
4995,0,38607.1
4996,0,48871.5
4997,0,33304
4998,0,16924.5
4999,0,18608.6
5000,0,134658.5
5001,0,186237.2
5002,0,214829.9
5003,0,233920.8
5004,0,219381.7
5005,0,246157.3
5006,0,263065.6
5007,0,274781.9
5008,0,281888.4
5009,0,249191.9
5010,0,193943.4
5011,0,171333.7
5012,0,122468.1
5013,0,106124.3
5014,0,80442.9
5015,0,47005.4
5016,0,32017.4
5017,0,33089.4
5018,0,48291.4
5019,0,24985.8
5020,0,29625.1
5021,0,38587.3
5022,0,9521.6
5023,0,8231.5
5024,0,53423.7
5025,0,97548.9
5026,0,119696.1
5027,0,135706.5
5028,0,138039.6
5029,0,144205.8
5030,0,90890.5
5031,0,90243.4
5032,0,89067.7
5033,0,66496.4
5034,0,73522.6
5035,0,71717.9
5036,0,36859.8
5037,0,32138.7
5038,0,37083.8
5039,0,52811.7
5040,0,43811.5
5041,0,37509.6
5042,0,56594.8
5043,0,57801.9
5044,0,44990.8
5045,0,49570.9
5046,0,46030.6
5047,0,38864.7
5048,0,34131.5
5049,0,51919.7
5050,0,61626.6
5051,0,65029.2
5052,0,71517.1
5053,0,70417.3
5054,0,81304
5055,0,90358.4
5056,0,109059.7
5057,0,91254.1
5058,0,71128.4
5059,0,37534
5060,0,30440.7
5061,0,25022.5
5062,0,25061.2
5063,0,36340.5
5064,0,55986.7
5065,0,60251.8
5066,0,44107.3
5067,0,54277.5
5068,0,66992.8
5069,0,55637.3
5070,0,3076.3
5071,0,2320.6
5072,0,109881.3
5073,0,179812.5
5074,0,213958.3
5075,0,236168.3
5076,0,223447.3
5077,0,260238.4
5078,0,282750.8
5079,0,298372.1
5080,0,306895.6
5081,0,282277.8
5082,0,236197.6
5083,0,217490.6
5084,0,144758.8
5085,0,119870.1
5086,0,86212.2
5087,0,52464.1
5088,0,40482.3
5089,0,36578.3
5090,0,53414
5091,0,35654.2
5092,0,47616.1
5093,0,27354.9
5094,0,6612.6
5095,0,15452.9
5096,0,156859.5
5097,0,229573.8
5098,0,263440.5
5099,0,281318
5100,0,270676.9
5101,0,310841.9
5102,0,326737.4
5103,0,325084
5104,0,310272.5
5105,0,267757.5
5106,0,230802.5
5107,0,216142.1
5108,0,161081.2
5109,0,141559.2
5110,0,108853.5
5111,0,84707.4
5112,0,53907.4
5113,0,42507.6
5114,0,41831.5
5115,0,41512.5
5116,0,50581.6
5117,0,35262
5118,0,19962.9
5119,0,9995.2
5120,0,176048.5
5121,0,234873.9
5122,0,261747.8
5123,0,279136.1
5124,0,262871.2
5125,0,298190.5
5126,0,316080
5127,0,331050.5
5128,0,339138.8
5129,0,310876.8
5130,0,260817
5131,0,238030.6
5132,0,173390.2
5133,0,146921.4
5134,0,110799.6
5135,0,85573.2
5136,0,63698.1
5137,0,58208.1
5138,0,58173.5
5139,0,31299.3
5140,0,38756.1
5141,0,30381.6
5142,0,14992.9
5143,0,3904.5
5144,0,166332.8
5145,0,226301.6
5146,0,254348.4
5147,0,272949.1
5148,0,257324.2
5149,0,293899.1
5150,0,314040.3
5151,0,330092.9
5152,0,338954.4
5153,0,306866.6
5154,0,250844.9
5155,0,233423
5156,0,169831.3
5157,0,143421.4
5158,0,110008.3
5159,0,84653.9
5160,0,61835.3
5161,0,57013.6
5162,0,56547.2
5163,0,31263.8
5164,0,36521.6
5165,0,31951.6
5166,0,15860.8
5167,0,4124
5168,0,159291.6
5169,0,220674.2
5170,0,253513.1
5171,0,272502.7
5172,0,261542.3
5173,0,299451.8
5174,0,317315.4
5175,0,324157.8
5176,0,337161.4
5177,0,307908.6
5178,0,254462.2
5179,0,232181.6
5180,0,169563.8
5181,0,145855.5
5182,0,108317
5183,0,89042.4
5184,0,51926.6
5185,0,45503.4
5186,0,41876.6
5187,0,29158
5188,0,36218.4
5189,0,31881.9
5190,0,7560.4
5191,0,3920.5
5192,0,45222.3
5193,0,101603.5
5194,0,128548.1
5195,0,148848.8
5196,0,161212.4
5197,0,163989.5
5198,0,98094
5199,0,87694.3
5200,0,74793.7
5201,0,58840.1
5202,0,72185.1
5203,0,76115.1
5204,0,46113.7
5205,0,36648
5206,0,40301.3
5207,0,46434.2
5208,0,43796.2
5209,0,41082.8
5210,0,51445.5
5211,0,35015.4
5212,0,46810.5
5213,0,40987
5214,0,46637.1
5215,0,42946.3
5216,0,52986.6
5217,0,74986.2
5218,0,76948.7
5219,0,99014.5
5220,0,99789
5221,0,118800.6
5222,0,114502.1
5223,0,143169.1
5224,0,132252.1
5225,0,145130.1
5226,0,115033.2
5227,0,100360.4
5228,0,44942.1
5229,0,41444.5
5230,0,33426.8
5231,0,30809.1
5232,0,47070.5
5233,0,55976.3
5234,0,51036.7
5235,0,59729.7
5236,0,44120.7
5237,0,40468.4
5238,0,63
5239,0,3282.1
5240,0,112633.7
5241,0,191249.9
5242,0,225838.3
5243,0,247188
5244,0,237418.3
5245,0,278224.8
5246,0,297777.7
5247,0,315950.6
5248,0,325086.8
5249,0,290604
5250,0,227590.5
5251,0,206168.2
5252,0,153534.5
5253,0,135407.5
5254,0,103538.8
5255,0,75317.6
5256,0,47027.3
5257,0,38733
5258,0,37445.9
5259,0,42977.6
5260,0,55760.9
5261,0,38475.1
5262,0,15991.7
5263,0,28082.1
5264,0,153003.2
5265,0,201531.6
5266,0,219560.4
5267,0,251506.2
5268,0,234758.2
5269,0,263279.3
5270,0,262253.8
5271,0,265728.6
5272,0,262736.4
5273,0,229736.8
5274,0,180245.9
5275,0,166912.1
5276,0,123863.3
5277,0,107862.8
5278,0,81481.9
5279,0,47082
5280,0,43825.5
5281,0,32538.4
5282,0,38552.8
5283,0,30722.4
5284,0,31355.7
5285,0,32202
5286,0,12117.9
5287,0,18441.8
5288,0,134927.2
5289,0,203579.5
5290,0,234065.6
5291,0,252162.5
5292,0,237033.9
5293,0,274550.6
5294,0,293777.1
5295,0,309573.4
5296,0,318859
5297,0,289462.1
5298,0,237729.1
5299,0,213824.1
5300,0,146951
5301,0,120235.8
5302,0,83884.7
5303,0,51628.5
5304,0,44572.1
5305,0,33370.2
5306,0,40867
5307,0,29401.8
5308,0,33208.4
5309,0,32043.7
5310,0,5548.2
5311,0,6725.4
5312,0,125860
5313,0,186892
5314,0,219845.9
5315,0,244738.2
5316,0,235373.7
5317,0,277065.7
5318,0,292740.6
5319,0,292237.9
5320,0,315443.4
5321,0,287572.1
5322,0,238525.3
5323,0,215760.6
5324,0,153417.8
5325,0,132114.4
5326,0,98873.2
5327,0,62486.7
5328,0,47986.7
5329,0,42545
5330,0,40528.2
5331,0,33871.2
5332,0,47533.4
5333,0,34309
5334,0,16272.3
5335,0,24267.9
5336,0,152853.7
5337,0,223101.2
5338,0,254980
5339,0,267154.2
5340,0,258469.4
5341,0,305653.8
5342,0,325133.7
5343,0,331540.3
5344,0,310441.2
5345,0,272008.8
5346,0,219012.8
5347,0,204515.6
5348,0,158379.1
5349,0,141002.1
5350,0,113047.5
5351,0,92186.2
5352,0,53405.5
5353,0,46883.5
5354,0,40900
5355,0,29447.3
5356,0,47745.3
5357,0,33782.6
5358,0,8876.6
5359,0,10708.2
5360,0,61184.3
5361,0,110729.1
5362,0,137163.6
5363,0,157383.3
5364,0,169791
5365,0,183080.1
5366,0,137337.5
5367,0,137987.1
5368,0,136207
5369,0,111416.8
5370,0,116754.7
5371,0,107161.5
5372,0,60024.1
5373,0,66895.4
5374,0,52263.3
5375,0,45602.4
5376,0,41881.9
5377,0,35614.1
5378,0,43415.5
5379,0,42537
5380,0,53685
5381,0,51426.9
5382,0,40110
5383,0,41307.2
5384,0,39254.8
5385,0,49966.9
5386,0,69637.7
5387,0,99198
5388,0,105108.8
5389,0,113543
5390,0,127097.8
5391,0,114660
5392,0,107506.5
5393,0,134298.6
5394,0,101818.7
5395,0,81086.2
5396,0,56130
5397,0,48922.3
5398,0,43235.6
5399,0,40908.6
5400,0,47759.8
5401,0,45457.6
5402,0,49387
5403,0,45801.1
5404,0,47752.2
5405,0,53562.8
5406,0,2822.6
5407,0,11106.4
5408,0,135108
5409,0,204034.7
5410,0,238702.9
5411,0,265761.9
5412,0,257570.2
5413,0,296903.1
5414,0,318374.7
5415,0,326083.6
5416,0,297541.6
5417,0,243392.7
5418,0,187834.1
5419,0,174955.3
5420,0,128152.1
5421,0,109842.4
5422,0,80181.9
5423,0,51268.5
5424,0,42170.4
5425,0,36684.4
5426,0,52872
5427,0,38869.4
5428,0,39242.5
5429,0,31867.4
5430,0,7762.6
5431,0,10736.4
5432,0,131104.7
5433,0,181442.1
5434,0,205335.6
5435,0,232360.1
5436,0,208518.3
5437,0,253358.5
5438,0,263297.6
5439,0,269722.4
5440,0,273993.8
5441,0,253805.8
5442,0,210481.3
5443,0,187177.1
5444,0,129660.1
5445,0,110269.8
5446,0,83704.8
5447,0,48733.1
5448,0,43922.3
5449,0,35410.5
5450,0,38596.4
5451,0,28679.7
5452,0,37690.1
5453,0,30370.8
5454,0,7983.7
5455,0,15679.6
5456,0,132809.9
5457,0,202923
5458,0,233035
5459,0,251897.7
5460,0,239531.3
5461,0,284337.4
5462,0,302544.3
5463,0,304710.8
5464,0,324383.9
5465,0,287631.6
5466,0,239677.9
5467,0,214813.8
5468,0,154278.4
5469,0,131324.2
5470,0,97832.5
5471,0,63478
5472,0,49651.1
5473,0,42949.5
5474,0,40384.6
5475,0,33807.7
5476,0,47375.6
5477,0,33869.4
5478,0,15913.5
5479,0,20760.6
5480,0,147399.5
5481,0,221430.1
5482,0,258510.3
5483,0,283372.3
5484,0,271580.9
5485,0,310236.3
5486,0,330615.2
5487,0,345739.7
5488,0,353146
5489,0,321063.7
5490,0,265517.8
5491,0,237011.3
5492,0,178291.7
5493,0,158323
5494,0,124454.9
5495,0,101358.3
5496,0,68179
5497,0,62811.6
5498,0,56529
5499,0,44213.6
5500,0,38666.4
5501,0,28868.5
5502,0,20579.4
5503,0,27548.7
5504,0,176774.1
5505,0,242309.5
5506,0,271657.6
5507,0,291865.2
5508,0,274629.3
5509,0,308990.4
5510,0,325993.4
5511,0,322515.8
5512,0,340297.6
5513,0,311040.9
5514,0,253815.2
5515,0,222560.3
5516,0,170525.1
5517,0,151914
5518,0,119128.4
5519,0,97197.8
5520,0,56995.1
5521,0,42565.5
5522,0,41515
5523,0,31256.1
5524,0,36828.4
5525,0,21167.7
5526,0,9222.1
5527,0,5466.4
5528,0,37404.9
5529,0,56515.3
5530,0,104152.5
5531,0,135401.9
5532,0,146694.4
5533,0,158840.6
5534,0,110378.6
5535,0,109555.3
5536,0,105193.8
5537,0,75542.8
5538,0,84955.2
5539,0,72595.4
5540,0,48743.8
5541,0,38661.7
5542,0,40172.5
5543,0,34024.5
5544,0,44694.3
5545,0,48731.4
5546,0,55375.5
5547,0,50607
5548,0,29565.9
5549,0,46206.6
5550,0,40380
5551,0,48307.9
5552,0,52736.6
5553,0,39401.4
5554,0,37649.4
5555,0,60394
5556,0,64099.2
5557,0,85915.3
5558,0,94261.8
5559,0,96109.4
5560,0,83677.5
5561,0,67164.9
5562,0,58687.6
5563,0,42284.7
5564,0,34656.8
5565,0,35117.3
5566,0,50045
5567,0,36474
5568,0,52496.1
5569,0,59166.9
5570,0,45791.7
5571,0,66002.2
5572,0,61809.2
5573,0,56759.2
5574,0,2735.5
5575,0,0
5576,0,75131
5577,0,114532.2
5578,0,133215.6
5579,0,148837.1
5580,0,147266.3
5581,0,193187.3
5582,0,203203.4
5583,0,222222.5
5584,0,242693.9
5585,0,221797.6
5586,0,163886.6
5587,0,142693.4
5588,0,90167.5
5589,0,70710.8
5590,0,63787
5591,0,40342.3
5592,0,39107.8
5593,0,27124.8
5594,0,24479.2
5595,0,27325.1
5596,0,27256.6
5597,0,44943.5
5598,0,614.5
5599,0,3450.7
5600,0,114779.3
5601,0,178927.5
5602,0,211731.1
5603,0,235964.4
5604,0,226638.5
5605,0,266794.7
5606,0,284314.4
5607,0,289534.9
5608,0,298418.2
5609,0,276415.2
5610,0,223536.6
5611,0,191901.7
5612,0,129572.6
5613,0,103974
5614,0,72899
5615,0,41895
5616,0,47957.6
5617,0,28203.1
5618,0,34388.6
5619,0,25742.9
5620,0,26570.1
5621,0,36639.7
5622,0,10534.6
5623,0,8345
5624,0,119124.8
5625,0,187879.2
5626,0,226419.6
5627,0,252918.4
5628,0,243715.1
5629,0,278803.6
5630,0,290866.2
5631,0,301840
5632,0,316862.1
5633,0,284617.2
5634,0,226793.8
5635,0,194343.9
5636,0,142920.5
5637,0,122319.2
5638,0,91287.5
5639,0,56962.4
5640,0,44528.1
5641,0,38367.3
5642,0,37271.6
5643,0,34112
5644,0,47871.6
5645,0,34141.5
5646,0,13929.8
5647,0,14619.1
5648,0,117806.6
5649,0,168797.5
5650,0,195213.5
5651,0,209897.7
5652,0,201734.4
5653,0,235252.5
5654,0,265221.9
5655,0,291379.2
5656,0,301569.1
5657,0,268719
5658,0,212294.9
5659,0,180799.9
5660,0,127346.3
5661,0,105789.4
5662,0,75574.1
5663,0,42053
5664,0,44522.9
5665,0,30949.5
5666,0,37704.3
5667,0,23670.9
5668,0,34754.9
5669,0,31541.2
5670,0,10480.9
5671,0,12194.7
5672,0,120238.3
5673,0,169314.9
5674,0,195334.2
5675,0,200257.9
5676,0,181168.7
5677,0,217241
5678,0,220137.1
5679,0,218002
5680,0,217625.5
5681,0,186720
5682,0,141309.3
5683,0,130323.1
5684,0,89498
5685,0,74491
5686,0,59842.7
5687,0,31298.2
5688,0,36358.5
5689,0,28164.4
5690,0,34171.4
5691,0,31907.1
5692,0,23612.1
5693,0,26487.1
5694,0,5825.6
5695,0,124.4
5696,0,24548.5
5697,0,42484.2
5698,0,69636.8
5699,0,90355.3
5700,0,102441.4
5701,0,112672.2
5702,0,71600.5
5703,0,73204.1
5704,0,55891.7
5705,0,26953.8
5706,0,23667.7
5707,0,29959.5
5708,0,43711
5709,0,46323.2
5710,0,52265.5
5711,0,46841.8
5712,0,49487.2
5713,0,47865.7
5714,0,49959.1
5715,0,39266
5716,0,56544.8
5717,0,30683
5718,0,52770
5719,0,36131.5
5720,0,27978.5
5721,0,31880
5722,0,39167.8
5723,0,81139.7
5724,0,79002.7
5725,0,87851.2
5726,0,76710.6
5727,0,90678.7
5728,0,92173
5729,0,75300.7
5730,0,53326
5731,0,36106.8
5732,0,26801
5733,0,28694.9
5734,0,26594.5
5735,0,26204.2
5736,0,39663.1
5737,0,39761.4
5738,0,49351.1
5739,0,48864.9
5740,0,56896.9
5741,0,36366.5
5742,0,6123.2
5743,0,441.6
5744,0,87392.6
5745,0,174809
5746,0,215370.4
5747,0,241980.8
5748,0,231996.8
5749,0,273842.3
5750,0,295962.3
5751,0,311424.3
5752,0,318570.8
5753,0,286984.5
5754,0,230393.8
5755,0,198064.7
5756,0,141800.2
5757,0,116345.3
5758,0,83110
5759,0,53677.4
5760,0,40457.9
5761,0,38071.8
5762,0,51054.9
5763,0,36537
5764,0,31263.1
5765,0,28967
5766,0,4362.5
5767,0,6973.8
5768,0,155472.6
5769,0,225347
5770,0,256921.3
5771,0,277635.3
5772,0,265231.8
5773,0,303788.1
5774,0,321470.2
5775,0,331801.7
5776,0,333708
5777,0,297540.5
5778,0,231231.8
5779,0,205534.9
5780,0,156812
5781,0,134046
5782,0,103053.3
5783,0,63573.5
5784,0,48328.4
5785,0,40926.8
5786,0,42925.6
5787,0,33069
5788,0,40347.6
5789,0,31061.8
5790,0,13229.1
5791,0,13798.1
5792,0,109445.6
5793,0,152996.3
5794,0,184184.1
5795,0,215147
5796,0,201357.2
5797,0,233312.1
5798,0,236047.1
5799,0,250509.3
5800,0,246254.7
5801,0,208783.8
5802,0,161522.9
5803,0,139222.9
5804,0,92555.9
5805,0,76320.7
5806,0,62111.4
5807,0,28764.6
5808,0,41328.2
5809,0,28502.7
5810,0,39996.8
5811,0,30605.6
5812,0,27779.5
5813,0,42179.4
5814,0,6593.3
5815,0,7184.2
5816,0,94755.9
5817,0,128494.8
5818,0,155523.3
5819,0,192309.8
5820,0,186190.7
5821,0,215269.2
5822,0,221291.3
5823,0,223490
5824,0,218687
5825,0,187397.6
5826,0,141235.4
5827,0,126816.6
5828,0,83839.6
5829,0,68428.5
5830,0,51493.2
5831,0,33868.5
5832,0,34630.6
5833,0,32000.5
5834,0,40599.1
5835,0,28453.2
5836,0,29261
5837,0,32580.3
5838,0,1348.2
5839,0,2960.9
5840,0,89363.1
5841,0,172418.6
5842,0,213840
5843,0,235678.8
5844,0,223913.4
5845,0,261011.8
5846,0,275009.4
5847,0,298678
5848,0,304410.4
5849,0,274121.6
5850,0,218277.7
5851,0,186452.7
5852,0,130942.3
5853,0,109001.9
5854,0,78174.1
5855,0,39803.8
5856,0,43880.9
5857,0,36810.7
5858,0,42780.7
5859,0,27411.5
5860,0,43220.9
5861,0,46184.5
5862,0,7058.7
5863,0,890.8
5864,0,27513.1
5865,0,54279.9
5866,0,81301.6
5867,0,105707.4
5868,0,130869.6
5869,0,145104.5
5870,0,88416.3
5871,0,87775.1
5872,0,83983.2
5873,0,64144
5874,0,57566.7
5875,0,38962.8
5876,0,24786.7
5877,0,21150.8
5878,0,25240.8
5879,0,23959.8
5880,0,25689.6
5881,0,28739.7
5882,0,24654.6
5883,0,25763.7
5884,0,28981.4
5885,0,47285.8
5886,0,27933.1
5887,0,30895.8
5888,0,16725.7
5889,0,26523.9
5890,0,69614.9
5891,0,72242.4
5892,0,85387.8
5893,0,75364.1
5894,0,93585.4
5895,0,91801.4
5896,0,90981.6
5897,0,57854.5
5898,0,37509.5
5899,0,18976.8
5900,0,13646.8
5901,0,11249.9
5902,0,7675.3
5903,0,9543.4
5904,0,8529.7
5905,0,9107.4
5906,0,11596.6
5907,0,15671.2
5908,0,8027.6
5909,0,33942.2
5910,0,26263.2
5911,0,10886.4
5912,0,28636.4
5913,0,42923.9
5914,0,56855.6
5915,0,60799.1
5916,0,86459.6
5917,0,78966.6
5918,0,100957.9
5919,0,101174.7
5920,0,113073.3
5921,0,66387.7
5922,0,46293.9
5923,0,16771.3
5924,0,10314
5925,0,5726.2
5926,0,3251.2
5927,0,3438.3
5928,0,11394.9
5929,0,12835.9
5930,0,13928.9
5931,0,15565.3
5932,0,19954.2
5933,0,20738
5934,0,540.7
5935,0,0
5936,0,78924.6
5937,0,135862.4
5938,0,167091.7
5939,0,198267.7
5940,0,190307.4
5941,0,218150.4
5942,0,222504.1
5943,0,227427.4
5944,0,230395.1
5945,0,200487.8
5946,0,149202
5947,0,135556.4
5948,0,91107.8
5949,0,73542.6
5950,0,60556.8
5951,0,37509.2
5952,0,49975.5
5953,0,33942.3
5954,0,40499.5
5955,0,40163.5
5956,0,22982.4
5957,0,35940
5958,0,363.8
5959,0,1774.4
5960,0,111613.9
5961,0,181326.8
5962,0,218079.4
5963,0,241967.7
5964,0,238941.4
5965,0,271701.9
5966,0,294871.1
5967,0,313948.7
5968,0,321157.3
5969,0,284905
5970,0,224268
5971,0,191270.6
5972,0,135869.7
5973,0,112858.9
5974,0,82449
5975,0,39989.3
5976,0,48040.8
5977,0,37284.9
5978,0,39563.2
5979,0,27757.9
5980,0,36410.9
5981,0,27967.4
5982,0,3665.1
5983,0,5824
5984,0,149544.9
5985,0,212998.9
5986,0,245131.9
5987,0,263735.1
5988,0,249962.5
5989,0,290578.7
5990,0,309181.4
5991,0,321048.1
5992,0,324579.1
5993,0,285936.3
5994,0,219047.3
5995,0,191230.3
5996,0,139560.9
5997,0,117324.8
5998,0,88085.2
5999,0,50487.4
6000,0,37650.8
6001,0,42585.3
6002,0,42819.8
6003,0,29344.5
6004,0,44899.6
6005,0,29609.1
6006,0,7390.8
6007,0,1864.3
6008,0,135574.8
6009,0,198276.6
6010,0,227683.4
6011,0,245518.4
6012,0,222252.9
6013,0,264424
6014,0,279896.2
6015,0,293637.4
6016,0,290522.7
6017,0,243889.4
6018,0,179908.6
6019,0,155865.5
6020,0,104879.6
6021,0,86095.3
6022,0,60409.9
6023,0,31900.2
6024,0,39255.5
6025,0,33445.4
6026,0,39539.5
6027,0,28863.2
6028,0,48715.9
6029,0,42013.7
6030,0,8452.5
6031,0,396.8
6032,0,28743.1
6033,0,66613.3
6034,0,83790.5
6035,0,96603.2
6036,0,99598.7
6037,0,102028.7
6038,0,63722.8
6039,0,66025.6
6040,0,55584.7
6041,0,41592
6042,0,21685.7
6043,0,23356.1
6044,0,35026.1
6045,0,50842.2
6046,0,44070.4
6047,0,41241.4
6048,0,32265
6049,0,41210.2
6050,0,29282.3
6051,0,16375.4
6052,0,16673.5
6053,0,12560.7
6054,938.9,15763.3
6055,606.7,21353.5
6056,0,25289.9
6057,0,39534.2
6058,0,43956.8
6059,0,37953.4
6060,0,26408.7
6061,0,47693.8
6062,0,62574.4
6063,0,77044.5
6064,0,83182.4
6065,0,71832.7
6066,0,47924.1
6067,0,11107.9
6068,0,14032.8
6069,0,18149.2
6070,0,17974
6071,0,6968.3
6072,0,28299.6
6073,0,25660.7
6074,0,17109.9
6075,0,15371.4
6076,0,26788.3
6077,0,17363.2
6078,0,3573.2
6079,0,784.8
6080,0,80851.7
6081,0,147814.8
6082,0,186378.4
6083,0,213265.5
6084,0,205322.1
6085,0,243203
6086,0,262345.9
6087,0,277824.7
6088,0,276935.7
6089,0,234104.4
6090,0,188446.5
6091,0,157085.5
6092,0,101246
6093,0,78599.1
6094,0,49485.3
6095,0,29191.5
6096,0,43331.3
6097,0,29913.6
6098,0,44498.8
6099,0,37539.4
6100,0,34122.4
6101,0,46840.3
6102,0,3271
6103,0,1455.2
6104,0,92806.3
6105,0,172732.7
6106,0,202906.9
6107,0,231632.6
6108,0,217027.5
6109,0,259909.7
6110,0,279777.9
6111,0,281797.9
6112,0,290532.3
6113,0,258706.7
6114,0,198711.7
6115,0,164751.7
6116,0,109691.3
6117,0,87768.5
6118,0,61744.8
6119,0,30938.5
6120,0,43834.7
6121,0,32667.1
6122,0,37233
6123,0,32353.2
6124,0,47197.6
6125,0,26176.1
6126,0,3209.7
6127,0,2607.6
6128,0,105758.7
6129,0,178438.6
6130,0,213753.1
6131,0,237696.6
6132,0,227599.2
6133,0,254887.1
6134,0,266378.1
6135,0,274431
6136,0,265363.6
6137,0,223433.3
6138,0,169426.4
6139,0,151941.3
6140,0,106349.6
6141,0,88880.7
6142,0,64295
6143,0,32725.7
6144,0,44001
6145,0,32820.1
6146,0,42904.1
6147,0,31679
6148,0,38940.6
6149,0,28548
6150,0,5912
6151,0,8733.8
6152,0,118397.8
6153,0,163188
6154,0,184525.7
6155,0,216878.5
6156,0,212899.2
6157,0,255055.6
6158,0,282997.1
6159,0,287186.4
6160,0,273092
6161,0,242831.3
6162,0,180903
6163,0,160540.6
6164,0,110702.7
6165,0,92088.6
6166,0,65518.3
6167,0,31886.6
6168,0,47295.4
6169,0,35458.2
6170,0,32034.3
6171,0,34611.8
6172,0,27997.3
6173,0,32771.8
6174,0,2838.9
6175,0,1554.4
6176,0,116191.3
6177,0,175273.3
6178,0,206340.7
6179,0,229717.4
6180,0,213884.8
6181,0,250975
6182,0,269572.2
6183,0,286013.4
6184,0,291436.8
6185,0,257130.7
6186,0,194982.7
6187,0,149959.3
6188,0,98606.3
6189,0,78167.4
6190,0,58577.9
6191,0,30654.9
6192,0,36317.5
6193,0,30456.4
6194,0,34634.3
6195,0,40987
6196,0,31112.6
6197,22.1,33034.2
6198,0,2222
6199,0,0
6200,0,20232.1
6201,0,59596.1
6202,0,79181.4
6203,0,91816.8
6204,0,94534.3
6205,0,97094
6206,0,57558.9
6207,0,57677.6
6208,0,57589.1
6209,0,45970.1
6210,0,29039.5
6211,0,17783
6212,0,31825
6213,0,39123.2
6214,0,30061.7
6215,0,35593.7
6216,0,28780.8
6217,0,16263.5
6218,0,19090.2
6219,19.7,21089.1
6220,686.2,23125.5
6221,1563.9,15075.6
6222,2086.8,23914.4
6223,1899.7,17905.6
6224,257.8,12357.2
6225,0,34902.1
6226,0,54001.4
6227,0,69137.3
6228,0,60921.8
6229,0,64610.2
6230,0,68742.1
6231,0,85152.6
6232,0,85947.1
6233,0,74518.5
6234,0,32201
6235,0,8498.8
6236,0,18287.6
6237,0,12888.7
6238,0,15524.8
6239,0,17628.7
6240,0,20318.8
6241,0,15904.6
6242,0,23135.6
6243,0,27601.3
6244,0,17356.7
6245,295.5,23038.5
6246,31.2,1598.7
6247,0,0
6248,0,67087.5
6249,0,139424.8
6250,0,174730.4
6251,0,201616
6252,0,190328.6
6253,0,224958.5
6254,0,252718.8
6255,0,271033.5
6256,0,277567.4
6257,0,245394.3
6258,0,181290.7
6259,0,141884.1
6260,0,89094.5
6261,0,67997.6
6262,0,51272.6
6263,0,36911.1
6264,0,38887.2
6265,0,30751.7
6266,0,31209.6
6267,0,40727.9
6268,0,38950.7
6269,0,40360.6
6270,0,1835.2
6271,0,1045
6272,0,106431.5
6273,0,184195.6
6274,0,218044.7
6275,0,237151.3
6276,0,223185.5
6277,0,262612
6278,0,282756.5
6279,0,296023.4
6280,0,296698.5
6281,0,256143.4
6282,0,189054.1
6283,0,150549.2
6284,0,98121.6
6285,0,77815.6
6286,0,57310.5
6287,0,30717.1
6288,0,34725.5
6289,0,27195.1
6290,0,46094.3
6291,0,42460.4
6292,13.7,31998.6
6293,1292.8,28342
6294,111.3,1190.4
6295,0,1235.1
6296,0,87136.3
6297,0,152027.1
6298,0,180335
6299,0,201441.8
6300,0,188747.8
6301,0,227934.2
6302,0,248165.6
6303,0,249412.4
6304,0,243555.8
6305,0,205177.4
6306,0,138505.6
6307,0,120841.1
6308,0,79846.6
6309,0,63971.1
6310,0,46777.2
6311,0,29103.4
6312,0,41269.1
6313,0,28854.3
6314,0,50594.4
6315,0,29143
6316,0,37556.5
6317,0,39966.8
6318,0,1824.5
6319,0,1371.5
6320,0,83002.6
6321,0,115664.3
6322,0,129512.8
6323,0,143528.9
6324,0,127438.9
6325,0,161436
6326,0,172784
6327,0,180693.7
6328,0,190616
6329,0,159381.1
6330,0,112837.7
6331,0,103408.4
6332,0,65837.2
6333,0,51871.3
6334,0,46309.1
6335,0,33261.8
6336,0,35401.6
6337,0,28504.6
6338,0,40047.8
6339,0,34171.8
6340,0,26880
6341,0,26393.5
6342,0,3140.2
6343,0,411.4
6344,0,88219.7
6345,0,133081.3
6346,0,158213.8
6347,0,179647.5
6348,0,168386
6349,0,203763.3
6350,0,211883.3
6351,0,218468.5
6352,0,217753
6353,0,177493.6
6354,0,126092.1
6355,0,113119.9
6356,0,72447.7
6357,0,57873.5
6358,0,50039.3
6359,0,34752
6360,0,23348.8
6361,0,33211.4
6362,0,36310.1
6363,0,43672.4
6364,0,37908.4
6365,0,36589.1
6366,0,3478.3
6367,0,0
6368,0,13403.3
6369,0,18847.5
6370,0,46547.3
6371,0,69079.9
6372,0,77374.8
6373,0,83178.3
6374,0,49063.1
6375,0,54025.9
6376,0,54787.4
6377,0,41843.2
6378,0,18300.7
6379,0,12290.8
6380,0,30332.3
6381,0,23308.1
6382,0,22446.7
6383,0,22253.4
6384,0,22619.5
6385,477,8370.7
6386,2781.6,22962.2
6387,2907.8,20122.4
6388,4127.9,30124.5
6389,4866,23854.6
6390,6473.7,31263.2
6391,4648.2,18121.2
6392,2201.9,19270.6
6393,1385.7,2538.5
6394,0,7458.2
6395,0,23103.8
6396,0,35572.7
6397,0,28706.4
6398,0,11061.8
6399,0,5151.2
6400,0,2514.2
6401,0,2816.5
6402,0,2903.6
6403,0,6615.6
6404,0,9393.7
6405,0,11346.5
6406,0,12945.1
6407,0,14381.1
6408,0,21446.2
6409,0,21873.7
6410,0.8,21874.4
6411,246.1,20058.2
6412,457.4,24279.5
6413,969,11486.5
6414,62.9,3041.5
6415,0,0
6416,0,47173
6417,0,78350.3
6418,0,91151.2
6419,0,107620.8
6420,0,93048
6421,0,126090.5
6422,0,149556
6423,0,161204.1
6424,0,168333.7
6425,0,138668.3
6426,0,89111.5
6427,0,77595.6
6428,0,41834.7
6429,0,31656.2
6430,0,41974.5
6431,0,28856.2
6432,0,28982.4
6433,0,31651.7
6434,0,33093.9
6435,0,38910.9
6436,0,34430.7
6437,0,31787.4
6438,0,1813.6
6439,0,0
6440,0,67910.1
6441,0,103206.8
6442,0,129780.2
6443,0,170262.9
6444,0,172595.2
6445,0,221197.8
6446,0,241026.9
6447,0,245738.5
6448,0,236929.4
6449,0,194560.5
6450,0,137873.4
6451,0,123816
6452,0,78034.8
6453,0,59762.8
6454,0,48769.1
6455,0,39589.5
6456,0,36025.1
6457,0,29014.7
6458,0,31277
6459,0,23612.6
6460,0,40541.8
6461,0,41345.9
6462,0,1041.3
6463,0,0
6464,0,79265.9
6465,0,115325.3
6466,0,133334.2
6467,0,155714.7
6468,0,158562.6
6469,0,207311.2
6470,0,233807.9
6471,0,230571
6472,0,230698.9
6473,0,188411.7
6474,0,132881.1
6475,0,119262
6476,0,74587
6477,0,59235
6478,0,51345.4
6479,0,35814.4
6480,0,34840.8
6481,0,34531.6
6482,0,27008
6483,0,27532.1
6484,0,32058.4
6485,0,45217.8
6486,0,4662.2
6487,0,458.8
6488,0,83657.7
6489,0,119856.3
6490,0,139640.7
6491,0,162375.2
6492,0,152472.8
6493,0,193349.8
6494,0,196057.1
6495,0,199866.9
6496,0,209402.1
6497,0,177523.1
6498,0,128021.9
6499,0,116955.5
6500,0,75035.5
6501,0,59697.3
6502,0,52295.3
6503,0,35405.7
6504,0,31808.3
6505,0,31047.2
6506,0,37808
6507,0,33997.4
6508,0,39190.5
6509,0,30946.5
6510,0,2249.8
6511,0,840.3
6512,0,90354
6513,0,138439.2
6514,0,176817.2
6515,0,199706.1
6516,0,189525.1
6517,0,226698.6
6518,0,235668.1
6519,0,242712.5
6520,0,244355.3
6521,0,205383.9
6522,0,150102.7
6523,0,136853
6524,0,95339
6525,0,78354.5
6526,0,53139.2
6527,0,30483.2
6528,0,51056.7
6529,0,30961.3
6530,0,32821.5
6531,0,54504.4
6532,0,51064
6533,0,52194.8
6534,0,6835.9
6535,0,0
6536,0,19360.5
6537,0,30464
6538,0,36618.8
6539,0,39328.1
6540,0,42561.9
6541,0,45485.1
6542,0,3645.6
6543,0,595.1
6544,0,23.2
6545,0,0
6546,0,8732.9
6547,0,20511.4
6548,0,26360.9
6549,0,22449.2
6550,0,28050
6551,0,12927.2
6552,0,19889.5
6553,0,11267.5
6554,0,11415.7
6555,0,18913.3
6556,0,3123
6557,0,20898.5
6558,0,4287.2
6559,0,20632.6
6560,0,6907.3
6561,0,1869.9
6562,0,6261.9
6563,0,35718.5
6564,0,51084.6
6565,0,50569.7
6566,0,53935.6
6567,0,55377.5
6568,0,48494.6
6569,0,22778.1
6570,0,5073.6
6571,0,3309.5
6572,0,3422.9
6573,0,7208.9
6574,0,7228.6
6575,0,9029.5
6576,0,16851.8
6577,0,21254.9
6578,0,6231.4
6579,0,21916.5
6580,0,11798.3
6581,0,20304.8
6582,0,1476.2
6583,0,0
6584,0,40305.2
6585,0,78565
6586,0,140723.2
6587,0,173231.6
6588,0,160581.1
6589,0,216484.1
6590,0,240599.8
6591,0,251913.9
6592,0,256862.6
6593,0,207706.9
6594,0,129918.4
6595,0,105167.1
6596,0,60773
6597,0,43980.2
6598,0,33372.2
6599,0,24017.2
6600,0,21734.8
6601,0,20408.3
6602,0,17644.4
6603,0,29541.8
6604,0,27504.6
6605,0,27280
6606,0,967.5
6607,0,0
6608,0,63884.5
6609,0,95299.1
6610,0,104894.2
6611,0,116805.2
6612,0,101547.1
6613,0,131602.1
6614,0,145808
6615,0,152706.4
6616,0,150088.6
6617,0,122812.9
6618,0,79817
6619,0,70247.4
6620,0,36583.2
6621,0,24274.3
6622,0,35133.5
6623,0,32040.1
6624,644.9,22061.7
6625,1514.2,18005.3
6626,3531.2,10105.8
6627,5444,11941.6
6628,4825,12077.9
6629,6637.5,13137.6
6630,2869.5,2349.9
6631,1754.1,0
6632,0,49981.4
6633,0,73471.3
6634,0,109907.9
6635,0,138408.2
6636,0,118068.5
6637,0,157675.6
6638,0,170120.1
6639,0,179112.9
6640,0,183338.1
6641,0,142186.8
6642,0,82896.1
6643,0,70452.2
6644,0,35343
6645,0,25107
6646,0,34902.1
6647,0,35533.9
6648,0,26803.2
6649,210.6,17243.3
6650,2265.5,10354.6
6651,4878.3,8981.9
6652,4053.5,16003.3
6653,5404.3,13633.3
6654,1697.9,1822.7
6655,729.6,0
6656,0,51162.3
6657,0,81313.7
6658,0,107707.7
6659,0,140915.8
6660,0,134682.7
6661,0,174061.8
6662,0,190731.3
6663,0,194185.9
6664,0,187608.6
6665,0,150029.8
6666,0,92283.5
6667,0,78448.7
6668,0,40162.7
6669,0,27091
6670,0,34171.6
6671,0,24657.2
6672,0,29037.7
6673,0,25418.8
6674,322,16544.6
6675,3192.7,10317.5
6676,4305.4,9574.3
6677,5181.4,11931.4
6678,2382.3,868.5
6679,1322,0
6680,0,54722.3
6681,0,119571.3
6682,0,149341.2
6683,0,173311.4
6684,0,154383.6
6685,0,195567.3
6686,0,218597.9
6687,0,236559.7
6688,0,240856.9
6689,0,199404.1
6690,0,114876.2
6691,0,95868.7
6692,0,51198.4
6693,0,35895
6694,0,34890.4
6695,673.9,30084.4
6696,3891.7,11961.5
6697,6934.1,15323.8
6698,10716,11373
6699,12280.6,15779.4
6700,13893,13125
6701,14644.4,16550.2
6702,4669.2,927.6
6703,3575,0
6704,79.3,3238.8
6705,0,4503.8
6706,0,29774.1
6707,0,58571.9
6708,0,63488.1
6709,0,68651.6
6710,0,48645
6711,0,50659.4
6712,0,46800.8
6713,0,26521.2
6714,0,3440.6
6715,0,3629.3
6716,172,10412.3
6717,780.1,13493.4
6718,1475.6,23589.2
6719,2783.7,32083.3
6720,3470.5,22795.5
6721,6702.6,19443.1
6722,8910.5,22888
6723,15058.4,29218.1
6724,18622.3,16399
6725,25205.6,17344.5
6726,24514.7,15688
6727,21120.2,16634.3
6728,8847.5,8164
6729,4177.7,8664.4
6730,761.2,31089.9
6731,0,50022.1
6732,0,64435.6
6733,0,70891.2
6734,0,73594.1
6735,0,74825.1
6736,0,79152
6737,0,57265
6738,0,13070.7
6739,0,4725.5
6740,0,1527
6741,128.5,438.2
6742,660.9,4.7
6743,1327.5,231.6
6744,1869.7,556.7
6745,2948.9,1007.4
6746,3800.4,906.5
6747,5964.7,1477.5
6748,6543.3,1799.7
6749,8910.3,3522.7
6750,8020.1,3477.7
6751,6718.2,8624.2
6752,2380.8,6173.2
6753,370,27078.5
6754,0,55151.1
6755,0,68078.3
6756,0,50632.4
6757,0,45647
6758,0,42966.6
6759,0,40837.8
6760,0,19918.7
6761,0,8571.7
6762,0,3167.4
6763,0,2696.9
6764,0,1193.4
6765,0,349.9
6766,0,51.7
6767,0,0
6768,0,2372
6769,0,5676.6
6770,0,7845
6771,0,9642.9
6772,242.4,11183.5
6773,710.2,13836.1
6774,191.8,2140.3
6775,0,0
6776,0,24321.9
6777,0,48406.5
6778,0,60094.5
6779,0,76345.6
6780,0,58180
6781,0,93095.2
6782,0,106101.7
6783,0,113511.5
6784,0,116384.1
6785,0,89869.4
6786,0,48928.6
6787,0,40038.6
6788,0,19837.9
6789,0,12246.9
6790,0,13055.3
6791,0,13943.5
6792,69,13174.1
6793,2139.5,15149.8
6794,5614,10178.2
6795,4448.2,7754.1
6796,6117.2,14733.5
6797,5600.8,20571.3
6798,1990.7,1536.3
6799,367.1,0
6800,0,41751.6
6801,0,66480.2
6802,0,77321.9
6803,0,92781.8
6804,0,99151.5
6805,0,139022.2
6806,0,155009.4
6807,0,161491.7
6808,0,179521.2
6809,0,144624.7
6810,0,72769.4
6811,0,62292.6
6812,0,30219.2
6813,0,21290.6
6814,0,31319.8
6815,0,34301.4
6816,0,27972.1
6817,78.4,23657.3
6818,2313.2,11046.4
6819,4355.9,8998
6820,8516.3,15605.1
6821,11117.2,11594.1
6822,4332.1,1351.3
6823,2399.7,0
6824,0,42860.7
6825,0,99133.7
6826,0,132333.9
6827,0,152250.5
6828,0,129684
6829,0,166507
6830,0,179819.9
6831,0,179836.1
6832,0,167966.3
6833,0,133833.1
6834,0,78110.1
6835,0,64955.6
6836,0,31725.5
6837,0,23610.2
6838,386.3,24389
6839,3806,14283.4
6840,4179.7,12178
6841,7294.7,13677.7
6842,11067.9,12752.8
6843,16486.2,15659.1
6844,18628.2,7415.2
6845,25159,5637.1
6846,12251.2,1322.4
6847,7040.3,0
6848,23.6,44708.4
6849,0,83912.9
6850,0,107271.3
6851,0,125698.6
6852,0,101906.7
6853,0,129684.1
6854,0,156179
6855,0,166324.9
6856,0,172265.6
6857,0,141233.2
6858,0,61417.5
6859,0,55818.6
6860,0,30857.7
6861,45.1,22804.3
6862,5607.2,23541.5
6863,9624.5,16202.5
6864,22379.6,7879.2
6865,24970.8,3580.5
6866,38775.5,11296.5
6867,35956.2,16.7
6868,46503.3,0
6869,44439.2,0
6870,21273,0
6871,16996.5,0
6872,5005.5,908.7
6873,2424.7,9362.2
6874,723.1,23349.1
6875,3.2,36048.2
6876,0,45091.2
6877,0,52225.7
6878,0,42647.4
6879,0,41539.7
6880,0,36072.8
6881,57.7,13640.6
6882,2615.4,1275.2
6883,4790.2,3995.2
6884,6800.4,6703.6
6885,9445,7172.8
6886,10792.9,5168.4
6887,13389.2,5520.3
6888,17237,4942
6889,20872.3,4966.2
6890,23705.9,4210.8
6891,24576.8,4051
6892,25351.5,3370.1
6893,26681.4,3164.2
6894,29902.1,2239.9
6895,27974.3,1750.1
6896,13912.5,2835.7
6897,6285,3565.6
6898,2830.4,3143.7
6899,1224.8,26200
6900,0.2,42867.2
6901,0,57001.8
6902,0,46272.4
6903,0,45230
6904,0,30894.9
6905,0,8685.2
6906,0,1931.2
6907,60.2,363
6908,599.1,0
6909,1204.4,0
6910,2580.8,0
6911,3575.5,0
6912,5193.8,0
6913,6836.9,261.5
6914,9410.6,1023.9
6915,12796.3,1763.7
6916,18121.2,2437.9
6917,20568.6,4310.1
6918,9607.1,265.2
6919,6738.9,0
6920,0,9420.5
6921,0,42580.3
6922,0,81679
6923,0,110597.4
6924,0,102392.2
6925,0,142335.3
6926,0,173654.2
6927,0,192522.6
6928,0,198409.4
6929,0,154883
6930,0,70323.6
6931,0,58408.3
6932,0,22242.8
6933,0,10065.8
6934,0,22406.9
6935,0,30775.5
6936,0,25889.9
6937,0,22675.3
6938,0,15788.6
6939,0,6662.8
6940,338.2,7154.2
6941,1364.8,11617.5
6942,264.8,0
6943,12.9,0
6944,0,41641.7
6945,0,103177.8
6946,0,147113.6
6947,0,174517.1
6948,0,161795
6949,0,208749.8
6950,0,232715.7
6951,0,242820.1
6952,0,229953.5
6953,0,178884
6954,0,111933
6955,0,96353.6
6956,0,55247.5
6957,0,38815.6
6958,0,34313
6959,0,24525.8
6960,0,17091.1
6961,0,19505.5
6962,0,15330.4
6963,0,21365.7
6964,0,19100.8
6965,0,17059.6
6966,0,2765.8
6967,0,0
6968,0,69826.9
6969,0,112734.3
6970,0,142480.4
6971,0,177386.1
6972,0,166414.5
6973,0,219396.4
6974,0,219564.4
6975,0,222227
6976,0,199859.1
6977,0,158119.4
6978,0,107572.2
6979,0,93267.1
6980,0,53529.6
6981,0,40653.7
6982,0,36291.6
6983,0,31102.3
6984,0,20597.8
6985,0,14637
6986,0,34236.5
6987,0,15590.8
6988,0,21933.4
6989,0,26056.4
6990,0,1954.7
6991,0,0
6992,0,65847.8
6993,0,98641.5
6994,0,113389.7
6995,0,139017.5
6996,0,150544.1
6997,0,203624
6998,0,229085
6999,0,245577.6
7000,0,248044.2
7001,0,203589.3
7002,0,118636.4
7003,0,101619.8
7004,0,58504.6
7005,0,43099.1
7006,0,38144.8
7007,0,29894.6
7008,0,23789.4
7009,0,34010
7010,0,30443.5
7011,249.5,26523.6
7012,2249.8,16665
7013,3483.6,10099.9
7014,1594.2,1935.2
7015,1131.2,0
7016,0,54946.5
7017,0,115260
7018,0,143525.3
7019,0,166494.2
7020,0,153426.2
7021,0,186888.6
7022,0,186739.4
7023,0,196883.4
7024,0,179634.5
7025,0,140331.2
7026,0,91278.8
7027,0,77186.1
7028,0,39602.8
7029,0,27891.9
7030,0,34949.5
7031,88.7,42273.9
7032,3751.3,12648
7033,4918.9,10266.7
7034,10179.4,14727.2
7035,12505,12174.1
7036,19149.7,7928.5
7037,18036.4,6197.3
7038,7143.7,0
7039,5627.2,0
7040,627.4,3205.9
7041,0,22874.4
7042,0,41640.6
7043,0,60158.8
7044,0,65990.4
7045,0,71424.4
7046,0,48633.7
7047,0,48602.7
7048,0,39388.8
7049,0,19459.9
7050,0,2980.3
7051,0,2705.6
7052,32.2,10338.3
7053,519.1,12866.5
7054,1334.8,21047
7055,2084.9,23710.8
7056,3587.8,28255.3
7057,4271,23408
7058,6820.9,21312.2
7059,7731.4,17566.7
7060,12219.4,31136.5
7061,12057.6,25076.9
7062,16169.4,35680.9
7063,12796.2,27050.8
7064,7031.8,19021.5
7065,3456.6,16720.1
7066,2698.9,17362.7
7067,847.4,43397.7
7068,332.3,61313
7069,0,67812.3
7070,0,73560.6
7071,0,66350.7
7072,0,64748.4
7073,0,32601.4
7074,857.4,4299
7075,3416.2,193.7
7076,5737.1,0
7077,5650,114.2
7078,6666.9,1651.3
7079,8748.4,1639.9
7080,12636.5,4598.1
7081,16182.4,6721.8
7082,24391.1,4624.4
7083,25791.2,0
7084,34285,0
7085,34892.2,0
7086,18077.4,0
7087,14753.4,0
7088,1053.6,13461.3
7089,0,39983
7090,0,67926.6
7091,0,91253.8
7092,0,83416.7
7093,0,107471.6
7094,0,108239.9
7095,0,102986.3
7096,0,102185.5
7097,0,72990.3
7098,0,38415.6
7099,0,32431.3
7100,62.5,13338.7
7101,442.1,5887.4
7102,7200.7,12415.8
7103,12675.2,14023.6
7104,19174.4,17384.7
7105,28031.9,9987.5
7106,32627.3,8907.5
7107,37531.1,17.6
7108,42257.7,0
7109,45739,0
7110,21554.3,0
7111,14067.6,0
7112,799.3,26697.3
7113,0,51766.7
7114,0,83224.8
7115,0,108675.7
7116,0,103002.2
7117,0,133082.6
7118,0,133116.9
7119,0,123080.1
7120,0,118116.9
7121,0,88896.4
7122,0,46734
7123,0,40467.4
7124,0,19987.1
7125,0,12228.3
7126,3613.8,11095.5
7127,3450.3,10800.6
7128,4711.3,14326.8
7129,4547.3,13226
7130,6671.6,14000.2
7131,7184.2,16464.9
7132,8883.4,13374.2
7133,7796.5,17180.4
7134,3731.5,287.4
7135,2094.7,0
7136,0,42868.7
7137,0,67423.1
7138,0,74243
7139,0,80929.7
7140,0,68316.7
7141,0,89204.1
7142,0,98923.5
7143,0,104634.3
7144,0,107524.5
7145,0,85436.4
7146,0,48586.3
7147,0,42928.7
7148,388.5,21616.4
7149,1301.8,13943.8
7150,10585.3,10181.7
7151,16844.8,14082.7
7152,21305.4,6247.1
7153,30819.9,9829.4
7154,32244.9,7253.3
7155,41282.2,763.7
7156,39025,0
7157,46497.5,0
7158,22752.4,0
7159,16804.3,0
7160,1372.2,30791.4
7161,13.1,58615.2
7162,0,66632
7163,0,75933.8
7164,0,59305.5
7165,0,87192.2
7166,0,99346.7
7167,0,113477.9
7168,0,115250.8
7169,0,80407.4
7170,10.8,46293.8
7171,403.6,39608.4
7172,2734.8,18027.3
7173,4579.7,10097.1
7174,25471.7,6100.8
7175,36340.7,2107.4
7176,37833.7,0
7177,44743.7,0
7178,45129.8,0
7179,54451.3,0
7180,54434.7,0
7181,63523.1,0
7182,36147.8,0
7183,27212.8,0
7184,3941.6,26531.4
7185,1126.2,53228.5
7186,0,65176.7
7187,0,87554.8
7188,0,87420.9
7189,0,113899.4
7190,0,120008.4
7191,0,111857.6
7192,0,108366.8
7193,0,79512.9
7194,0,43593.7
7195,0,37270.7
7196,718,16076.6
7197,1368.8,8258
7198,9428.7,11154.1
7199,13287.4,13824.8
7200,16165.2,13068.8
7201,18240.7,13818.6
7202,20504.1,8800.6
7203,25309.1,23754.9
7204,27701.9,25474.1
7205,31131.5,24518.1
7206,12584.6,1248.6
7207,10551.3,0
7208,3809.6,0
7209,1042.6,0
7210,2.6,0
7211,0,0
7212,0,0
7213,0,0
7214,0,0
7215,0,0
7216,0,0
7217,0,0
7218,1542.2,0
7219,3318.4,0
7220,4312.8,0
7221,7363.9,0
7222,10854.7,0
7223,17361.8,0
7224,22073.1,0
7225,33036.3,0
7226,32576.2,0
7227,40599.8,0
7228,44122,0
7229,52538,0
7230,58339.1,0
7231,66468.5,0
7232,58265.7,0
7233,40266.4,0
7234,24654.3,0
7235,25824.2,0
7236,17294,978.5
7237,13519.3,6192.7
7238,8559.9,2155.2
7239,9427.6,666.4
7240,8761,0
7241,16480,0
7242,22813,0
7243,32011.4,0
7244,35817.9,0
7245,44309.9,0
7246,46703.6,0
7247,57141.7,0
7248,55525.3,0
7249,64391.2,0
7250,65250.9,0
7251,70895.1,0
7252,68562.4,0
7253,73200.2,0
7254,39310.7,0
7255,28193,0
7256,3100.3,0
7257,465.8,2356.8
7258,0,10527.5
7259,0,41602.4
7260,0,43907.9
7261,0,73921.2
7262,0,89538
7263,0,107220.2
7264,0,114378
7265,0,70427.4
7266,0,12975.8
7267,0,7036.7
7268,1319.8,0
7269,2939.2,0
7270,22948.2,0
7271,33395.1,0
7272,41679.9,0
7273,50864.9,0
7274,55455.6,0
7275,60697.5,0
7276,63264.6,0
7277,67696.1,0
7278,38444.5,0
7279,28818.8,0
7280,3635.3,1296.3
7281,498.4,15249.4
7282,0,59637.4
7283,0,99205.9
7284,0,87092.5
7285,0,122095.3
7286,0,136838.1
7287,0,150921.8
7288,0,155814.2
7289,0,110279.3
7290,0,41382.5
7291,0,29831.6
7292,0,8896
7293,151.6,2306.8
7294,5027.5,13040.9
7295,7480.5,20305.5
7296,10802.8,9035.1
7297,12901.4,7963.7
7298,17246.6,13618.3
7299,19380.4,23212.2
7300,25835,28528.9
7301,23747.5,3107.3
7302,11330.4,0
7303,8891,0
7304,133.4,25769.5
7305,0,50229.3
7306,0,58745.9
7307,0,65013.2
7308,0,50194.2
7309,0,71428.4
7310,0,77825.3
7311,0,81534.8
7312,0,87011.2
7313,0,67508.7
7314,0,37472.6
7315,0,32155.9
7316,1781.8,12759
7317,3359.2,4848.1
7318,19726,7375.3
7319,29312.8,8710.3
7320,34837.5,3897.6
7321,35773,428
7322,39505.2,0
7323,40893.8,0
7324,43348.9,0
7325,41063.2,0
7326,22836.3,0
7327,18428.3,0
7328,1611.8,19267.9
7329,25.4,37206.5
7330,0,69680.4
7331,0,73018.2
7332,0,67815.2
7333,0,91211.8
7334,0,98819.2
7335,0,98713
7336,0,111010.8
7337,0,69005.8
7338,0,38264.6
7339,0,32760.5
7340,633,13378.1
7341,1280.6,5531.2
7342,8819.5,9539.2
7343,13239.4,16251.5
7344,15845.7,12323.4
7345,20649.5,4472.5
7346,26510.7,21611.1
7347,31774.1,19963.9
7348,34265.7,2139.2
7349,38999.3,0
7350,20187.5,0
7351,15265.1,0
7352,716.6,23819.3
7353,0,42910.8
7354,0,80940.9
7355,0,116595.4
7356,0,108849
7357,0,139309.7
7358,0,156446.8
7359,0,172810.1
7360,0,174513.9
7361,0,129094.4
7362,0,54916.5
7363,0,43010
7364,0,21210.6
7365,0,13225.2
7366,3113.4,11655.9
7367,3639.3,11837.3
7368,7530.3,19163.3
7369,10215.4,12487.8
7370,13744.6,20719.6
7371,16878.1,5081.3
7372,18270.3,20333.3
7373,16752.3,22967.2
7374,7124.2,1428.7
7375,6665.8,0
7376,1604.7,205.7
7377,296.6,9158.4
7378,0,25585.4
7379,0,35341.1
7380,0,46710.7
7381,0,51339.6
7382,0,31354.2
7383,0,30760.4
7384,0,20779.9
7385,0,5716.8
7386,0,1004.4
7387,63.4,1166.3
7388,176.4,2773.8
7389,191.9,4096.1
7390,399.1,5158.7
7391,670.2,5986.2
7392,892.9,6670.2
7393,1083.7,7275
7394,1192.1,7865.7
7395,1654.9,12374
7396,2388.5,13856.5
7397,2946.8,12156.9
7398,3364.6,13429.6
7399,3388.7,12560.6
7400,3215.2,12987.5
7401,2342.4,12545
7402,1779.8,4050.5
7403,554.6,8376.5
7404,5.3,10485
7405,0,6261.8
7406,0,11439.3
7407,0,6267.8
7408,0,2448
7409,0,1894.9
7410,0,7304.4
7411,112.6,8588.2
7412,898.1,9121.3
7413,1917.1,12763.8
7414,3868.1,5694.9
7415,4604.6,5228.5
7416,5753.7,9795.8
7417,7291.6,13781.8
7418,9854.5,9097.5
7419,12332.5,16282.9
7420,17098.4,21005.6
7421,20921.2,6183.9
7422,26194,6562.1
7423,10505.1,383.9
7424,3458.7,103.8
7425,0,31376.4
7426,0,85561.4
7427,0,109435.3
7428,0,121687.5
7429,0,109567.3
7430,0,128314.2
7431,0,138016.9
7432,0,146276.5
7433,0,122663.7
7434,0,87587.6
7435,0,48647.5
7436,0,40572.6
7437,0,20864.6
7438,0,13223
7439,29.9,15895.3
7440,1928.5,10698.2
7441,3894,13098.1
7442,4106.8,13866
7443,4470,14615.8
7444,7642.4,12814.9
7445,9348.8,19617.1
7446,12871.4,10692
7447,4693.8,967.2
7448,1938.4,0
7449,0,36727.3
7450,0,56211.3
7451,0,84730.7
7452,0,78604.3
7453,0,61944.8
7454,0,84755
7455,0,91970.3
7456,0,95727
7457,0,100117
7458,0,77082.7
7459,0,44299
7460,0,39557.6
7461,141.5,20584.1
7462,782.8,12830.5
7463,10990.3,16288.5
7464,19401.8,10924.6
7465,28353.8,8550.4
7466,35079.3,0
7467,39207.5,0
7468,49664.5,0
7469,52063.6,0
7470,58811.8,0
7471,28378.7,0
7472,11396.3,0
7473,629.7,23791
7474,0,56685.7
7475,0,76209.3
7476,0,75619.7
7477,0,56254.2
7478,0,78647
7479,0,83687.3
7480,0,104256
7481,0,110370.7
7482,0,70649.7
7483,0,42434.8
7484,0,37135.2
7485,37.6,17869.4
7486,167.7,9992.3
7487,5322.9,11150.7
7488,7765.9,11035.2
7489,14064.9,16959.8
7490,14760.2,11594.9
7491,22936.4,7722.3
7492,26405.3,22010.1
7493,35481.1,4304.7
7494,34205.6,4328.3
7495,15465.8,0
7496,5279.3,0
7497,0,30089.1
7498,0,86641.8
7499,0,114871.6
7500,0,129666.8
7501,0,121154.4
7502,0,148799.3
7503,0,165328.6
7504,0,168679.7
7505,0,148419.8
7506,0,98973.3
7507,0,48019.8
7508,0,41959.2
7509,0.2,22945.9
7510,433.4,15006
7511,7052.6,14434.8
7512,10917.1,16245.4
7513,15363.4,7232.1
7514,22903.5,9509.4
7515,23505.9,7061.5
7516,32259.8,9916.1
7517,31736.8,0
7518,37824.9,0
7519,16203.4,0
7520,6412.1,0
7521,147.4,33475.4
7522,0,55889.3
7523,0,64199.4
7524,0,69700.4
7525,0,56143.6
7526,0,77626.9
7527,0,84110.5
7528,0,86983.3
7529,0,91439.8
7530,0,70571
7531,0,42865.3
7532,0,37839.5
7533,0,18840.4
7534,0,11048.4
7535,2881.8,10661.9
7536,5396.2,10152.5
7537,6843.4,23050.5
7538,9936,11943.2
7539,15141.9,23450.6
7540,15442.6,32243
7541,18856.3,23433
7542,19726.3,19290.8
7543,22487,20670.2
7544,17842.3,17050.3
7545,15493.6,16060.2
7546,6191.4,17630.4
7547,5441.5,9245.4
7548,3662.9,15441.7
7549,3730.8,7836.1
7550,2490.6,2071.7
7551,3306.3,3297.4
7552,3403.4,2320
7553,7603.7,241.8
7554,11426.7,0
7555,19974.3,0
7556,24790,0
7557,32415.9,0
7558,35853.1,0
7559,49299.7,0
7560,51063.7,0
7561,60248.4,0
7562,63699,0
7563,77594.1,0
7564,78429.4,0
7565,91537.5,0
7566,88920.8,0
7567,100418,0
7568,73088.5,0
7569,48772.2,0
7570,31506.5,62.5
7571,28948.1,6898.9
7572,21690.2,23086.1
7573,18271.7,33219.3
7574,10573.1,27518.8
7575,9939.1,5738.5
7576,14250.7,214.7
7577,24073.7,0
7578,32401.9,0
7579,41092.4,0
7580,41763,0
7581,55700.2,0
7582,55683.1,0
7583,60638.9,0
7584,55764.2,0
7585,55162.3,0
7586,50214.4,0
7587,57556.2,0
7588,53295.3,0
7589,57564,0
7590,50035.3,0
7591,26309.9,0
7592,17650.1,0
7593,1036.8,0
7594,0,0
7595,0,1518.7
7596,0,7370.5
7597,0,3435.8
7598,0,46969.4
7599,0,73151
7600,0,77315.3
7601,0,47608.8
7602,0,28852.5
7603,0,3646.7
7604,0,2016.3
7605,0,0
7606,167.4,0
7607,8161.9,982.3
7608,13345.8,616
7609,19999.2,0
7610,23622.6,0
7611,30858,0
7612,36353.7,0
7613,42612.7,0
7614,50087.4,0
7615,25365.6,0
7616,11883.4,0
7617,398.6,2876.5
7618,0,39749.3
7619,0,79111.3
7620,0,96499.8
7621,0,91242.3
7622,0,116447.5
7623,0,133718.2
7624,0,138093.9
7625,0,116826.2
7626,0,73998.2
7627,0,30690.7
7628,0,24297.6
7629,0,6634.5
7630,95,2061.3
7631,7421.9,17140.7
7632,12285,17139.4
7633,22623.1,7412
7634,24740.8,0
7635,31217.3,0
7636,30145.7,0
7637,39785.5,0
7638,37943.4,0
7639,19138.5,0
7640,7641.8,0
7641,98.8,13162.2
7642,0,66576.7
7643,0,102285.9
7644,0,118674.5
7645,0,108492
7646,0,135622.1
7647,0,150866.6
7648,0,150964.3
7649,0,127650
7650,0,90818.5
7651,0,41613.7
7652,0,34922.7
7653,0,15616.3
7654,183.1,7811.4
7655,5777.5,12076.5
7656,8699.2,14577.3
7657,8573.5,14292
7658,10895.9,9175
7659,11539.7,23055.4
7660,13771,12806.5
7661,13863.7,27150.8
7662,14613.5,11143.3
7663,6539.8,834.1
7664,4018.6,0
7665,0,34279.1
7666,0,56504.2
7667,0,64241
7668,0,69782.8
7669,0,56417.1
7670,0,82135
7671,0,98152.5
7672,0,114236.7
7673,0,109611.8
7674,0,78491.1
7675,0,43931.6
7676,0,38956.5
7677,0,19921.9
7678,0,12051.9
7679,0,12579.2
7680,0,13343.8
7681,0,12472.2
7682,0,14711.6
7683,0,10004.7
7684,9.8,8011.5
7685,65.6,14589.9
7686,140.5,16986.5
7687,131,1536.5
7688,118.5,0
7689,0,37104.7
7690,0,61322.6
7691,0,67542
7692,0,117253.9
7693,0,114251.1
7694,0,148829.4
7695,0,165269.3
7696,0,165521.1
7697,0,147309.3
7698,0,101132.4
7699,0,53280.1
7700,0,45433
7701,369.7,23539.1
7702,1639.4,15549.7
7703,16108.9,11568.2
7704,23695.4,8332.7
7705,34456.2,0
7706,39664.1,0
7707,43380,0
7708,46488.8,0
7709,58125.4,0
7710,61327.7,0
7711,31246.1,0
7712,20283,0
7713,4826.8,0
7714,2309.7,4900.8
7715,902.9,16097.8
7716,55.7,21328.7
7717,0,36063.5
7718,0,36913.6
7719,257.1,28164.2
7720,572.3,14950.7
7721,1630,1415.9
7722,5036.9,0
7723,19324.9,0
7724,25007.7,0
7725,32199.9,0
7726,42912.6,0
7727,49514.4,0
7728,59419.8,0
7729,66898.9,0
7730,72298.9,0
7731,74968.7,0
7732,76297.3,0
7733,75689.7,0
7734,80807.9,0
7735,76940.7,0
7736,74677.1,0
7737,66523,0
7738,56551.1,0
7739,45543.6,0
7740,50985.3,0
7741,49467.3,0
7742,57245.1,0
7743,58698.5,0
7744,65636.5,0
7745,65986.5,0
7746,70502.1,0
7747,68640.6,0
7748,72885.5,0
7749,71385.1,0
7750,74125.3,0
7751,70404.7,0
7752,70983,0
7753,64868.7,0
7754,69673.6,0
7755,64614.1,0
7756,66677.4,0
7757,64633.6,0
7758,65670.9,0
7759,37577.4,0
7760,25512.5,0
7761,2884,0
7762,136.3,0
7763,0,39.1
7764,0,3581.4
7765,0,0
7766,0,10483.5
7767,0,18344.1
7768,0,23513.6
7769,0,28456.3
7770,0,16993.1
7771,0,95.5
7772,0,0
7773,0,0
7774,14.9,0
7775,4098.7,0
7776,4343.4,0
7777,5091,0
7778,9696.7,0
7779,15085.8,0
7780,21851.9,0
7781,21469.9,0
7782,28076.1,0
7783,12206.5,0
7784,7469.1,0
7785,0,7708.5
7786,0,21930.9
7787,0,29304.2
7788,0,35979.2
7789,0,31622.3
7790,0,50445.1
7791,0,69228.3
7792,0,74139.6
7793,0,74302.5
7794,0,49012
7795,0,22087.4
7796,76.5,16985.9
7797,2058.9,2280.6
7798,3415.1,0
7799,26502.3,258.2
7800,40855.1,0
7801,45578.1,0
7802,57045.2,0
7803,57603.6,0
7804,72779.3,0
7805,71804.5,0
7806,85748.4,0
7807,43752.2,0
7808,21913.2,0
7809,2856.9,4327.9
7810,457.5,39069.2
7811,0,55971.6
7812,0,77125.8
7813,0,59814.2
7814,0,90902.6
7815,0,99071.8
7816,0,95698.5
7817,0,84469.8
7818,0,56609.7
7819,714.1,28347.1
7820,1847.3,23013.7
7821,5696.7,5545.3
7822,8823.5,1016.2
7823,38997.9,0
7824,52036.9,0
7825,57597.1,0
7826,71543.5,0
7827,74166.2,0
7828,90536,0
7829,92195.4,0
7830,102458.2,0
7831,100454,0
7832,91495.4,0
7833,51555.2,0
7834,38970.8,882.1
7835,28830.1,14970.9
7836,24634.6,37549.2
7837,14809.6,45934.9
7838,8885.3,48756.8
7839,5731.7,31974.3
7840,8704,12776.6
7841,15604.1,606.4
7842,26046,0
7843,29728.1,0
7844,35921.4,0
7845,39712.6,0
7846,51204.5,0
7847,56416.9,0
7848,68193.4,0
7849,66443.8,0
7850,76500,0
7851,79113,0
7852,88567,0
7853,89275.8,0
7854,95993.5,0
7855,55842.1,0
7856,26125.7,0
7857,4797.9,620.9
7858,2215.5,15917.5
7859,644.6,46233.8
7860,4.1,65607.9
7861,12.4,58803.4
7862,0,72670.4
7863,0,82261.5
7864,0,86727.9
7865,0,72474.2
7866,0,35865.6
7867,1080.1,8096.7
7868,2461.8,5343.1
7869,7664.8,0
7870,9316.4,0
7871,35342.9,0
7872,46768.3,0
7873,49944.9,0
7874,63600.9,0
7875,63373.5,0
7876,75309.1,0
7877,81648.9,0
7878,98413.5,0
7879,52637.7,0
7880,32812.2,0
7881,11515.9,0
7882,4943.9,1692.1
7883,2501.1,5291.5
7884,909.2,12604.2
7885,41.5,18767.8
7886,0,20857.1
7887,649.1,6080.2
7888,1209.8,316
7889,3710.1,0
7890,8281.1,0
7891,24418.7,0
7892,33137.1,0
7893,38104,0
7894,48125.4,0
7895,51520.5,0
7896,66507.3,0
7897,71381.9,0
7898,86214.1,0
7899,87080.8,0
7900,101968.7,0
7901,98278,0
7902,112606.9,0
7903,107308.7,0
7904,97170.3,0
7905,59108.6,0
7906,45396.8,45.1
7907,30900.6,6039.8
7908,23086.8,27121.7
7909,12044.1,33068.3
7910,6606.1,33417
7911,3122.2,15228.6
7912,6895.7,927
7913,12440.6,0
7914,16383,0
7915,17386,0
7916,20769.9,0
7917,22645.1,0
7918,26775.1,0
7919,25141.6,0
7920,29717.9,0
7921,22656.5,0
7922,24669.2,0
7923,25202.6,0
7924,29901.5,0
7925,29302.7,0
7926,27864.4,0
7927,12240.8,0
7928,6307.7,0
7929,0,0
7930,0,0
7931,0,361.9
7932,0,5461.4
7933,0,44.2
7934,0,13095.4
7935,0,21061.4
7936,0,26256.9
7937,0,32550.5
7938,0,19959.9
7939,0,738.7
7940,0,0
7941,0,0
7942,0,0
7943,0,0
7944,3.5,199.3
7945,492.2,359.6
7946,1113.7,696
7947,2124.9,1045.1
7948,3750.5,2128.6
7949,5118.2,2760.2
7950,6544.2,3910.5
7951,3315.6,356.9
7952,2253.9,0
7953,0,15214.3
7954,0,32296.8
7955,0,38955.1
7956,0,45234.9
7957,0,35367.8
7958,0,55853
7959,0,72580.7
7960,0,79755.7
7961,0,83031.6
7962,0,58218.1
7963,31,27651
7964,558.3,22625.3
7965,3309.1,6552.5
7966,4841.2,2250.5
7967,28874.1,632.5
7968,40386.9,0
7969,43579.4,0
7970,54071.1,0
7971,55492.7,0
7972,69025.5,0
7973,63107.8,0
7974,70244.6,0
7975,38507.7,0
7976,19930.8,0
7977,2513.9,3057.4
7978,526.9,34177.5
7979,0,76811.3
7980,0,99875.6
7981,0,92060.6
7982,0,116666.1
7983,0,119740.1
7984,0,120155.6
7985,0,104528.9
7986,0,61962.3
7987,692.6,32513.8
7988,1571.9,27130.4
7989,4932.9,8566.9
7990,7310.8,3596
7991,31449.6,0
7992,43642.5,0
7993,47748.1,0
7994,57085.3,0
7995,58444.6,0
7996,71849.8,0
7997,71177,0
7998,77471.6,0
7999,43394.1,0
8000,26205.6,0
8001,4898.5,14423.9
8002,1736.8,33871.7
8003,110,43192.7
8004,0,50612.1
8005,0,35991
8006,0,55700.7
8007,0,83423.2
8008,0,97984.9
8009,0,78897.7
8010,0,59113.8
8011,469.3,30883.5
8012,940.6,25627.3
8013,2842.5,7293.1
8014,3934.7,2481.3
8015,19234.7,16280.8
8016,26836.4,13953.4
8017,32584.5,88.6
8018,37655.4,0
8019,41963.8,0
8020,46280.3,0
8021,49376.4,0
8022,50518.9,0
8023,27200.1,0
8024,16866.1,0
8025,722.1,14951.9
8026,0,33856.3
8027,0,44591.2
8028,0,77698.7
8029,0,84669.9
8030,0,107461.2
8031,0,101955
8032,0,97506.6
8033,0,95095.3
8034,0,64554.6
8035,0,35157.8
8036,0,29342.6
8037,0,10145
8038,10.3,4424.1
8039,5024.1,16069.4
8040,6970.4,14359
8041,14825.7,27652.1
8042,16970.1,14498.9
8043,28219.7,10692.6
8044,30160.5,0
8045,43043,0
8046,43325.9,0
8047,22349.2,0
8048,14001.1,0
8049,2998.6,0
8050,804.9,1680.3
8051,4.4,14106.4
8052,0,35512.1
8053,0,44091
8054,0,42699.8
8055,0,30824.4
8056,0,15597.5
8057,0,2722.4
8058,127,0
8059,1025.5,0
8060,2172.2,0
8061,5496,0
8062,15488.5,0
8063,21721.6,0
8064,31816.7,0
8065,34530.8,0
8066,47704.4,0
8067,46954.9,0
8068,61193.7,0
8069,59148.8,0
8070,77246.2,0
8071,72951.4,0
8072,69349.5,0
8073,38710.4,0
8074,40594.6,1640.3
8075,33481.8,15105.2
8076,39576.6,38757.8
8077,32013.7,43743.7
8078,29501.5,49566.5
8079,23776.3,35878.2
8080,27920.6,20181.7
8081,30910.6,365.6
8082,53134.1,0
8083,55763.6,0
8084,74297.9,0
8085,72002.7,0
8086,90967.7,0
8087,85530.6,0
8088,105669.1,0
8089,91977.3,0
8090,111433.2,0
8091,101452.9,0
8092,122575.8,0
8093,111196.7,0
8094,130932.9,0
8095,73583.2,0
8096,46192.7,0
8097,10314.1,0
8098,5615.5,0
8099,3431.4,444.7
8100,2070.9,25075.7
8101,1681.1,39270.6
8102,282.5,62002.3
8103,7.9,70408.6
8104,0,71373.4
8105,72.2,49093.1
8106,1484.3,24777.8
8107,6125.7,3438.4
8108,8457.9,1496.1
8109,15480.8,0
8110,18784.3,0
8111,54052.2,0
8112,71673.1,0
8113,75271,0
8114,88534.1,0
8115,89052.8,0
8116,101817.5,0
8117,98818.4,0
8118,106975.2,0
8119,61986.6,0
8120,43045.2,0
8121,11806.2,812.2
8122,5890.6,9776.7
8123,2553.6,17647.7
8124,1021.5,26200.3
8125,801.1,28756.7
8126,0,55493.5
8127,0,67398.2
8128,0,66489.5
8129,0,57520.9
8130,1126.7,38681
8131,4560.6,12573.5
8132,6325.1,8316
8133,13973.3,375
8134,17169.3,0
8135,49431.3,0
8136,63542.6,0
8137,64408,0
8138,75563.3,0
8139,75234.8,0
8140,88698.4,0
8141,87956.1,0
8142,98059.6,0
8143,57892.8,0
8144,34477.7,0
8145,4855,0
8146,1578.3,8817.9
8147,67,48493.1
8148,0,74374.6
8149,0,66940.1
8150,0,77624.7
8151,0,80343.1
8152,0,71552
8153,0,67625.7
8154,0,47141.6
8155,0,21984.9
8156,0,17102.4
8157,817.4,2968.4
8158,1574.9,11
8159,10027.2,13751.8
8160,13885.2,16639.2
8161,15942.9,14348.6
8162,17879.3,10539.1
8163,20580.2,10752.5
8164,22208.8,8897
8165,26185,9239.2
8166,28216.1,9409.8
8167,12436,506.4
8168,7993,0
8169,0,17079.4
8170,0,35655.1
8171,0,44001.3
8172,0,53291.2
8173,0,46314.2
8174,0,67240.3
8175,0,73426.6
8176,0,80226
8177,0,83133
8178,0,59039.7
8179,0,33848.2
8180,0,27668.3
8181,0,8380.4
8182,15.2,2817.8
8183,5403.7,18322.8
8184,6292.5,14578.9
8185,9447.1,21353.3
8186,10393.8,7101.8
8187,16717.2,24817.7
8188,17686.4,17878.6
8189,25634.5,19185.5
8190,25354.4,14952
8191,12411.5,1251.7
8192,6409.7,0
8193,0,26626.2
8194,0,43921.2
8195,0,74950
8196,0,92601.8
8197,0,81693.2
8198,0,120287.6
8199,0,127307.5
8200,0,121744.9
8201,0,117382.2
8202,0,86750.5
8203,0,45016.5
8204,0,37803.5
8205,0,18839.8
8206,0,11160.8
8207,0,11992.5
8208,0,10596.3
8209,0,16884.5
8210,0,9737.5
8211,0,15748
8212,0,13182.3
8213,0,15299.2
8214,0,13901.3
8215,0,2657.6
8216,0,0
8217,0,36
8218,0,870.3
8219,0,1593.5
8220,0,2115
8221,0,2265.5
8222,0,2381.5
8223,0,0
8224,5.9,0
8225,418.5,0
8226,1937.3,0
8227,8075.3,0
8228,7328.9,0
8229,9658,0
8230,9324.2,0
8231,12517.4,0
8232,12617,0
8233,18451.5,0
8234,18698.9,0
8235,27312.3,0
8236,30979.4,0
8237,34295.4,0
8238,35939.2,0
8239,41379.2,0
8240,38999.7,0
8241,33218.2,0
8242,26399.3,0
8243,26576.9,0
8244,24118.7,0
8245,25334.5,0
8246,26835.2,0
8247,32831.7,0
8248,32491.7,0
8249,44705,0
8250,52845.3,0
8251,67444.5,0
8252,68510.2,0
8253,79610.3,0
8254,78003.1,0
8255,88999.8,0
8256,84946.7,0
8257,88573.2,0
8258,84966.1,0
8259,98606.1,0
8260,97376.8,0
8261,108286.9,0
8262,96868,0
8263,53715.7,0
8264,39998.6,0
8265,7011.3,0
8266,3000.7,67.5
8267,1738.6,2793.1
8268,865.5,8363.6
8269,1722.4,308.6
8270,296.4,14485.7
8271,7.5,22187.2
8272,198.3,27117.4
8273,812.2,31639.1
8274,3281,19948.7
8275,8462.3,453.5
8276,10279.7,0
8277,18419.7,0
8278,20501.6,0
8279,53403.4,0
8280,66715.4,0
8281,66610.8,0
8282,77785.7,0
8283,78131.1,0
8284,91409.8,0
8285,89617.5,0
8286,99699.2,0
8287,58526.1,0
8288,42210.7,0
8289,11631.4,155
8290,5547.5,6677.5
8291,1837.3,14457.1
8292,201.7,17722.1
8293,38.5,13452.8
8294,0,46364
8295,0,56268.3
8296,0,50479.8
8297,0,50403.4
8298,0,34808.6
8299,1851.1,9008.4
8300,2489.8,6123.3
8301,6501.8,29.3
8302,8279.2,0
8303,31128.9,0
8304,39009.2,0
8305,43239.9,0
8306,48797.1,0
8307,51881.8,0
8308,56752.8,0
8309,57575.5,0
8310,59413.8,0
8311,32773.3,0
8312,23809.7,0
8313,2404.7,4008.7
8314,103.5,16768.7
8315,0,24214.7
8316,0,30118.1
8317,0,19943.3
8318,0,37385.6
8319,0,46292.9
8320,0,52281.9
8321,0,57224.7
8322,0,40886.5
8323,97.5,15537
8324,1240.3,11170.6
8325,6464.4,715.6
8326,11373.1,0
8327,45262.6,0
8328,60235.2,0
8329,64089,0
8330,76368.9,0
8331,75547.4,0
8332,86587,0
8333,88123,0
8334,105181.6,0
8335,65113.5,0
8336,41277.2,0
8337,7777.7,0
8338,3656.3,21896.5
8339,1922.4,59752.7
8340,453.6,79705.3
8341,138.3,72780.4
8342,0,96632.8
8343,0,103003.5
8344,0,101998.5
8345,0,80817.8
8346,146.4,50062.6
8347,2702.9,24898.7
8348,4519.5,19449
8349,10389,3861.9
8350,14013.7,202.4
8351,45506.3,0
8352,61373.5,0
8353,64143.9,0
8354,76376.6,0
8355,77967.3,0
8356,93967.3,0
8357,95619.9,0
8358,108376.7,0
8359,63936.5,0
8360,47033.5,0
8361,17615.3,8437.8
8362,9576.3,23403.4
8363,6817.1,30752.4
8364,5110.3,36886.1
8365,6415.4,26332.2
8366,3541.4,44600.3
8367,3226.4,52775.8
8368,4226.2,57452.1
8369,5230.6,61484.6
8370,8651.4,44359
8371,16547.8,19033.2
8372,18422,14216.2
8373,26710.6,1248.7
8374,28544.4,0
8375,64992.6,0
8376,78131.5,0
8377,81595,0
8378,93421,0
8379,89270.9,0
8380,99200.1,0
8381,92884.6,0
8382,100956.9,0
8383,53702.3,0
8384,41116.5,0
8385,19670.3,0
8386,14955.7,0
8387,8052.7,0
8388,4798,0
8389,3238.5,0
8390,2697.7,0
8391,8696.9,0
8392,14108.5,0
8393,20970.1,0
8394,29256.4,0
8395,59643.6,0
8396,74713.3,0
8397,74915.4,0
8398,86922.3,0
8399,84864.8,0
8400,97150.6,0
8401,93605.8,0
8402,108651.5,0
8403,108775.5,0
8404,126186.3,0
8405,125177.2,0
8406,142239,0
8407,140579.4,0
8408,139785.3,0
8409,88030.2,0
8410,78649.3,0
8411,71461.4,1838.5
8412,80791.2,15151.1
8413,71884.2,25860.4
8414,66236.9,30978.9
8415,53722.2,21057.3
8416,55916,7009.7
8417,62369.3,122.8
8418,91211.4,0
8419,97090.2,0
8420,115220.3,0
8421,115974.4,0
8422,133866.8,0
8423,133487.6,0
8424,152255.8,0
8425,146105.9,0
8426,161127.2,0
8427,153579.9,0
8428,165364.9,0
8429,155519.3,0
8430,164081.3,0
8431,101198.7,0
8432,70852.2,0
8433,18574.6,0
8434,9020.9,0
8435,4397.6,0
8436,3065,3449
8437,3118.7,21539.7
8438,660.5,42862.4
8439,141.2,50391.9
8440,0,55741.5
8441,0,33034.9
8442,924.5,13479.3
8443,3941.8,0
8444,5327.4,0
8445,10671.6,0
8446,12611.5,0
8447,38381.3,0
8448,49184.1,0
8449,49394.8,0
8450,56433.8,0
8451,54551.6,0
8452,62513.5,0
8453,60526.7,0
8454,67724.6,0
8455,38127.7,0
8456,27673.9,0
8457,4362.9,0
8458,1295.4,4093.8
8459,36.7,9196.1
8460,0,13108.6
8461,10.9,13866.3
8462,0,30486.1
8463,0,41119.2
8464,0,43607.6
8465,305,46574.7
8466,2879.5,31438.8
8467,11669.8,6365.5
8468,16421.7,4166.1
8469,27720,0
8470,33440.9,0
8471,80971.2,0
8472,102530.9,0
8473,105105.3,0
8474,121923.1,0
8475,124297.6,0
8476,140955.8,0
8477,142195.1,0
8478,159099.9,0
8479,100862.8,0
8480,70676.6,0
8481,21629.9,174.2
8482,14207.2,5354.6
8483,10917.8,40291
8484,9928,56497.7
8485,11144.9,50075.2
8486,5969.5,72115.7
8487,5152.8,79961.3
8488,4984.8,77071.2
8489,6202.7,57120
8490,12789.5,39711.1
8491,22994.1,13408.9
8492,27659.4,8376.5
8493,38616.2,303.3
8494,44596.7,0
8495,101449.3,0
8496,131961.7,0
8497,139118.4,0
8498,157614.6,0
8499,158670.4,0
8500,175453.6,0
8501,174255.2,0
8502,188878.2,0
8503,118497.4,0
8504,82654.2,0
8505,26060.4,3573.7
8506,16573.1,7936.4
8507,12400,31817.3
8508,10532.7,55574.1
8509,10970.8,56518.8
8510,5568.3,79625.1
8511,4637.8,86583
8512,4469.7,84391.6
8513,5645.4,62152.9
8514,12217.1,42480.6
8515,23136.8,15939.8
8516,27852.9,10682.6
8517,37437.2,451.8
8518,42363.6,0
8519,96933.6,0
8520,127919.1,0
8521,136233.2,0
8522,155333.4,0
8523,156568.7,0
8524,173712.1,0
8525,173535.6,0
8526,189774.7,0
8527,119424.4,0
8528,85105.7,0
8529,30927.3,2950.8
8530,15768.2,15487.9
8531,10943.9,23645.1
8532,8242,30659.1
8533,8529.2,16366.6
8534,4640.4,36495.5
8535,4404.7,45199
8536,5022.5,50604.5
8537,7118.2,55228.6
8538,12783.3,37741.8
8539,22534.7,11335.2
8540,25446.4,6792.8
8541,34768.4,67.4
8542,37385.1,0
8543,81544.7,0
8544,101955.5,0
8545,107952.8,0
8546,121693.3,0
8547,117356.7,0
8548,128616.8,0
8549,121717.2,0
8550,132535.6,0
8551,75714.5,0
8552,61138.7,0
8553,36116.7,0
8554,26177.8,0
8555,16847.6,0
8556,12211.7,0
8557,9576.5,714.8
8558,7420.8,2952.8
8559,11915.2,5782.2
8560,13150.7,3519.2
8561,16574.8,0
8562,28768.9,0
8563,68977.4,0
8564,91887.2,0
8565,93908.9,0
8566,108536.5,0
8567,107037.5,0
8568,120559.5,0
8569,116272,0
8570,129624,0
8571,124592.5,0
8572,137849.8,0
8573,130908.5,0
8574,142105.2,0
8575,132961.8,0
8576,140239.3,0
8577,118822.1,0
8578,115114.1,0
8579,102347.7,0
8580,102603.2,0
8581,97958.1,0
8582,99503.6,0
8583,90623.6,0
8584,104546.7,0
8585,104039.5,0
8586,120456.3,0
8587,114039.8,0
8588,126792.7,0
8589,120468.8,0
8590,133029,0
8591,130652.5,0
8592,154767.5,0
8593,159081.8,0
8594,182911.5,0
8595,184569,0
8596,206774.3,0
8597,207991.8,0
8598,226502.7,0
8599,226557.4,0
8600,230052.9,0
8601,177019.5,0
8602,151260.7,0
8603,134773.7,0
8604,145982.4,0
8605,137654.8,664.1
8606,134443.6,1479.7
8607,117450.7,278
8608,122973.5,0
8609,142494.3,0
8610,185401.9,0
8611,188460.9,0
8612,206860.5,0
8613,205365.6,0
8614,222535.5,0
8615,220790.5,0
8616,236664.1,0
8617,227707.3,0
8618,239835.7,0
8619,232723.4,0
8620,243830.1,0
8621,237837.9,0
8622,250626.9,0
8623,162652.7,0
8624,120836.3,0
8625,56848.3,0
8626,33811.2,0
8627,21335.5,12.5
8628,17699.5,1745
8629,19772.5,0
8630,10804.5,340.4
8631,8461,2174.7
8632,9261.7,6684.7
8633,12404.7,10498.4
8634,22651.9,1377
8635,35741.2,0
8636,38217.2,0
8637,45793,0
8638,46471.9,0
8639,98699.3,0
8640,133387.7,0
8641,142785.5,0
8642,162509.7,0
8643,160180.2,0
8644,174934.6,0
8645,168119.4,0
8646,176489.4,0
8647,108202.9,0
8648,80199.5,0
8649,29526.3,0
8650,18019.3,0
8651,11873.7,391.2
8652,8082.1,4822
8653,9835.6,0
8654,6190.2,10427
8655,5135,17690.1
8656,5556.6,22091.4
8657,7480.3,26092.3
8658,13425.5,13597.3
8659,24099.2,0
8660,26313.4,0
8661,34879.2,0
8662,36866.2,0
8663,75960.5,0
8664,92781.3,0
8665,93067,0
8666,105299.8,0
8667,101732,0
8668,113568.9,0
8669,108035.8,0
8670,116731.1,0
8671,69895.5,0
8672,51503.6,0
8673,17503.8,0
8674,9440.3,1072
8675,5333,6534.2
8676,2413.5,12492.4
8677,2464.2,1242.3
8678,129.8,18626.7
8679,7.4,25956.5
8680,298.1,30483.1
8681,830.6,35489.9
8682,3497.3,22538.6
8683,8661.1,672.7
8684,9989.3,0
8685,17633.4,0
8686,19356.8,0
8687,49622.9,0
8688,61112.7,0
8689,60602,0
8690,68893.2,0
8691,65632.9,0
8692,74755.3,0
8693,71328.8,0
8694,78174.5,0
8695,44525.7,0
8696,32211.1,0
8697,5663.1,388
8698,1538.5,7021.2
8699,102.5,14656.8
8700,0,22294.4
8701,0,20396.4
8702,0,44597.5
8703,0,46049.5
8704,0,44894.6
8705,0,49676
8706,0,33714.7
8707,614,7750.7
8708,1387.8,4895.9
8709,4726.8,0
8710,6480.7,0
8711,28601.5,0
8712,34412.7,0
8713,40410.8,0
8714,45179.9,0
8715,47503.5,0
8716,51910.1,0
8717,54368.9,0
8718,59885,0
8719,32932.1,0
8720,27109.1,0
8721,8167.3,0
8722,5113.3,0
8723,3583.5,148.9
8724,2470.6,16580.7
8725,1665.4,35278.2
8726,1086.5,38920.1
8727,3537.1,31060.4
8728,4751.3,20113.5
8729,7771.9,2166.1
8730,14679.1,0
8731,37929.9,0
8732,52873.7,0
8733,57974.6,0
8734,74010.4,0
8735,78667.3,0
8736,95983.1,0
8737,99031.8,0
8738,116323.8,0
8739,117873.8,0
8740,135515.9,0
8741,133897,0
8742,148531.8,0
8743,144139.4,0
8744,152377.7,0
8745,126406.2,0
8746,121240.6,0
8747,101927.4,0
8748,97180.7,0
8749,81274.3,0
8750,88997.5,0
8751,86304.2,0
8752,115917.9,0
8753,117582,0
8754,131282.6,0
8755,124327.7,0
8756,137649.5,0
8757,132343,0
8758,147010.5,0
8759,140586.7,0
8760,153341.9,0
