Hours,HPHtgLd_W,HPClgLd_W
1,66470.3,0
2,70954,0
3,67845.6,0
4,75829.6,0
5,70193.3,0
6,76208.7,0
7,69679.6,0
8,71003.9,0
9,43653.6,0
10,36839.6,0
11,31238.5,20.6
12,34417.5,3165.7
13,29489.3,10434.2
14,25687.1,12977
15,19870.3,7382.3
16,21631,1453.8
17,23973.4,0
18,42350.5,0
19,48409,0
20,59374.6,0
21,60326.1,0
22,71276.6,0
23,70937.1,0
24,82164.2,0
25,76209.5,0
26,83011.1,0
27,79340.6,0
28,89257.9,0
29,86197.8,0
30,92958.4,0
31,57068.5,0
32,42456.3,0
33,10911.5,4523.2
34,6097.9,3779.7
35,3652.8,3548.5
36,2614.9,5672.4
37,3153.5,8282.2
38,800.7,9777.2
39,509.7,7882.8
40,1019.6,7968.2
41,1835.3,10790.4
42,5766.6,13366.7
43,13038.3,100.8
44,16320.1,0
45,21522.6,0
46,21688.6,0
47,44620.3,0
48,55005.3,0
49,52589.6,0
50,57066,0
51,52510.2,0
52,57245.2,0
53,53193.3,0
54,57925.1,0
55,33467.6,0
56,25918.9,0
57,6767.2,6237.7
58,2658.7,5847.7
59,1060.4,5310.3
60,98,7568.9
61,524.4,10210
62,0,11637.8
63,0,9640.2
64,0,9614.3
65,0,12323.2
66,245,14391.5
67,3992.4,146.8
68,6111.3,0
69,11898.7,0
70,14174.6,0
71,34567.8,0
72,43748.3,0
73,44679.8,0
74,51258.7,0
75,51415.2,0
76,61975.9,0
77,62165.9,0
78,71360.7,0
79,43779.5,0
80,34436.1,0
81,9896,6946
82,5246.6,7149.7
83,3450.2,8107.7
84,2158.4,21384.1
85,3187.7,28257
86,771.8,31376.1
87,593.4,27463.4
88,588.5,23297.9
89,1351.3,16120.6
90,5366.6,15238.6
91,12377.3,184
92,16201.7,0
93,23319.9,0
94,26529.1,0
95,57831.7,0
96,72646.8,0
97,74350.4,0
98,84931.4,0
99,83569.9,0
100,92660.1,0
101,91611.2,0
102,100834.2,0
103,62113.1,0
104,46793.3,0
105,14550.6,6941.6
106,8840.7,7399.3
107,5773.6,7531.5
108,3343.3,18942.3
109,4003,27299.6
110,1189.6,28915.3
111,982.8,26466.8
112,924,22914.4
113,1559.1,15697.1
114,5383.6,15228.1
115,12075,184
116,15222.2,0
117,21252.1,0
118,23878.4,0
119,53150.4,0
120,67324.8,0
121,70399.7,0
122,84744.3,0
123,86793.6,0
124,96396.6,0
125,95509.3,0
126,106411.2,0
127,66009.9,0
128,49137.7,0
129,14293.2,7085.2
130,7785.9,6765.6
131,3822.2,12896
132,1873.4,28457.1
133,1632.3,34909.2
134,339.4,38473.8
135,33.2,35399.5
136,0,31654.3
137,87.1,21936.8
138,1699.7,15869.6
139,6702,192.7
140,9373.1,0
141,15854.3,0
142,18807,0
143,45554.7,0
144,57221.7,0
145,60431.8,0
146,69325.1,0
147,69003.5,0
148,77219.5,0
149,73477.2,0
150,80204.2,0
151,45545.7,0
152,36439.6,0
153,24636.3,0
154,17582.8,0
155,13292.1,0
156,9042.3,0
157,9497,0
158,9652.9,0
159,15714.8,0
160,18082.3,0
161,19616.4,0
162,23638.8,0
163,45211.4,0
164,55417,0
165,53726.2,0
166,59961.8,0
167,56361.6,0
168,63437.6,0
169,59648.8,0
170,65947.1,0
171,61839.5,0
172,67576.6,0
173,62388.2,0
174,69073.3,0
175,64084.7,0
176,69778.8,0
177,60321.3,0
178,60427.7,0
179,52262.8,0
180,52711.3,0
181,44201.4,0
182,43744.3,0
183,40983.5,0
184,52234.6,0
185,59338.3,0
186,79646.8,0
187,82512.3,0
188,96072.7,0
189,95225.1,0
190,105906.5,0
191,103289.9,0
192,114257.1,0
193,106355.4,0
194,115625.4,0
195,112341.9,0
196,124211.4,0
197,121404.6,0
198,130273,0
199,82876.5,0
200,65558.3,0
201,33971.9,3028.3
202,21030.3,1528.8
203,12592.6,1085.5
204,9934.9,7286.7
205,10490.3,15723.1
206,4678.8,21319.1
207,3609.6,17236.3
208,3707.4,12388.3
209,5009.2,11953.3
210,10752,13771.7
211,19923.7,108
212,23439.6,0
213,30031.8,0
214,32777.7,0
215,67257.1,0
216,85360.5,0
217,87610.9,0
218,98751.9,0
219,96515.7,0
220,105573.9,0
221,100832.6,0
222,109344.6,0
223,67870.3,0
224,50872.9,0
225,15407.4,6169.1
226,9315.5,6106.7
227,6032,12727.9
228,3335.3,24277.3
229,3418.8,30970.1
230,806.4,34201.1
231,499.1,29628.3
232,312.2,24984.3
233,534.9,16794.3
234,2895,15191
235,8460.8,186.5
236,10927.5,0
237,16453.6,0
238,18887.1,0
239,44746.9,0
240,56471,0
241,57791.4,0
242,66202.1,0
243,64467.7,0
244,71551,0
245,68872.6,0
246,74805.7,0
247,43762.5,0
248,34027.6,0
249,12857.2,6758
250,6350.5,6530.5
251,2535.1,5888.4
252,1013.9,8154.6
253,1346.4,10844.4
254,330.5,12137.3
255,100.5,9912.6
256,539.1,9853.2
257,809.3,12474.9
258,3309.5,14455.9
259,10009.8,150.2
260,11510.6,0
261,16730.7,0
262,18541.1,0
263,42468.2,0
264,56192.2,0
265,57833.5,0
266,66506.4,0
267,65112,0
268,71206.8,0
269,63506.8,0
270,65389.6,0
271,38470.4,0
272,29633.7,0
273,6619.3,6939.8
274,2258.2,5762.8
275,1205.4,9107.1
276,585.3,25391.9
277,744.2,31743.5
278,10.2,35558.6
279,0,32182.5
280,0,29608.7
281,0,22074.1
282,559.1,15702.4
283,4846.4,191.6
284,7978.6,0
285,14680,0
286,17676.1,0
287,43694.1,0
288,54484.4,0
289,53705.8,0
290,62320.7,0
291,62837.8,0
292,72585,0
293,69861.3,0
294,74324.5,0
295,43673.1,0
296,33534.4,0
297,8831.8,7258.1
298,2542.3,7434.6
299,775.8,6850.1
300,37.5,9496.1
301,0,11980.9
302,0,13031.4
303,0,10876.7
304,0,11185.8
305,0,14078.2
306,0,14958.3
307,1511.9,179.9
308,2738.8,0
309,6444.2,0
310,5405.8,0
311,14202,0
312,12451.1,0
313,15811.2,0
314,19264.6,0
315,19160.3,0
316,27876,0
317,33137.7,0
318,40108.5,0
319,22730.6,0
320,17083.8,0
321,5461.6,0
322,2642.5,936.3
323,1177.6,9546.1
324,573.6,15415.2
325,294,18302.7
326,150.7,20943.1
327,1258.5,16577.5
328,1776.4,10288.2
329,3330.2,1522.8
330,7420.6,0
331,25154.1,0
332,35667.1,0
333,39662.5,0
334,48342.3,0
335,49339.2,0
336,60019.7,0
337,60337.9,0
338,71247.8,0
339,70267.1,0
340,79215.5,0
341,76120.3,0
342,83112.9,0
343,79280.7,0
344,79950.2,0
345,50429.5,0
346,37120.4,0
347,30094.7,0
348,31522.8,2962.8
349,27667.3,9050.6
350,23923.7,10591.1
351,20174.2,1214.2
352,29165.5,0
353,35107.3,0
354,47948.7,0
355,52513.4,0
356,64812.3,0
357,62324.9,0
358,69143.2,0
359,65697.6,0
360,72856.9,0
361,69708.6,0
362,77772.5,0
363,73709.7,0
364,80770.2,0
365,74223.9,0
366,79705.4,0
367,73499.4,0
368,77658,0
369,65951.9,0
370,62993,0
371,48995.5,0
372,47493.3,0
373,37014.7,0
374,33412.9,0
375,20559.5,0
376,21779.7,0
377,26642.1,0
378,45528.6,0
379,48778.6,0
380,59339.1,0
381,57914.2,0
382,67147.7,0
383,64563,0
384,69552.7,0
385,58467.3,0
386,64753.2,0
387,62980,0
388,72562.8,0
389,70629.9,0
390,80953.9,0
391,51247.6,0
392,40075.2,0
393,11316.5,4296
394,6903.7,3337.1
395,5071.4,3640.2
396,3726,9579.9
397,4844.6,7789.8
398,1757.4,10332.8
399,1946.3,8480.9
400,3733.6,7805.4
401,4930.8,11325.8
402,11543.4,13663
403,20586.4,108.1
404,23978.6,0
405,30264,0
406,33147.4,0
407,68829.2,0
408,88182.5,0
409,90990.9,0
410,103180.8,0
411,102919.9,0
412,114231.5,0
413,113125,0
414,123469.9,0
415,78040,0
416,57392.3,0
417,20524.8,6095.1
418,13987.8,5516.9
419,11093.5,9240.7
420,9094.5,19525.7
421,10199.2,26413.5
422,4911.9,30592
423,4153.9,26550.1
424,3835.9,21431.1
425,4628.1,16524.2
426,9110,15108.7
427,17456.2,176.4
428,22698.9,0
429,30730,0
430,34495.4,0
431,71816.5,0
432,92639.4,0
433,98724.2,0
434,111331.2,0
435,109454.6,0
436,120616.6,0
437,121288.2,0
438,130381.6,0
439,81072.5,0
440,59177.3,0
441,19258.4,6652.8
442,11495.3,4473.9
443,7764.1,13479
444,4654.9,25724.7
445,4544.8,32789.7
446,1043,36720.5
447,667.2,32668.2
448,480.1,28655.5
449,781.3,22062.4
450,4440.7,15522.9
451,11143.9,187.5
452,14713.3,0
453,21695.3,0
454,25741.6,0
455,57626.8,0
456,71645,0
457,69790.3,0
458,75097.6,0
459,71746.7,0
460,79139,0
461,76737.6,0
462,81935.2,0
463,46717.9,0
464,35762.1,0
465,15781.2,6692
466,10286.2,6396.6
467,7074.6,5685.2
468,3083.3,7905.7
469,2749.6,10631.3
470,965.8,12019.7
471,797,9836.5
472,912.5,9780.1
473,1662,12467.5
474,7138.9,14425.7
475,14881.6,146.6
476,17961.4,0
477,24385.2,0
478,24954.2,0
479,50452.6,0
480,63717.5,0
481,66738.1,0
482,74531.6,0
483,71188.4,0
484,78480.2,0
485,73309.8,0
486,79945.5,0
487,45722.2,0
488,36860,0
489,22812,0
490,16415.5,0
491,11884.6,0
492,8321,0
493,5977.7,0
494,4311.3,0
495,10592.3,0
496,13930.2,0
497,17997.6,0
498,26213.9,0
499,51543.5,0
500,65650.3,0
501,66261.5,0
502,75647.2,0
503,74559.5,0
504,85511.3,0
505,81740.3,0
506,88640.2,0
507,83925.2,0
508,93139.8,0
509,88990.9,0
510,97550.6,0
511,92938.8,0
512,95360.5,0
513,66037.9,0
514,53696.2,0
515,47271.8,0
516,46375.9,0
517,41470.2,0
518,41194.4,0
519,34887.4,0
520,38276.3,0
521,49027.1,0
522,74714,0
523,79272.2,0
524,91301.9,0
525,89532.4,0
526,101599.1,0
527,100242.6,0
528,110547.3,0
529,104336.5,0
530,115294.7,0
531,111219.1,0
532,121493.8,0
533,120168.9,0
534,129627.4,0
535,81119.9,0
536,59358.5,0
537,19560.8,3899.7
538,12630.9,2695.9
539,9171.7,2541.1
540,8205.6,4828.8
541,10016.2,7398.6
542,6241.3,8816.6
543,4966.2,6897
544,3510.4,7291.9
545,4475.4,10904.3
546,10750.5,13461.4
547,21648.7,94
548,24686,0
549,30101.2,0
550,32725.7,0
551,66540.1,0
552,83103.6,0
553,83357.7,0
554,92033.5,0
555,85968.2,0
556,90593.3,0
557,83526.2,0
558,89453.5,0
559,53965.9,0
560,40952.7,0
561,12689.2,5717.8
562,5248.9,3930.9
563,2259.2,11737.5
564,991.6,24317.5
565,804.9,32209.7
566,0.9,36054.6
567,0,31844
568,0,27404
569,0,22309.6
570,128.8,15409
571,3155.6,188
572,5198.5,0
573,10472.1,0
574,12543.4,0
575,34713.9,0
576,44191.3,0
577,46403.9,0
578,55217.2,0
579,55219.4,0
580,62694.8,0
581,61818.8,0
582,71136.4,0
583,42112.5,0
584,30918.6,0
585,7770.8,7200.3
586,2697,7292.4
587,1181.4,6685.6
588,552.8,8965.7
589,1286.3,11480.4
590,100.8,12529.7
591,87.1,10247.5
592,99,10188.5
593,324.6,12784
594,1668.7,14650.8
595,6442.8,153.5
596,8029.3,0
597,12968.5,0
598,14426.7,0
599,34925.6,0
600,42255.9,0
601,41091.4,0
602,46192.9,0
603,43376.5,0
604,47917.1,0
605,43515.5,0
606,46219.6,0
607,25250.2,0
608,18468.3,0
609,2378.8,7141
610,191.2,7041
611,0,6371.9
612,0,8664.5
613,0,11385.6
614,0,12675.7
615,0,10656.8
616,0,10835.1
617,0,13760.6
618,0,15037.3
619,0,187.8
620,0,0
621,0,0
622,0,0
623,4064.4,0
624,5938.1,0
625,6378.2,0
626,6756.4,0
627,5900.4,0
628,6591.3,0
629,7138.9,0
630,7444.7,0
631,3393,0
632,2250.4,0
633,0,8509.9
634,0,8806.3
635,0,8210.7
636,0,11042.2
637,0,12641
638,0,14578.8
639,0,13515.5
640,0,14059.5
641,0,16706.1
642,0,16079.7
643,919.4,184.1
644,2596.1,0
645,8323.7,0
646,10633.5,0
647,31724,0
648,39462.7,0
649,41929.5,0
650,48642.5,0
651,46164.6,0
652,51976,0
653,52133.6,0
654,62131.3,0
655,36187.3,0
656,28885.6,0
657,12716.4,0
658,8624.8,0
659,6455.3,1688.1
660,5079.2,9099.9
661,3865,14187.2
662,2428,15309
663,4913.6,8913.3
664,5923.3,2822.5
665,7610.4,0
666,12920.1,0
667,37201.3,0
668,51130.2,0
669,51768.7,0
670,57398.3,0
671,54119.7,0
672,59725.3,0
673,56009.1,0
674,61504.4,0
675,57289,0
676,63112.3,0
677,59015.6,0
678,65157.9,0
679,62260.7,0
680,65344.3,0
681,37193.6,0
682,28845.9,0
683,20881.3,1066.7
684,17001.9,10676.2
685,11225.2,8343.1
686,10198.4,0
687,8316.2,0
688,9712.1,0
689,12206.1,0
690,26422.2,0
691,33496.5,0
692,44365.1,0
693,45466.9,0
694,50880.2,0
695,49802.3,0
696,59228,0
697,54646.3,0
698,62766.6,0
699,60060.5,0
700,66569.5,0
701,62284.1,0
702,68208.4,0
703,40818.4,0
704,32364.2,0
705,10201.5,4444.9
706,4617.5,3338.4
707,2530,3227.3
708,1061.7,5622.2
709,914.9,8451.3
710,0,10034.6
711,0,8165.5
712,0,8295.4
713,116.9,11161
714,2253.7,13628.5
715,9671.8,111
716,12608.1,0
717,18294.6,0
718,19437.2,0
719,42598.3,0
720,51061.8,0
721,50777.8,0
722,57335.6,0
723,54726.2,0
724,61809.6,0
725,58706.8,0
726,64881.3,0
727,37672.6,0
728,28863.2,0
729,9618.8,6260
730,3574.8,5918.3
731,1340.8,5428.1
732,198.4,7754.6
733,487.5,10482.5
734,0,11874.8
735,0,9752.1
736,0,9731.9
737,0,12427
738,787.6,14448.9
739,6222,148.9
740,9078.7,0
741,14900.8,0
742,15720.1,0
743,33951.1,0
744,36516.4,0
745,32224.5,0
746,32077.4,0
747,25360.1,0
748,21227,0
749,16714,0
750,16276.2,0
751,9001.9,0
752,5559.5,0
753,0,7466.9
754,0,7474.8
755,0,6899.1
756,0,9367.7
757,0,13052.2
758,0,22398.1
759,0,33239.6
760,0,33127.1
761,0,30328.5
762,0,17648.9
763,0,209.5
764,0,0
765,0,0
766,0,0
767,0,0
768,0,0
769,0,0
770,0,0
771,0,0
772,0,0
773,0,0
774,0,0
775,0,0
776,0,0
777,0,11788.8
778,0,14096
779,0,14411.2
780,0,17226.8
781,0,16429.6
782,0,19952.3
783,0,20247.9
784,0,21744
785,0,24706.8
786,0,22016.5
787,0,710.5
788,0,20.8
789,610.2,0
790,1910.7,0
791,17018,0
792,24342.5,0
793,27941.2,0
794,35553.9,0
795,34168.1,0
796,40564.1,0
797,38452.2,0
798,44713,0
799,23654.9,0
800,17730.3,0
801,1516.8,8182.3
802,194.5,8571.2
803,0,8114.9
804,0,10969.5
805,0,12526
806,0,14713.9
807,0,13767
808,0,14333.5
809,0,16905.2
810,35.7,16227.9
811,3307.2,182.7
812,5285.4,0
813,10711.8,0
814,12026.7,0
815,31441.2,0
816,37843.6,0
817,39119,0
818,44636.4,0
819,42497.9,0
820,47367.7,0
821,45080,0
822,49660.8,0
823,25613.7,0
824,20405.9,0
825,12127.7,0
826,7733.2,0
827,2641.6,0
828,1801.2,0
829,290.9,0
830,283.9,0
831,4631.3,0
832,8520.7,0
833,12078.2,0
834,19262.5,0
835,43764.3,0
836,56571.4,0
837,57900.2,0
838,67571.9,0
839,66730.3,0
840,75128.8,0
841,72611.3,0
842,82516.1,0
843,80166.4,0
844,89150.4,0
845,86600.5,0
846,96344.8,0
847,92257.4,0
848,91545.6,0
849,60831.2,0
850,46847.6,0
851,42507.4,0
852,53393,0
853,51122.3,0
854,50435.6,0
855,46065.6,0
856,51310.7,0
857,48643.6,0
858,65636.2,0
859,70802.2,0
860,82351.7,0
861,82240.1,0
862,94743.3,0
863,92886.9,0
864,105321.7,0
865,100670,0
866,112456.9,0
867,110619.2,0
868,121713.9,0
869,118222.7,0
870,126114,0
871,80459.7,0
872,57493.9,0
873,20622.1,3757
874,14478.8,2408.6
875,11565.8,4402.2
876,9300.6,14415.7
877,10377.9,21661.9
878,4906.6,26600.8
879,3960.2,23661.1
880,3575.3,19182.6
881,4128.8,14760.9
882,7977.4,14489.7
883,16132.3,135.7
884,21895.6,0
885,30040.9,0
886,33509.8,0
887,70922.2,0
888,91059.5,0
889,93910.9,0
890,105222.8,0
891,104597.1,0
892,114933,0
893,112540.2,0
894,122393.8,0
895,75999.3,0
896,55120.6,0
897,17796.5,5944.8
898,10501.1,5890.1
899,7499.1,10753.9
900,5510.3,22013
901,5677.7,29131.9
902,1524.8,33166.4
903,909.7,27620.7
904,820.5,20120.1
905,1387.9,14501.6
906,4829.3,15042.4
907,11187.1,179.1
908,15547.5,0
909,23252,0
910,26167.2,0
911,54372.8,0
912,63651.1,0
913,61224,0
914,66871.4,0
915,62786.4,0
916,71444.6,0
917,71558.4,0
918,81490.6,0
919,49742.5,0
920,33060.2,0
921,8452.9,7318.9
922,2809.7,6172.1
923,701,16252.3
924,13.9,25382.4
925,7.5,28170.6
926,0,29836
927,0,22835.7
928,0,17436.4
929,0,15818.5
930,41.4,15416.9
931,3002.5,187
932,5442.4,0
933,11009.3,0
934,13341.3,0
935,37168.8,0
936,47736.6,0
937,48613.9,0
938,57351.4,0
939,57655.5,0
940,66596.9,0
941,66381.2,0
942,74986.2,0
943,44355.9,0
944,30377.7,0
945,6585,7417.8
946,1946.2,7563.8
947,441.2,7050.9
948,0,9451.8
949,2.9,11917.2
950,0,12915.8
951,0,10960.6
952,0,11639.6
953,0,14412.2
954,17.6,15010.7
955,3453.2,181.2
956,6735.4,0
957,12994,0
958,15380.7,0
959,41064.1,0
960,53267.2,0
961,53945.7,0
962,63944.8,0
963,65653.3,0
964,73187.8,0
965,71628.8,0
966,80565,0
967,48287.8,0
968,29505.9,0
969,6022.3,7549.9
970,1395.1,8968.2
971,140.2,17579.3
972,0,25776.4
973,0,31346.9
974,0,38104.2
975,0,40217
976,0,42868.5
977,0,40738.5
978,0,18721.3
979,485.7,281.5
980,1979.8,0
981,6787.7,0
982,9562.5,0
983,31178,0
984,40539.3,0
985,43672.9,0
986,52300.5,0
987,52535.7,0
988,60292.3,0
989,60076.2,0
990,69071.3,0
991,38850.2,0
992,25406.2,0
993,9791.6,0
994,6296.3,28
995,4069.1,2982.5
996,1863.6,7443.1
997,790.2,4533.5
998,440.7,3610.1
999,1820.9,200.1
1000,3312.2,0
1001,6952.2,0
1002,13186.6,0
1003,36019.7,0
1004,45763.3,0
1005,46630.9,0
1006,53482.5,0
1007,50940.1,0
1008,57328.3,0
1009,54847,0
1010,60378.7,0
1011,56394.4,0
1012,60601.9,0
1013,53877.5,0
1014,58220.2,0
1015,53791.3,0
1016,57518.8,0
1017,46481.3,0
1018,43882.6,0
1019,39708.2,0
1020,44197.8,0
1021,41081.8,0
1022,44161.5,0
1023,40886,0
1024,45793.5,0
1025,50244,0
1026,65815.1,0
1027,69837.9,0
1028,80722.4,0
1029,78669.3,0
1030,88859.2,0
1031,86872.1,0
1032,99430.5,0
1033,95650.9,0
1034,106989,0
1035,103791.6,0
1036,112543.1,0
1037,106764.2,0
1038,114546.6,0
1039,72113.1,0
1040,51290.6,0
1041,18105.8,3755
1042,11302.3,2396.9
1043,8189.2,2470.1
1044,6064.6,6911
1045,6737.1,11960.8
1046,2444.1,11492.1
1047,2092.4,11522.9
1048,2025.9,9570.1
1049,2988.3,11606.3
1050,7786.8,13834.1
1051,17387.1,113
1052,21130.1,0
1053,28055.3,0
1054,30816.8,0
1055,61870.2,0
1056,77685.7,0
1057,78897.8,0
1058,89864.1,0
1059,88425.6,0
1060,98173.1,0
1061,95468,0
1062,104237.1,0
1063,64463.9,0
1064,38367.5,0
1065,11768.5,6534.2
1066,6943.4,7441.7
1067,3527.3,13689.3
1068,1456,25821.2
1069,1092.3,33590.7
1070,33.6,37401.6
1071,0,32886
1072,0,24708.9
1073,0,19967.1
1074,153.7,15413
1075,3683.7,188.2
1076,6181,0
1077,11855.1,0
1078,14413.3,0
1079,39078.1,0
1080,49049.9,0
1081,48112.8,0
1082,55912.1,0
1083,55561.5,0
1084,61576.9,0
1085,58833.9,0
1086,65114,0
1087,37483.8,0
1088,24474.4,0
1089,2963.6,7335
1090,336.8,7384.2
1091,0,6783.8
1092,0,9099.8
1093,0,11813.2
1094,0,12895.5
1095,0,10959.9
1096,0,11640.4
1097,0,14455.3
1098,0,15038.2
1099,0,184.9
1100,0,0
1101,1105.5,0
1102,2366.1,0
1103,15040.5,0
1104,17139.8,0
1105,17944.5,0
1106,21737.5,0
1107,23376.5,0
1108,29879.4,0
1109,30016.1,0
1110,37408.9,0
1111,21526.7,0
1112,16602.6,0
1113,869.6,7955.6
1114,8.1,8094.1
1115,0,7621.7
1116,0,9984.3
1117,0,13151.8
1118,0,22807.7
1119,0,29151.1
1120,0,32691.6
1121,0,33114
1122,0,18149.6
1123,666.3,206.2
1124,1669.2,0
1125,6655.7,0
1126,10500,0
1127,34550.3,0
1128,42640.1,0
1129,44454,0
1130,53789.5,0
1131,53709.5,0
1132,61772.2,0
1133,60986.6,0
1134,70365.2,0
1135,42300.9,0
1136,21969.9,0
1137,3571.5,7979
1138,558.3,9904.4
1139,0,25614.4
1140,0,35098.3
1141,0,39852.2
1142,0,44206.4
1143,0,36278.7
1144,0,35670.5
1145,0,30860
1146,0,20023.2
1147,0,288.4
1148,7,0
1149,1426.9,0
1150,2861.1,0
1151,18727.1,0
1152,30148.9,0
1153,36627.6,0
1154,44862.8,0
1155,45056.6,0
1156,51502.8,0
1157,48994.7,0
1158,53047.7,0
1159,28606,0
1160,21626.9,0
1161,7710.2,0
1162,1470.6,0
1163,147.1,0
1164,0,0
1165,0,684.1
1166,0,7253.7
1167,0,5561.4
1168,0,313.7
1169,126.9,0
1170,2694.4,0
1171,15729.5,0
1172,24154.7,0
1173,29052.5,0
1174,35751.5,0
1175,35385.8,0
1176,40887.3,0
1177,39653.7,0
1178,45536.5,0
1179,44543.2,0
1180,50734,0
1181,48408.5,0
1182,54646.3,0
1183,50274.2,0
1184,52744.1,0
1185,43444.1,0
1186,40768.9,0
1187,30569.5,0
1188,34383,0
1189,31559.9,0
1190,34742.2,0
1191,33448.5,0
1192,38922.6,0
1193,37950,0
1194,45309.7,0
1195,43510.1,0
1196,48336.6,0
1197,43603.4,0
1198,48478.3,0
1199,45685.7,0
1200,50887.9,0
1201,47479,0
1202,54209.6,0
1203,50207.8,0
1204,55596.9,0
1205,51685.5,0
1206,57080.5,0
1207,51988.2,0
1208,52894.5,0
1209,40842.2,0
1210,34972.3,0
1211,20252.5,0
1212,12010.7,0
1213,10270.5,0
1214,9089.4,0
1215,8561.4,0
1216,10100.5,0
1217,13406.9,0
1218,21596.8,0
1219,24486.6,0
1220,32072.5,0
1221,31258.3,0
1222,42126.1,0
1223,39869.9,0
1224,50137.5,0
1225,44854.2,0
1226,55945.7,0
1227,51312.5,0
1228,62534.2,0
1229,57621.3,0
1230,70812.6,0
1231,40844.2,0
1232,25145,0
1233,7507.3,4975.7
1234,4615.1,4213
1235,2962.8,5597.4
1236,1639.3,16741.4
1237,2370.6,25401.2
1238,454.3,30361.2
1239,264.7,27240.7
1240,160.5,25516.8
1241,161.5,23116.8
1242,1893.5,15501.9
1243,6967.2,181.2
1244,10381.4,0
1245,17676.9,0
1246,21023.7,0
1247,51422.6,0
1248,67999.6,0
1249,72969.9,0
1250,84610.2,0
1251,82590.2,0
1252,90551.9,0
1253,88392.7,0
1254,96846.5,0
1255,58149.7,0
1256,32391.3,0
1257,8877.2,6919
1258,3302,9439.4
1259,1070.1,15836.3
1260,79.4,24913.7
1261,0,28791.4
1262,0,27428.9
1263,0,25878
1264,0,24418.9
1265,0,26969.9
1266,0,16880.2
1267,0,203
1268,65,0
1269,1931.4,0
1270,2997.4,0
1271,14175,0
1272,15245.8,0
1273,16621,0
1274,17967.6,0
1275,18396.4,0
1276,20126.6,0
1277,22267.8,0
1278,24419.8,0
1279,12960.5,0
1280,4917.9,0
1281,0,11847.1
1282,0,20308.8
1283,0,30563.1
1284,0,40779.8
1285,0,40474.9
1286,0,28009.1
1287,0,19720.9
1288,0,17191.7
1289,0,19239.4
1290,0,18691.1
1291,0,204.8
1292,0,0
1293,1543.1,0
1294,2873,0
1295,17207.8,0
1296,20229.4,0
1297,23908.6,0
1298,27723.6,0
1299,30146.8,0
1300,35134.4,0
1301,39927.6,0
1302,44000.9,0
1303,25077.6,0
1304,13351.8,0
1305,1881.1,10025
1306,379.4,15634.3
1307,0,22755.8
1308,0,29051.2
1309,0,31395.6
1310,0,38696.2
1311,0,36428.3
1312,0,29219.3
1313,0,27435.4
1314,0,20379.9
1315,1123.9,288.9
1316,2725.4,0
1317,8495.9,0
1318,12229.9,0
1319,36817.6,0
1320,47724.4,0
1321,51472.6,0
1322,61647.8,0
1323,62328.4,0
1324,69383.3,0
1325,67460.3,0
1326,76459.4,0
1327,43698.5,0
1328,25106.3,0
1329,11846.2,0
1330,8047.8,0
1331,7876.5,0
1332,3933.5,0
1333,2821.5,0
1334,1716.1,0
1335,4867.8,0
1336,5898.4,0
1337,7146.5,0
1338,13569.3,0
1339,41069.4,0
1340,54664.9,0
1341,57248.3,0
1342,67915.5,0
1343,68427,0
1344,80599.3,0
1345,79089.5,0
1346,87096.3,0
1347,85566.1,0
1348,94933.7,0
1349,88511,0
1350,96614,0
1351,93035.7,0
1352,81716.4,0
1353,54183.9,0
1354,42953.3,0
1355,33849.7,0
1356,35036.6,0
1357,31328,548.8
1358,26286.1,1244.5
1359,19342.9,699.1
1360,20332.1,0
1361,23706,0
1362,38786.5,0
1363,45682.3,0
1364,58998.5,0
1365,60139.5,0
1366,68444.2,0
1367,65442.1,0
1368,73487.2,0
1369,66930.8,0
1370,71547.6,0
1371,65635.9,0
1372,71686.9,0
1373,66432.3,0
1374,72013.5,0
1375,42474.4,0
1376,32092.7,0
1377,8286.9,4171.2
1378,2408,3008.2
1379,615.9,3018.1
1380,1.8,5531.1
1381,0,8447
1382,0,10076.1
1383,0,8241.2
1384,0,8410.4
1385,0,11275.1
1386,370.6,13725.9
1387,5502.2,123.7
1388,8502.7,0
1389,14522.5,0
1390,16911.8,0
1391,39222.1,0
1392,48284.5,0
1393,49029.4,0
1394,56159.2,0
1395,53699.8,0
1396,60399.2,0
1397,58341.5,0
1398,65077.6,0
1399,37709.7,0
1400,27830.7,0
1401,6731.3,6280.7
1402,1467.9,6022.1
1403,99.4,5661.6
1404,0,8116.6
1405,57.8,10825.1
1406,0,12117
1407,0,9977.4
1408,0,10024.6
1409,0,13518.5
1410,28,15409.8
1411,3483,184.6
1412,8083.7,0
1413,15636.4,0
1414,18471.7,0
1415,43668.8,0
1416,54233.2,0
1417,54456.7,0
1418,62954.6,0
1419,61612,0
1420,69557.7,0
1421,66869.3,0
1422,75057.5,0
1423,44212.9,0
1424,23809.4,0
1425,3568.5,7400.6
1426,483.4,8789.1
1427,0,15257.5
1428,0,23216.8
1429,0,14876.7
1430,0,14105.6
1431,0,13147.8
1432,0,13280.3
1433,0,15703.7
1434,0,15477.5
1435,0,190.5
1436,0,0
1437,1179.5,0
1438,1841.3,0
1439,14556.8,0
1440,18068.6,0
1441,20906.4,0
1442,28411.1,0
1443,32394.1,0
1444,45483,0
1445,43367.2,0
1446,52410.2,0
1447,26852,0
1448,10893.1,0
1449,267.4,11527.1
1450,0,17811.6
1451,0,14229.7
1452,0,24136.7
1453,0,32864.3
1454,0,43125.8
1455,0,48670.8
1456,0,52361.3
1457,0,52088.2
1458,0,31411.8
1459,0,657.3
1460,0,0
1461,37.1,0
1462,624.1,0
1463,10006.5,0
1464,12619.7,0.7
1465,16645.2,0
1466,19775.6,0
1467,25315.1,0
1468,30622.8,0
1469,36135,0
1470,41622,0
1471,21609,0
1472,11253.5,0
1473,496,9399.8
1474,0,15272.9
1475,0,24648.8
1476,0,34206.2
1477,0,37453.9
1478,0,43681
1479,0,44770
1480,0,46017.4
1481,0,45501.5
1482,0,24065.9
1483,0,1291.2
1484,0.6,214.4
1485,1258,0
1486,3045.7,0
1487,20482.6,0
1488,29480.3,0
1489,34131.9,0
1490,39204.4,0
1491,37206.4,0
1492,41346.8,0
1493,39482.6,0
1494,44675.4,0
1495,22898.9,0
1496,16424.4,0
1497,8924.3,0
1498,6927.2,0
1499,4842,0
1500,3647.9,0
1501,3151,0
1502,2301.1,0
1503,6614,0
1504,7184.2,0
1505,6586.6,0
1506,11014.8,0
1507,28288.4,0
1508,34306.5,0
1509,34026.3,0
1510,38709.3,0
1511,35762.8,0
1512,39964.8,0
1513,35371.1,0
1514,36818.7,0
1515,31737.7,0
1516,33329.5,0
1517,29823.4,0
1518,33174.1,0
1519,28767.9,0
1520,19183.1,0
1521,8006.3,1149.9
1522,2715,3582.5
1523,317,5832.3
1524,0,18401.9
1525,0,23915.1
1526,0,27246.1
1527,0,22941.4
1528,0,21698.6
1529,24.7,9971.4
1530,2505.2,1038.8
1531,7367,0
1532,14223,0
1533,22124.3,0
1534,31399.7,0
1535,34269.3,0
1536,41889,0
1537,41003.7,0
1538,49647,0
1539,50304.2,0
1540,58084.8,0
1541,56488.3,0
1542,64192.3,0
1543,37448,0
1544,21036.5,0
1545,4365.7,5610.4
1546,1357.5,5886.6
1547,346.8,9614
1548,0,20593.4
1549,0,27402.5
1550,0,31352.4
1551,0,28506.2
1552,0,29387.7
1553,0,25816.3
1554,0,15679.8
1555,1550.8,192.1
1556,3820.4,0
1557,9084,0
1558,11780,0
1559,35760.4,0
1560,45969.4,0
1561,47388.2,0
1562,56148.2,0
1563,56626.6,0
1564,65175.9,0
1565,64256.5,0
1566,72660,0
1567,41462.9,0
1568,21086.6,0
1569,3261.2,7927.5
1570,642.6,8053.3
1571,0,7465.7
1572,0,11057.2
1573,0,15308.3
1574,0,21843
1575,0,18540.8
1576,0,15934.8
1577,0,16738.8
1578,0,16048.4
1579,85.7,194.8
1580,636.9,0
1581,3873,0
1582,5475,0
1583,20354.6,0
1584,22882.9,0
1585,24745.4,0
1586,28607.7,0
1587,26692.5,0
1588,29351.6,0
1589,27847.2,0
1590,30731.1,0
1591,15985.9,0
1592,11284.3,0
1593,228.5,8238.1
1594,0,8180.1
1595,0,7559.7
1596,0,9911.7
1597,0,12534.3
1598,0,13800.6
1599,0,13081.4
1600,0,14176.1
1601,0,16826
1602,0,16298.7
1603,0,194.5
1604,0,0
1605,0,0
1606,0,0
1607,5818.4,0
1608,8023.1,0
1609,9211,0
1610,11448.3,0
1611,12961.9,0
1612,15718.5,0
1613,17143.9,0
1614,24754.8,0
1615,12099,0
1616,4788.5,0
1617,0,11863.8
1618,0,22100.5
1619,0,33194.5
1620,0,40282.7
1621,0,40849.5
1622,0,47494.8
1623,0,52474.9
1624,0,57688.4
1625,0,59975.2
1626,0,44041.9
1627,0,2002.9
1628,0,1367.7
1629,0,0
1630,145.4,0
1631,6862.5,2611
1632,10050,4141.8
1633,14765.6,2361.4
1634,22811.7,0
1635,26647.1,0
1636,34480.1,0
1637,35134.8,0
1638,41477.1,0
1639,21397.9,0
1640,8666.5,19.2
1641,90.5,14820.2
1642,0,29416.7
1643,0,40668.6
1644,0,46416.7
1645,0,45393.9
1646,0,52100
1647,0,58523.9
1648,0,65024.8
1649,0,66130.2
1650,0,51251.8
1651,0,5134
1652,0,3323.2
1653,0,240.6
1654,198.2,0
1655,7021.8,4404.1
1656,11762.9,883.3
1657,18570.8,783.4
1658,28543.7,0
1659,32529.3,0
1660,40811.9,0
1661,41166,0
1662,47947,0
1663,20956.7,0
1664,10214.1,0
1665,1540.2,0
1666,26.7,0
1667,0,0
1668,0,0
1669,0,0
1670,0,0
1671,0,0
1672,0,0
1673,0,0
1674,479.5,0
1675,8965.9,0
1676,13548.7,0
1677,13621.3,0
1678,15042.4,0
1679,18560.6,0
1680,20647.5,0
1681,20926.4,0
1682,22584,0
1683,23282.4,0
1684,23992.6,0
1685,23921.2,0
1686,24439.5,0
1687,22433.8,0
1688,16901.7,0
1689,8855.2,0
1690,2268.3,0
1691,853.7,818.7
1692,229.9,3463.3
1693,35.7,8157.6
1694,0,5815.9
1695,83.9,216.9
1696,551.7,475.3
1697,2811.8,0
1698,5763.2,0
1699,10593.5,0
1700,16601.2,0
1701,18292.1,0
1702,21986.3,0
1703,21980.8,0
1704,23592.5,0
1705,22913.5,0
1706,28521.5,0
1707,27954.1,0
1708,34745.6,0
1709,34773.9,0
1710,21208.2,0
1711,17104.4,0
1712,856.3,5750.6
1713,0,6172.3
1714,0,11149.9
1715,0,20046
1716,0,27568.3
1717,0,34343.9
1718,0,30355.7
1719,0,35422.6
1720,0,34140
1721,0,18726.8
1722,0,204.3
1723,0,0
1724,0,0
1725,0,0
1726,781.9,0
1727,1973.8,0
1728,5547.1,0
1729,5288.4,0
1730,6424.4,0
1731,7992.7,0
1732,11268.2,0
1733,13966.2,0
1734,6345.7,0
1735,5130.3,0
1736,0,9030.5
1737,0,10519.5
1738,0,10835.4
1739,0,17490.5
1740,0,27768.2
1741,0,28117.1
1742,0,22108.7
1743,0,19840.5
1744,0,22021.6
1745,0,21096
1746,0,460.2
1747,0,0
1748,0,0
1749,3.9,0
1750,5840,161.3
1751,8386.3,638.7
1752,16677.6,35.5
1753,21731.8,0
1754,30351.2,0
1755,27809.9,0
1756,32593.3,0
1757,33481.1,0
1758,18769.8,0
1759,14694.5,0
1760,768.6,9068.9
1761,0,18664.5
1762,0,23017.6
1763,0,31733.6
1764,0,32149.2
1765,0,40474.7
1766,0,41887.7
1767,0,45796.6
1768,0,52396.1
1769,0,46993.5
1770,0,11085.1
1771,0,881.2
1772,381.1,0
1773,1309.3,0
1774,13945,76.6
1775,22471,0
1776,27952.9,0
1777,37635.6,0
1778,38534,0
1779,45021.8,0
1780,43051.7,0
1781,54330.7,0
1782,29864.1,0
1783,22482.1,0
1784,3444.4,8638.7
1785,427.3,16776.3
1786,0,23525.5
1787,0,35063.8
1788,0,34343.6
1789,0,39813.4
1790,0,38298.1
1791,0,42721.2
1792,0,47697.1
1793,0,38539.1
1794,0,4596.9
1795,0,817.6
1796,203.2,0
1797,625.7,0
1798,9411.9,1430.4
1799,12418.5,2933.3
1800,15950.6,1223.8
1801,17367.2,0
1802,19041.9,0
1803,21308.5,0
1804,26745.4,0
1805,30055.2,0
1806,15441.9,0
1807,13183.1,0
1808,430.5,9328.4
1809,0,10281
1810,0,10902.1
1811,0,21042.1
1812,0,27084.9
1813,0,38614.6
1814,0,40476.5
1815,0,44507.2
1816,0,46275.2
1817,0,27495.7
1818,0,2011.4
1819,0,886.4
1820,813.2,0
1821,2328.1,0
1822,18897.2,0
1823,26660.3,0
1824,34725.3,0
1825,40697.5,0
1826,46471.4,0
1827,51911.1,0
1828,56033.5,0
1829,59881.3,0
1830,34113.8,0
1831,29034.8,0
1832,16590.8,0
1833,7580.4,0
1834,4570.2,0
1835,2783.7,381.9
1836,1426.9,5245.6
1837,491.1,10659.3
1838,1091.5,10172.8
1839,1087.4,7622.6
1840,1310.8,2600.8
1841,3173.6,163.9
1842,12814,0
1843,24699.9,0
1844,32464.7,0
1845,42154.3,0
1846,43953.9,0
1847,53459.4,0
1848,56270.1,0
1849,67304.4,0
1850,68264.9,0
1851,81788.9,0
1852,79478.8,0
1853,88512.2,0
1854,90760.3,0
1855,90758.3,0
1856,62509.4,0
1857,47766,0
1858,30255.5,0
1859,25120.3,0
1860,17333.6,906.6
1861,12372.1,6076
1862,5093.7,8392.2
1863,3363.1,5641.6
1864,3225.9,1144.3
1865,4419.1,68.6
1866,7584.7,0
1867,19624.3,0
1868,29825.5,0
1869,36815.9,0
1870,40204.8,0
1871,45973.3,0
1872,42936.1,0
1873,40488.7,0
1874,35547.4,0
1875,35529.6,0
1876,35461.6,0
1877,37893.9,0
1878,21210.6,0
1879,13951.3,0
1880,330.6,5411.9
1881,0,5786.1
1882,0,8189.8
1883,0,17020.7
1884,0,22157.5
1885,0,18720.5
1886,0,12578.9
1887,0,11824.5
1888,0,20744.1
1889,0,27376.4
1890,0,535.2
1891,0,0
1892,0,0
1893,0,0
1894,348.4,0
1895,2613.9,0
1896,6942,0
1897,13513.9,0
1898,18947.6,0
1899,27098.8,0
1900,31968.2,0
1901,36035.6,0
1902,19081.7,0
1903,15016.6,0
1904,979,8679.8
1905,8.3,14918.4
1906,0,17941.4
1907,0,24518.7
1908,0,24804
1909,0,32690.9
1910,0,26518.9
1911,0,26015.3
1912,0,22972.1
1913,0,20057
1914,0,289.3
1915,0,0
1916,919.6,0
1917,2460.4,0
1918,17957.2,0
1919,24105.1,0
1920,29548,0
1921,32096,0
1922,34947.6,0
1923,39289.4,0
1924,41708.1,0
1925,42861.4,0
1926,23243.2,0
1927,17736.5,0
1928,1990.3,8451.8
1929,90.3,8409.2
1930,0,7753.1
1931,0,10296.5
1932,0,12438.2
1933,0,14038.3
1934,0,13037.5
1935,0,13727.8
1936,0,16441.9
1937,0,15911.5
1938,282.4,186.8
1939,1887.1,0
1940,6929.6,0
1941,8962.4,0
1942,28011,0
1943,34557.9,0
1944,34862.9,0
1945,39965.8,0
1946,38396.3,0
1947,43022.4,0
1948,39836.4,0
1949,43484.9,0
1950,23966.2,0
1951,18427.4,0
1952,2618.6,7742.4
1953,319.8,7627.3
1954,0,6949.6
1955,0,9206.3
1956,0,11876.8
1957,0,12890.8
1958,0,11139.4
1959,0,11836.4
1960,0,14815.2
1961,0,15124.3
1962,94.2,185.8
1963,994.1,0
1964,5100,0
1965,6788.8,0
1966,22154.3,0
1967,28103.2,0
1968,27797.7,0
1969,31987.6,0
1970,30951.9,0
1971,34575.5,0
1972,32784.5,0
1973,36905.9,0
1974,20063.2,0
1975,14109,0
1976,591,7788.9
1977,0,7775.3
1978,0,7221.8
1979,0,9521.1
1980,0,12120.5
1981,0,13011.2
1982,0,11330.5
1983,0,12051.5
1984,0,14920
1985,0,15148.9
1986,167.4,185.6
1987,1895.7,0
1988,7282.7,0
1989,9078.1,0
1990,28404.4,0
1991,34721.1,0
1992,36316.5,0
1993,41612,0
1994,39758.8,0
1995,44979.5,0
1996,43301.1,0
1997,48997.8,0
1998,26129.2,0
1999,20417.6,0
2000,7458.2,0
2001,2492.3,0
2002,529.3,0
2003,53.3,0
2004,0,0
2005,0,3658.4
2006,0,5415.9
2007,0,4743.2
2008,0,3347.2
2009,147.2,2962.6
2010,6424.3,561.5
2011,9582,0
2012,17969.1,0
2013,21547,0
2014,30303.7,0
2015,31196,0
2016,39964.1,0
2017,40935.8,0
2018,52764.4,0
2019,52194.4,0
2020,67416,0
2021,65552.4,0
2022,78117.9,0
2023,64599.6,0
2024,51040.9,0
2025,29031.6,0
2026,20261.2,0
2027,12745.2,0
2028,8918.4,1419.9
2029,2877.4,6125.8
2030,767.8,10641.2
2031,120.4,7738.8
2032,0,6147.2
2033,10.3,6460.7
2034,1271,2283.7
2035,5290.8,150.3
2036,9606.7,0
2037,15164.2,0
2038,22927.1,0
2039,24200.5,0
2040,32594.8,0
2041,35548.8,0
2042,46696.8,0
2043,43331.6,0
2044,56600.4,0
2045,50758.3,0
2046,30076.7,0
2047,23061.4,0
2048,2242.7,5437.1
2049,0,6012.9
2050,0,9470.7
2051,0,19500.7
2052,0,28102.7
2053,0,35073.1
2054,0,39335.8
2055,0,42420.4
2056,0,49377.3
2057,0,41106.4
2058,0,5224.5
2059,0,218.4
2060,0,0
2061,0,0
2062,0,0
2063,0,0
2064,0,0
2065,0,0
2066,0,0
2067,153,0
2068,1401.5,0
2069,2281.8,0
2070,875.8,0
2071,98.9,0
2072,0,12088.2
2073,0,15922.3
2074,0,22402.7
2075,0,27686.8
2076,0,30401.9
2077,0,60067.6
2078,0,76078.8
2079,0,86771.1
2080,0,87643.9
2081,0,87156.3
2082,0,54795
2083,0,26511.2
2084,0,9544.7
2085,0,4408
2086,0,4559.2
2087,0,5511.2
2088,0,3604.3
2089,0,4255.5
2090,0,5861
2091,0,3566.7
2092,0,7652.2
2093,0,8167.5
2094,0,512.7
2095,0,0
2096,0,20476.8
2097,0,26138.8
2098,0,28607.6
2099,0,37434.7
2100,0,36996.8
2101,0,53806.5
2102,0,62993.6
2103,0,74816.4
2104,0,76381.5
2105,0,63661.6
2106,0,28948.5
2107,0,19946.1
2108,0,9202.6
2109,0,5611.7
2110,0,5264.5
2111,0,5247.6
2112,0,4833.9
2113,0,3798.6
2114,0,5986.2
2115,0,9253.5
2116,0,1798.8
2117,0,7704.4
2118,0,822
2119,0,0
2120,0,20969.6
2121,0,26877
2122,0,28391
2123,0,31884.6
2124,0,29471
2125,0,37972.7
2126,0,38912.9
2127,0,40500.6
2128,0,42410.2
2129,0,36860.6
2130,0,11578.4
2131,0,7635.5
2132,0,2332.1
2133,0,736
2134,3056.5,2079.9
2135,4635.7,2997.6
2136,6937.2,2699.7
2137,8155.7,1504.1
2138,9726.7,7797.8
2139,11081.3,8090.3
2140,12547.3,7541.1
2141,12928.7,6924.8
2142,5902.2,404
2143,3568.7,0
2144,0,12688.6
2145,0,15935.1
2146,0,16091.8
2147,0,19097.2
2148,0,18489.9
2149,0,21412
2150,0,20414.1
2151,0,21005.1
2152,0,23693.2
2153,0,22739.3
2154,0,1485.8
2155,0,1015.2
2156,501.6,0
2157,1605.8,0
2158,14285.4,974.3
2159,18399.6,1418.7
2160,22011.2,0
2161,28679,0
2162,29096.3,0
2163,34682.7,0
2164,34396.3,0
2165,39804.1,0
2166,20798.6,0
2167,12929,0
2168,3738.5,717.5
2169,663.5,6159.8
2170,6.7,7895.2
2171,0,9593
2172,0,12465.1
2173,0,16218
2174,0,15130.4
2175,0,14672.3
2176,0,15665.7
2177,0,10556
2178,644.1,3709.1
2179,3966.2,0
2180,8318.7,0
2181,13761,0
2182,20603.6,0
2183,26472.6,0
2184,27917,0
2185,29495.9,0
2186,31147.2,0
2187,33257.3,0
2188,34802.5,0
2189,37871,0
2190,40996.4,0
2191,39984.8,0
2192,28459.8,0
2193,15565.5,0
2194,8101.5,333.4
2195,3749.2,1543.2
2196,1169.6,2146.3
2197,0,8790.2
2198,0,10238.7
2199,0,7608.1
2200,0,2112.8
2201,0,1731.4
2202,0,0
2203,15.2,0
2204,446.4,0
2205,1113.3,0
2206,2735.4,0
2207,5325.9,0
2208,7107.5,0
2209,9867.6,0
2210,12248.1,0
2211,15279.6,0
2212,17938.2,0
2213,20318.3,0
2214,10223,0
2215,5899.4,0
2216,0,6753.8
2217,0,11534
2218,0,17709
2219,0,28705.7
2220,0,31813.7
2221,0,37597.9
2222,0,39127.2
2223,0,47366.7
2224,0,53341
2225,0,34808.4
2226,0,715.9
2227,0,0
2228,0,0
2229,0,0
2230,0,177
2231,263.8,839.6
2232,951.5,723
2233,1609.4,628.5
2234,2837.6,879.1
2235,5120.1,497
2236,7151.3,100.8
2237,7995.5,194.2
2238,2492.5,21.4
2239,862.4,0
2240,0,11756.6
2241,0,14478.6
2242,0,14917.7
2243,0,19773.6
2244,0,25866
2245,0,43534.7
2246,0,57102
2247,0,68679.9
2248,0,72489.6
2249,0,66643.4
2250,0,32033.9
2251,0,7228.2
2252,0,1251.9
2253,0,120.9
2254,15.3,4224.5
2255,441.5,5842
2256,1349.8,3889.4
2257,2968.1,1728.2
2258,4888.3,4211.7
2259,7145,6568.6
2260,9140.2,6098
2261,12767.6,7580.8
2262,5635.6,444.6
2263,2797.2,0
2264,0,13249.9
2265,0,19344.8
2266,0,30072.2
2267,0,41187.8
2268,0,38636
2269,0,44443.3
2270,0,51025.4
2271,0,59814
2272,0,68381.2
2273,0,63672.2
2274,0,31280.5
2275,0,8040.8
2276,0,2334.6
2277,0,951.7
2278,1003.7,2610.1
2279,2548.6,3908.5
2280,5983.3,3586.6
2281,10439.6,3329.7
2282,14757.8,8143.5
2283,20508.6,997.2
2284,23797.1,0
2285,29032.7,0
2286,12543.6,0
2287,5882.5,0
2288,0,16406.4
2289,0,30904.5
2290,0,37851.4
2291,0,48570.5
2292,0,47675.3
2293,0,56927
2294,0,63732.1
2295,0,72580.9
2296,0,75926.2
2297,0,69732.2
2298,0,34426.2
2299,0,12478.8
2300,0,3170
2301,0,1292.3
2302,0,6386.9
2303,574.9,7655.3
2304,1885,4169.8
2305,2890.3,3303.9
2306,3839.8,1135.2
2307,7781.9,4721.9
2308,10622.8,1350.8
2309,15040.9,7639.9
2310,5774.3,502.7
2311,2051.6,0
2312,0,15161.5
2313,0,26971
2314,0,34492.5
2315,0,45560.5
2316,0,41706.6
2317,0,52924.8
2318,0,52523.3
2319,0,50670.3
2320,0,49135.5
2321,0,39118.4
2322,0,10586.2
2323,0,6790.7
2324,0,2145.7
2325,0,603.3
2326,0,2488.4
2327,136.5,3108.8
2328,1115.2,1061.7
2329,1873.1,5373
2330,2897.7,5769.8
2331,3717.9,5305.4
2332,5314.9,4295.7
2333,5757.1,3344
2334,849.4,315.5
2335,240.4,0
2336,0,0
2337,0,0
2338,0,0
2339,0,87.7
2340,0,34.8
2341,0,0
2342,0,0
2343,0,0
2344,0,0
2345,0,0
2346,0,0
2347,0,0
2348,0,0
2349,0,0
2350,0,0
2351,139.4,0
2352,1147.7,0
2353,2348.1,0
2354,2601.5,0
2355,2892.9,0
2356,2853.1,0
2357,3052.2,0
2358,3671.6,0
2359,2968.2,0
2360,595.8,0
2361,0,0
2362,0,0
2363,0,0
2364,0,90.5
2365,0,852.1
2366,0,2417.1
2367,0,2969.9
2368,0,3096.5
2369,0,1743.2
2370,0,1379.5
2371,0,201.7
2372,0,0
2373,0,0
2374,0,0
2375,69.3,0
2376,443.9,0
2377,1755.9,0
2378,2674.3,0
2379,4264.1,0
2380,6274.2,0
2381,8212.8,0
2382,3140.4,0
2383,940,0
2384,0,15818.9
2385,0,25316.9
2386,0,30724.2
2387,0,39551.1
2388,0,32759.3
2389,0,41028.3
2390,0,48295.9
2391,0,46036.6
2392,0,47372.4
2393,0,40010.8
2394,0,8075.6
2395,0,5222
2396,0,286.7
2397,0,0
2398,0,3962.1
2399,0,4174.3
2400,8.8,3556.8
2401,314.3,1509.3
2402,1261.3,3226.5
2403,2399.1,5892.6
2404,3677.3,5174.1
2405,5844.7,5249.9
2406,2620.9,468.5
2407,946.3,0
2408,0,15353.1
2409,0,27747.5
2410,0,37412
2411,0,50434.6
2412,0,50223.4
2413,0,65696.9
2414,0,74780.8
2415,0,85463.1
2416,0,91976.4
2417,0,81836.4
2418,0,42413.8
2419,0,21764.6
2420,0,8984.1
2421,0,4854.4
2422,0,4034.1
2423,0,5979.9
2424,76.5,4678.2
2425,927.2,4933.3
2426,2691.1,2612.4
2427,2784.9,3089.4
2428,3474.5,3809.8
2429,4170.9,1110.8
2430,1062,487.7
2431,66.5,248.2
2432,0,23856.4
2433,0,35849.2
2434,0,45617
2435,0,49451.6
2436,0,46990.6
2437,0,58956.7
2438,0,61650.2
2439,0,65552.7
2440,0,68331.6
2441,0,59014.5
2442,0,23764.6
2443,0,15205.2
2444,0,6852
2445,0,3380.3
2446,0,4381.3
2447,0,5695.8
2448,0,8995
2449,0,2585.8
2450,0,4676.7
2451,0,4786.9
2452,0,3064.8
2453,6.5,3011.9
2454,0,27.2
2455,0,0
2456,0,18754.9
2457,0,25313.3
2458,0,40535.1
2459,0,53863.9
2460,0,49497
2461,0,63058.3
2462,0,67499.6
2463,0,72196.5
2464,0,67109.6
2465,0,55457.4
2466,0,22270.4
2467,0,14921.6
2468,0,7272.5
2469,0,3518.7
2470,0,4212.8
2471,0,5746.6
2472,0,6065.4
2473,11.4,6465.5
2474,380.3,4433.5
2475,1486.4,2455.3
2476,2177.9,1554.1
2477,2507,1326.6
2478,655.2,101.9
2479,36.2,0
2480,0,16787.3
2481,0,21332.5
2482,0,22391.9
2483,0,25682.3
2484,0,23041.9
2485,0,29390
2486,0,30872
2487,0,33866.3
2488,0,37971.3
2489,0,33973.6
2490,0,8586.4
2491,0,5205
2492,0,1608.9
2493,0,227.5
2494,0,3039.1
2495,0,6479.5
2496,0,2216.8
2497,0,3525.2
2498,0,3673.1
2499,367.1,3497.4
2500,1686.1,3183.9
2501,3086.1,5424.9
2502,629.5,438
2503,218.1,0
2504,0,0
2505,0,0
2506,0,13.1
2507,0,0
2508,0,0
2509,0,0
2510,0,0
2511,0,0
2512,0,0
2513,0,0
2514,674.6,0
2515,3473.1,0
2516,9246.5,0
2517,12294.2,0
2518,17166.5,0
2519,18627.7,0
2520,20583.2,0
2521,21343.1,0
2522,22382.5,0
2523,23353.4,0
2524,24410.4,0
2525,26639.6,0
2526,26130.4,0
2527,19427.4,0
2528,14727.8,0
2529,9510.5,0
2530,4415.7,0
2531,2325.6,0
2532,1623.3,0
2533,2289.5,0
2534,1432.5,0
2535,2233.9,792.2
2536,2292,1318.4
2537,3473.9,2168.3
2538,7255.1,997.7
2539,14439.8,367.4
2540,20520.7,0
2541,28863.8,0
2542,33175.7,0
2543,39631.8,0
2544,39410.3,0
2545,45562.1,0
2546,47860.4,0
2547,55375.9,0
2548,58125.2,0
2549,63571.2,0
2550,31405.7,0
2551,19529,0
2552,2942.3,7223.8
2553,186.2,14359.7
2554,0,15647.5
2555,0,17162.6
2556,0,18698.7
2557,0,26186.8
2558,0,26609.3
2559,0,34759.3
2560,0,43622
2561,0,38479.9
2562,0,12002.5
2563,0,2095.5
2564,0,0
2565,65,0
2566,5878.7,0
2567,11017.5,0
2568,19125.3,0
2569,26255.6,0
2570,33594.7,0
2571,34287.5,0
2572,38513.8,0
2573,37517.2,0
2574,17138.9,0
2575,9763.9,0
2576,69.2,9483.6
2577,0,15357.2
2578,0,20990.4
2579,0,31437.8
2580,0,31032
2581,0,38840.2
2582,0,43054.3
2583,0,53629.3
2584,0,62983.6
2585,0,52977.1
2586,0,15070.5
2587,0,2406.6
2588,0,0
2589,0,0
2590,0,1644.2
2591,88.4,3329.7
2592,994.9,3084.5
2593,2999.2,5794.5
2594,5097,3710
2595,9013,5145.1
2596,9351.6,2748.4
2597,12677.6,3490.3
2598,3658.7,214.9
2599,709.5,0
2600,0,17365.8
2601,0,31872.3
2602,0,38839.6
2603,0,49266.6
2604,0,47467.7
2605,0,61573.7
2606,0,72495
2607,0,84111
2608,0,93831.7
2609,0,85726.8
2610,0,45384.1
2611,0,22864.9
2612,0,8498.8
2613,0,4869.3
2614,0,3920.9
2615,0,4316.5
2616,0,7116
2617,623.4,6452.5
2618,2467.8,3982.6
2619,3429.9,3357.2
2620,4164.1,1013.9
2621,6221.8,3197.1
2622,1607.6,0
2623,78.5,230.6
2624,0,28430.3
2625,0,40287.1
2626,0,50357
2627,0,62332.9
2628,0,62542.1
2629,0,79166.1
2630,0,91303.8
2631,0,102683.9
2632,0,109490.6
2633,0,99086.9
2634,0,60672.9
2635,0,34002.5
2636,0,15935.9
2637,0,10811.8
2638,0,10508.4
2639,0,6258.9
2640,0,4361.9
2641,0,4738.2
2642,0,6151.5
2643,0,2803.5
2644,0,6054.4
2645,0,6934.8
2646,0,329.1
2647,0,0
2648,0,21153.6
2649,0,38732.9
2650,0,57262.3
2651,0,69358.8
2652,0,65959.8
2653,0,79113
2654,0,87532.7
2655,0,97812.7
2656,0,105421.8
2657,0,98240
2658,0,63824.9
2659,0,40042.3
2660,0,19072.8
2661,0,12683.2
2662,0,10924.6
2663,0,5917.6
2664,3.1,4912.4
2665,369.5,2778.4
2666,1618.8,4506.2
2667,3327,2818.8
2668,7764.1,2743.5
2669,8996.6,1526.7
2670,1464.2,542.8
2671,166.3,334
2672,0,7100.4
2673,0,12736.3
2674,0,14732.1
2675,0,15840.4
2676,0,17884.4
2677,0,19060.4
2678,0,16399.7
2679,0,20058.6
2680,0,21256.7
2681,0,17506.5
2682,0,5579.1
2683,0,585.9
2684,0,948.5
2685,0,4043.1
2686,0,4281.7
2687,0,3521.2
2688,246.3,2428.8
2689,974.9,2011.9
2690,2285,2783.1
2691,3782.3,2085.9
2692,6519.9,1692.2
2693,9483.2,994
2694,9627.8,207.2
2695,8799.3,513.3
2696,3386.1,2683.1
2697,355.2,9063.1
2698,0,10881
2699,0,4595.7
2700,0,5241.4
2701,0,10701
2702,0,14030.8
2703,0,15039.8
2704,0,23075
2705,0,22874.2
2706,0,15250.8
2707,0,2047.9
2708,0,229.7
2709,64.4,0
2710,666.6,0
2711,1458.7,0
2712,1965.8,0
2713,2681.9,0
2714,2831.4,0
2715,3020.7,0
2716,3219.6,0
2717,3495,0
2718,815.2,0
2719,9.7,0
2720,0,18093.8
2721,0,29646.3
2722,0,34944.2
2723,0,45707.8
2724,0,43300.8
2725,0,58257.9
2726,0,66996.6
2727,0,76072.9
2728,0,81012.5
2729,0,69738.5
2730,0,27164
2731,0,14730.3
2732,0,5391.9
2733,0,1536.1
2734,0,3713.2
2735,0,3348.4
2736,0,6305.2
2737,0,8455.2
2738,0,5299.4
2739,242.6,3883.1
2740,802.1,3388.3
2741,1872.4,1284.7
2742,82.5,50.1
2743,0,0
2744,0,16753.8
2745,0,21701
2746,0,24504.4
2747,0,38513.9
2748,0,46288.5
2749,0,61642.3
2750,0,72146.7
2751,0,82602.4
2752,0,85647.7
2753,0,72203.2
2754,0,34534.2
2755,0,19973
2756,0,9098
2757,0,4979.4
2758,0,4062.7
2759,0,5368.3
2760,13.5,5864.3
2761,175.6,6561.8
2762,397.6,4524.9
2763,1074.4,2463
2764,2231,2341.1
2765,2232.4,2485.6
2766,380.1,604.2
2767,0,0
2768,0,17134.6
2769,0,21866.5
2770,0,23064.4
2771,0,26450.9
2772,0,23740.2
2773,0,30089
2774,0,31708.9
2775,0,34415.9
2776,0,35600.1
2777,0,32881
2778,0,8311.2
2779,0,4805.7
2780,0,1060.2
2781,0,0
2782,2156.5,2275.7
2783,2711.6,3455.4
2784,3482.5,1272.5
2785,4190.4,4154.6
2786,6341.5,5519.1
2787,7683,6958.6
2788,8857.8,5157.9
2789,9093,4695.8
2790,3088.6,361.3
2791,1144.3,0
2792,0,12967.1
2793,0,16312.3
2794,0,16527.7
2795,0,19477.7
2796,0,19156
2797,0,22904.9
2798,0,24802.3
2799,0,27517.7
2800,0,29731.2
2801,0,27126.3
2802,0,3709.1
2803,0,2832.2
2804,0,125.5
2805,0,0
2806,0,2081.8
2807,211.4,1263.2
2808,627.6,2120
2809,1301.2,2789.5
2810,2199.4,2699.9
2811,4683.5,5549.3
2812,5622.7,3124.8
2813,7612.5,4356.9
2814,994.3,285.3
2815,13.3,0
2816,0,13531.4
2817,0,16737.5
2818,0,17024.9
2819,0,20186.3
2820,0,19951.4
2821,0,27425.6
2822,0,30629.1
2823,0,33130.8
2824,0,33622.2
2825,0,29953.8
2826,0,4464.5
2827,0,3286.9
2828,0,253
2829,0,0
2830,154,2320.1
2831,625.7,636.3
2832,1884.8,1994.4
2833,3311,3760.4
2834,4907,2571.2
2835,6549.7,1805.6
2836,6930.5,1729.7
2837,7688.2,504.8
2838,1700.2,32.5
2839,255.4,0
2840,0,0
2841,0,0
2842,0,0
2843,0,0
2844,0,35.7
2845,0,2152.4
2846,0,720.5
2847,0,3825.3
2848,0,8892.1
2849,0,9776
2850,0,4338.5
2851,0.7,71.9
2852,189,0
2853,701.2,0
2854,1307.1,0
2855,1677,0
2856,2405.3,0
2857,2968,0
2858,4799.8,0
2859,5915.8,0
2860,7847.7,0
2861,8100.2,0
2862,9432.5,0
2863,7741.2,0
2864,5568.2,0
2865,1777.8,0
2866,117.3,0
2867,0,0
2868,0,0
2869,0,0
2870,0,0
2871,0,0
2872,0,0
2873,0,0
2874,0,0
2875,324.9,0
2876,1892.7,0
2877,3806.2,0
2878,6096.9,0
2879,7974.4,0
2880,8526.7,0
2881,12412.2,0
2882,15776.7,0
2883,19846,0
2884,21204.7,0
2885,26630.2,0
2886,10127.5,0
2887,3140.8,0
2888,0,9168.4
2889,0,18185.6
2890,0,22285.7
2891,0,28518.6
2892,0,28117
2893,0,35896
2894,0,42582.7
2895,0,54949
2896,0,64382
2897,0,61058.9
2898,0,19907.5
2899,0,8707.6
2900,0,0
2901,0,0
2902,0,2919.3
2903,0,5530.6
2904,0,4367.2
2905,0,3583.5
2906,0.9,3467.6
2907,116.6,3310.2
2908,1171.6,3098.7
2909,2449.7,3188
2910,342,481
2911,0,0
2912,0,16776.2
2913,0,19639.6
2914,0,21051
2915,0,28646.5
2916,0,24390.9
2917,0,35800
2918,0,44741.8
2919,0,52129.2
2920,0,59978.7
2921,0,56979.6
2922,0,21990.1
2923,0,10182.3
2924,0,2895.2
2925,0,1090.9
2926,0,5606.2
2927,0,2724.9
2928,0,4870.1
2929,0,3797.4
2930,0,1813.8
2931,0,1344.4
2932,0,3178.3
2933,0,900.9
2934,0,316.6
2935,0,0
2936,0,17953.1
2937,0,27042.4
2938,0,44378
2939,0,57970.5
2940,0,57000.3
2941,0,71857
2942,0,82904.3
2943,0,87362.6
2944,0,86667.3
2945,0,74417.7
2946,0,36829.5
2947,0,22288.3
2948,0,10851.4
2949,0,6716.9
2950,0,5206.2
2951,0,4688.9
2952,0,8738.9
2953,192.7,7193.3
2954,942.9,4296.1
2955,2117.9,2171.6
2956,3001.3,2453.8
2957,3709.1,3541.2
2958,395.8,618.5
2959,83.1,0
2960,0,18174.6
2961,0,21870
2962,0,22737.7
2963,0,25518
2964,0,22646.3
2965,0,28278.7
2966,0,28136.7
2967,0,29806.8
2968,0,33265.2
2969,0,31082.7
2970,0,8044.2
2971,0,4127.2
2972,0,664.2
2973,0,0
2974,3378.6,1946.7
2975,7009.2,3076.8
2976,10420.3,7593.5
2977,14234.1,7484.1
2978,15970.9,5099.1
2979,20962,0
2980,24410.3,0
2981,26105.4,0
2982,9730.8,0
2983,3621.8,0
2984,0,14155.2
2985,0,24143.2
2986,0,26161.7
2987,0,30774.4
2988,0,21882.3
2989,0,25843.5
2990,0,27000.9
2991,0,31369.2
2992,0,35622.1
2993,0,34702.4
2994,0,13204.4
2995,0,4876
2996,0,496.5
2997,0,0
2998,0,2728.9
2999,414.2,687.9
3000,3761,3085.6
3001,7833.8,3796.6
3002,13610.1,3309.8
3003,18948.5,1279.4
3004,22079.2,0
3005,23178.8,0
3006,6831.4,0
3007,2085.2,0
3008,0,5562.6
3009,0,11640.5
3010,0,12573.3
3011,0,12308.4
3012,0,13189.9
3013,0,14375.4
3014,0,12396.5
3015,0,16173.4
3016,0,18972.4
3017,0,15720.4
3018,0,9861.5
3019,0,1658.1
3020,0,75.6
3021,0,0
3022,0,0
3023,0,0
3024,59.9,0
3025,615.1,0
3026,1706.3,0
3027,2999,0
3028,4569.1,0
3029,7524.9,0
3030,7094,0
3031,2868.3,799.6
3032,4.6,3385.6
3033,0,13202.6
3034,0,15453.3
3035,0,9469.8
3036,0,5592.2
3037,0,10329.8
3038,0,12795.4
3039,0,18351.2
3040,0,24268
3041,0,19968.7
3042,0,13310
3043,0,3377.6
3044,0,793.2
3045,0,939
3046,0,1176.4
3047,0,828.7
3048,0,1166.8
3049,0,764.3
3050,0,127.5
3051,0,0
3052,0,10.5
3053,71.1,382.6
3054,10.2,73.5
3055,0,63.3
3056,0,22663.4
3057,0,35808.1
3058,0,43497.7
3059,0,53505.4
3060,0,51821
3061,0,65145.9
3062,0,70582.2
3063,0,82567.8
3064,0,92670.8
3065,0,86315.4
3066,0,53725.8
3067,0,35588.1
3068,0,10937
3069,0,6874.8
3070,0,5707.1
3071,0,5782.7
3072,59.7,4108.6
3073,733.6,5024.1
3074,2461.2,3254.8
3075,2819.7,3818.2
3076,6830.5,4323
3077,8404.2,1244.8
3078,878.9,520.9
3079,20.9,1335.5
3080,0,33738
3081,0,43780.4
3082,0,51566.7
3083,0,61995.3
3084,0,60428.6
3085,0,73405.1
3086,0,84709.4
3087,0,96828.3
3088,0,105338
3089,0,101393.5
3090,0,72311.9
3091,0,53458.6
3092,0,22035.8
3093,0,13266.6
3094,0,10057.3
3095,0,6269.8
3096,0,4516.8
3097,0,5462
3098,0,6570.4
3099,0,4722.5
3100,0,5014.4
3101,10.1,3431.7
3102,0,751.5
3103,0,3797.3
3104,0,43328.7
3105,0,55126.7
3106,0,66604
3107,0,78445
3108,0,79541.7
3109,0,95858.8
3110,0,105626.6
3111,0,114272
3112,0,121686.9
3113,0,117722.7
3114,0,89684.8
3115,0,70924.2
3116,0,36683.7
3117,0,25817.7
3118,0,15616.9
3119,0,16182
3120,0,14396.4
3121,0,9561.9
3122,0,9521.8
3123,0,5181.1
3124,0,6736.1
3125,0,4257.8
3126,0,999.8
3127,0,1513.2
3128,0,47323.7
3129,0,69410.6
3130,0,86817.7
3131,0,100321.4
3132,0,98594.7
3133,0,112570.4
3134,0,120037.3
3135,0,128357.5
3136,0,132687
3137,0,124928.3
3138,0,93310.6
3139,0,72273.9
3140,0,40453.3
3141,0,29381.5
3142,0,20380.1
3143,0,21007.1
3144,0,16666.9
3145,0,14438.8
3146,0,12886.9
3147,0,9523.1
3148,0,8654.9
3149,0,6814.6
3150,0,1341.4
3151,0,5157.2
3152,0,55230.2
3153,0,76118.1
3154,0,90963.4
3155,0,102191.9
3156,0,101085.8
3157,0,113022.9
3158,0,120488.4
3159,0,121887.4
3160,0,108799.4
3161,0,94695.9
3162,0,57519.2
3163,0,42925.3
3164,0,26262.3
3165,0,19924.2
3166,0,14064.4
3167,0,14897.9
3168,0,9637.4
3169,0,6579.8
3170,0,6958.4
3171,0,3782.1
3172,0,4924.8
3173,0,6819.7
3174,0,1361.5
3175,0,0
3176,0,9244.4
3177,0,15468
3178,0,18021.7
3179,0,21775.7
3180,0,22337
3181,0,23100.5
3182,0,14345.1
3183,0,16584.4
3184,0,19168.2
3185,0,17061.5
3186,0,3548.9
3187,0,3275.8
3188,0,2160.1
3189,0,7888.1
3190,0,5945.2
3191,0,5473.7
3192,201.6,4389.7
3193,998.5,3476.8
3194,2274.8,5029.5
3195,2905.5,4843.6
3196,2882.4,4288.7
3197,3675.1,4034.9
3198,3489.3,3255.1
3199,1653.1,1642.9
3200,77.3,1564.5
3201,0,1643.3
3202,0,1825.4
3203,0,2140.2
3204,0,3224.4
3205,0,2298.1
3206,0,4984.7
3207,0,4191.7
3208,0,2531.1
3209,0,1072.4
3210,0,2163.2
3211,0,3117.3
3212,0,3545.3
3213,0,3397
3214,0,3041.9
3215,0,2596.8
3216,0,4102.5
3217,0,4283.7
3218,0,3860.2
3219,0,3580.5
3220,0,3504.9
3221,0,3071
3222,0,0
3223,0,0
3224,0,16449.5
3225,0,21147
3226,0,25649.2
3227,0,37133.1
3228,0,40720.2
3229,0,60106.4
3230,0,72036
3231,0,85958.9
3232,0,94650.1
3233,0,86905.7
3234,0,53314.3
3235,0,36922.3
3236,0,14175.3
3237,0,8316.5
3238,0,7308.2
3239,0,6216.7
3240,0,4028.6
3241,0,4542.2
3242,0,3985.9
3243,0,4610
3244,71.5,4171
3245,370.1,2516.8
3246,0,672.5
3247,0,3421.7
3248,0,40134.4
3249,0,48860.6
3250,0,53256.9
3251,0,62193.4
3252,0,60139.8
3253,0,72751.7
3254,0,82188.9
3255,0,93534.3
3256,0,102531.9
3257,0,99017.4
3258,0,70025.6
3259,0,52130.7
3260,0,20038
3261,0,13441.9
3262,0,11589.4
3263,0,6348.2
3264,0,5688.2
3265,0,4778.2
3266,29.6,8489.1
3267,451.7,6069.1
3268,1379,2733.9
3269,2135.2,1772.6
3270,35.6,624
3271,0,1875.2
3272,0,38829.4
3273,0,50238
3274,0,60385.5
3275,0,73277.6
3276,0,74114.9
3277,0,92086.7
3278,0,103370
3279,0,114003.3
3280,0,122260.7
3281,0,118398.4
3282,0,90112.7
3283,0,71131
3284,0,37438.8
3285,0,26601.1
3286,0,16290.9
3287,0,16205.8
3288,0,12673.4
3289,0,9214.9
3290,0,9361.2
3291,0,4839.4
3292,0,4470.6
3293,0,4881.1
3294,0,1344.6
3295,0,5984.9
3296,0,54878.6
3297,0,74293.2
3298,0,89712.2
3299,0,101343.6
3300,0,100422.6
3301,0,115347.1
3302,0,122382.5
3303,0,130139.9
3304,0,129260.1
3305,0,109722.8
3306,0,73009.2
3307,0,56621.2
3308,0,36291.2
3309,0,28948.2
3310,0,21319.3
3311,0,21016.3
3312,0,15077.8
3313,0,13600.5
3314,0,12220.8
3315,0,8853
3316,0,7979.6
3317,0,5429.6
3318,0,531.3
3319,0,847.2
3320,0,29369.3
3321,0,35101.1
3322,0,36590
3323,0,44126.3
3324,0,43770.2
3325,0,57784
3326,0,61734.5
3327,0,62545.9
3328,0,57844.2
3329,0,48137.3
3330,0,21940.1
3331,0,14446.3
3332,0,6646
3333,0,3578.7
3334,0,7679.2
3335,0,4671.4
3336,570.3,1633.3
3337,2094.1,1477.8
3338,3249.5,2190.2
3339,6153.7,3304.9
3340,6417.6,6538
3341,6785,8506.8
3342,406.9,554.8
3343,0,0
3344,0,0
3345,0,0
3346,0,0
3347,0,0
3348,0,0
3349,0,0
3350,0,0
3351,0,0
3352,0,0
3353,0,0
3354,0,0
3355,349.4,0
3356,1882.1,0
3357,3733.6,0
3358,6550,0
3359,6389.9,0
3360,6222.1,0
3361,7394.5,0
3362,7211.9,0
3363,6971.6,0
3364,8596.1,0
3365,8182,0
3366,7522.3,0
3367,4506.8,0
3368,873,0
3369,0,0
3370,0,0
3371,0,0
3372,0,425.5
3373,0,2426.3
3374,0,1741.4
3375,0,1850.2
3376,0,2600.6
3377,0,2114.7
3378,0,1893.2
3379,0,960.7
3380,0,461.7
3381,0,0
3382,0,0
3383,0,0
3384,0,0
3385,0,0
3386,0,0
3387,31.3,0
3388,85.7,0
3389,61.7,0
3390,0,0
3391,0,0
3392,0,11512.4
3393,0,14120.5
3394,0,16174.9
3395,0,25111
3396,0,30812.2
3397,0,47337.1
3398,0,59985.1
3399,0,73382.1
3400,0,82047.6
3401,0,79505.4
3402,0,48613.8
3403,0,28347.7
3404,0,9544
3405,0,3026.7
3406,0,3976.3
3407,0,5048.8
3408,0,4895.8
3409,0,4336.6
3410,0,6523.3
3411,0,4003
3412,0,4960.4
3413,0,7121.9
3414,0,895.1
3415,0,0
3416,0,24324.8
3417,0,54765.8
3418,0,71945.8
3419,0,84827.6
3420,0,80226
3421,0,93774.8
3422,0,89543.8
3423,0,85285.7
3424,0,80631.8
3425,0,69647.2
3426,0,38935.8
3427,0,28802.9
3428,0,15840.7
3429,0,10281
3430,0,10385.2
3431,0,6026.7
3432,0,7249.6
3433,0,5983.5
3434,0,5416.5
3435,0,5946.7
3436,0,4401.4
3437,0,8356.6
3438,0,0
3439,0,0
3440,0,29352.9
3441,0,50338.2
3442,0,62677.8
3443,0,75687.7
3444,0,78272.8
3445,0,91263.3
3446,0,97002.2
3447,0,105314.9
3448,0,111733.2
3449,0,107583.2
3450,0,76913.2
3451,0,60428.2
3452,0,32258
3453,0,22437.7
3454,0,13645.7
3455,0,13469.8
3456,0,11887.2
3457,0,7987.6
3458,0,6931.5
3459,0,4088.9
3460,0,5100.2
3461,0,4961.5
3462,0,0
3463,0,0
3464,0,27030.8
3465,0,34343.1
3466,0,41164.6
3467,0,52411
3468,0,52624.7
3469,0,67090.6
3470,0,70591.7
3471,0,73530
3472,0,76616
3473,0,66728
3474,0,33126.6
3475,0,21990.7
3476,0,11399.6
3477,0,7605.8
3478,0,7216.7
3479,0,4895.5
3480,0,5261.4
3481,0,5289.3
3482,0,8345.2
3483,0,7319.2
3484,0,5584
3485,0,4647.4
3486,0,178.6
3487,0,0
3488,0,22373.9
3489,0,29008.6
3490,0,35359.2
3491,0,46647.9
3492,0,49458.8
3493,0,66455.4
3494,0,71418.8
3495,0,75027.9
3496,0,77483.3
3497,0,67557.1
3498,0,33790.4
3499,0,21909.7
3500,0,10691.9
3501,0,6819.4
3502,0,6867.4
3503,0,4910.5
3504,0,5756
3505,0,4181.7
3506,0,5509.2
3507,0,6089.7
3508,0,5205.6
3509,0,4164.9
3510,0,105.8
3511,0,0
3512,0,0
3513,0,208
3514,0,618.2
3515,0,1790.6
3516,0,3794.2
3517,0,5415.8
3518,0,1250.5
3519,0,1068.8
3520,0,592
3521,0,15.4
3522,0,871.6
3523,0,4716
3524,0,5896.6
3525,0,5971.5
3526,0,5647.4
3527,0,5097.7
3528,0,4423.2
3529,0,3744.5
3530,0,3098.4
3531,0,2761.9
3532,0,2689.7
3533,0,2591.8
3534,0,2543.6
3535,0,2653.5
3536,0,3112.6
3537,0,2082.1
3538,0,3410.8
3539,0,3945.3
3540,0,5416.3
3541,0,8246.4
3542,0,14945.1
3543,0,27686.7
3544,0,27818.5
3545,0,34289.7
3546,0,31506.6
3547,0,22676.4
3548,0,3559.2
3549,0,1363.3
3550,0,1608.4
3551,0,4993.1
3552,0,6282.3
3553,0,4723.7
3554,0,5542.5
3555,0,5768.5
3556,0,5476.5
3557,0,5101
3558,0,6486.7
3559,0,2060.9
3560,0,15342.5
3561,0,22528.4
3562,0,28844.7
3563,0,33313.5
3564,0,44980.3
3565,0,43152.7
3566,0,57383.8
3567,0,64494.6
3568,0,73992
3569,0,65635.7
3570,0,65227.3
3571,0,40607.1
3572,0,23527.6
3573,0,7111.7
3574,0,8291.8
3575,0,3729.5
3576,0,7451.7
3577,0,7090.7
3578,0,8386.7
3579,0,5710.8
3580,0,5544.1
3581,0,4794.2
3582,0,2675.9
3583,0,14049.9
3584,0,61134.5
3585,0,81058.5
3586,0,93681.7
3587,0,103411.1
3588,0,99524.6
3589,0,114523.7
3590,0,120658.1
3591,0,119308.1
3592,0,119946.6
3593,0,119700.7
3594,0,94278.8
3595,0,82055.9
3596,0,50491.6
3597,0,38750.5
3598,0,30075
3599,0,23139.3
3600,0,16774.9
3601,0,14007.7
3602,0,12399.5
3603,0,9415.2
3604,0,9208.8
3605,0,7120.9
3606,0,1633.5
3607,0,2505.1
3608,0,49061.8
3609,0,80893.4
3610,0,96646.1
3611,0,107221
3612,0,105154.1
3613,0,113867.2
3614,0,110307.4
3615,0,118513.3
3616,0,125786.9
3617,0,121209.6
3618,0,91454.8
3619,0,73407.1
3620,0,45362
3621,0,35087.8
3622,0,28923.8
3623,0,26841.4
3624,0,17764.4
3625,0,16678.7
3626,0,16183.6
3627,0,14196.5
3628,0,13185.3
3629,0,15076.9
3630,0,1205.9
3631,0,4477.2
3632,0,56997.9
3633,0,71539.8
3634,0,83455.8
3635,0,94838.4
3636,0,92588.4
3637,0,105393.5
3638,0,111547.3
3639,0,119968.5
3640,0,125654.6
3641,0,119897.3
3642,0,93667.9
3643,0,80531.1
3644,0,43470
3645,0,27634.6
3646,0,19512.8
3647,0,12459.1
3648,0,11077.7
3649,0,7611.5
3650,0,11149.4
3651,0,11189
3652,0,19155.3
3653,0,8992.4
3654,0,1045
3655,0,3185.4
3656,0,33465.9
3657,0,59644.6
3658,0,82334.4
3659,0,96569.2
3660,0,96098.3
3661,0,110260.7
3662,0,116671.3
3663,0,120811.7
3664,0,122421.2
3665,0,115790.6
3666,0,78945
3667,0,62482
3668,0,37747.1
3669,0,25350.1
3670,0,18947.7
3671,0,11652.4
3672,0,12071.4
3673,0,7447.5
3674,0,12969.7
3675,0,13613.8
3676,0,14808
3677,0,14977.4
3678,0,1758.1
3679,0,353.7
3680,0,9622.1
3681,0,26729.5
3682,0,39248
3683,0,49646.9
3684,0,55640.9
3685,0,53281.5
3686,0,39863.2
3687,0,34047.1
3688,0,23307.3
3689,0,14228.2
3690,0,5848.3
3691,0,2879.5
3692,0,8296.5
3693,0,9299
3694,0,7485.4
3695,0,5006.4
3696,0,5013.1
3697,0,7163.5
3698,0,7843.4
3699,0,8956.9
3700,0,7116.6
3701,0,7456.1
3702,0,7047.3
3703,0,1344.9
3704,0,2914.2
3705,0,3711.2
3706,0,4791.5
3707,0,5321.2
3708,0,3043.9
3709,0,3496.2
3710,0,3605.7
3711,0,4004.2
3712,0,2934.6
3713,0,1376.5
3714,0,918.9
3715,0,1049.3
3716,0,1808.4
3717,0,3417.1
3718,0,3332.6
3719,0,2642.2
3720,0,3539.4
3721,0,3688.8
3722,0,3635.8
3723,0,3475.5
3724,157.1,3242.3
3725,949.4,3375.4
3726,41.1,522.8
3727,0,1714.3
3728,0,34223.6
3729,0,41826.3
3730,0,45679.2
3731,0,54172.2
3732,0,52200.2
3733,0,65942.1
3734,0,76486.8
3735,0,89801.5
3736,0,99186.2
3737,0,90825.2
3738,0,56694.7
3739,0,38269.3
3740,0,15304.6
3741,0,9431
3742,0,12787.4
3743,0,7133.3
3744,0,11227
3745,0,10181.4
3746,0,12392.9
3747,0,9531.6
3748,0,6113.1
3749,0,6229
3750,0,927
3751,0,1310.3
3752,0,33187.5
3753,0,50615.4
3754,0,60203.8
3755,0,69886.1
3756,0,68480.6
3757,0,84030.6
3758,0,94565.6
3759,0,105505.2
3760,0,115345.9
3761,0,112149.5
3762,0,82875.3
3763,0,66979.6
3764,0,35865
3765,0,23414.8
3766,0,15604
3767,0,9685.8
3768,0,11644.4
3769,0,10756.6
3770,0,9494.7
3771,0,12780.7
3772,0,4893.7
3773,0,12626.6
3774,0,998.1
3775,0,3592
3776,0,54597.2
3777,0,80201.7
3778,0,93426.7
3779,0,96629.2
3780,0,92511.2
3781,0,103840
3782,0,110570
3783,0,119667.9
3784,0,126370.6
3785,0,120819
3786,0,88339.3
3787,0,73237.9
3788,0,44677.7
3789,0,30162.3
3790,0,21462.3
3791,0,13369.6
3792,0,11296.2
3793,0,8299.5
3794,0,10395
3795,0,13210.2
3796,0,8461.1
3797,0,11698.6
3798,0,1042.1
3799,0,3643.9
3800,0,40923
3801,0,64777.3
3802,0,75494.5
3803,0,88461.4
3804,0,88666.2
3805,0,100948
3806,0,109070.6
3807,0,115454.4
3808,0,119339.1
3809,0,116844
3810,0,76938.4
3811,0,57519.6
3812,0,33658.4
3813,0,22907.7
3814,0,17028.7
3815,0,10741.4
3816,0,10576.5
3817,0,7274.7
3818,0,10373.3
3819,0,12974.9
3820,0,7792.9
3821,0,13353.8
3822,0,985.7
3823,0,4452.3
3824,0,45171.9
3825,0,64665.1
3826,0,83428.3
3827,0,97854.7
3828,0,100027
3829,0,112765.5
3830,0,119600.5
3831,0,128105.3
3832,0,133637.7
3833,0,117208.6
3834,0,77991.9
3835,0,59245.3
3836,0,35671.2
3837,0,24975.2
3838,0,19662
3839,0,11194.6
3840,0,10774.8
3841,0,7240.4
3842,0,12558.2
3843,0,13339.8
3844,0,14502.1
3845,0,16192.9
3846,0,2491.5
3847,0,13146.4
3848,0,30320.7
3849,0,40424.2
3850,0,44678
3851,0,52415.1
3852,0,56930
3853,0,57668.5
3854,0,43164.1
3855,0,45703.5
3856,0,34414.4
3857,0,24493.8
3858,0,18202.5
3859,0,18624.7
3860,0,5058.9
3861,0,6898.3
3862,0,7386.6
3863,0,7878.8
3864,0,7137.9
3865,0,5640
3866,0,7776.8
3867,0,4640
3868,0,6501.2
3869,0,4116
3870,0,4435.3
3871,0,5881.8
3872,0,17582.9
3873,0,8911.5
3874,0,5601.4
3875,0,7812.5
3876,0,5713.6
3877,0,2369
3878,0,4291.3
3879,0,3492.9
3880,0,6029.7
3881,0,2719.5
3882,0,3285.6
3883,0,5708.7
3884,0,9446.8
3885,0,6243.9
3886,0,5054.6
3887,0,5522.2
3888,0,7750.8
3889,0,7075.3
3890,0,4218.6
3891,0,5163.4
3892,0,2466.1
3893,0,3425.3
3894,0,596.4
3895,0,1303.2
3896,0,39568
3897,0,53623.7
3898,0,65406.4
3899,0,78358.3
3900,0,76335.1
3901,0,91224.2
3902,0,101234.8
3903,0,110349.5
3904,0,118019
3905,0,112527.9
3906,0,83028.1
3907,0,65764.6
3908,0,32997.4
3909,0,19885.9
3910,0,13388.6
3911,0,9002.6
3912,0,12063.4
3913,0,13316
3914,0,6550.6
3915,0,12373.7
3916,0,9476.3
3917,0,11674.5
3918,0,717.4
3919,0,2386.9
3920,0,38410.5
3921,0,62994.7
3922,0,80393.5
3923,0,92945.1
3924,0,88540.5
3925,0,100877.3
3926,0,105729.6
3927,0,112619.8
3928,0,121646.9
3929,0,119000.4
3930,0,89458.2
3931,0,70024.8
3932,0,38869
3933,0,24168.2
3934,0,17508.9
3935,0,10482.1
3936,0,12362.7
3937,0,6446
3938,0,13443.6
3939,0,6950.4
3940,0,11432.5
3941,0,15269.3
3942,0,482.5
3943,0,3637.1
3944,0,36358.4
3945,0,52929.2
3946,0,67516.8
3947,0,80562.2
3948,0,86827.4
3949,0,102238.2
3950,0,111246.3
3951,0,120572.1
3952,0,127903.8
3953,0,123188.7
3954,0,93435.7
3955,0,79138
3956,0,45240.9
3957,0,30830.9
3958,0,21329.6
3959,0,12986.5
3960,0,11561.9
3961,0,11929.1
3962,0,10092.1
3963,0,14501.5
3964,0,8155.4
3965,0,12685.4
3966,0,878.3
3967,0,3021.1
3968,0,33019.9
3969,0,39873.7
3970,0,50771.7
3971,0,66383
3972,0,70902.8
3973,0,87275.6
3974,0,95648.9
3975,0,99815
3976,0,106274.6
3977,0,105267.6
3978,0,79122.6
3979,0,62032.2
3980,0,32373.7
3981,0,19631.2
3982,0,14541.7
3983,0,10730
3984,0,10638.5
3985,0,6563.1
3986,0,13503.8
3987,0,15025.8
3988,0,14269
3989,0,12086.4
3990,0,362.4
3991,0,4453.7
3992,0,56699.9
3993,0,72895.5
3994,0,84492.9
3995,0,94317.2
3996,0,91446.2
3997,0,105600
3998,0,114026.4
3999,0,123682.4
4000,0,130803.7
4001,0,125833.3
4002,0,98047
4003,0,83937.5
4004,0,49193.2
4005,0,34384.1
4006,0,24660.1
4007,0,14875.4
4008,0,13260.1
4009,0,5889.2
4010,0,15056.4
4011,0,12907.3
4012,0,14320.4
4013,0,11256.1
4014,0,2218.5
4015,0,5435.6
4016,0,22790.6
4017,0,35559.6
4018,0,44192
4019,0,54540.8
4020,0,61021.6
4021,0,64505.4
4022,0,54353.7
4023,0,59353.6
4024,0,58793
4025,0,54740.1
4026,0,56552.4
4027,0,55958.8
4028,0,19893.3
4029,0,10748
4030,0,7743.9
4031,0,7785.1
4032,0,8104.2
4033,0,7904.6
4034,0,4575.8
4035,0,3477.6
4036,0,4088.5
4037,0,8429.7
4038,0,10714.5
4039,0,3919.1
4040,0,12054.5
4041,0,19393.6
4042,0,24586.9
4043,0,31173.3
4044,0,40654.4
4045,0,43425.2
4046,0,52788
4047,0,58131.4
4048,0,37350.8
4049,0,17399.4
4050,0,6458.4
4051,0,6502.1
4052,0,10723.1
4053,0,14020.1
4054,0,7326.5
4055,0,6298.5
4056,0,9700.1
4057,0,11228.9
4058,0,7963.4
4059,0,7463.2
4060,0,6133.8
4061,0,9376
4062,0,249.8
4063,0,1312.8
4064,0,28069.4
4065,0,57472.4
4066,0,82455.3
4067,0,96866
4068,0,95088.4
4069,0,99315.3
4070,0,99879.2
4071,0,104053.9
4072,0,113752.8
4073,0,110214
4074,0,72254.8
4075,0,56452.5
4076,0,33269.3
4077,0,21886
4078,0,13749.8
4079,0,9282.4
4080,0,11468.3
4081,0,6960.2
4082,0,14604.2
4083,0,10193.5
4084,0,9776
4085,0,12673.3
4086,0,1899.4
4087,0,2508.4
4088,0,49661.2
4089,0,69422.8
4090,0,82375.4
4091,0,95142.6
4092,0,94369
4093,0,109487
4094,0,117557.7
4095,0,125181.3
4096,0,129400.6
4097,0,113006.5
4098,0,76259.4
4099,0,61589.7
4100,0,39648.3
4101,0,28493.9
4102,0,21528.1
4103,0,14269.5
4104,0,11830.2
4105,0,11854.6
4106,0,10405.8
4107,0,11049.2
4108,0,13769.8
4109,0,9068.5
4110,0,2024.1
4111,0,6005.4
4112,0,60700.4
4113,0,83978.8
4114,0,96036.6
4115,0,105640.5
4116,0,102284.4
4117,0,115461.7
4118,0,122725
4119,0,131264.8
4120,0,138725
4121,0,134924.6
4122,0,108483.1
4123,0,94745.8
4124,0,59886.5
4125,0,43490.8
4126,0,30262
4127,0,21074.6
4128,0,16711.6
4129,0,12024.5
4130,0,13428
4131,0,12067.4
4132,0,10315.3
4133,0,11772.3
4134,0,2497.3
4135,0,5985.8
4136,0,69875.1
4137,0,88195.4
4138,0,98883.3
4139,0,111336.7
4140,0,109478.5
4141,0,122540.9
4142,0,128036.4
4143,0,131776.1
4144,0,124202.8
4145,0,112240.7
4146,0,75379.7
4147,0,58010.9
4148,0,35993.5
4149,0,25719.9
4150,0,21344.2
4151,0,13627.2
4152,0,11541.7
4153,0,8251.1
4154,0,13692
4155,0,9388.9
4156,0,8506.1
4157,0,10810.8
4158,0,2349.8
4159,0,4640.5
4160,0,43114.6
4161,0,59895.7
4162,0,67836.8
4163,0,85717.8
4164,0,89732.4
4165,0,104023
4166,0,112558
4167,0,119467
4168,0,122743.1
4169,0,122438
4170,0,97052.7
4171,0,80331.3
4172,0,48311.2
4173,0,33088.3
4174,0,24292.9
4175,0,15273
4176,0,13878.7
4177,0,8259.9
4178,0,17088
4179,0,13724.4
4180,0,14817.9
4181,0,11896.2
4182,0,2358.2
4183,0,11083.8
4184,0,27320.5
4185,0,36159.8
4186,0,39562.4
4187,0,42721.2
4188,0,44281
4189,0,46481.5
4190,0,32513.4
4191,0,31918
4192,0,31664.4
4193,0,23524
4194,0,27702.4
4195,0,30424.8
4196,0,5683.2
4197,0,6107.2
4198,0,4539.8
4199,0,5005.5
4200,0,4724.2
4201,0,6847.2
4202,0,3669.5
4203,0,5852.2
4204,0,3839.5
4205,0,3694.2
4206,0,4789.2
4207,0,8138.6
4208,0,19605.4
4209,0,25528.2
4210,0,21579.5
4211,0,19583.4
4212,0,12634.9
4213,0,14479.9
4214,0,14234.2
4215,0,18124.2
4216,0,9097.5
4217,0,7148.7
4218,0,5284
4219,0,3856
4220,0,4593.8
4221,0,10283.9
4222,0,3848.7
4223,0,8372.9
4224,0,4347.2
4225,0,7122.2
4226,0,6337.9
4227,0,7256.2
4228,0,6879.4
4229,0,5442.2
4230,0,1132.9
4231,0,7439.8
4232,0,51245.7
4233,0,66569.3
4234,0,79116.4
4235,0,87469.8
4236,0,88357.7
4237,0,104391.5
4238,0,111862.7
4239,0,121181.5
4240,0,127725.9
4241,0,122650.2
4242,0,94362.7
4243,0,76953.2
4244,0,46205.8
4245,0,31014.3
4246,0,18545.6
4247,0,14730.2
4248,0,12943.3
4249,0,11553.5
4250,0,10240.3
4251,0,13531.9
4252,0,6827.8
4253,0,13114.6
4254,0,1524.8
4255,0,19671.8
4256,0,69372.9
4257,0,86961
4258,0,97117.3
4259,0,106531.9
4260,0,103464.7
4261,0,118603.5
4262,0,127047.3
4263,0,131550.6
4264,0,134053.4
4265,0,123329.1
4266,0,89508.5
4267,0,75869
4268,0,53553.8
4269,0,40307.4
4270,0,31297.9
4271,0,21878.9
4272,0,14903.2
4273,0,14609.4
4274,0,10706.6
4275,0,10278
4276,0,16165.3
4277,0,6730.6
4278,0,3516.7
4279,0,15335.5
4280,0,79518
4281,0,97001.3
4282,0,105978.1
4283,0,115646.1
4284,0,111926.2
4285,0,124020.9
4286,0,131704.8
4287,0,139757.3
4288,0,147895.6
4289,0,142362.8
4290,0,109128.3
4291,0,92055.6
4292,0,63278.6
4293,0,46900.2
4294,0,37450.7
4295,0,30222.9
4296,0,19664.7
4297,0,17749.6
4298,0,13701.5
4299,0,9532.6
4300,0,12797.3
4301,0,10874.7
4302,0,4415.6
4303,0,11168.3
4304,0,80687.4
4305,0,98867.5
4306,0,109887.9
4307,0,118955.2
4308,0,116354
4309,0,130242.2
4310,0,137126.7
4311,0,144187.4
4312,0,150137.9
4313,0,144097.9
4314,0,113436.3
4315,0,96582.3
4316,0,69658.2
4317,0,54586.7
4318,0,46117.8
4319,0,43141.4
4320,0,27134.7
4321,0,26405.7
4322,0,16015.9
4323,0,13299.4
4324,0,15583.8
4325,0,15118.1
4326,0,12008.5
4327,0,25839.4
4328,0,90399.8
4329,0,105300.4
4330,0,113583.7
4331,0,120455.7
4332,0,117928.5
4333,0,130343.9
4334,0,136264.5
4335,0,142550.4
4336,0,148490.1
4337,0,142350.6
4338,0,108400.5
4339,0,89357.9
4340,0,65170.2
4341,0,50769.5
4342,0,40690.8
4343,0,39216.3
4344,0,20568
4345,0,15122
4346,0,10367.9
4347,0,17697.4
4348,0,16728.1
4349,0,7996.7
4350,0,6372.7
4351,0,4014.1
4352,0,13202.3
4353,0,27251.5
4354,0,37045.2
4355,0,46711.6
4356,0,53162.1
4357,0,48701.2
4358,0,26482.2
4359,0,25693.2
4360,0,23548.3
4361,0,13208.8
4362,0,5111.2
4363,0,3090.8
4364,0,11534.8
4365,0,14346
4366,0,13930.5
4367,0,8384.6
4368,0,9403.6
4369,0,8865.9
4370,0,5796.5
4371,0,11206.5
4372,0,12389
4373,0,10445.2
4374,0,10646.1
4375,0,16095.4
4376,0,8499.9
4377,0,4429.7
4378,0,2673.5
4379,0,8887
4380,0,12344.5
4381,0,21538
4382,0,17752.1
4383,0,27663
4384,0,21368.9
4385,0,15120.6
4386,0,3743.4
4387,0,4647.1
4388,0,6657
4389,0,7731
4390,0,11037.3
4391,0,7059.9
4392,0,9000.3
4393,0,11104.8
4394,0,8781.4
4395,0,10412.8
4396,0,11798
4397,0,12450
4398,0,1258.9
4399,0,2266.2
4400,0,32383.1
4401,0,50088.1
4402,0,65110.6
4403,0,79161.8
4404,0,82854.8
4405,0,98641.3
4406,0,103804.1
4407,0,106737.5
4408,0,108434.8
4409,0,99947.6
4410,0,68348
4411,0,52993.6
4412,0,31533.4
4413,0,20985.5
4414,0,15901.7
4415,0,10240.1
4416,0,16120.2
4417,0,6248.2
4418,0,14738.9
4419,0,6881.6
4420,0,10650
4421,0,11621.3
4422,0,16969
4423,0,15189.1
4424,0,16164.8
4425,0,8647.9
4426,0,6239.3
4427,0,4377.2
4428,0,4940.1
4429,0,3205.5
4430,0,4824
4431,0,6525.8
4432,0,7458.5
4433,0,4472.6
4434,0,5409.4
4435,0,2718.5
4436,0,3496.4
4437,0,6612.2
4438,0,7517.3
4439,0,1968.2
4440,0,4573.1
4441,0,9464.7
4442,0,6958.3
4443,0,11168.1
4444,0,9097.3
4445,0,13195.5
4446,0,983.4
4447,0,1763.6
4448,0,28259.3
4449,0,39222.3
4450,0,52147.9
4451,0,67705.6
4452,0,72776.3
4453,0,91839.6
4454,0,96044.6
4455,0,99102.9
4456,0,102717.5
4457,0,94465.3
4458,0,63785.2
4459,0,50948.5
4460,0,29540.8
4461,0,18961.4
4462,0,12258.8
4463,0,9552.5
4464,0,13406.9
4465,0,9146
4466,0,15054
4467,0,5256.5
4468,0,8953.7
4469,0,8482.9
4470,0,827.7
4471,0,3587.1
4472,0,48035.1
4473,0,75815.7
4474,0,90879.5
4475,0,100989.6
4476,0,99135.6
4477,0,111959.2
4478,0,118962.3
4479,0,129627.5
4480,0,137019.6
4481,0,130837.3
4482,0,101777.6
4483,0,87536.2
4484,0,59798
4485,0,44514.7
4486,0,30972.6
4487,0,23354.4
4488,0,15077
4489,0,12835.9
4490,0,14137.7
4491,0,11501.4
4492,0,9556.8
4493,0,7090.9
4494,0,3981.1
4495,0,7929.6
4496,0,73689.9
4497,0,93814.1
4498,0,106228.1
4499,0,116181.6
4500,0,113520.5
4501,0,126501.2
4502,0,133219.1
4503,0,140068.2
4504,0,145624.2
4505,0,138835.9
4506,0,107065.9
4507,0,92382.4
4508,0,65127.5
4509,0,49387.3
4510,0,36628.2
4511,0,32164.6
4512,0,15203.7
4513,0,16730.8
4514,0,14663.6
4515,0,11653.8
4516,0,12421.4
4517,0,15486.3
4518,0,5932.7
4519,0,23161.5
4520,0,46743.5
4521,0,62150.5
4522,0,71714.4
4523,0,80209.6
4524,0,81409
4525,0,82500.9
4526,0,68336.8
4527,0,73006.6
4528,0,76404.9
4529,0,72779.8
4530,0,83142.8
4531,0,88330.3
4532,0,50902.2
4533,0,38265.5
4534,0,20430.7
4535,0,15796.4
4536,0,9080.9
4537,0,6746.7
4538,0,9169.9
4539,0,7768.3
4540,0,16792.1
4541,0,8436.6
4542,0,6430.3
4543,0,20381.3
4544,0,36060.8
4545,0,42513.8
4546,0,55254.7
4547,0,61575.7
4548,0,66277.7
4549,0,66328.4
4550,0,77974.8
4551,0,84220.4
4552,0,91054.2
4553,0,91631.3
4554,0,88666.2
4555,0,76978.9
4556,0,48279.1
4557,0,28189.2
4558,0,16264.8
4559,0,11896
4560,0,8564.6
4561,0,8036.6
4562,0,6143.4
4563,0,9893.7
4564,0,8177.9
4565,0,10366.2
4566,0,5887.2
4567,0,26041.2
4568,0,84127.6
4569,0,100537.8
4570,0,108868.2
4571,0,117029.8
4572,0,113216.5
4573,0,126221.2
4574,0,131268.2
4575,0,138375.8
4576,0,144914.8
4577,0,140295.9
4578,0,112304.4
4579,0,99364.6
4580,0,68446.3
4581,0,50049.8
4582,0,34264
4583,0,27288.7
4584,0,17729.7
4585,0,16836.2
4586,0,10749.6
4587,0,8142.7
4588,0,11520.2
4589,0,9142
4590,0,4384.1
4591,0,26650.6
4592,0,85773.8
4593,0,100319.4
4594,0,109321.8
4595,0,116854.2
4596,0,112987.5
4597,0,125439.8
4598,0,131875.5
4599,0,138215.4
4600,0,144979.7
4601,0,140845.6
4602,0,113305.6
4603,0,102157.6
4604,0,71180.1
4605,0,52020.3
4606,0,37510.4
4607,0,30025.9
4608,0,17858.1
4609,0,16624.7
4610,0,11746.7
4611,0,7285.7
4612,0,11293.2
4613,0,10362.7
4614,0,3635.1
4615,0,8075.2
4616,0,67352
4617,0,89842.5
4618,0,105287.7
4619,0,115009.8
4620,0,112215.6
4621,0,126499.5
4622,0,133886.6
4623,0,141924.3
4624,0,148894.8
4625,0,144007.3
4626,0,113995.9
4627,0,100784.6
4628,0,69685.2
4629,0,52136.2
4630,0,38739.8
4631,0,34893
4632,0,20731.4
4633,0,18742.5
4634,0,12439.8
4635,0,10715
4636,0,13220.2
4637,0,10824.1
4638,0,7153.8
4639,0,12442.9
4640,0,69400.5
4641,0,92794.3
4642,0,107102.3
4643,0,119761.8
4644,0,116580.2
4645,0,129797.8
4646,0,136353.8
4647,0,139121
4648,0,137675.4
4649,0,130697.7
4650,0,104351.8
4651,0,93684.4
4652,0,63623.7
4653,0,47988.9
4654,0,35811.6
4655,0,30633.4
4656,0,17048.2
4657,0,15898.4
4658,0,11736.1
4659,0,12534.1
4660,0,12204.8
4661,0,10347.7
4662,0,8245.1
4663,0,19320.3
4664,0,85296.2
4665,0,100987.2
4666,0,110524.8
4667,0,118492.6
4668,0,115032.2
4669,0,128897.4
4670,0,134492
4671,0,140413.8
4672,0,144758.8
4673,0,139331.4
4674,0,111520.3
4675,0,99673.4
4676,0,67866.4
4677,0,49066.6
4678,0,34360.9
4679,0,26640.1
4680,0,13386.2
4681,0,12732.8
4682,0,10076.1
4683,0,10878.2
4684,0,11403
4685,0,13340.9
4686,0,1529.4
4687,0,7551
4688,0,27610.3
4689,0,39089.5
4690,0,46380.6
4691,0,54590.8
4692,0,59092.4
4693,0,61630.2
4694,0,47300.5
4695,0,52207.3
4696,0,55254.8
4697,0,51190.9
4698,0,52789.7
4699,0,53970.2
4700,0,19973.1
4701,0,10859.3
4702,0,11223.9
4703,0,11643
4704,0,10359
4705,0,8664.2
4706,0,7837.7
4707,0,8895.2
4708,0,12115.8
4709,0,10071.2
4710,0,15022.4
4711,0,8028.7
4712,0,19440.8
4713,0,13261
4714,0,9276.1
4715,0,8270.7
4716,0,14459
4717,0,12457
4718,0,16164.6
4719,0,13504.9
4720,0,14739.2
4721,0,7737.9
4722,0,6155.4
4723,0,3035.7
4724,0,2373.9
4725,0,5492.6
4726,0,7509.6
4727,0,4603.9
4728,0,6868.3
4729,0,6541.5
4730,0,7525.5
4731,0,5218.7
4732,0,9323.8
4733,0,11143.6
4734,0,630.4
4735,0,4301.6
4736,0,50728.9
4737,0,69645.7
4738,0,83427.8
4739,0,96140.7
4740,0,95379.4
4741,0,110665.8
4742,0,118633.5
4743,0,122479.9
4744,0,125078.4
4745,0,119622.2
4746,0,95096.2
4747,0,83382.2
4748,0,51860.9
4749,0,35882.4
4750,0,20259.5
4751,0,15789.4
4752,0,10316
4753,0,9982.2
4754,0,10333.5
4755,0,10305.7
4756,0,7779.5
4757,0,6990.1
4758,0,692
4759,0,8648.3
4760,0,68201.7
4761,0,86989.4
4762,0,100532.2
4763,0,110760.8
4764,0,107433.3
4765,0,121143.2
4766,0,128801.8
4767,0,137772.2
4768,0,144858
4769,0,139529
4770,0,111040.4
4771,0,97802.9
4772,0,66163.2
4773,0,48140.1
4774,0,35636.1
4775,0,26622.6
4776,0,17046.9
4777,0,16746
4778,0,12712.4
4779,0,9444.4
4780,0,11460.9
4781,0,9736.7
4782,0,2074.7
4783,0,15003.3
4784,0,79134.2
4785,0,97845.2
4786,0,110103.1
4787,0,118724.5
4788,0,116022
4789,0,130127.5
4790,0,135639.3
4791,0,142270.8
4792,0,149593.9
4793,0,142825.4
4794,0,112263
4795,0,97563.4
4796,0,68661.2
4797,0,53000.1
4798,0,40971.5
4799,0,38721.7
4800,0,24473.4
4801,0,24644.9
4802,0,16084.9
4803,0,17055.3
4804,0,9678
4805,0,9789.4
4806,0,9778.8
4807,0,13779.2
4808,0,64111.1
4809,0,81971.5
4810,0,97072
4811,0,114989.2
4812,0,116787.1
4813,0,135151.2
4814,0,141123
4815,0,141507.5
4816,0,140361.6
4817,0,131745.9
4818,0,94560.5
4819,0,74740.3
4820,0,50077.9
4821,0,38509.3
4822,0,30477.1
4823,0,21446
4824,0,14441.4
4825,0,13904.9
4826,0,9331
4827,0,13660.9
4828,0,13180.1
4829,0,7963.3
4830,0,5848.7
4831,0,17536.9
4832,0,81714.3
4833,0,94756.9
4834,0,99366
4835,0,107320.8
4836,0,112128.4
4837,0,125917
4838,0,132239.8
4839,0,135684.6
4840,0,138476.5
4841,0,132343.3
4842,0,105214.8
4843,0,90908.3
4844,0,61777.5
4845,0,48056.7
4846,0,36852.7
4847,0,32130.4
4848,0,15104.3
4849,0,16102.5
4850,0,15580.6
4851,0,11670.2
4852,0,11613.9
4853,0,12106
4854,0,3468.7
4855,0,3961.9
4856,0,22062.5
4857,0,42345.5
4858,0,54956.8
4859,0,68020.4
4860,0,70994.6
4861,0,73148.2
4862,0,55823.4
4863,0,50824.6
4864,0,48374.6
4865,0,45327.7
4866,0,38633.7
4867,0,28876.3
4868,0,10143.3
4869,0,5293
4870,0,16326.9
4871,0,14552.2
4872,0,15975
4873,0,11928
4874,0,9989.3
4875,0,9280.6
4876,0,12105.3
4877,0,9291.1
4878,0,13097.6
4879,0,4764.9
4880,0,17881.3
4881,0,22405.9
4882,0,25897.4
4883,0,24796.7
4884,0,31315.9
4885,0,26186.8
4886,0,34705
4887,0,39121.2
4888,0,52861.2
4889,0,42764.3
4890,0,40718.2
4891,0,22028.3
4892,0,6773.5
4893,0,4450.8
4894,0,4000.1
4895,0,4014.8
4896,0,5841.9
4897,0,7187.1
4898,0,7998
4899,0,6770.2
4900,0,9529.9
4901,0,11598.4
4902,0,815.1
4903,0,1595.6
4904,0,33064.2
4905,0,56117.8
4906,0,76553.8
4907,0,89180.9
4908,0,86673.8
4909,0,91183.7
4910,0,93216.3
4911,0,103512.4
4912,0,105734.2
4913,0,98108.1
4914,0,65996.1
4915,0,49659.1
4916,0,28395.6
4917,0,19119.3
4918,0,14705.6
4919,0,9990.9
4920,0,13394.4
4921,0,9693.1
4922,0,14963.7
4923,0,6107.5
4924,0,10144.8
4925,0,7757
4926,0,2256.1
4927,0,3644.1
4928,0,37889.7
4929,0,50514.1
4930,0,61207.6
4931,0,72680.4
4932,0,75043
4933,0,82649.7
4934,0,88194.7
4935,0,93142.7
4936,0,96243
4937,0,88790.9
4938,0,57881
4939,0,45188.1
4940,0,26083.3
4941,0,17107.3
4942,0,13049.2
4943,0,8827.3
4944,0,11620.3
4945,0,9366.2
4946,0,10303.4
4947,0,4952.8
4948,0,9911.8
4949,0,11191.6
4950,0,2455
4951,0,4062.8
4952,0,43203.7
4953,0,63721.3
4954,0,79617.3
4955,0,94537.7
4956,0,97623
4957,0,108569.2
4958,0,117017.8
4959,0,126041.4
4960,0,132664.4
4961,0,122481.7
4962,0,87435
4963,0,70235.2
4964,0,47463.3
4965,0,35920.7
4966,0,26643.6
4967,0,15151.9
4968,0,9632.3
4969,0,10776.4
4970,0,13107.8
4971,0,11945.9
4972,0,14634.1
4973,0,10970.3
4974,0,3462.4
4975,0,6399.8
4976,0,53843.6
4977,0,87220.9
4978,0,101580.6
4979,0,105843.8
4980,0,108622.2
4981,0,122746.2
4982,0,130255.5
4983,0,132704.1
4984,0,140124.2
4985,0,134340
4986,0,106901.4
4987,0,93429
4988,0,62241
4989,0,45645.1
4990,0,33029.5
4991,0,24097.5
4992,0,15910.7
4993,0,15805
4994,0,10234.2
4995,0,8076.9
4996,0,11204.8
4997,0,9606.5
4998,0,3851.5
4999,0,6226.7
5000,0,46595.1
5001,0,63908.4
5002,0,77636
5003,0,89041.5
5004,0,87889.6
5005,0,95688.1
5006,0,101283.1
5007,0,106764.5
5008,0,111894.9
5009,0,103578
5010,0,71600.5
5011,0,55038.1
5012,0,33404.7
5013,0,23531.3
5014,0,15904.2
5015,0,11563.5
5016,0,11181.3
5017,0,10894.3
5018,0,7932.8
5019,0,13697.2
5020,0,6492.6
5021,0,12784.7
5022,0,2270.4
5023,0,2601.6
5024,0,17520.3
5025,0,38725.2
5026,0,50364.7
5027,0,61453.7
5028,0,61844.8
5029,0,61847.2
5030,0,46854.4
5031,0,49900.6
5032,0,50918.8
5033,0,42276.6
5034,0,37901.5
5035,0,27943.5
5036,0,6159.8
5037,0,6040.9
5038,0,8293.2
5039,0,8170
5040,0,7134.1
5041,0,7762.2
5042,0,9405.6
5043,0,8303
5044,0,11631.7
5045,0,8031.4
5046,0,8760
5047,0,8360.1
5048,0,3943.5
5049,0,14992.8
5050,0,20469.2
5051,0,24046.3
5052,0,28528.1
5053,0,28300.3
5054,0,34180.3
5055,0,43016.9
5056,0,52154.1
5057,0,43043.1
5058,0,29105.3
5059,0,9395.1
5060,0,3167.5
5061,0,8101.6
5062,0,6246.4
5063,0,5751.2
5064,0,6530.2
5065,0,6528.9
5066,0,9349.3
5067,0,6978.4
5068,0,10394.8
5069,0,10769
5070,0,257.3
5071,0,942.9
5072,0,45921.2
5073,0,68421.2
5074,0,84427.4
5075,0,97168.1
5076,0,96475.7
5077,0,109730.4
5078,0,118393.5
5079,0,125569.5
5080,0,130475.5
5081,0,125552.7
5082,0,97939.7
5083,0,84030.2
5084,0,49372.1
5085,0,33532.4
5086,0,20941.7
5087,0,14796.4
5088,0,9844
5089,0,10888.5
5090,0,11903
5091,0,10636.8
5092,0,14197.9
5093,0,8682.3
5094,0,2406
5095,0,7756.3
5096,0,62899.1
5097,0,92932.7
5098,0,109820.4
5099,0,120181.8
5100,0,120760.5
5101,0,136089.4
5102,0,141519.5
5103,0,139085.4
5104,0,130617
5105,0,114922
5106,0,92141.1
5107,0,81177.2
5108,0,56188.1
5109,0,42570.4
5110,0,30262.9
5111,0,22835.1
5112,0,13978.8
5113,0,13851
5114,0,13586.2
5115,0,11706.3
5116,0,11873.1
5117,0,8057.8
5118,0,4069.1
5119,0,4864.2
5120,0,70650.5
5121,0,93138.7
5122,0,106024.5
5123,0,115864.6
5124,0,113427.9
5125,0,125992.2
5126,0,132515.4
5127,0,139762.9
5128,0,145246.3
5129,0,138938.5
5130,0,109589
5131,0,94073.1
5132,0,62174.7
5133,0,44212
5134,0,28380.6
5135,0,22002.8
5136,0,15916.3
5137,0,9935.1
5138,0,12174.4
5139,0,9562
5140,0,12609.9
5141,0,9231.3
5142,0,3140.6
5143,0,2282.9
5144,0,65118.6
5145,0,87514
5146,0,101140.2
5147,0,111862.4
5148,0,109925.1
5149,0,123256.6
5150,0,131150.1
5151,0,139231.5
5152,0,145361.6
5153,0,136931.3
5154,0,104047.7
5155,0,90990.5
5156,0,58830.1
5157,0,41933
5158,0,27245
5159,0,21826.1
5160,0,14914.9
5161,0,9163.8
5162,0,11207.6
5163,0,8338.5
5164,0,11416.1
5165,0,10817.5
5166,0,2457.4
5167,0,1837.2
5168,0,58827.8
5169,0,83395.5
5170,0,100670.7
5171,0,112293.7
5172,0,113171.1
5173,0,127198.5
5174,0,133306.5
5175,0,135434.1
5176,0,142994.4
5177,0,136172.7
5178,0,105013.4
5179,0,89514.1
5180,0,57818.8
5181,0,42454.2
5182,0,28542.6
5183,0,23117
5184,0,11489
5185,0,8370.1
5186,0,10936.8
5187,0,10095.1
5188,0,11706.1
5189,0,11247
5190,0,1498.9
5191,0,820.4
5192,0,13230.4
5193,0,37143.6
5194,0,52613.1
5195,0,67019.9
5196,0,73676.8
5197,0,72258.8
5198,0,49444.9
5199,0,46742.4
5200,0,40912.9
5201,0,36987.2
5202,0,35692
5203,0,32216.6
5204,0,12320.8
5205,0,6875.3
5206,0,8302
5207,0,12190.4
5208,0,10764.4
5209,0,7968.7
5210,0,7289.5
5211,0,10813.5
5212,0,7754.3
5213,0,11798
5214,0,10985.1
5215,0,9230.7
5216,0,14107.5
5217,0,25115.8
5218,0,31076.2
5219,0,43249.6
5220,0,46192.8
5221,0,55495.1
5222,0,56609.4
5223,0,72014.5
5224,0,66798.9
5225,0,73534.4
5226,0,57772.1
5227,0,47741
5228,0,14131.5
5229,0,8974.3
5230,0,8610.1
5231,0,12631.4
5232,0,17056
5233,0,13499.4
5234,0,12044.5
5235,0,8570.8
5236,0,9861.2
5237,0,12940.5
5238,0,887.2
5239,0,3669.3
5240,0,46462.7
5241,0,77082.1
5242,0,93634.8
5243,0,105361.4
5244,0,106053.5
5245,0,121216
5246,0,127862.3
5247,0,135822.4
5248,0,141024.4
5249,0,130998.1
5250,0,93932.9
5251,0,77616.9
5252,0,52350.9
5253,0,41035.1
5254,0,31277.5
5255,0,21163.6
5256,0,11771.4
5257,0,11212.2
5258,0,14877.8
5259,0,12133.4
5260,0,12314.5
5261,0,10095.1
5262,0,5177.3
5263,0,11242.8
5264,0,57184.1
5265,0,74112.7
5266,0,81174.1
5267,0,99116.5
5268,0,97285
5269,0,106203
5270,0,101422.4
5271,0,101197.5
5272,0,99689.5
5273,0,90393.1
5274,0,61220.4
5275,0,50651.1
5276,0,33150.3
5277,0,24233.2
5278,0,14597
5279,0,12239.3
5280,0,11708.3
5281,0,9099
5282,0,11832.9
5283,0,8972.8
5284,0,6912
5285,0,7840.9
5286,0,862.5
5287,0,6447.8
5288,0,48172.8
5289,0,75565
5290,0,90605.4
5291,0,101138.7
5292,0,99301.7
5293,0,112809.6
5294,0,119908.8
5295,0,127761.3
5296,0,133689.6
5297,0,126560.3
5298,0,96244.2
5299,0,79610.2
5300,0,47039.8
5301,0,30144
5302,0,18546.8
5303,0,14296.1
5304,0,9883.9
5305,0,8321.8
5306,0,10798
5307,0,9782.1
5308,0,13004.8
5309,0,13119.3
5310,0,492.6
5311,0,2814.1
5312,0,46441.9
5313,0,66966.2
5314,0,82682.7
5315,0,97221.5
5316,0,99166
5317,0,115774.3
5318,0,121142.9
5319,0,119166.1
5320,0,131680.1
5321,0,125695.2
5322,0,97194.7
5323,0,81496.6
5324,0,50730.9
5325,0,36853.2
5326,0,23599.9
5327,0,19072.5
5328,0,10866.1
5329,0,10531.3
5330,0,11778.6
5331,0,7125.2
5332,0,10779.2
5333,0,8337
5334,0,2439
5335,0,8144.4
5336,0,59647
5337,0,86437.9
5338,0,102694.2
5339,0,109949
5340,0,111597.1
5341,0,130878
5342,0,138709.7
5343,0,141207.1
5344,0,129757.3
5345,0,116599.6
5346,0,85008.4
5347,0,73400.4
5348,0,52435.3
5349,0,41275.1
5350,0,30168.8
5351,0,23362.1
5352,0,11725.4
5353,0,13624.5
5354,0,13347.8
5355,0,7528.5
5356,0,12720
5357,0,6332.2
5358,0,2594.4
5359,0,3292.8
5360,0,19411.2
5361,0,43420.3
5362,0,58543.8
5363,0,72563.4
5364,0,79322.4
5365,0,84148.7
5366,0,72884.7
5367,0,76371.3
5368,0,76535.1
5369,0,67401.3
5370,0,65339.3
5371,0,57723.6
5372,0,28064.2
5373,0,24423.7
5374,0,13357.4
5375,0,8799.3
5376,0,10121
5377,0,7289
5378,0,14583.5
5379,0,16400.2
5380,0,15350.7
5381,0,17077.7
5382,0,21754.2
5383,0,4533.3
5384,0,4898.7
5385,0,8728.6
5386,0,22311.7
5387,0,43519
5388,0,47301.3
5389,0,53642.1
5390,0,61509.5
5391,0,56309.8
5392,0,51058.1
5393,0,65156.7
5394,0,47412
5395,0,32830.4
5396,0,17172.6
5397,0,10722.4
5398,0,8361.4
5399,0,6784.9
5400,0,5532
5401,0,5115.9
5402,0,7757.8
5403,0,10357.2
5404,0,8374.3
5405,0,12923.3
5406,0,488.3
5407,0,7052.3
5408,0,62098.9
5409,0,88220.8
5410,0,103775.8
5411,0,118207.9
5412,0,119733
5413,0,134017.2
5414,0,141595
5415,0,143735.1
5416,0,126637.4
5417,0,101395.6
5418,0,65932.3
5419,0,54166.6
5420,0,35832.5
5421,0,26614.2
5422,0,19050.9
5423,0,13970.4
5424,0,11483.6
5425,0,11153.5
5426,0,11802.9
5427,0,9181.9
5428,0,11595.7
5429,0,7135.4
5430,0,2064.8
5431,0,5052.4
5432,0,48875.9
5433,0,64265.8
5434,0,74898.7
5435,0,90158.5
5436,0,83764.3
5437,0,101246.3
5438,0,103528.7
5439,0,105951.6
5440,0,108855.6
5441,0,107209.3
5442,0,82439.4
5443,0,66147.1
5444,0,39047.8
5445,0,27619.6
5446,0,16352.1
5447,0,12807.6
5448,0,10466.9
5449,0,9583.6
5450,0,10655.3
5451,0,8395.5
5452,0,8493.4
5453,0,9466
5454,0,1397.9
5455,0,5540.4
5456,0,49777.2
5457,0,76346.3
5458,0,91461.1
5459,0,102682.8
5460,0,102326.2
5461,0,120254.1
5462,0,127031.2
5463,0,126607.4
5464,0,137630.6
5465,0,126517.1
5466,0,98224.4
5467,0,80636.7
5468,0,50999.9
5469,0,36249.6
5470,0,24441.2
5471,0,17268.5
5472,0,13454.9
5473,0,8537.3
5474,0,12924.8
5475,0,8200.2
5476,0,11696.4
5477,0,7659.5
5478,0,2470.3
5479,0,6792.3
5480,0,55288
5481,0,85315.5
5482,0,104642.4
5483,0,119376.6
5484,0,120016.5
5485,0,134579
5486,0,142287.6
5487,0,149268.5
5488,0,153825.8
5489,0,145464.7
5490,0,113118
5491,0,93569.6
5492,0,64519
5493,0,50206.4
5494,0,37640.6
5495,0,26922.5
5496,0,18734.7
5497,0,15026.1
5498,0,11416.8
5499,0,9620
5500,0,12054
5501,0,7971.5
5502,0,3925.2
5503,0,9130.8
5504,0,68470.4
5505,0,96416.5
5506,0,111293
5507,0,123128.8
5508,0,120412.9
5509,0,132320.3
5510,0,138041.6
5511,0,134576.9
5512,0,144816
5513,0,138544.1
5514,0,105381.4
5515,0,84050.5
5516,0,58722.1
5517,0,45102.5
5518,0,34266.9
5519,0,25118
5520,0,13580.6
5521,0,12504.6
5522,0,10929
5523,0,8061.5
5524,0,15363
5525,0,7294.9
5526,0,2503.7
5527,0,1514.4
5528,0,5595.3
5529,0,12161
5530,0,40228.3
5531,0,58222.7
5532,0,64862.7
5533,0,69110
5534,0,56895.1
5535,0,60371.7
5536,0,59620.4
5537,0,48201
5538,0,44996.3
5539,0,26829.6
5540,0,12867.8
5541,0,8104
5542,0,11275.5
5543,0,13161.3
5544,0,11503.7
5545,0,14790.4
5546,0,16736.1
5547,0,13912.4
5548,0,8484.4
5549,0,10088
5550,0,12050.3
5551,0,9971.7
5552,0,10819.4
5553,0,8019.1
5554,0,2860.9
5555,0,16949.8
5556,0,19383.8
5557,0,34968.7
5558,0,38770.8
5559,0,44089.7
5560,0,34508.9
5561,0,25971.2
5562,0,14037.2
5563,0,7897.9
5564,0,6143
5565,0,6719.3
5566,0,5749
5567,0,5368.3
5568,0,9636
5569,0,9006
5570,0,8602.5
5571,0,10507.7
5572,0,12336.2
5573,0,9355.4
5574,0,1627.3
5575,0,2118.6
5576,0,27214
5577,0,33308.7
5578,0,38386.8
5579,0,45243.9
5580,0,49711.3
5581,0,68734.1
5582,0,72014.8
5583,0,81490.6
5584,0,93810.5
5585,0,92226.8
5586,0,58868.9
5587,0,40892.7
5588,0,18784.8
5589,0,10495.6
5590,0,11269.1
5591,0,7359.5
5592,0,9746.5
5593,0,8942
5594,0,8919.9
5595,0,14611.5
5596,0,5884.2
5597,0,15317.8
5598,0,1095.3
5599,0,3196.6
5600,0,44651.2
5601,0,66536.2
5602,0,81998.5
5603,0,95395.6
5604,0,96646.6
5605,0,112122.6
5606,0,118076.1
5607,0,119280.9
5608,0,124065.8
5609,0,121024.9
5610,0,90524.5
5611,0,69596.6
5612,0,38858.5
5613,0,24140.9
5614,0,15324.7
5615,0,10891.8
5616,0,10991.3
5617,0,8244.3
5618,0,10547.4
5619,0,9568.5
5620,0,9746
5621,0,15428.5
5622,0,1383.3
5623,0,2590.6
5624,0,43786.3
5625,0,68329.8
5626,0,88196.2
5627,0,104003.1
5628,0,105947.6
5629,0,118371.1
5630,0,120750
5631,0,124677.2
5632,0,132974.8
5633,0,124352.8
5634,0,90833.9
5635,0,68400.1
5636,0,44368.9
5637,0,31392.7
5638,0,21102.7
5639,0,15890.2
5640,0,12930.2
5641,0,9734
5642,0,12779.9
5643,0,7925.4
5644,0,11646.9
5645,0,8466.8
5646,0,2174.9
5647,0,5343.5
5648,0,39990
5649,0,53295.6
5650,0,64953.7
5651,0,74386
5652,0,77413.3
5653,0,89894.5
5654,0,103696.7
5655,0,118097
5656,0,125294.1
5657,0,116841.5
5658,0,84022.9
5659,0,61993.2
5660,0,35651.5
5661,0,23895
5662,0,15088.2
5663,0,11549.8
5664,0,9671.2
5665,0,8228.4
5666,0,10939.8
5667,0,9596.4
5668,0,12560
5669,0,7516.6
5670,0,1054
5671,0,4432.1
5672,0,41473.9
5673,0,57480.9
5674,0,69188.3
5675,0,71934.6
5676,0,66727.2
5677,0,79183.8
5678,0,77084
5679,0,74076
5680,0,73420.7
5681,0,64945.4
5682,0,38666.3
5683,0,29379.4
5684,0,14889.4
5685,0,9366.8
5686,0,10060.1
5687,0,8461.9
5688,0,7737.5
5689,0,7503.8
5690,0,7410.1
5691,0,16910
5692,0,14116.4
5693,0,10884.3
5694,0,989.1
5695,0,0
5696,0,2542.5
5697,0,10264.3
5698,0,26017.1
5699,0,41081.7
5700,0,48103.7
5701,0,50641.2
5702,0,41601.2
5703,0,45919
5704,0,38536.3
5705,0,20662.9
5706,0,9556.7
5707,0,3080.5
5708,0,13158.3
5709,0,13776.6
5710,0,10636.4
5711,0,11506.4
5712,0,11466.8
5713,0,8418.6
5714,0,14047.4
5715,0,8695
5716,0,12002.8
5717,0,12255.2
5718,0,12338.4
5719,0,4528.3
5720,0,2802.4
5721,0,4095.6
5722,0,10443.6
5723,0,34537.7
5724,0,37057.9
5725,0,39593.3
5726,0,37774.6
5727,0,42897.5
5728,0,48580
5729,0,35241.7
5730,0,22002.2
5731,0,9961.9
5732,0,3171.7
5733,0,9752.2
5734,0,12230
5735,0,12425.1
5736,0,11297.5
5737,0,13850
5738,0,12852.8
5739,0,9419.2
5740,0,6778.2
5741,0,11820.8
5742,0,1460.4
5743,0,2534.4
5744,0,37694.4
5745,0,67704.7
5746,0,87548.7
5747,0,102878.9
5748,0,103727.5
5749,0,119427.6
5750,0,127815.8
5751,0,134840.5
5752,0,138923.5
5753,0,130049.2
5754,0,96439.7
5755,0,74381.8
5756,0,47622.2
5757,0,31814.2
5758,0,19906.1
5759,0,14342.4
5760,0,11776.6
5761,0,9899.1
5762,0,10363
5763,0,8303
5764,0,9508.7
5765,0,8068.2
5766,0,2482.5
5767,0,4804.2
5768,0,60674.2
5769,0,88840.4
5770,0,105174.1
5771,0,117029.6
5772,0,116896.9
5773,0,131184.6
5774,0,137276.1
5775,0,141694.9
5776,0,143340.8
5777,0,132476.9
5778,0,93958.7
5779,0,75563.7
5780,0,51927.8
5781,0,37603
5782,0,22991.3
5783,0,18022.4
5784,0,12967.8
5785,0,8430.5
5786,0,11102.2
5787,0,10267.1
5788,0,11172.9
5789,0,9795.5
5790,0,2615.2
5791,0,4817.3
5792,0,35764.7
5793,0,44078.8
5794,0,57501.8
5795,0,75744.9
5796,0,75547.9
5797,0,86876.8
5798,0,84900.6
5799,0,91342.2
5800,0,89822.5
5801,0,77979.2
5802,0,49647.2
5803,0,34050.8
5804,0,16555.3
5805,0,10368.5
5806,0,11178.1
5807,0,8903.7
5808,0,11159.9
5809,0,6482.8
5810,0,8515.3
5811,0,12945.6
5812,0,6353.7
5813,0,16455
5814,0,1057.3
5815,0,2971.9
5816,0,30700.5
5817,0,35208
5818,0,45302.5
5819,0,65568.5
5820,0,69843.2
5821,0,79888.8
5822,0,79823
5823,0,79073.3
5824,0,76227.9
5825,0,67401.9
5826,0,39649.8
5827,0,28535
5828,0,13006
5829,0,7578.8
5830,0,9739.9
5831,0,8040.1
5832,0,10233.7
5833,0,6292.6
5834,0,12438.2
5835,0,9348.8
5836,0,11022.9
5837,0,16339
5838,0,88.6
5839,0,2472.9
5840,0,30317.7
5841,0,62204.8
5842,0,83397.1
5843,0,96034.6
5844,0,95777.8
5845,0,109213.6
5846,0,113100.6
5847,0,124642.9
5848,0,128518.8
5849,0,120927.9
5850,0,88083.8
5851,0,65385.9
5852,0,39787.9
5853,0,26809
5854,0,20083.5
5855,0,13287.5
5856,0,13927.8
5857,0,7332.5
5858,0,16755.8
5859,0,6151
5860,0,11656.1
5861,0,11624.8
5862,0,2712.8
5863,0,596.6
5864,0,4120.8
5865,0,17323.7
5866,0,30599.3
5867,0,47039.8
5868,0,61254.2
5869,0,67012
5870,0,50126.4
5871,0,53043.8
5872,0,52508.9
5873,0,42678.3
5874,0,33583.5
5875,0,14367.4
5876,0,7607.6
5877,0,4543.6
5878,0,11080.2
5879,0,12593.5
5880,0,13315.8
5881,0,12081.8
5882,0,12349.3
5883,0,12938.3
5884,0,12849.1
5885,0,10989.9
5886,0,9803.3
5887,0,11266.6
5888,0,5282.5
5889,0,7918.2
5890,0,29128.1
5891,0,41803.6
5892,0,42322.8
5893,0,46475
5894,0,44943.8
5895,0,56428.2
5896,0,45689
5897,0,34173.6
5898,0,12236.6
5899,0,6802.3
5900,0,3741.8
5901,0,4475.4
5902,0,7889.9
5903,0,8138.8
5904,0,8395.3
5905,0,8744.2
5906,0,6715.3
5907,0,4928.4
5908,0,7804.8
5909,0,7238.6
5910,0,5354.9
5911,0,4916.8
5912,0,13478.5
5913,0,25249.5
5914,0,26415.7
5915,0,41677.6
5916,0,43407.6
5917,0,54962
5918,0,51472.2
5919,0,70603.9
5920,0,59975.4
5921,0,50142.2
5922,0,20430.3
5923,0,12432.4
5924,0,4792.4
5925,0,7783
5926,0,2854.6
5927,0,5064.3
5928,0,9504.8
5929,0,8863.1
5930,0,10506.1
5931,0,10831.7
5932,0,9899
5933,0,13374.9
5934,0,1225.3
5935,0,1397.8
5936,0,34505.6
5937,0,52272.1
5938,0,65106
5939,0,81611
5940,0,83042.5
5941,0,90759.7
5942,0,88279.3
5943,0,88246.3
5944,0,89401.8
5945,0,80993.6
5946,0,49964.8
5947,0,38543.4
5948,0,21733.6
5949,0,15312.5
5950,0,13559
5951,0,9360.8
5952,0,13920.8
5953,0,9558.2
5954,0,9191.5
5955,0,18237.3
5956,0,8096.9
5957,0,17058.2
5958,0,1752.8
5959,0,3421.8
5960,0,41212
5961,0,67274.8
5962,0,85833.1
5963,0,99174.9
5964,0,103970.5
5965,0,115130.2
5966,0,124510.8
5967,0,134032.8
5968,0,138590.6
5969,0,127318.4
5970,0,91619.6
5971,0,68564.6
5972,0,42570.4
5973,0,28881.4
5974,0,21921.6
5975,0,12319.6
5976,0,11212.8
5977,0,10604.8
5978,0,10388.9
5979,0,8560.6
5980,0,12044.7
5981,0,5626.9
5982,0,1657.6
5983,0,2549.3
5984,0,60347.6
5985,0,82740.5
5986,0,99038.2
5987,0,109723.1
5988,0,108323.5
5989,0,123664.9
5990,0,130609
5991,0,136016.3
5992,0,138520.6
5993,0,126244.3
5994,0,87146.8
5995,0,66299
5996,0,42002.6
5997,0,29362.7
5998,0,23081.5
5999,0,13232.8
6000,0,12566.3
6001,0,12479.6
6002,0,10408.2
6003,0,8719.3
6004,0,14085.5
6005,0,6367.4
6006,0,2369
6007,0,960.3
6008,0,51545.1
6009,0,72908.1
6010,0,86493.7
6011,0,96683.3
6012,0,90177.7
6013,0,106033.1
6014,0,111222
6015,0,117926.2
6016,0,116867.4
6017,0,100033.7
6018,0,61722.4
6019,0,43600.9
6020,0,23264.3
6021,0,15270.4
6022,0,12734.5
6023,0,8059.2
6024,0,7291.7
6025,0,11525.2
6026,0,14835
6027,0,14597
6028,0,11012
6029,0,7577.1
6030,0,364.8
6031,0,0
6032,0,8828.1
6033,0,21836.8
6034,0,30319.7
6035,0,39272.6
6036,0,39878.4
6037,0,38409.3
6038,0,29179.1
6039,0,35641.7
6040,0,31159.2
6041,0,24490.6
6042,0,8870.5
6043,0,1223.5
6044,0,5100.7
6045,0,3771.1
6046,0,5999.7
6047,0,1171.3
6048,0,5803.4
6049,0,3823.6
6050,0,2329.8
6051,0,1804.1
6052,0,3164.3
6053,0,3212.6
6054,0,3789.6
6055,0,5271
6056,0,10811.3
6057,0,18868
6058,0,23062.4
6059,0,16514.3
6060,0,13296.1
6061,0,22650.2
6062,0,35019.2
6063,0,40060.3
6064,0,48156.8
6065,0,35747.2
6066,0,26069.2
6067,0,3495.5
6068,0,1826
6069,0,5823.8
6070,0,6141.2
6071,0,5782.4
6072,0,7904.3
6073,0,5056.1
6074,0,5131.3
6075,0,3071
6076,0,3601
6077,0,1918.8
6078,0,0
6079,0,15.8
6080,0,33873.4
6081,0,54341.9
6082,0,73141.6
6083,0,88054.4
6084,0,90173.3
6085,0,103314.9
6086,0,109645.9
6087,0,116201.5
6088,0,115511.2
6089,0,99850.9
6090,0,71423.5
6091,0,49548.2
6092,0,25133.8
6093,0,15849.9
6094,0,13830
6095,0,9115.4
6096,0,7899.2
6097,0,11537.2
6098,0,5920.4
6099,0,17747.3
6100,0,13795.8
6101,0,9969
6102,0,971.5
6103,0,2057.1
6104,0,33608.5
6105,0,60995.8
6106,0,74953.5
6107,0,91307.2
6108,0,89923.2
6109,0,106875.9
6110,0,114760
6111,0,114733.5
6112,0,119872.2
6113,0,111326
6114,0,76112.7
6115,0,52140.3
6116,0,27505.8
6117,0,17340.2
6118,0,13428.2
6119,0,10076.1
6120,0,11501
6121,0,6880
6122,0,14015.9
6123,0,11388.2
6124,0,15344.2
6125,0,12873
6126,0,778.1
6127,0,2628.3
6128,0,38129.1
6129,0,63544.2
6130,0,80626.6
6131,0,94853
6132,0,95802.6
6133,0,103674.6
6134,0,106150.2
6135,0,109165.4
6136,0,104513
6137,0,89789.6
6138,0,56875.4
6139,0,43076.9
6140,0,24575.6
6141,0,17090.2
6142,0,12645.9
6143,0,9015.3
6144,0,13192.3
6145,0,9614.9
6146,0,8829.9
6147,0,13944.3
6148,0,13484.6
6149,0,8334
6150,0,1149.4
6151,0,3840.2
6152,0,42163.8
6153,0,54966.7
6154,0,63717.5
6155,0,81815.2
6156,0,86835.4
6157,0,103938.3
6158,0,116569.7
6159,0,117806.1
6160,0,110249.7
6161,0,101901.5
6162,0,65905.1
6163,0,49014.4
6164,0,27398
6165,0,18646.5
6166,0,13941.1
6167,0,9480.2
6168,0,11387.3
6169,0,6099.2
6170,0,12910
6171,0,6591.1
6172,0,14456.9
6173,0,12944.5
6174,0,1925.1
6175,0,356.9
6176,0,43619.9
6177,0,61897.3
6178,0,76181.5
6179,0,88647.6
6180,0,86093.1
6181,0,99621.5
6182,0,106769.5
6183,0,114888.9
6184,0,118511.1
6185,0,108575.6
6186,0,72400.9
6187,0,42664.2
6188,0,19756.1
6189,0,13353.7
6190,0,11707.5
6191,0,8377.9
6192,0,9511.4
6193,0,9499.4
6194,0,10343.6
6195,0,8326.9
6196,0,6042.3
6197,0,3300.6
6198,0,873
6199,0,0
6200,0,4925.4
6201,0,19188.7
6202,0,29526.3
6203,0,38590.5
6204,0,38904.6
6205,0,36857.8
6206,0,27612.7
6207,0,31015.3
6208,0,32871.5
6209,0,26259.7
6210,0,13925
6211,0,1475.1
6212,0,5115.3
6213,0,2747.3
6214,0,2990.1
6215,0,5021.8
6216,0,2395.9
6217,0,3308.1
6218,0,3601.4
6219,0,3577.1
6220,0,3409.9
6221,8.7,3205.6
6222,515.9,3251.9
6223,321.7,5306.3
6224,0,4614.7
6225,0,17426.3
6226,0,27226.1
6227,0,38171.9
6228,0,34342.6
6229,0,34160.3
6230,0,37067.2
6231,0,46153.7
6232,0,47429.4
6233,0,38297.4
6234,0,16875.1
6235,0,1458.9
6236,0,3475.1
6237,0,6421.9
6238,0,6481.8
6239,0,5789.2
6240,0,7361.5
6241,0,4511.7
6242,0,4606.1
6243,0,1175.3
6244,0,3160.9
6245,0,3085.9
6246,0,0
6247,0,0
6248,0,27941.1
6249,0,50315.8
6250,0,67524.6
6251,0,81888.8
6252,0,81820.4
6253,0,92944.4
6254,0,104078.1
6255,0,112877.2
6256,0,116483.2
6257,0,107001.6
6258,0,69895.5
6259,0,41797.9
6260,0,19560.4
6261,0,11559.8
6262,0,13788.4
6263,0,8337.1
6264,0,6549.3
6265,0,12417.1
6266,0,7648.3
6267,0,9319.1
6268,0,11698.4
6269,0,12117.8
6270,0,624.1
6271,0,1970
6272,0,40440.6
6273,0,68628.4
6274,0,84449.8
6275,0,95064.2
6276,0,92988.1
6277,0,107332.4
6278,0,114913.5
6279,0,121020.8
6280,0,121896.6
6281,0,108233.3
6282,0,69043.4
6283,0,42553
6284,0,20971.6
6285,0,13036
6286,0,11234.9
6287,0,8172.6
6288,0,9315.1
6289,0,12415.1
6290,0,10729.1
6291,0,10098
6292,0,7957.9
6293,0,7150.3
6294,0,337
6295,0,1887.9
6296,0,29954.8
6297,0,49007.1
6298,0,61898.8
6299,0,73489.7
6300,0,72636.1
6301,0,86603.5
6302,0,95518
6303,0,95294.5
6304,0,91980.1
6305,0,78889.8
6306,0,39101.4
6307,0,25765.1
6308,0,12273.7
6309,0,7725.8
6310,0,9939
6311,0,7670.5
6312,0,10629
6313,0,12333.6
6314,0,16259.7
6315,0,15125.5
6316,0,13473.8
6317,0,13216
6318,0,1287.2
6319,0,2209.3
6320,0,27889.4
6321,0,31175.5
6322,0,33852.2
6323,0,40242.2
6324,0,37732.2
6325,0,48273.1
6326,0,50854
6327,0,54246.7
6328,0,60921.6
6329,0,53011.6
6330,0,25330.8
6331,0,16925
6332,0,5969.9
6333,0,3263.3
6334,0,9284.7
6335,0,8137.4
6336,0,11181.6
6337,0,7756
6338,0,9163.9
6339,0,11800.4
6340,0,14013.9
6341,0,15675
6342,0,598.8
6343,0,2554.3
6344,0,30313.4
6345,0,40752.1
6346,0,51215
6347,0,63031.1
6348,0,62950.3
6349,0,75715
6350,0,76601
6351,0,78444.6
6352,0,78192.3
6353,0,64377.4
6354,0,33015.7
6355,0,22088.1
6356,0,9754.6
6357,0,5805.8
6358,0,10706.9
6359,0,7238.7
6360,0,15401.2
6361,0,8436.1
6362,0,11709.2
6363,0,7618.3
6364,0,7474.1
6365,0,5326.8
6366,0,220
6367,0,0
6368,0,9.3
6369,0,2680.8
6370,0,12804.5
6371,0,27985.8
6372,0,31720.9
6373,0,31285.2
6374,0,26332.4
6375,0,30579.9
6376,0,30992.7
6377,0,23119.4
6378,0,8314.7
6379,0,1587.4
6380,0,7192.8
6381,0,4490.4
6382,0,4402.7
6383,0,3714.1
6384,0,3427.8
6385,0,3307.2
6386,0,3085.4
6387,360.7,2803.8
6388,1324.5,2481.3
6389,2720.8,4136.7
6390,4142.6,3711
6391,2261.1,2681.1
6392,911.3,2583.9
6393,0,1587.3
6394,0,3364
6395,0,10979.3
6396,0,17775.8
6397,0,15835.8
6398,0,4546.5
6399,0,2065.2
6400,0,1152.1
6401,0,1834.2
6402,0,24
6403,0,55.9
6404,0,229.1
6405,0,280.1
6406,0,277.7
6407,0,262.8
6408,0,1252.3
6409,0,1590.4
6410,0,1677.6
6411,0,1706.7
6412,0,1715.7
6413,0,2086.9
6414,0,316.7
6415,0,0
6416,0,19084.6
6417,0,20572.4
6418,0,21763.3
6419,0,28773.7
6420,0,27620.8
6421,0,37206.1
6422,0,45998.3
6423,0,51215.5
6424,0,55168.7
6425,0,46981.5
6426,0,17770.1
6427,0,9409.1
6428,0,1795.1
6429,0,429.1
6430,0,8046.3
6431,0,14656.5
6432,0,11514.9
6433,0,11384.5
6434,0,6507.3
6435,0,6002.1
6436,0,4597.8
6437,0,4545.4
6438,0,304.7
6439,0,1180.6
6440,0,22613.8
6441,0,24887.4
6442,0,38977
6443,0,58019.7
6444,0,66824.8
6445,0,87680.8
6446,0,95968.7
6447,0,97840.5
6448,0,92880.8
6449,0,77050
6450,0,41455.5
6451,0,27847.2
6452,0,11439.1
6453,0,6849.2
6454,0,9308
6455,0,7324.5
6456,0,7724
6457,0,8139.1
6458,0,12880.4
6459,0,14435.4
6460,0,12739.2
6461,0,11851.6
6462,0,669
6463,0,1885.5
6464,0,26215.5
6465,0,30309.2
6466,0,35453.1
6467,0,47079.5
6468,0,55658.5
6469,0,76932.9
6470,0,89657.8
6471,0,87187.3
6472,0,87361.5
6473,0,72302.6
6474,0,37759.1
6475,0,25271.6
6476,0,10698.5
6477,0,6654.3
6478,0,9992.4
6479,0,7864.4
6480,0,7383.7
6481,0,9380.6
6482,0,12091.2
6483,0,16763.6
6484,0,16961.6
6485,0,17241.7
6486,0,1096.8
6487,0,2284
6488,0,28399.5
6489,0,33044.5
6490,0,39349.6
6491,0,51258.1
6492,0,52557
6493,0,69183.8
6494,0,68031.3
6495,0,68160.2
6496,0,73512.6
6497,0,65142.4
6498,0,34847.1
6499,0,24377.2
6500,0,10486.1
6501,0,6524.1
6502,0,9603
6503,0,7932.4
6504,0,5863.4
6505,0,13019.3
6506,0,11015.8
6507,0,6453.5
6508,0,14683.5
6509,0,12109.4
6510,0,1984.4
6511,0,2509.3
6512,0,31341.9
6513,0,43099.6
6514,0,61154.4
6515,0,74821.3
6516,0,75973
6517,0,90088
6518,0,91616.3
6519,0,93890.2
6520,0,95158.2
6521,0,82354.4
6522,0,48900.1
6523,0,36880.4
6524,0,20280
6525,0,13851.8
6526,0,14173.4
6527,0,10080.2
6528,0,5033.2
6529,0,10677.6
6530,0,11262
6531,0,10636.2
6532,0,12171.3
6533,0,13416.6
6534,0,1019.3
6535,0,0
6536,0,1809.5
6537,0,5509.2
6538,0,6946
6539,0,10123
6540,0,10592.5
6541,0,9053.9
6542,0,326.2
6543,0,33.4
6544,0,0
6545,0,0
6546,0,1352.9
6547,0,6154.8
6548,0,4340.3
6549,0,5447.1
6550,0,6146.7
6551,0,3421.6
6552,0,4200.5
6553,0,4167.2
6554,0,3825.9
6555,0,3558.6
6556,0,3516.1
6557,0,3449.7
6558,0,3349.7
6559,0,3641.3
6560,0,4086.2
6561,0,1695.1
6562,0,2599.6
6563,0,18010.3
6564,0,29294.5
6565,0,28214.8
6566,0,30646.5
6567,0,29825.9
6568,0,26005.9
6569,0,10668.7
6570,0,3261.2
6571,0,1066.2
6572,0,4361.9
6573,0,7770.3
6574,0,4824.2
6575,0,4854
6576,0,6899
6577,0,5736.2
6578,0,5660.2
6579,0,4213.5
6580,0,3152.7
6581,0,3641
6582,0,38.9
6583,0,0
6584,0,17371.2
6585,0,27029.7
6586,0,49528.9
6587,0,67676.1
6588,0,67878.4
6589,0,90285.4
6590,0,99802.4
6591,0,104458.5
6592,0,106994.2
6593,0,89033.8
6594,0,42799.3
6595,0,26224.1
6596,0,12468.5
6597,0,7918.7
6598,0,7149.7
6599,0,5632.6
6600,0,4054
6601,0,4068.4
6602,0,7473.2
6603,0,7717.1
6604,0,6151
6605,0,5605.2
6606,0,211.2
6607,0,0
6608,0,22081
6609,0,26782.3
6610,0,27646.7
6611,0,30565.9
6612,0,28384.5
6613,0,35343.5
6614,0,37682.6
6615,0,40164.9
6616,0,40419.5
6617,0,36644.9
6618,0,13279.9
6619,0,7060.7
6620,0,2261.4
6621,0,737.3
6622,0,2092.3
6623,232.7,1838.4
6624,548.6,2553.5
6625,648.7,1485.7
6626,1662.6,1914.7
6627,2282.5,2149
6628,3748.1,3388
6629,6434.3,9104.2
6630,1775.9,589.5
6631,565.6,0
6632,0,17096.7
6633,0,19780.1
6634,0,29816.3
6635,0,43458.7
6636,0,39869
6637,0,52096.4
6638,0,53923.9
6639,0,57199.4
6640,0,59788.8
6641,0,46564.8
6642,0,14985.9
6643,0,7684.1
6644,0,2377.8
6645,0,860.5
6646,0,2917.1
6647,0,3122.8
6648,0,1998.6
6649,68.4,2318.3
6650,434.4,776.6
6651,1495.4,3662.7
6652,3386.4,535.3
6653,3682.9,3249.1
6654,933.1,542.2
6655,22.4,0
6656,0,17597.9
6657,0,20503.4
6658,0,28133
6659,0,44494.1
6660,0,48895.6
6661,0,61313.6
6662,0,65951.5
6663,0,66654.5
6664,0,63570
6665,0,51301.5
6666,0,18951.2
6667,0,10032.2
6668,0,3102.6
6669,0,1390.1
6670,0,6030.5
6671,0,7546.1
6672,0,4963.4
6673,0,2837.6
6674,38.4,1721.6
6675,911.6,954.5
6676,2794.8,4424.3
6677,5423.7,710.5
6678,1999.1,428.6
6679,775.3,0
6680,0,19567.5
6681,0,37185.5
6682,0,52283.6
6683,0,63369.6
6684,0,60581.4
6685,0,72343.7
6686,0,80397.5
6687,0,89751.8
6688,0,93359.4
6689,0,80361.5
6690,0,32048.4
6691,0,17776.1
6692,0,7466.5
6693,0,3309.3
6694,389.2,5011.9
6695,1895.1,4993
6696,4645.9,1574.1
6697,7563.9,3820.3
6698,11420.9,3842.2
6699,11480.4,6939.1
6700,12488.1,6737.6
6701,12370.1,5399.5
6702,4127.9,386.1
6703,2416.6,0
6704,0,0
6705,0,269.8
6706,0,8621.5
6707,0,21571.2
6708,0,24185.3
6709,0,26684
6710,0,25056
6711,0,26253.3
6712,0,24348.1
6713,0,12261.5
6714,0,957.3
6715,0,19.7
6716,25.8,333.8
6717,422.8,368.8
6718,1011.8,218.2
6719,1737.5,31.8
6720,4211.5,0
6721,5933.2,0
6722,9530.9,0
6723,13591.4,0
6724,17077.5,0
6725,19035.4,0
6726,20691.8,0
6727,15591.7,0
6728,7848.5,406.1
6729,2007.3,3647.7
6730,28.7,9843.2
6731,0,25440.7
6732,0,32683.5
6733,0,36514.3
6734,0,37019.8
6735,0,39304.9
6736,0,39493.2
6737,0,27493.9
6738,0,4484.1
6739,0,0
6740,0,0
6741,22.7,0
6742,303.2,0
6743,803,0
6744,1501.2,0
6745,2785.3,0
6746,4557.4,0
6747,6071.8,0
6748,7363.1,0
6749,9153.7,0
6750,8604,0
6751,6016.4,0
6752,2872.3,1618.5
6753,0,7216.2
6754,0,21591.5
6755,0,31533.3
6756,0,25778.9
6757,0,21651.4
6758,0,21075.3
6759,0,17136.5
6760,0,4543.6
6761,0,1988.1
6762,0,834.8
6763,0,10
6764,0,0
6765,0,0
6766,0,0
6767,0,0
6768,0,0
6769,0,0
6770,0,0
6771,0,0
6772,108.5,0
6773,458.8,0
6774,45.1,0
6775,0,0
6776,0,12197.8
6777,0,14558
6778,0,15071
6779,0,17952.2
6780,0,17266.9
6781,0,21588.1
6782,0,22879.3
6783,0,24936.7
6784,0,27951.3
6785,0,25803.5
6786,0,3267.8
6787,0,862.1
6788,0,0
6789,0,0
6790,0,1056.9
6791,0,2454.5
6792,36.8,2273.3
6793,442,2091.3
6794,1666.1,1859.7
6795,3381.4,1598
6796,5842,2615.6
6797,7429,3022.8
6798,1277.7,188.9
6799,60.4,0
6800,0,15464.4
6801,0,17931.1
6802,0,18450.3
6803,0,22939.8
6804,0,35075
6805,0,44154
6806,0,48045
6807,0,49580.9
6808,0,59182.1
6809,0,50140.1
6810,0,11915.5
6811,0,5521.6
6812,0,1213.3
6813,0,28.1
6814,0,2392.5
6815,0,3479.4
6816,0,1586.7
6817,264.1,1256.3
6818,1451.8,2761.1
6819,5528.6,8845.7
6820,8201.7,7583.2
6821,11040.5,7396
6822,4325.9,489.7
6823,2230.5,0
6824,0,15907.8
6825,0,30019.6
6826,0,43531.6
6827,0,52055.3
6828,0,48061.1
6829,0,56151.2
6830,0,57551.4
6831,0,56146.9
6832,0,50111.3
6833,0,41312.2
6834,0,12164.3
6835,0,5555.3
6836,0,2001.9
6837,0,440.7
6838,19.2,2335.7
6839,1208.1,2131.7
6840,4506.8,3227.7
6841,6575.7,1605.8
6842,10293.3,8201.1
6843,14292.4,8786.1
6844,17767.4,5964.5
6845,19418.7,0
6846,9015.6,0
6847,5640.2,0
6848,0,15547.3
6849,0,20536.4
6850,0,29822.3
6851,0,40021.5
6852,0,34150
6853,0,39145.8
6854,0,47519
6855,0,51894.1
6856,0,56155
6857,0,49231.3
6858,0,8277.9
6859,0,4669.3
6860,0,1007.6
6861,0,0
6862,5883.4,2687.4
6863,10355.6,5518.1
6864,17889.6,3484.3
6865,23675.5,0
6866,28886.4,0
6867,31595.4,0
6868,34517,0
6869,36761.8,0
6870,17894.6,0
6871,13462.3,0
6872,3647.2,4.6
6873,999.2,2141.1
6874,36.8,6996.6
6875,0,14340.6
6876,0,20083.9
6877,0,23295.5
6878,0,21142.5
6879,0,19835.8
6880,0,17074.7
6881,0,4234.2
6882,430.8,0
6883,2453.1,0
6884,5057.9,0
6885,7030.6,0
6886,9550.1,0
6887,11445.6,0
6888,13765.7,0
6889,15926.3,0
6890,18022.2,0
6891,18483.7,0
6892,18832.7,0
6893,19381.6,0
6894,20666.3,0
6895,19208.2,0
6896,9574.8,0
6897,4716.6,10.4
6898,1721.8,1845.9
6899,50.3,8922.6
6900,0,23079.7
6901,0,26331.4
6902,0,25635.4
6903,0,18641.6
6904,0,12727.2
6905,0,1307.4
6906,0,362.7
6907,0,0
6908,159.1,0
6909,679.5,0
6910,1647.1,0
6911,3182.5,0
6912,5195.2,0
6913,7935.2,0
6914,11058,0
6915,13365.4,0
6916,16623.2,0
6917,18812.4,0
6918,9870.4,0
6919,7120.9,0
6920,0,9167
6921,0,14623.7
6922,0,24262.2
6923,0,41270
6924,0,44003
6925,0,54571.7
6926,0,65149.1
6927,0,73899.1
6928,0,76718.3
6929,0,61865.2
6930,0,12686.6
6931,0,4738.4
6932,0,0
6933,0,0
6934,0,2617.7
6935,0,5071.9
6936,0,3892.6
6937,0,3604.3
6938,17.6,3506.7
6939,199.5,3362
6940,630.5,3182.8
6941,1142,3357.6
6942,239.7,511.4
6943,22.4,0
6944,0,17100.9
6945,0,30356.3
6946,0,48107.4
6947,0,63175.4
6948,0,63366.4
6949,0,80227.3
6950,0,89197.2
6951,0,94293.8
6952,0,88195.8
6953,0,69685.8
6954,0,30273.5
6955,0,17739.2
6956,0,7237.9
6957,0,3516
6958,0,4594.9
6959,0,6460.4
6960,0,6489.3
6961,0,2860.7
6962,0,7982.1
6963,0,6283.8
6964,0,3667
6965,0,7550.9
6966,0,680.2
6967,0,0
6968,0,24160.9
6969,0,32412.3
6970,0,43352
6971,0,62062.6
6972,0,63862.6
6973,0,85832.9
6974,0,82655.5
6975,0,82399
6976,0,69908.3
6977,0,55227.6
6978,0,25347.4
6979,0,16027.3
6980,0,8246.3
6981,0,4740.9
6982,0,6151.3
6983,0,3746
6984,0,7891.1
6985,0,3478.1
6986,0,5667.1
6987,0,6496.6
6988,0,5976.9
6989,0,5248.1
6990,0,236.3
6991,0,0
6992,0,22107.2
6993,0,26987.1
6994,0,28892.8
6995,0,37955.1
6996,0,53916.5
6997,0,75492.9
6998,0,86900.2
6999,0,95735.5
7000,0,97856.5
7001,0,82419.8
7002,0,34637
7003,0,20167.2
7004,0,9604.3
7005,0,5578.1
7006,0,6780.2
7007,0,5067.8
7008,0,5918.3
7009,0,6426.1
7010,0,4249
7011,224.8,2704.5
7012,1225.2,1250.7
7013,3698.5,1183.7
7014,1323.3,484.6
7015,920.6,0
7016,0,19484
7017,0,32125.9
7018,0,47766.2
7019,0,56907.7
7020,0,56938.5
7021,0,65259.4
7022,0,60024.6
7023,0,64277.7
7024,0,56154.8
7025,0,44190.6
7026,0,16183.4
7027,0,9043.2
7028,0,3335.4
7029,0,1824.5
7030,0,2529.4
7031,35.1,3060
7032,2133.1,2484.3
7033,6094.8,2438.5
7034,7595,5563.9
7035,12609.4,6740.9
7036,13374.8,4112.2
7037,18945.1,4330.3
7038,5637.1,0
7039,3993.4,0
7040,104.5,113.1
7041,0,4312.2
7042,0,14550.9
7043,0,23099.6
7044,0,25787.6
7045,0,28359.6
7046,0,24697.6
7047,0,24681
7048,0,19740.3
7049,0,7682.3
7050,0,831.9
7051,0,616
7052,0,754.4
7053,3.1,679.4
7054,286.2,508.1
7055,886.4,287.6
7056,2190.5,50.3
7057,3822.4,0
7058,5868.9,0
7059,6424.9,0
7060,9947.1,0
7061,10216.2,0
7062,13176.3,0
7063,10368.5,0
7064,5168.8,0
7065,3223.9,349.4
7066,679.5,5987.8
7067,0,20213.2
7068,0,31611.7
7069,0,33838.8
7070,0,37436.5
7071,0,32779.8
7072,0,31532.3
7073,0,13295.8
7074,89.8,77.4
7075,1338,0
7076,2708.9,0
7077,5092.5,0
7078,6007.3,0
7079,8966.7,0
7080,9897.2,0
7081,14196.9,0
7082,18542.1,0
7083,23970.1,0
7084,28366.2,0
7085,32431.4,0
7086,17003.4,0
7087,14031.4,0
7088,573.7,8939.5
7089,0,10005.8
7090,0,15258.9
7091,0,27684.3
7092,0,32257.3
7093,0,36894
7094,0,32720.3
7095,0,27292.2
7096,0,23900.7
7097,0,20919.7
7098,0,701.5
7099,0,0
7100,0,0
7101,37,0
7102,9210.5,0
7103,11879,0
7104,18323.8,0
7105,20245.4,0
7106,29320.1,0
7107,28889.8,0
7108,37063,0
7109,33583.4,0
7110,17257,0
7111,12538,0
7112,324.4,10368.6
7113,0,11466.6
7114,0,18292.8
7115,0,32107.2
7116,0,36168.6
7117,0,45987.5
7118,0,40957.8
7119,0,32209.5
7120,0,27730.8
7121,0,22727.7
7122,0,2045.8
7123,0,0
7124,0,0
7125,0,0
7126,264.1,234.3
7127,1288.9,890.6
7128,2466.3,661.8
7129,3957.4,734.5
7130,4946.8,490.4
7131,6190.2,121
7132,6458.3,0
7133,6820.2,0
7134,1605.3,0
7135,329.6,0
7136,0,14606.2
7137,0,16651.1
7138,0,16953.6
7139,0,19190.3
7140,0,18494.5
7141,0,21852.1
7142,0,21078
7143,0,22056.3
7144,0,25021.6
7145,0,23753.3
7146,0,3158.2
7147,0,517
7148,24.6,0
7149,444.6,0
7150,11228,866.2
7151,13462.2,1438.7
7152,18972.9,0
7153,20082.3,0
7154,27118.6,0
7155,26629.3,0
7156,32656.8,0
7157,30627.7,0
7158,15729,0
7159,13075.6,0
7160,409.1,10696.7
7161,0,11825.3
7162,0,12188
7163,0,14882.5
7164,0,14431.4
7165,0,19142.4
7166,0,21082.3
7167,0,26214.4
7168,0,26392.5
7169,0,21867.1
7170,0,1541.5
7171,23.2,0
7172,2047.7,0
7173,4274.9,0
7174,22674.1,0
7175,29693.8,0
7176,30241.1,0
7177,34877.6,0
7178,34211.7,0
7179,39796.4,0
7180,39214.9,0
7181,45172.6,0
7182,25950.1,0
7183,20314.1,0
7184,2323.9,10157.6
7185,371.1,10879.2
7186,0,10653.8
7187,0,19486.2
7188,0,28182.7
7189,0,34992.3
7190,0,34551.1
7191,0,28763.7
7192,0,25501.3
7193,0,20830.2
7194,0,854.9
7195,0,0
7196,47.5,0
7197,432.2,0
7198,9824.2,0
7199,10522.9,0
7200,16352.3,0
7201,14195.5,0
7202,18060.8,0
7203,16739.7,0
7204,21648.9,0
7205,18937.7,0
7206,7885.8,0
7207,7150.8,0
7208,1414.7,0
7209,99.3,0
7210,0,0
7211,0,0
7212,0,0
7213,0,0
7214,0,0
7215,0,0
7216,0,0
7217,0,0
7218,0,0
7219,322.8,0
7220,2486.1,0
7221,5861.8,0
7222,10802.4,0
7223,12450.7,0
7224,17520.4,0
7225,19916.7,0
7226,26290.2,0
7227,28089.5,0
7228,34527.1,0
7229,35618.9,0
7230,43112.1,0
7231,43447.7,0
7232,43279.8,0
7233,25926.6,0
7234,16715.4,0
7235,11857.4,0
7236,10992.2,0
7237,6195.3,1045.7
7238,6945.3,1565.6
7239,5510.9,20.1
7240,6794.2,0
7241,8549.9,0
7242,17317.3,0
7243,21710,0
7244,27985.7,0
7245,29450.5,0
7246,35536,0
7247,36896.6,0
7248,40813.8,0
7249,41364,0
7250,47273.7,0
7251,45019.2,0
7252,49384.2,0
7253,46184.6,0
7254,26698.7,0
7255,21401,0
7256,2241.8,6937.6
7257,236.4,7516.5
7258,0,8144.8
7259,0,21744.2
7260,0,31838.4
7261,0,38013.4
7262,0,37816.5
7263,0,43253.3
7264,0,44991.2
7265,0,31992.1
7266,0,788
7267,0,0
7268,1149.9,0
7269,3049.9,0
7270,19525.9,0
7271,29934.2,0
7272,33058.8,0
7273,40747.8,0
7274,40650.7,0
7275,46509.9,0
7276,44801,0
7277,50741.9,0
7278,29052.9,0
7279,21898.8,0
7280,2680.7,9901.4
7281,252.8,11066.1
7282,0,23590.8
7283,0,37962.3
7284,0,41365.9
7285,0,48364.7
7286,0,49987.4
7287,0,54450.8
7288,0,55355.1
7289,0,41777.8
7290,0,2835.1
7291,0,0
7292,0,0
7293,0,0
7294,4512.8,153
7295,6552,650.6
7296,9314.1,76.6
7297,12727.6,0
7298,14494,0
7299,16092.3,0
7300,18067.8,0
7301,19681.2,0
7302,9658.4,0
7303,7139.8,0
7304,4.1,10297
7305,0,11872.5
7306,0,11955.7
7307,0,14779.5
7308,0,14059.2
7309,0,17561.7
7310,0,17069.5
7311,0,17897.1
7312,0,20313.5
7313,0,19961.8
7314,0,330.7
7315,0,0
7316,1163.5,0
7317,3141.7,0
7318,18660.9,0
7319,23663.4,0
7320,26327.2,0
7321,27900.1,0
7322,28967.2,0
7323,31810.1,0
7324,31617.8,0
7325,31461.6,0
7326,17562.3,0
7327,14294.3,0
7328,561.9,9051.9
7329,0,9933.3
7330,0,14804.5
7331,0,16947.4
7332,0,22834.7
7333,0,25569.8
7334,0,25646.1
7335,0,23014.2
7336,0,28727.8
7337,0,20409
7338,0,452.2
7339,0,0
7340,131.9,0
7341,628.5,0
7342,9632,0
7343,10328.9,0
7344,16242.7,0
7345,15152.5,0
7346,20428.5,0
7347,20912.6,0
7348,27452.2,0
7349,26690.2,0
7350,14648.9,0
7351,12537.4,0
7352,225.6,9414.6
7353,0,9521.6
7354,0,20491.6
7355,0,38851.3
7356,0,42942.7
7357,0,52171.4
7358,0,55195.7
7359,0,61411.1
7360,0,62943.9
7361,0,50103.9
7362,0,3716.1
7363,0,1415.5
7364,0,0
7365,0,0
7366,3021.1,2182
7367,5028.5,4463.9
7368,7052.6,2057.3
7369,10967.8,675.7
7370,12857.7,0.8
7371,17442.6,0
7372,15210.2,0
7373,16758.1,0
7374,6244.8,0
7375,5419.6,0
7376,681.2,0
7377,3,908.1
7378,0,8051.6
7379,0,14459.2
7380,0,21122
7381,0,23102.2
7382,0,15274.6
7383,0,13924
7384,0,7969.2
7385,0,692.1
7386,0,0
7387,0,0
7388,0,0
7389,0,0
7390,1.4,0
7391,58.5,0
7392,140.2,0
7393,178.9,0
7394,163.8,0
7395,434.4,0
7396,968.3,0
7397,1731.3,0
7398,2649.1,0
7399,3342.7,0
7400,2366.7,0
7401,1106.6,0
7402,21.7,0
7403,0,0
7404,0,0
7405,0,0
7406,0,0
7407,0,192.4
7408,0,896.5
7409,0,0
7410,0,0
7411,0,0
7412,92.8,0
7413,711.6,0
7414,2258.1,0
7415,3896.2,0
7416,5567,0
7417,6623.2,0
7418,10233.9,0
7419,12243.1,0
7420,17052.9,0
7421,17526.3,0
7422,21499.3,0
7423,9164.2,0
7424,3130.7,0
7425,0,11164.8
7426,0,27577.7
7427,0,38085.4
7428,0,45490.1
7429,0,44327.3
7430,0,45572
7431,0,44424.8
7432,0,47319.2
7433,0,37587.8
7434,0,26534.2
7435,0,1475.6
7436,0,536.5
7437,0,0
7438,0,0
7439,0,908.3
7440,377,2184.4
7441,1402.9,1960.5
7442,3681.4,2718.9
7443,5657.4,2823.4
7444,7202.3,2770.8
7445,8265.3,1492.3
7446,11446.6,1653.6
7447,3816,95.7
7448,1188.3,0
7449,0,12930.2
7450,0,13920.8
7451,0,21073.8
7452,0,21736.4
7453,0,18504.7
7454,0,21497.6
7455,0,20585.5
7456,0,21308.6
7457,0,23958
7458,0,22820.4
7459,0,1393.6
7460,0,598.5
7461,29.9,0
7462,506.7,0
7463,12967.1,1137.7
7464,18040.6,832.7
7465,24333,0
7466,27750.7,0
7467,33221.5,0
7468,37494.5,0
7469,40810.8,0
7470,43384.9,0
7471,21795.3,0
7472,9303.2,0
7473,260.9,9918.8
7474,0,12725
7475,0,16978.7
7476,0,17478.5
7477,0,14632
7478,0,18069.8
7479,0,17869.6
7480,0,23960.4
7481,0,28798.3
7482,0,21512.2
7483,0,520.6
7484,0,0
7485,0,0
7486,9.8,0
7487,5750.4,0
7488,8335.6,15.9
7489,12184.4,0
7490,15822.6,0
7491,18046.3,0
7492,21453.4,0
7493,25062.2,0
7494,26795.9,0
7495,12309.8,0
7496,4331.7,0
7497,0,12125.9
7498,0,24961.7
7499,0,37169.6
7500,0,46387.5
7501,0,48385.6
7502,0,54616.3
7503,0,58224.9
7504,0,58013.1
7505,0,48620.5
7506,0,28512.1
7507,0,3573.2
7508,0,1351.9
7509,60.9,0
7510,663.2,0
7511,9709,2461.5
7512,13156.7,4667.2
7513,17231.1,471.7
7514,19580.9,0
7515,23783.6,0
7516,25148.1,0
7517,30397.5,0
7518,31229,0
7519,14624.2,0
7520,5694.2,0
7521,36.9,10455.3
7522,0,12144.2
7523,0,12320.7
7524,0,15346.2
7525,0,14704.4
7526,0,18182.2
7527,0,17626
7528,0,18452
7529,0,20883
7530,0,20560
7531,0,380.5
7532,0,0
7533,0,0
7534,0,0
7535,230.1,17.3
7536,1890.3,119.3
7537,7258.7,0
7538,9146.8,0
7539,14055.8,0
7540,14736.2,0
7541,16902.1,0
7542,16866.8,0
7543,18591.6,0
7544,15598.7,0
7545,10422.2,0
7546,4919.2,0
7547,5429.4,1178.5
7548,3173.1,2779.7
7549,1274.8,1711.8
7550,718.2,508.8
7551,1935.4,1438.3
7552,2345.9,652.1
7553,4677,0
7554,8696.1,0
7555,13294.8,0
7556,19033.8,0
7557,25548.1,0
7558,30324.6,0
7559,37158.5,0
7560,37814.7,0
7561,42516.7,0
7562,45230.5,0
7563,52006.8,0
7564,54129.6,0
7565,59676,0
7566,60651.3,0
7567,64696.2,0
7568,51090.2,0
7569,28338.2,0
7570,18476.6,0
7571,13981.4,957.2
7572,10841.7,5624.1
7573,6656.3,13182.5
7574,4338.2,8501.3
7575,5011.2,1248.6
7576,7425,0
7577,13672.4,0
7578,22576,0
7579,28650.8,0
7580,31339.5,0
7581,38554.2,0
7582,40083.1,0
7583,41442.9,0
7584,39735.5,0
7585,36403.7,0
7586,35185.3,0
7587,36111.5,0
7588,36616.9,0
7589,36083,0
7590,35023.3,0
7591,18834.3,0
7592,13956.4,0
7593,555.4,5706.4
7594,0,5367.6
7595,0,5085.4
7596,0,7614
7597,0,10654.9
7598,0,26950.7
7599,0,33625.5
7600,0,33401.5
7601,0,20003.2
7602,0,15599.8
7603,0,200
7604,0,0
7605,0,0
7606,70.8,0
7607,8500.7,0
7608,11076,0
7609,16561.4,0
7610,18387,0
7611,25853.7,0
7612,27028.5,0
7613,35135.6,0
7614,34958.8,0
7615,20234.9,0
7616,9827.2,0
7617,284.9,9160.7
7618,0,20455
7619,0,32938.1
7620,0,42595.8
7621,0,45301
7622,0,50089.6
7623,0,51030.6
7624,0,49030.9
7625,0,38032.7
7626,0,22461.3
7627,0,618.9
7628,0,0
7629,0,0
7630,113.1,0
7631,8653,0
7632,13717.2,29.5
7633,17747.3,0
7634,22516,0
7635,24993.4,0
7636,27088.6,0
7637,30100.1,0
7638,32590.2,0
7639,15940.3,0
7640,6972.6,0
7641,53.2,10440.5
7642,0,23973.5
7643,0,37121.8
7644,0,45778
7645,0,47192.4
7646,0,52587.2
7647,0,54733.5
7648,0,52340.7
7649,0,40233.4
7650,0,26098
7651,0,2003.7
7652,0,914.4
7653,0,0
7654,95.5,0
7655,6759.2,1949.5
7656,8346.2,4224.7
7657,9321.1,3268
7658,9003.6,2086
7659,10679.8,1559.6
7660,10192.2,636
7661,10980.1,58.5
7662,10323.4,0
7663,4314,0
7664,2366.1,0
7665,0,11458.7
7666,0,13991.1
7667,0,14126
7668,0,17164.6
7669,0,16621.8
7670,0,20515
7671,0,22699.5
7672,0,27421.6
7673,0,26761.6
7674,0,23214.1
7675,0,1552.3
7676,0,729.6
7677,0,0
7678,0,0
7679,0,857.8
7680,0,2127.2
7681,0,2010.6
7682,0,1997.8
7683,0,1971.4
7684,0,1867.4
7685,0,1738.9
7686,0,1990.5
7687,0,279.6
7688,0,0
7689,0,14931.2
7690,0,17450.9
7691,0,18947
7692,0,38050.4
7693,0,44484.3
7694,0,53462.7
7695,0,55823
7696,0,53299.7
7697,0,42597.5
7698,0,29129
7699,0,5927.8
7700,0,3077.2
7701,517.2,165.7
7702,2084.7,0
7703,16397.9,20.1
7704,21469.8,0
7705,29069.9,0
7706,33639.5,0
7707,34349.7,0
7708,37857,0
7709,42420.1,0
7710,46639.1,0
7711,24835.3,0
7712,16099.4,0
7713,3926.6,0
7714,1048.2,569.6
7715,86.4,5065.3
7716,0,8480.4
7717,0,16954.8
7718,0,17722.7
7719,0,12858.8
7720,0,4536.8
7721,488,27.6
7722,3042.5,0
7723,14115.9,0
7724,19159.8,0
7725,25245.9,0
7726,34819.5,0
7727,36500.6,0
7728,44998.4,0
7729,45846.1,0
7730,52087,0
7731,50044.4,0
7732,53650,0
7733,49435.6,0
7734,54665.3,0
7735,48744.9,0
7736,49316.5,0
7737,41125.3,0
7738,35823.6,0
7739,27069.6,0
7740,30114.5,0
7741,27998,0
7742,34281.3,0
7743,33930.7,0
7744,40670.8,0
7745,39236.3,0
7746,44965.6,0
7747,41624.9,0
7748,46851.5,0
7749,43305.3,0
7750,47586.1,0
7751,42683.8,0
7752,45385,0
7753,39489.5,0
7754,44846,0
7755,39714.2,0
7756,43564,0
7757,39727.6,0
7758,43329.6,0
7759,24799.4,0
7760,18382,0
7761,1572.7,5200.5
7762,31.1,4600.4
7763,0,4455.9
7764,0,6926.5
7765,0,9757.5
7766,0,11287.3
7767,0,9390.1
7768,0,9592.9
7769,0,12513.7
7770,0,14641.7
7771,0,161.2
7772,0,0
7773,0,0
7774,0,0
7775,2688.7,0
7776,2755.5,0
7777,4726.7,0
7778,7915.3,0
7779,11604.7,0
7780,12779.4,0
7781,14832.9,0
7782,16751.9,0
7783,9921.9,0
7784,6283.2,0
7785,0,8717.8
7786,0,9263.2
7787,0,8532.2
7788,0,10891.9
7789,0,13526.3
7790,0,14621.4
7791,0,17490.9
7792,0,16591
7793,0,17749.1
7794,0,16738.7
7795,0,209.2
7796,97.1,0
7797,2877.5,0
7798,4623.2,0
7799,23274.3,0
7800,32271.6,0
7801,35284.2,0
7802,42408.1,0
7803,43195.4,0
7804,51392,0
7805,52117.3,0
7806,60771.6,0
7807,33631,0
7808,17376.2,0
7809,1934.4,8912.3
7810,155.1,11823.8
7811,0,15884.5
7812,0,26165
7813,0,25263.2
7814,0,31924.2
7815,0,30477.3
7816,0,26495
7817,0,20837.4
7818,0,18260.6
7819,262.4,290.7
7820,1586,0
7821,6209.3,0
7822,9108.8,0
7823,31904.5,0
7824,41032.3,0
7825,44162.9,0
7826,53219.5,0
7827,54388.4,0
7828,64234.2,0
7829,63918.6,0
7830,70404,0
7831,67947.6,0
7832,62384.7,0
7833,33386.9,0
7834,23128.5,0
7835,15523.8,3616.3
7836,11418.6,16029.9
7837,5283.7,21618.2
7838,3438.6,23042
7839,2234.4,12992.9
7840,4202.7,2518.8
7841,8344.8,0
7842,15163.3,0
7843,20877.2,0
7844,27727.1,0
7845,29470.5,0
7846,37300,0
7847,38534,0
7848,46881.4,0
7849,44354.7,0
7850,52126.8,0
7851,51652.2,0
7852,59493,0
7853,57839.7,0
7854,64395.2,0
7855,38351.7,0
7856,19224.9,0
7857,3407.2,5954.3
7858,972.4,11387.7
7859,112.3,23846.7
7860,0,33763.9
7861,0,38106.5
7862,0,36524.1
7863,0,34343.3
7864,0,33869.9
7865,0,24365.6
7866,0,15947.6
7867,500.3,204.8
7868,2001.2,0
7869,6629.8,0
7870,8482.1,0
7871,28925.4,0
7872,37201.8,0
7873,38519,0
7874,47056.1,0
7875,46449,0
7876,53705.6,0
7877,56217.8,0
7878,66506.5,0
7879,37252.6,0
7880,24517.1,0
7881,8618.2,0
7882,3415.9,0
7883,984.4,173.1
7884,98,3429.2
7885,0,6725.5
7886,0,8243.8
7887,0,891.1
7888,56.7,0
7889,1487.5,0
7890,4507.5,0
7891,16949.3,0
7892,22705.8,0
7893,27556.2,0
7894,34401.8,0
7895,36166.3,0
7896,45487.9,0
7897,48040.7,0
7898,57573.8,0
7899,57715.5,0
7900,67158.1,0
7901,64428.9,0
7902,73131.7,0
7903,69568.5,0
7904,63566.8,0
7905,36369,0
7906,25489.4,0
7907,15858.3,697.4
7908,9460,10403.2
7909,2881.1,14993.5
7910,739.8,14848.2
7911,596.7,4962.3
7912,2756.5,172.3
7913,5828.4,0
7914,8369.7,0
7915,10861.8,0
7916,13760.3,0
7917,16463.9,0
7918,17415.3,0
7919,18169.5,0
7920,18717.2,0
7921,17430.7,0
7922,16750.9,0
7923,18499.4,0
7924,19144.4,0
7925,20706.5,0
7926,18399.7,0
7927,8625.4,0
7928,4756.2,0
7929,0,6284.2
7930,0,6175
7931,0,5985.8
7932,0,8560.4
7933,0,11479
7934,0,12806.4
7935,0,10805.8
7936,0,10992.3
7937,0,13450.6
7938,0,15222.9
7939,0,194
7940,0,0
7941,0,0
7942,0,0
7943,0,0
7944,0,0
7945,47.1,0
7946,286.3,0
7947,1075.1,0
7948,2911.1,0
7949,5523.6,0
7950,6522.8,0
7951,2971.4,0
7952,1831.8,0
7953,0,10197.3
7954,0,10594.9
7955,0,10445.4
7956,0,13385.7
7957,0,13776.2
7958,0,16280.5
7959,0,16110.8
7960,0,17200.3
7961,0,19742.1
7962,0,18781.4
7963,42.2,288.5
7964,747.6,0
7965,4476.7,0
7966,5905.7,0
7967,23634.2,0
7968,31449,0
7969,33076.7,0
7970,39331.5,0
7971,40619.2,0
7972,48437.5,0
7973,45567.8,0
7974,49498.9,0
7975,28317.6,0
7976,14980.3,0
7977,1441.2,9210.4
7978,94.3,13234.8
7979,0,26966.3
7980,0,37733.6
7981,0,40673.4
7982,0,44777.2
7983,0,40411.6
7984,0,38018.7
7985,0,28885.4
7986,0,19972
7987,237.6,403.3
7988,1249.5,0
7989,4864,0
7990,7407.9,0
7991,26939.3,0
7992,35811.7,0
7993,37442.5,0
7994,44168.6,0
7995,44226.4,0
7996,52440.1,0
7997,51463.7,0
7998,55742.1,0
7999,31788.4,0
8000,20214.1,0
8001,3102.1,8800.9
8002,689.8,9282.2
8003,0.1,8511
8004,0,10804.8
8005,0,13064.7
8006,0,13970.9
8007,0,20413
8008,0,25784.1
8009,0,19889.8
8010,0,17727.8
8011,27.3,212.8
8012,229.8,0
8013,2057,0
8014,3046.4,0
8015,16301.3,0
8016,19990.3,0
8017,24970.7,0
8018,28909.5,0
8019,31680.4,0
8020,34702.7,0
8021,36396.4,0
8022,37581.1,0
8023,20850.1,0
8024,13637.6,0
8025,254.7,8390.9
8026,0,9014
8027,0,8059.8
8028,0,23251
8029,0,35603
8030,0,38901.1
8031,0,31194
8032,0,25930
8033,0,22188
8034,0,18943.5
8035,0,289.7
8036,0,0
8037,0,0
8038,25.3,0
8039,6182.6,0
8040,7748.7,0
8041,14146.9,0
8042,16093.8,0
8043,22333.5,0
8044,26090.9,0
8045,34191.9,0
8046,35612.4,0
8047,19373.2,0
8048,12349,0
8049,2577.4,0
8050,293.4,0
8051,0,3538.1
8052,0,16770.2
8053,0,22048.9
8054,0,21222.5
8055,0,14285.7
8056,0,4881.9
8057,0,80.3
8058,0,0
8059,162.3,0
8060,976,0
8061,5179.5,0
8062,11203.3,0
8063,19192.9,0
8064,23086.8,0
8065,31785.6,0
8066,33135.8,0
8067,40118.4,0
8068,39830.7,0
8069,47341,0
8070,47627.4,0
8071,55938.7,0
8072,42802.5,0
8073,27326.1,0
8074,21971.6,0
8075,21905.7,2800.8
8076,20785.3,11917.3
8077,20728.4,19548.1
8078,14814.8,17808.9
8079,15617.7,12263.5
8080,15091.1,2349.5
8081,20890.5,0
8082,29851.6,0
8083,42533.7,0
8084,46236.2,0
8085,54790.7,0
8086,54844.4,0
8087,62806.2,0
8088,61816.2,0
8089,66317.8,0
8090,64694,0
8091,72320.8,0
8092,70594.6,0
8093,78567.8,0
8094,75440,0
8095,46485.5,0
8096,32127.4,0
8097,7917.8,5303.8
8098,3952.7,4658.5
8099,1802.7,2112.5
8100,840,11304.7
8101,676.2,28517.6
8102,0,33803.1
8103,0,30325.7
8104,0,28043.6
8105,0,17265.2
8106,436.6,15122.8
8107,4449.2,185.3
8108,6916.7,0
8109,12847.2,0
8110,15611.5,0
8111,40395.8,0
8112,51719.6,0
8113,53643.6,0
8114,63028.7,0
8115,62009.5,0
8116,69798.5,0
8117,66680.7,0
8118,71712.2,0
8119,41606,0
8120,30902.2,0
8121,9108.8,7040.3
8122,3398.2,6970
8123,1067.7,6397.1
8124,195.5,9351.7
8125,124.8,15367.5
8126,0,21881.9
8127,0,22394.9
8128,0,19017.1
8129,0,15976.6
8130,176.9,15383.6
8131,3167.5,188.3
8132,5608.9,0
8133,11461.7,0
8134,14072,0
8135,36325.1,0
8136,45276.8,0
8137,45174.4,0
8138,52504,0
8139,52346.5,0
8140,60652.8,0
8141,59201.7,0
8142,65768.7,0
8143,38971.7,0
8144,25151.5,0
8145,3248.6,7745.6
8146,504.5,7542.9
8147,0,20457.7
8148,0,29637.7
8149,0,33070.6
8150,0,29990.4
8151,0,25398.1
8152,0,17735.6
8153,0,17007.5
8154,0,16285.7
8155,0,200.6
8156,0,0
8157,110.2,0
8158,748,0
8159,9293,0
8160,9693.5,0
8161,13541.3,0
8162,13397.7,0
8163,16524.8,0
8164,15238.4,0
8165,18645,0
8166,17095.3,0
8167,8643.6,0
8168,6041.6,0
8169,0,8599.2
8170,0,9152.2
8171,0,8480.4
8172,0,11670.8
8173,0,13481.1
8174,0,16617.5
8175,0,16062.5
8176,0,17008.8
8177,0,19066.9
8178,0,18393.1
8179,0,207.4
8180,0,0
8181,0,0
8182,40.7,0
8183,6682.1,0
8184,6505.6,0
8185,8689.1,0
8186,9919.5,0
8187,14769.1,0
8188,15433.2,0
8189,20081.1,0
8190,19754.8,0
8191,10731.5,0
8192,5663,0
8193,0,8993.6
8194,0,8907.3
8195,0,16826.4
8196,0,29058.2
8197,0,29876.2
8198,0,41653.7
8199,0,38713.4
8200,0,33486.8
8201,0,30662.4
8202,0,23680.8
8203,0,1052.4
8204,0,249.3
8205,0,0
8206,0,0
8207,0,936.6
8208,0,2436.4
8209,0,1438.3
8210,0,1088.5
8211,0,942.7
8212,0,844
8213,0,766.2
8214,0,678.5
8215,0,109.4
8216,0,0
8217,0,0
8218,0,0
8219,0,0
8220,0,0
8221,0,0
8222,0,0
8223,0,0
8224,72.6,0
8225,596.4,0
8226,1976.6,0
8227,9031,0
8228,8656.2,0
8229,9895.7,0
8230,9844.4,0
8231,11523.4,0
8232,12544.3,0
8233,14293,0
8234,14955,0
8235,17584.5,0
8236,21193.1,0
8237,23879.9,0
8238,27647.3,0
8239,29939.2,0
8240,30018.1,0
8241,24720.6,0
8242,20957.6,0
8243,15654.7,0
8244,15513.3,0
8245,15406.4,0
8246,16969.6,0
8247,18301.2,0
8248,22072.3,0
8249,27921.9,0
8250,37447.4,0
8251,42539.3,0
8252,48914.5,0
8253,50678.8,0
8254,55647.4,0
8255,56134.4,0
8256,59980.7,0
8257,55938,0
8258,59944.8,0
8259,61173.9,0
8260,67437.1,0
8261,66505.4,0
8262,67440.2,0
8263,37899.9,0
8264,29155.1,0
8265,5969.1,4769.2
8266,1851.1,4148.9
8267,831.7,4099.5
8268,299.3,6496.8
8269,878.1,9200.3
8270,8.1,10582.9
8271,0,8592.5
8272,37.1,8672.9
8273,449.2,11525.4
8274,2341,13887.9
8275,8597.4,122.5
8276,10304.7,0
8277,15366.1,0
8278,16668.7,0
8279,38510.5,0
8280,47375.7,0
8281,47918.7,0
8282,55755.5,0
8283,54569.1,0
8284,62387.5,0
8285,60067.7,0
8286,66494.8,0
8287,39129.3,0
8288,30271.7,0
8289,9561.4,6502.3
8290,3152.3,6245.9
8291,797.5,5781.5
8292,24.6,7890.7
8293,0,12209.1
8294,0,20719.1
8295,0,18221
8296,0,12800.2
8297,0,14009
8298,0,15063.8
8299,805.1,181.8
8300,1533.7,0
8301,5630.7,0
8302,7109.2,0
8303,22066.9,0
8304,28997.5,0
8305,29655.8,0
8306,35024.5,0
8307,34630.4,0
8308,40018.1,0
8309,38168.1,0
8310,42322.9,0
8311,23188.7,0
8312,17112.2,0
8313,1073.8,7838
8314,2.8,7856.9
8315,0,7222.5
8316,0,9475.7
8317,0,12096.4
8318,0,13076.7
8319,0,11158.3
8320,0,11829.3
8321,0,14726.1
8322,0,15181.2
8323,0,186.8
8324,637.6,0
8325,6307.8,0
8326,10027.2,0
8327,32300.9,0
8328,42558.3,0
8329,45018.6,0
8330,53290.6,0
8331,52588.4,0
8332,60849.1,0
8333,61473,0
8334,72410.5,0
8335,45054.6,0
8336,30488,0
8337,6723.5,7934.6
8338,2267.8,10633.2
8339,818.4,20625.9
8340,65.4,30914.5
8341,7.2,34316.3
8342,0,37752.8
8343,0,34930.7
8344,0,32445
8345,0,22098
8346,0,16866.4
8347,1583,203.6
8348,3804.4,0
8349,9072.1,0
8350,11982.2,0
8351,35619.5,0
8352,46238.7,0
8353,47782.9,0
8354,55956.2,0
8355,56438.7,0
8356,65927.8,0
8357,65482.3,0
8358,73468.2,0
8359,43680.3,0
8360,34312,0
8361,14959.2,7514.1
8362,7000,7454.3
8363,3896.3,6744
8364,2447,8938.2
8365,3582.3,11534.1
8366,1435.6,12593.4
8367,1250.9,10369.6
8368,1849.5,10338.5
8369,2592.4,13069.3
8370,6570.7,14677.1
8371,13392,164.5
8372,15064.9,0
8373,20011.9,0
8374,21183.7,0
8375,44772.2,0
8376,53777.7,0
8377,55385.8,0
8378,61904.5,0
8379,58146.1,0
8380,63533.3,0
8381,58744.5,0
8382,63494.5,0
8383,34455.5,0
8384,26851.8,0
8385,14562.9,0
8386,10751.8,0
8387,4659.1,0
8388,1796.3,0
8389,921.5,0
8390,603.5,0
8391,4653.9,0
8392,8284,0
8393,12886.4,0
8394,18624.9,0
8395,39052.4,0
8396,48845,0
8397,48475.7,0
8398,55919.5,0
8399,54028.5,0
8400,61461.9,0
8401,58732.4,0
8402,67674.9,0
8403,67002.4,0
8404,77870.7,0
8405,76772.9,0
8406,87743.2,0
8407,86276,0
8408,86727,0
8409,53444.1,0
8410,44668,0
8411,39859.2,71.4
8412,44835.5,3733.1
8413,39241.8,8952.2
8414,35602.1,10433.9
8415,27982.6,4983.6
8416,29390.7,513.2
8417,33996.7,0
8418,55245.1,0
8419,60681.9,0
8420,73439.2,0
8421,74020.2,0
8422,85683.2,0
8423,85126,0
8424,96651.3,0
8425,92432,0
8426,101756.5,0
8427,96658,0
8428,103858.7,0
8429,97238.4,0
8430,102617.1,0
8431,62949.4,0
8432,46252,0
8433,14109.8,4182.4
8434,6482,3056.2
8435,2466.9,3081.4
8436,1352.4,2198.3
8437,1384.7,17875.9
8438,105,27149.4
8439,0,25056.4
8440,0,23841.7
8441,0,15643.1
8442,98.9,14778.1
8443,2377.9,159.9
8444,3882.6,0
8445,8399.7,0
8446,10172.7,0
8447,29426.7,0
8448,35898.6,0
8449,35325.4,0
8450,40110,0
8451,38359.5,0
8452,42940.7,0
8453,40559.6,0
8454,45084.2,0
8455,25364.1,0
8456,18872.4,0
8457,2337.7,7267.9
8458,338,7199.4
8459,0,6600.8
8460,0,8854.5
8461,0,12012.5
8462,0,13055.2
8463,0,11726.3
8464,0,12100.2
8465,54.5,14658.4
8466,1871.8,15090.8
8467,9615.8,180.8
8468,14033.3,0
8469,21337.7,0
8470,24860.5,0
8471,55397.9,0
8472,69883.3,0
8473,71957.6,0
8474,82672.7,0
8475,82395.5,0
8476,92607.2,0
8477,91832.5,0
8478,102490.8,0
8479,64388.3,0
8480,47683.7,0
8481,15156.1,7098.2
8482,9868.8,7241
8483,7513.5,13321.9
8484,6319.8,21661.7
8485,7056.7,25872
8486,3326.5,29102.3
8487,2804.9,26313.3
8488,2623.3,21922.6
8489,3881,15218
8490,8443.8,15319.2
8491,16418.8,185.3
8492,20978.8,0
8493,28655.1,0
8494,32347.7,0
8495,69921.5,0
8496,89371.5,0
8497,91817.5,0
8498,102827.6,0
8499,101712.4,0
8500,111643.5,0
8501,109478.1,0
8502,118493,0
8503,73637.5,0
8504,53676.8,0
8505,17833.5,6871.4
8506,11037.9,7346.1
8507,8045,10923.1
8508,6003.4,19246.2
8509,6261.2,27937.1
8510,2478,31641.8
8511,1822.2,28086.7
8512,1636.1,24231
8513,2755.7,15007.2
8514,7308.6,15299.5
8515,15572.9,186
8516,20339.4,0
8517,27629.8,0
8518,30696.7,0
8519,66682.8,0
8520,86163.8,0
8521,89309.8,0
8522,101020.4,0
8523,100448.2,0
8524,110938.1,0
8525,109616.5,0
8526,119607.7,0
8527,74637.2,0
8528,55542.1,0
8529,22988.4,6521.1
8530,10965.2,6542
8531,7087.5,6048.2
8532,4433.8,8435.7
8533,4661.7,11201.1
8534,1658.5,12463.3
8535,1478.7,10295.7
8536,1885,10263.3
8537,3735.7,12726.8
8538,8808.9,14548.8
8539,16634.8,154.3
8540,19242.9,0
8541,25092.3,0
8542,27130.4,0
8543,56138.4,0
8544,69584.6,0
8545,70943.8,0
8546,78309.8,0
8547,74082.9,0
8548,80242.2,0
8549,74967,0
8550,80912,0
8551,46075.3,0
8552,37466.3,0
8553,24633,0
8554,18019.5,0
8555,11037.1,0
8556,7640.3,0
8557,5513.7,0
8558,4049.9,51.9
8559,6627.9,772.9
8560,7205.6,210.5
8561,9158.2,0
8562,16929.2,0
8563,43165.9,0
8564,58605.6,0
8565,59812.9,0
8566,69258.7,0
8567,67681.8,0
8568,76047,0
8569,72786.7,0
8570,80793.2,0
8571,77035.9,0
8572,84956.7,0
8573,80222,0
8574,86970.2,0
8575,81099,0
8576,85357.7,0
8577,71791.4,0
8578,68424.2,0
8579,59393.9,0
8580,59081.5,0
8581,56001,0
8582,57055,0
8583,51550.6,0
8584,59630.9,0
8585,59816.7,0
8586,70902.2,0
8587,67802.6,0
8588,76409.1,0
8589,72399.7,0
8590,80500.3,0
8591,78500.7,0
8592,93707.8,0
8593,96454.1,0
8594,112462.2,0
8595,113487.7,0
8596,128389.4,0
8597,128601.1,0
8598,141324,0
8599,140338.5,0
8600,143857.6,0
8601,109557.9,0
8602,90680.3,0
8603,76912.7,0
8604,82529.2,0
8605,76267.7,0
8606,74629.9,0
8607,64142.2,0
8608,68465.1,0
8609,81908.4,0
8610,109428.4,0
8611,113464.8,0
8612,127897.4,0
8613,126854.2,0
8614,138723.8,0
8615,136476.9,0
8616,147463.1,0
8617,139234,0
8618,147898.7,0
8619,142635.5,0
8620,150759.3,0
8621,145934.3,0
8622,154653,0
8623,98670.7,0
8624,75089.4,0
8625,40605.1,2700.7
8626,23645.6,1167.4
8627,14082.4,1195.6
8628,11153.8,4185.4
8629,12292,5325.3
8630,6335.5,8286.5
8631,4861.1,7102
8632,5395.8,7383.6
8633,7573,10189.5
8634,14750.1,12816.5
8635,23618.3,76.3
8636,26001.5,0
8637,30932.2,0
8638,31758.3,0
8639,66091.2,0
8640,86164.5,0
8641,89660,0
8642,101755,0
8643,99229.8,0
8644,108566.8,0
8645,103519.2,0
8646,108802.2,0
8647,65688,0
8648,50206.2,0
8649,19931,5448.1
8650,11076.1,4992.4
8651,7163,4670.1
8652,4305.2,7026.2
8653,5843.5,9726.4
8654,2775.4,11062.6
8655,2179,8949
8656,2468.5,8936.3
8657,3978.2,11719.5
8658,8871,13946.8
8659,15977,124.1
8660,17756.1,0
8661,22791.5,0
8662,23987.2,0
8663,48183.4,0
8664,60024.4,0
8665,58862.3,0
8666,65958,0
8667,62699.5,0
8668,69527.8,0
8669,65336.4,0
8670,70880.9,0
8671,41688.6,0
8672,32416.7,0
8673,11542.5,6316.8
8674,4941.3,6002.8
8675,2184.6,5460.3
8676,625.4,7777.8
8677,770.1,10517.1
8678,0,11930.2
8679,0,9826.5
8680,0,9821.6
8681,29.9,12506
8682,1246.2,14493.1
8683,5873.9,152
8684,7401.6,0
8685,12224,0
8686,13317.2,0
8687,32619.9,0
8688,39581.5,0
8689,38965.4,0
8690,44559.2,0
8691,42707.7,0
8692,48167.1,0
8693,45346.7,0
8694,49721.1,0
8695,28028.3,0
8696,20610.1,0
8697,2728.7,7137
8698,318,7087
8699,0,6551.8
8700,0,9006.7
8701,0,14277.6
8702,0,21121.3
8703,0,13650.5
8704,0,11863.7
8705,0,14324.2
8706,0,15158.3
8707,51.6,187.2
8708,481.9,0
8709,3825.7,0
8710,5393.8,0
8711,20215.7,0
8712,24552.1,0
8713,27248.3,0
8714,31837,0
8715,31081.8,0
8716,35711.4,0
8717,34933.8,0
8718,41102.6,0
8719,22315.7,0
8720,17865.4,0
8721,5650.8,0
8722,3410.9,0
8723,2028,0
8724,1006.9,5915
8725,447.6,17459.9
8726,271.3,19439.5
8727,1751.2,14785.9
8728,2464.4,8192
8729,4369.8,331.4
8730,8565,0
8731,27461.6,0
8732,38583.8,0
8733,41576,0
8734,51598.2,0
8735,53445.3,0
8736,63958.1,0
8737,64866,0
8738,75649.8,0
8739,75704.5,0
8740,86772.4,0
8741,85113.7,0
8742,94268.5,0
8743,90966.1,0
8744,95988.2,0
8745,79510.9,0
8746,74656.7,0
8747,61033.4,0
8748,56212,0
8749,44908.6,0
8750,49727.2,0
8751,49116,0
8752,66602.8,0
8753,68792.3,0
8754,79147.7,0
8755,75705.3,0
8756,84529.4,0
8757,81065.9,0
8758,90313.1,0
8759,86185.1,0
8760,94697,0
