Hours,HPHtgLd_W,HPClgLd_W
1,141057,0
2,154431.6,0
3,150235.2,0
4,160730.9,0
5,150243.9,0
6,157698.2,0
7,146967.7,0
8,135463.5,0
9,97722.4,0
10,75596,0
11,60506.8,0
12,56577.5,0
13,44859.3,0
14,39714.6,0
15,33366.9,0
16,33130.9,0
17,32492.4,0
18,42150.4,0
19,56074.7,0
20,83875.2,0
21,92576.1,0
22,135440.1,0
23,141837.2,0
24,165844.5,0
25,167685.5,0
26,182738.2,0
27,182892.6,0
28,200098.4,0
29,202976.6,0
30,213453.6,0
31,156186,0
32,72249.5,0
33,3148.9,0
34,351.7,0
35,4.9,0
36,90.7,3140.4
37,11.9,4089.1
38,0,409.4
39,0,1520.9
40,66.3,1552.5
41,487.5,0
42,3881.6,0
43,6536.4,0
44,9455,0
45,11556.3,0
46,97625.1,0
47,124879.1,0
48,127755.4,0
49,140958.4,0
50,134308.5,0
51,142796.9,0
52,135039.6,0
53,143018,0
54,134645.9,0
55,88483.8,0
56,35510,0
57,903.5,0
58,647.2,0
59,349.8,102.1
60,116.3,5009.5
61,2,6321.7
62,0,6009.1
63,0,14973.3
64,0,17595.9
65,0,370.1
66,37.2,0
67,192,0
68,770.6,0
69,1928.6,0
70,56689.2,0
71,80070.3,0
72,85616.4,0
73,106382.2,0
74,105668.2,0
75,125467.9,0
76,128413.6,0
77,150376.8,0
78,151747,0
79,104620.6,0
80,52966.7,0
81,963.2,0
82,52.5,119.6
83,0,11295.1
84,0,32183.6
85,0,42272.6
86,0,43863.7
87,0,45562.3
88,385,40112.6
89,905.9,4125.4
90,2714.7,0
91,5748.4,0
92,10523.8,0
93,16283.5,0
94,120013.8,0
95,162195.7,0
96,175694.7,0
97,195680.5,0
98,205686.2,0
99,219770,0
100,227197,0
101,240273.8,0
102,250932.9,0
103,151030.1,0
104,88769.7,0
105,7664.6,0
106,2681.1,0
107,270.4,4448.5
108,0,26448
109,0,38297.2
110,0,38222.4
111,0,41954.2
112,562.4,38245.9
113,998.1,3283.1
114,2920.3,0
115,6066.3,0
116,11158,0
117,16213.5,0
118,117122.1,0
119,156629.9,0
120,167587.1,0
121,191355.2,0
122,208870.2,0
123,231110.8,0
124,246778.1,0
125,260525.2,0
126,287362.8,0
127,172174.7,0
128,105009.3,0
129,11123.1,0
130,4550.2,19.9
131,730,11591.3
132,35.4,35900.3
133,0,50158.7
134,0,55381.9
135,0,59336.3
136,0,53746.5
137,46,19137
138,442.9,0
139,1623.8,0
140,3246.6,0
141,6367.2,0
142,93165.4,0
143,127129,0
144,138971,0
145,159983,0
146,163552.3,0
147,181738.9,0
148,183820.1,0
149,194009.9,0
150,192166.4,0
151,199254.1,0
152,171908.3,0
153,168525.4,0
154,145054.9,0
155,136466.2,0
156,111571.9,0
157,110036.4,0
158,95984.7,0
159,100022.9,0
160,91810.7,0
161,102456.5,0
162,98914.1,0
163,112691,0
164,110109.7,0
165,122598.5,0
166,130515.9,0
167,142590.3,0
168,137510.6,0
169,147876.2,0
170,141258.2,0
171,151114,0
172,143399.4,0
173,151494.8,0
174,144547.7,0
175,153009.8,0
176,130781.5,0
177,129475.7,0
178,110160.2,0
179,105013.7,0
180,84162.4,0
181,77015.9,0
182,58486.9,0
183,60611.9,0
184,65165.3,0
185,96237.3,0
186,113890.3,0
187,142161.7,0
188,151415.4,0
189,173994.5,0
190,203118.6,0
191,223385.3,0
192,233522.8,0
193,244513.5,0
194,255239.2,0
195,265516.5,0
196,284531.7,0
197,307400.5,0
198,325110.4,0
199,197753.4,0
200,115805.7,0
201,19969.5,0
202,11223.6,0
203,4001,0
204,459.8,9710
205,0,27527.4
206,0,32361.4
207,0,34330.5
208,1231.8,30927
209,1616.6,1196.7
210,6234.8,0
211,13669.9,0
212,20417.7,0
213,26375,0
214,143446.7,0
215,187690.1,0
216,203332.8,0
217,224135.9,0
218,237949.7,0
219,248859.2,0
220,260344.6,0
221,266283.8,0
222,278573.7,0
223,165751.2,0
224,96476.8,0
225,9253,0
226,3236.5,158.9
227,419.3,11482.6
228,0,33549.2
229,0,46016.9
230,0,48833.1
231,0,51721.9
232,17.8,47163.2
233,329.9,13819.3
234,943,0
235,2514.4,0
236,4552.8,0
237,7592.2,0
238,95415.7,0
239,125490.1,0
240,134090.6,0
241,152241.1,0
242,154740,0
243,168571.9,0
244,168860.1,0
245,179723.5,0
246,177783.7,0
247,113017.3,0
248,57179.3,0
249,2288.1,0
250,2036.9,0
251,699.9,0
252,342.5,3518.2
253,37,4906.5
254,3,867.4
255,0,1371.3
256,48.1,1511.3
257,364.9,0
258,3266.3,0
259,5641.3,0
260,7218.8,0
261,9033,0
262,89067.3,0
263,117492.2,0
264,127974.2,0
265,149927,0
266,151414.9,0
267,169903.7,0
268,167733.1,0
269,173308.4,0
270,162805.4,0
271,104851,0
272,49145.6,0
273,842.4,0
274,0,796.5
275,0,16059
276,0,40150.1
277,0,51512.1
278,0,55075.8
279,0,59206.3
280,0,57697.3
281,0,20077.2
282,75.9,0
283,790.1,0
284,2351.8,0
285,5080.7,0
286,86983.1,0
287,120817.7,0
288,132746.2,0
289,152571.2,0
290,157801.9,0
291,177830,0
292,183630,0
293,196040.6,0
294,192633.8,0
295,122592.7,0
296,65837.8,0
297,3050.2,0
298,531.3,0
299,0,499.5
300,0,17492.5
301,0,23919.3
302,0,21847.5
303,0,25265.5
304,0,28020.4
305,0,269
306,0,0
307,0,0
308,85.3,0
309,195.7,0
310,30430.3,0
311,32325.3,0
312,34908.4,0
313,36681,0
314,40513.9,0
315,41138.5,0
316,52776.2,0
317,66682.3,0
318,75458,0
319,86274.8,0
320,77974.3,0
321,50885.6,0
322,34961.3,0
323,29906,0
324,28596.9,0
325,25122.4,0
326,21801.9,4222.6
327,22796.4,6156.1
328,29926,6723.7
329,25299.5,151.4
330,27505.2,0
331,35359.3,0
332,53080.1,0
333,69357,0
334,109170.3,0
335,112580.3,0
336,141021.5,0
337,139051.1,0
338,169587.4,0
339,162901.3,0
340,191199.3,0
341,177602.5,0
342,202714.2,0
343,185692.9,0
344,181039.2,0
345,127736.3,0
346,99998.4,0
347,70882.6,0
348,67229.3,0
349,49437.9,0
350,44966.4,0
351,33076.6,0
352,34598.8,0
353,39871.7,0
354,57325.1,0
355,74818.8,0
356,100180.4,0
357,104188,0
358,142199.1,0
359,138465.3,0
360,158217.1,0
361,150122.2,0
362,170577.8,0
363,159660.3,0
364,178488.8,0
365,162265.3,0
366,177863.4,0
367,161087.3,0
368,156891.9,0
369,133211.1,0
370,129635.2,0
371,97689.6,0
372,83915.3,0
373,58701.7,0
374,46852.7,0
375,29079.5,0
376,26362.9,0
377,33967.2,0
378,42369.1,0
379,63717.6,0
380,70334.7,0
381,99023.7,0
382,111723.3,0
383,141975.8,0
384,122904.6,0
385,142594.1,0
386,124079.8,0
387,153239.4,0
388,135173,0
389,167393.2,0
390,149321,0
391,110299.3,0
392,53733.9,0
393,749.1,0
394,0,296.3
395,0,12835.6
396,0,25982.7
397,0,22581.3
398,0,20405.3
399,0,22594.2
400,749.4,14037.2
401,1282.9,0
402,7601.7,0
403,12884.1,0
404,18987.2,0
405,23981.3,0
406,137880,0
407,183611.6,0
408,200979.3,0
409,222074.6,0
410,239613.1,0
411,254326.2,0
412,277621.3,0
413,293218.8,0
414,325260.7,0
415,189510,0
416,117128.2,0
417,14216.4,0
418,7315.5,0
419,3378.2,3989.1
420,937.7,22905.6
421,25,34945.7
422,0,38707.4
423,0,41189.6
424,1532.5,38209.2
425,1895.7,6542.5
426,6907.8,0
427,14879.2,0
428,23876.6,0
429,32213.3,0
430,165331.4,0
431,213823.7,0
432,239621.3,0
433,269285,0
434,304685.5,0
435,321621.9,0
436,359136.8,0
437,386486.2,0
438,427260,0
439,234255.5,0
440,164138.7,0
441,24503,0
442,10366.7,0
443,4447.2,6847.1
444,771,28931.9
445,0,43701.2
446,0,49141.8
447,0,53881.3
448,90.3,50979.3
449,457.9,20941.9
450,1315.9,0
451,3439.1,0
452,7704.3,0
453,14584.9,0
454,121279.5,0
455,166379.7,0
456,179924,0
457,193569.5,0
458,191996.1,0
459,201466.9,0
460,200849.6,0
461,210927.2,0
462,207268.3,0
463,125447.1,0
464,66995.9,0
465,5627.1,0
466,3554.1,0
467,1999,0
468,781.4,2347.5
469,384,3973.1
470,188.5,299.9
471,97.9,743.3
472,328.9,1017.5
473,874.4,0
474,6166.5,0
475,9523.1,0
476,12923.8,0
477,17367.8,0
478,117883.3,0
479,151131.4,0
480,158016.2,0
481,173120.1,0
482,172241.9,0
483,182365.4,0
484,180770.2,0
485,186881.4,0
486,184195.7,0
487,191018.7,0
488,165886.6,0
489,159180,0
490,137721.9,0
491,126320.7,0
492,101187.7,0
493,88521.8,0
494,68423.5,0
495,67435.3,0
496,64096.5,0
497,75531.3,0
498,89553.9,0
499,110392.2,0
500,114518.7,0
501,133480.5,0
502,152049.2,0
503,171583.8,0
504,176481.4,0
505,187839.7,0
506,186407.8,0
507,195374.3,0
508,196779.1,0
509,205776.1,0
510,206449.5,0
511,213754.9,0
512,187570.2,0
513,154742.5,0
514,116669.5,0
515,104629.6,0
516,79047.5,0
517,72355.5,0
518,56680.5,0
519,51695.7,0
520,48655.4,0
521,68474.4,0
522,93771,0
523,126247.3,0
524,137596.3,0
525,159565.8,0
526,191432.2,0
527,212600.3,0
528,222581.6,0
529,234868,0
530,252730.9,0
531,259880.8,0
532,282417.3,0
533,297052.7,0
534,341051.4,0
535,188667.8,0
536,112773,0
537,12680.4,0
538,6405.7,0
539,2355.4,0
540,732,1724.8
541,525.5,3340.4
542,571,0
543,392.7,0
544,1164.3,2149.7
545,1784.4,0
546,8129.4,0
547,16666.8,0
548,22883.6,0
549,28535.2,0
550,143377,0
551,186892,0
552,196362.8,0
553,213221.2,0
554,217760.9,0
555,222291.7,0
556,218298.7,0
557,220750.6,0
558,216718.8,0
559,131901.5,0
560,70904.8,0
561,4148.4,0
562,266.1,177
563,0,13902.5
564,0,39161.7
565,0,53691
566,0,58671.9
567,0,66592.6
568,0,69137.7
569,0,28990
570,0,383.8
571,0,0
572,293.5,0
573,1354.7,0
574,54546.5,0
575,77922.9,0
576,95074.7,0
577,112842.5,0
578,127369.2,0
579,139448.2,0
580,151000,0
581,159536.9,0
582,175116.3,0
583,112025.3,0
584,55575.8,0
585,1437.7,0
586,303.9,0
587,0,238.2
588,0,4067.4
589,0,4875.9
590,0,1128.7
591,0,1793.1
592,0,2290.2
593,63.1,0
594,1527.6,0
595,3200.7,0
596,4436.4,0
597,5409.1,0
598,70563.8,0
599,93526.1,0
600,94508.7,0
601,109869.7,0
602,105430.9,0
603,117666.8,0
604,110616.5,0
605,120035.4,0
606,110161.6,0
607,74809.8,0
608,24350.1,0
609,576.3,0
610,237.1,63.2
611,7.9,729.4
612,0,7997
613,0,20883.1
614,0,29902
615,0,46350.6
616,0,51633.1
617,0,14338.4
618,0,105.1
619,0,0
620,0,0
621,0,0
622,2243.6,0
623,7255.2,0
624,8996,0
625,8542.3,0
626,10153.5,0
627,11610.4,0
628,12929.2,0
629,16188.9,0
630,17661.1,0
631,16087.8,0
632,195.8,0
633,0,517.7
634,0,7463.4
635,0,17204.8
636,0,32402.6
637,0,38261.8
638,0,35639.1
639,0,37891.7
640,0,37356.1
641,0,1401.4
642,0,0
643,18.2,0
644,153.7,0
645,773,0
646,45799.6,0
647,71664.3,0
648,77503.6,0
649,96097.4,0
650,96886.8,0
651,111956.4,0
652,108541.2,0
653,127439.5,0
654,128615.4,0
655,149695.6,0
656,128861.5,0
657,111053.4,0
658,75277.9,0
659,67685.5,0
660,55165.7,0
661,50999.7,0
662,39849.4,0
663,37178.1,0
664,33739.8,0
665,34711.4,0
666,44881.6,0
667,71937.5,0
668,86596.2,0
669,110956.5,0
670,126703.4,0
671,144166.3,0
672,138020.1,0
673,149382.2,0
674,140207.1,0
675,149890.6,0
676,140152.3,0
677,150013.8,0
678,140712.5,0
679,153658.1,0
680,128113.9,0
681,97093.9,0
682,63004.1,0
683,48708.9,0
684,35900.4,0
685,25264.5,0
686,19741.2,0
687,13995.2,0
688,13740.4,0
689,18861.9,0
690,23919.1,0
691,32462.5,0
692,52022.8,0
693,57699.2,0
694,90280.8,0
695,92162.5,0
696,115041.8,0
697,110345.2,0
698,133951.2,0
699,128094.5,0
700,148747.1,0
701,137817.7,0
702,157699.3,0
703,108101.6,0
704,46211.4,0
705,1140,0
706,1134,0
707,511.5,0
708,244.6,3995
709,7.3,5537.8
710,0,1544.9
711,0,4874.6
712,0,8801
713,0,36.5
714,679.2,0
715,2710.8,0
716,5102.6,0
717,7095.1,0
718,82194.6,0
719,109899.5,0
720,113719.8,0
721,130035.8,0
722,128431.4,0
723,142470.2,0
724,140828.3,0
725,152553.5,0
726,148925.5,0
727,98498,0
728,44068.9,0
729,1246.7,0
730,1093.7,0
731,404.3,7.5
732,77.2,4550.5
733,0,5999.9
734,0,3050.8
735,0,9505
736,0,13878.7
737,0,207.4
738,127.8,0
739,1058.2,0
740,3004.6,0
741,4890,0
742,68524.6,0
743,88227.6,0
744,82459.9,0
745,89863.9,0
746,74976.9,0
747,74690.3,0
748,62258.9,0
749,54931.5,0
750,48769.5,0
751,35729.1,0
752,3552,0
753,0,230.5
754,0,5444.1
755,0,23666.9
756,0,52927.8
757,0,78979.6
758,0,81391.1
759,0,108189.5
760,0,112251.8
761,0,77422
762,0,26575.4
763,0,10913.2
764,0,5413.3
765,0,4979.7
766,0,0
767,0,0
768,0,0
769,0,0
770,0,0
771,0,0
772,0,0
773,0,0
774,38.7,0
775,214.4,0
776,0,0
777,0,16270.1
778,0,47033.5
779,0,57231.5
780,0,72982.7
781,0,82267.6
782,0,70305.6
783,0,72301.6
784,0,71146.5
785,0,32051.9
786,0,533.6
787,0,0
788,0,0
789,0,0
790,9240.9,0
791,18956.7,0
792,38967.4,0
793,48580.2,0
794,70800.2,0
795,72770,0
796,90301.6,0
797,91104.6,0
798,107170.8,0
799,79798.7,0
800,23148.6,0
801,395.9,0
802,64.7,15.2
803,0,505.7
804,0,5847.6
805,0,12994.6
806,0,14902.9
807,0,22810.4
808,0,24174.1
809,0,322.6
810,52.6,0
811,533.6,0
812,1779.7,0
813,3129,0
814,60333.2,0
815,83436.7,0
816,84442.9,0
817,100365.3,0
818,97660.7,0
819,111895,0
820,106103.1,0
821,118679.2,0
822,110956.6,0
823,120185.4,0
824,97038.6,0
825,99194.6,0
826,77936.8,0
827,64676.8,0
828,53058.4,0
829,38401.4,0
830,32857,0
831,38255,0
832,41270.3,0
833,53754.1,0
834,65746.9,0
835,92380.7,0
836,98314.4,0
837,119752,0
838,137188,0
839,159722.8,0
840,158858.3,0
841,175950,0
842,176972.6,0
843,193851.5,0
844,193648.6,0
845,209336.1,0
846,212037.4,0
847,224191.2,0
848,192020.2,0
849,155943.5,0
850,112293.5,0
851,103801.9,0
852,94840.9,0
853,98247.1,0
854,77817.1,0
855,75135.5,0
856,69769.8,0
857,76712.9,0
858,93139.1,0
859,121527.3,0
860,125473,0
861,149739.8,0
862,173832.4,0
863,197595.8,0
864,205323.8,0
865,225832.7,0
866,236601.8,0
867,251993.8,0
868,264737.2,0
869,281379.5,0
870,295409.4,0
871,176421.1,0
872,104167.3,0
873,11054.4,0
874,5555.2,0
875,1893.2,3910.5
876,236.6,23671.5
877,0,35430.8
878,0,38494.6
879,0,42152
880,1015.1,40649.4
881,1336.9,15685.9
882,2506.8,0
883,7338,0
884,15772.5,0
885,23915.3,0
886,141627.4,0
887,190946.4,0
888,212955.6,0
889,234404.2,0
890,255147.7,0
891,269604.9,0
892,296135.5,0
893,310070.1,0
894,342560.7,0
895,195614.4,0
896,120420.8,0
897,13779,0
898,6027.1,0
899,1530,7439.6
900,69.9,29265.3
901,0,42187.9
902,0,46316.7
903,0,48123.8
904,120.8,42580.1
905,471.5,12051.9
906,1386.3,0
907,3133,0
908,7215.4,0
909,13605.7,0
910,113234.1,0
911,149404.6,0
912,153426.8,0
913,164609.2,0
914,162157.4,0
915,170080.4,0
916,170796.7,0
917,186325.9,0
918,192613.1,0
919,124713.5,0
920,63335.7,0
921,2005.4,0
922,3.2,2239.6
923,0,19960.4
924,0,40458.5
925,0,48857.9
926,0,50652.1
927,0,54273.9
928,0,53498.7
929,0,11825.1
930,0,0
931,19.1,0
932,674.7,0
933,1743.7,0
934,60625.6,0
935,89828,0
936,100074,0
937,123823.6,0
938,129638.5,0
939,152698.9,0
940,155252.7,0
941,177303.9,0
942,180300.1,0
943,118518.7,0
944,59179.8,0
945,1644.5,0
946,4.1,0
947,0,2404.5
948,0,14105.9
949,0,16290.3
950,0,18032.3
951,0,30371.5
952,0,32964.2
953,0,657.3
954,0,0
955,66.4,0
956,1153.8,0
957,3142.4,0
958,69447.5,0
959,103292.5,0
960,115977.6,0
961,140941.6,0
962,147414.7,0
963,172674.6,0
964,173113.5,0
965,191283.8,0
966,195070.2,0
967,125479.6,0
968,60423.7,0
969,1564.1,0
970,0,3603.4
971,0,21988.3
972,0,43644.3
973,0,56878
974,0,71548
975,0,90762.4
976,0,97698.2
977,0,49159.5
978,0,6688.1
979,0,0
980,0,0
981,119.4,0
982,38829.9,0
983,64118.5,0
984,83126.1,0
985,100105.9,0
986,116272.6,0
987,127936,0
988,141004.6,0
989,148992.5,0
990,162645.7,0
991,165968.9,0
992,142795.3,0
993,102488,0
994,71598.9,0
995,57815.2,0
996,45027.8,0
997,34245.7,0
998,26908,0
999,24871.9,0
1000,23049.5,0
1001,30841.7,0
1002,46459.5,0
1003,63963.1,0
1004,76780.6,0
1005,92582.8,0
1006,112690.4,0
1007,122891.7,0
1008,125701.6,0
1009,132654,0
1010,132512.2,0
1011,136221.9,0
1012,133116.2,0
1013,131722.8,0
1014,127779.5,0
1015,129936.8,0
1016,112788.5,0
1017,102367,0
1018,79837.6,0
1019,75700.6,0
1020,69599.9,0
1021,68061.9,0
1022,63094.1,0
1023,64071.9,0
1024,60887,0
1025,73043.1,0
1026,92326.4,0
1027,112829.9,0
1028,122401.6,0
1029,136822.5,0
1030,165239.5,0
1031,178875.9,0
1032,194306.1,0
1033,207052,0
1034,226619.7,0
1035,230563,0
1036,248150.3,0
1037,244635.9,0
1038,263288.1,0
1039,153017.1,0
1040,85248.3,0
1041,7096.1,0
1042,2756.3,0
1043,78.8,515
1044,0,15151.3
1045,0,27106.3
1046,0,23063.2
1047,0,28178.1
1048,625.8,27463.2
1049,1035.7,850.5
1050,3508.8,0
1051,8536.5,0
1052,14377.9,0
1053,20275.1,0
1054,127008.4,0
1055,166991.9,0
1056,176630.1,0
1057,196489,0
1058,205069.2,0
1059,220563.4,0
1060,227954.6,0
1061,239382.7,0
1062,247573.8,0
1063,149739.3,0
1064,75696.5,0
1065,4826.2,0
1066,638.4,883.3
1067,6,15839.5
1068,0,39289.7
1069,0,53515.6
1070,0,60412.7
1071,0,68289.7
1072,0,66689.8
1073,0,28512
1074,0,730.6
1075,0,0
1076,449.2,0
1077,1687.6,0
1078,59872.5,0
1079,91021.8,0
1080,102088.9,0
1081,124366.3,0
1082,128416.8,0
1083,149176.1,0
1084,146473.3,0
1085,162344.2,0
1086,159036.1,0
1087,103892.6,0
1088,44891.2,0
1089,758.7,0
1090,49.9,0
1091,0,528.4
1092,0,12484.7
1093,0,26705.1
1094,0,34192.3
1095,0,48503.3
1096,0,49869.5
1097,0,7185.5
1098,0,0
1099,0,0
1100,0,0
1101,0,0
1102,11079.4,0
1103,20287.1,0
1104,29583.7,0
1105,34056.7,0
1106,43781.2,0
1107,49472.4,0
1108,60891,0
1109,63741,0
1110,83845.7,0
1111,64049.6,0
1112,13815.2,0
1113,95.6,0
1114,0,4439.9
1115,0,15307.7
1116,0,30175.2
1117,0,44596.4
1118,0,53289.9
1119,0,68603
1120,0,75489.1
1121,0,34007.2
1122,0,1401.4
1123,0,0
1124,0,0
1125,198.7,0
1126,46455.3,0
1127,74888.6,0
1128,91218,0
1129,109546.1,0
1130,128652.9,0
1131,142060.8,0
1132,157020.2,0
1133,164657.6,0
1134,181538,0
1135,117634.8,0
1136,49655,0
1137,573.9,0
1138,0,7083
1139,0,30596.8
1140,0,57758.8
1141,0,80189.5
1142,0,94140.4
1143,0,98639.8
1144,0,99409.6
1145,0,53404.7
1146,0,8548
1147,0,246.4
1148,0,0
1149,0,0
1150,13277.5,0
1151,27652.4,0
1152,57255.4,0
1153,67666.9,0
1154,100896.9,0
1155,97648.8,0
1156,130469.7,0
1157,116002.2,0
1158,144262.5,0
1159,128568.6,0
1160,133223,0
1161,93409.8,0
1162,67718.2,0
1163,34589,0
1164,27481.8,0
1165,21662.5,0
1166,13771.4,0
1167,7385.9,1753.8
1168,4947.2,915.4
1169,4880.2,1219
1170,4567.2,0
1171,15863.2,0
1172,18838.5,0
1173,33228.6,0
1174,54804.5,0
1175,77610.1,0
1176,77239.5,0
1177,102625,0
1178,92984.3,0
1179,117112.9,0
1180,103273.9,0
1181,126468,0
1182,110296.1,0
1183,131427,0
1184,97337,0
1185,98225.6,0
1186,72151.7,0
1187,63635.7,0
1188,52036.8,0
1189,53478.9,0
1190,44916.9,0
1191,50171,0
1192,46320.3,0
1193,54787.6,0
1194,56223.8,0
1195,69713.8,0
1196,64625.2,0
1197,75967.4,0
1198,80196.3,0
1199,98312.2,0
1200,86177.2,0
1201,103490.7,0
1202,93786.6,0
1203,113245.9,0
1204,97073.2,0
1205,117301.9,0
1206,99704.2,0
1207,117976.5,0
1208,83182.8,0
1209,77337.4,0
1210,52073.6,0
1211,36666.6,0
1212,23177.1,0
1213,16022.9,0
1214,12421.5,0
1215,7740.5,0
1216,6787.7,0
1217,10085.2,0
1218,15449.1,0
1219,21652.7,0
1220,28997.6,0
1221,35154.2,0
1222,59638.8,0
1223,61748.1,0
1224,82296.6,0
1225,85054.2,0
1226,106582.7,0
1227,102730.9,0
1228,125773.6,0
1229,121398.2,0
1230,146550.3,0
1231,98063.4,0
1232,34540.9,0
1233,79.2,0
1234,0,2900.4
1235,0,15111.9
1236,0,34803.6
1237,0,46216.5
1238,0,50053.8
1239,0,55251.3
1240,0,54372.8
1241,0,28130.3
1242,136.7,311.5
1243,721.5,0
1244,2171.3,0
1245,4655.2,0
1246,89729.9,0
1247,130729.8,0
1248,152629.4,0
1249,183649.7,0
1250,200986.1,0
1251,216072.8,0
1252,225958.3,0
1253,237376.5,0
1254,248669.3,0
1255,149246,0
1256,72948.8,0
1257,4647.1,0
1258,581.4,1200.9
1259,0,16971.8
1260,0,39842.7
1261,0,50601.8
1262,0,50616.1
1263,0,64459.8
1264,0,71991.5
1265,0,34455
1266,0,3280.4
1267,0,0
1268,0,0
1269,0,0
1270,13697.2,0
1271,22372.6,0
1272,31943.9,0
1273,33543.7,0
1274,46098.1,0
1275,43576,0
1276,53617.8,0
1277,51766.3,0
1278,62144.8,0
1279,44357.4,0
1280,4577.3,0
1281,0,3981.8
1282,0,28683.5
1283,0,57363.1
1284,0,94472.8
1285,0,120069
1286,0,87449.4
1287,0,77077.3
1288,0,66633.3
1289,0,21384.5
1290,0,4.6
1291,0,0
1292,0,0
1293,0,0
1294,14524.7,0
1295,26276.2,0
1296,42271.3,0
1297,45985.5,0
1298,61674.1,0
1299,63547.5,0
1300,83338.1,0
1301,87338.9,0
1302,109165.7,0
1303,75226.6,0
1304,19920.7,0
1305,0,52.9
1306,0,11207
1307,0,29989.2
1308,0,46493.6
1309,0,58089.3
1310,0,67449.6
1311,0,75838.2
1312,0,69410.3
1313,0,28030.5
1314,0,855.8
1315,0,0
1316,65,0
1317,1187.7,0
1318,58452.6,0
1319,90117.6,0
1320,103190.6,0
1321,130657.5,0
1322,140606.8,0
1323,164921.4,0
1324,165085.8,0
1325,181353.4,0
1326,182676.9,0
1327,199499,0
1328,152783.5,0
1329,133976.9,0
1330,110243,0
1331,111363.1,0
1332,69192.1,0
1333,59646.6,0
1334,44560.2,0
1335,39013.8,0
1336,38286,0
1337,43102.7,0
1338,52086.6,0
1339,82555.6,0
1340,94449.3,0
1341,119956.4,0
1342,143720.1,0
1343,169457.5,0
1344,178401.1,0
1345,196575.3,0
1346,198835.1,0
1347,214777.1,0
1348,219672.7,0
1349,223485.4,0
1350,225652.8,0
1351,234036,0
1352,185027.7,0
1353,144869.8,0
1354,103068.1,0
1355,77835.7,0
1356,60178.1,0
1357,51489.9,0
1358,34264.7,0
1359,28956.9,0
1360,26118.5,0
1361,22623.9,0
1362,28410.5,0
1363,46635.3,0
1364,63489.1,0
1365,88512.5,0
1366,112979.4,0
1367,133897.7,0
1368,138001.8,0
1369,153052.2,0
1370,149851.3,0
1371,158691,0
1372,154027.7,0
1373,161475.2,0
1374,155556.9,0
1375,102696,0
1376,43979.3,0
1377,1040.1,0
1378,531.3,0
1379,135.2,113.5
1380,0,5510.3
1381,0,11201.5
1382,0,15250.7
1383,0,26198.8
1384,0,30125
1385,0,504.2
1386,0,0
1387,85.6,0
1388,882.3,0
1389,2399.4,0
1390,61373.2,0
1391,88096.8,0
1392,92280.2,0
1393,113156.5,0
1394,111953.8,0
1395,127618,0
1396,124254.7,0
1397,141019.8,0
1398,137548.5,0
1399,92866,0
1400,38665.2,0
1401,908.3,0
1402,389.6,0
1403,0,380.6
1404,0,10597.2
1405,0,14272.3
1406,0,15166
1407,0,25022.7
1408,0,30435.8
1409,0,3381.8
1410,0,0
1411,0,0
1412,708.8,0
1413,3403,0
1414,74372.7,0
1415,106107.3,0
1416,116576.7,0
1417,139541.9,0
1418,144423.8,0
1419,162383.9,0
1420,163820.9,0
1421,179333.1,0
1422,181778.2,0
1423,119099.5,0
1424,50295.2,0
1425,1020.2,0
1426,0,2514.8
1427,0,22698.6
1428,0,49275.8
1429,0,56712.3
1430,0,58906.8
1431,0,66242.3
1432,0,63747.5
1433,0,20077.3
1434,0,13.7
1435,0,0
1436,0,0
1437,0,0
1438,9433.1,0
1439,17866.4,0
1440,30332.4,0
1441,40468.2,0
1442,55786.8,0
1443,68500.4,0
1444,96872.5,0
1445,100619.2,0
1446,123061.2,0
1447,90660.5,0
1448,18413.7,0
1449,0,704
1450,0,19753.6
1451,0,34664.9
1452,0,67022.9
1453,0,94484.1
1454,0,107835.1
1455,0,121614.6
1456,0,126773.6
1457,0,87785.3
1458,0,32033.7
1459,0,8027.2
1460,0,293.6
1461,0,0
1462,2914.3,0
1463,5621,0
1464,16150.3,0
1465,25633.1,0
1466,42272.5,0
1467,50266.7,0
1468,68641.9,0
1469,77704.5,0
1470,101838.6,0
1471,70965.3,0
1472,15958.1,0
1473,0,35.4
1474,0,12551
1475,0,33618.1
1476,0,60021.1
1477,0,84455
1478,0,96539.5
1479,0,107155.3
1480,0,110196.1
1481,0,66789.8
1482,0,15881.8
1483,0,1615.5
1484,0,0
1485,0,0
1486,13638.2,0
1487,28686.9,0
1488,59903.3,0
1489,65657.4,0
1490,96486.3,0
1491,85392.7,0
1492,113132.7,0
1493,95582.5,0
1494,123680.5,0
1495,101987.2,0
1496,104431.7,0
1497,79846.1,0
1498,89762.8,0
1499,66849,0
1500,73907.7,0
1501,58655.2,0
1502,61972.5,0
1503,49091.1,0
1504,54665.4,0
1505,44589.2,0
1506,55124.5,0
1507,55311,0
1508,70099.2,0
1509,64125.8,0
1510,99260.4,0
1511,83294.1,0
1512,103858.1,0
1513,82928.9,0
1514,90096.6,0
1515,72293.3,0
1516,81125.8,0
1517,66201.2,0
1518,76187.2,0
1519,62797,0
1520,43170.4,0
1521,18694.8,0
1522,15804.5,0
1523,8268.9,160.5
1524,4946,8346.4
1525,384.4,16249.3
1526,0,30074.7
1527,0,35840.3
1528,0,30717.5
1529,0,12686.2
1530,0,1767.2
1531,0,0
1532,324.3,0
1533,6257.1,0
1534,24739.4,0
1535,38178.8,0
1536,60245.1,0
1537,68030.5,0
1538,97179.9,0
1539,97763.1,0
1540,125287.8,0
1541,118458.7,0
1542,147739.6,0
1543,93860.2,0
1544,31527.7,0
1545,82.8,0
1546,0,3878
1547,0,20758.2
1548,0,42013.2
1549,0,53926.4
1550,0,62239.8
1551,0,73449.1
1552,0,77630
1553,0,32662.9
1554,0,1490.6
1555,0,0
1556,0,0
1557,430.6,0
1558,47266.4,0
1559,75564.1,0
1560,95739.8,0
1561,114316.5,0
1562,133339.6,0
1563,147250.6,0
1564,162652.8,0
1565,169345.8,0
1566,185352.4,0
1567,117926,0
1568,47694.2,0
1569,774.3,0
1570,0,0
1571,0,3757.9
1572,0,27433.6
1573,0,41028.4
1574,0,49267.7
1575,0,57224.5
1576,0,61725.3
1577,0,17317.1
1578,0,0
1579,0,0
1580,0,0
1581,0,0
1582,21852.8,0
1583,37755.3,0
1584,44787.1,0
1585,53308.4,0
1586,56422.7,0
1587,62958.4,0
1588,62946,0
1589,68463.5,0
1590,70635,0
1591,54561.6,0
1592,9149.2,0
1593,118.9,0
1594,0,640.7
1595,0,5530.5
1596,0,27366.8
1597,0,42097.2
1598,0,51390.8
1599,0,60877.2
1600,0,65691.9
1601,0,25040.7
1602,0,151.1
1603,0,0
1604,0,0
1605,0,0
1606,2141.3,0
1607,8023.9,0
1608,9659,0
1609,12828.3,0
1610,18512.7,0
1611,25119.7,0
1612,28976.2,0
1613,38973.1,0
1614,46603.2,0
1615,40757.6,0
1616,3812.6,0
1617,0,3608.2
1618,0,28895.4
1619,0,56938.8
1620,0,90618.2
1621,0,111469.1
1622,0,117245
1623,0,129155.2
1624,0,134207.9
1625,0,98294.5
1626,0,48104.1
1627,0,16802.7
1628,0,4479.4
1629,0,0
1630,711.5,0
1631,3735.5,0
1632,8385.3,0
1633,19155.2,0
1634,39321.3,0
1635,50432.4,0
1636,73139.6,0
1637,81186.5,0
1638,101795.6,0
1639,72055.9,0
1640,15406.5,0
1641,0,1325.9
1642,0,23584.5
1643,0,50573.4
1644,0,85919.1
1645,0,111105.5
1646,0,118458.7
1647,0,130651.8
1648,0,136634.6
1649,0,100844.7
1650,0,50186.7
1651,0,17513
1652,0,4817.1
1653,0,45.4
1654,1295.1,0
1655,4788.6,0
1656,11401.3,0
1657,30724.1,0
1658,45973.8,0
1659,72421.7,0
1660,83053.1,0
1661,105265.4,0
1662,110180.5,0
1663,123285.2,0
1664,83827.9,0
1665,57316,0
1666,31560.1,0
1667,19035.1,0
1668,10412.2,0
1669,5486.2,0
1670,3177,0
1671,1894.4,0
1672,1368.3,0
1673,1344.6,0
1674,2034.1,0
1675,5910.4,0
1676,11193.9,0
1677,14806.1,0
1678,29706.8,0
1679,34504.8,0
1680,40728.9,0
1681,43162.2,0
1682,47509.5,0
1683,52133.7,0
1684,55096,0
1685,55652.3,0
1686,57750,0
1687,46364.6,0
1688,38945.8,0
1689,25924.8,0
1690,12813.5,0
1691,7678,0
1692,3435.8,346.2
1693,5568.5,7145.3
1694,2458,7183.7
1695,41.3,4519.2
1696,162.3,2041.6
1697,250.3,11.9
1698,685.6,0
1699,2901.8,0
1700,9284.8,0
1701,19984.7,0
1702,29207.3,0
1703,32957.4,0
1704,41016.1,0
1705,44287.9,0
1706,56012.5,0
1707,55943.9,0
1708,71855.1,0
1709,74254.4,0
1710,60766.1,0
1711,14741.1,0
1712,79.9,0
1713,0,3787.8
1714,0,22064.8
1715,0,54519.6
1716,0,78871
1717,0,91829.9
1718,0,99497.6
1719,0,111465.1
1720,0,77258.1
1721,0,27079.9
1722,0,9172.1
1723,0,1661.1
1724,0,14.9
1725,0,0
1726,98.8,0
1727,1507.6,0
1728,4046.9,0
1729,5897.4,0
1730,8685.8,0
1731,12703.7,0
1732,18973.3,0
1733,24638.5,0
1734,21716.7,0
1735,1030,0
1736,0,294.1
1737,0,6510.8
1738,0,27298.3
1739,0,61234.9
1740,0,81572.7
1741,0,76622.4
1742,0,77523
1743,0,75800.9
1744,0,38585.4
1745,0,3435.3
1746,0,24.3
1747,0,0
1748,0,0
1749,2142.6,0
1750,6619,0
1751,10412.5,0
1752,25467.6,0
1753,37626.1,0
1754,57856.2,0
1755,58397.3,0
1756,78097.1,0
1757,81606.6,0
1758,64499.5,0
1759,18764.7,0
1760,189.9,0
1761,0,4748.5
1762,0,22018.8
1763,0,50066.2
1764,0,71544.4
1765,0,81102
1766,0,96098.8
1767,0,104615.3
1768,0,69740.2
1769,0,31766.2
1770,0,14122.6
1771,0,22.6
1772,0,0
1773,3856.4,0
1774,16345.2,0
1775,30674.7,0
1776,57666.3,0
1777,67978.4,0
1778,98349.7,0
1779,95628.3,0
1780,125421,0
1781,126287.9,0
1782,97757,0
1783,41972.5,0
1784,671.8,0
1785,9,463.1
1786,0,14323.2
1787,0,44572.3
1788,0,67122.2
1789,0,80847.9
1790,0,97087.1
1791,0,107658.1
1792,0,74895
1793,0,31789.7
1794,0,12891.8
1795,0,810.6
1796,0,0
1797,2986.6,0
1798,6473.9,0
1799,14420.8,0
1800,25647.4,0
1801,32905.8,0
1802,45271.2,0
1803,49029.1,0
1804,66306.8,0
1805,69120,0
1806,56058.5,0
1807,13332.3,0
1808,248.6,0
1809,3.9,377.9
1810,0,11570.5
1811,0,45623.6
1812,0,65731.8
1813,0,79056.8
1814,0,95398.4
1815,0,104240
1816,0,67098.5
1817,0,18467
1818,0,4760.4
1819,0,0
1820,0,0
1821,7282.9,0
1822,22388.1,0
1823,41518.1,0
1824,57783.6,0
1825,81891.5,0
1826,92330.6,0
1827,117494.3,0
1828,122974.9,0
1829,145140.9,0
1830,147559,0
1831,141967.9,0
1832,122969.8,0
1833,104428.8,0
1834,70370.4,0
1835,49940,0
1836,36084.4,0
1837,28409.1,0
1838,26967.2,0
1839,21720.7,543.4
1840,14924.4,496.8
1841,15161.4,1052.5
1842,16946.8,0
1843,25752.3,0
1844,36409.8,0
1845,79231.7,0
1846,88636.9,0
1847,120562.3,0
1848,125005.6,0
1849,157619.6,0
1850,156747.7,0
1851,194560.5,0
1852,186753.7,0
1853,216642.9,0
1854,216626,0
1855,205166.6,0
1856,156626.3,0
1857,129989,0
1858,76736.7,0
1859,53608.2,0
1860,31798.9,0
1861,21570.9,0
1862,13078.7,7206.1
1863,1967.1,6049.2
1864,259.4,5991.3
1865,0,2087.7
1866,138,170.9
1867,2125.5,0
1868,9454.3,0
1869,28914,0
1870,47224.8,0
1871,62831.4,0
1872,76696.3,0
1873,73742,0
1874,78670.9,0
1875,72295.7,0
1876,79549,0
1877,77801,0
1878,57724.1,0
1879,10356.6,0
1880,12,0
1881,0,5791.2
1882,0,29337.6
1883,0,68694.2
1884,0,99533.7
1885,0,88091.6
1886,0,87293.4
1887,0,83988.2
1888,0,65317.1
1889,0,40038.7
1890,0,22684.9
1891,0,8275.2
1892,0,3593.9
1893,0,0
1894,0,0
1895,214.4,0
1896,3236.3,0
1897,7228.3,0
1898,17402.3,0
1899,35152.8,0
1900,50956.3,0
1901,61364.8,0
1902,54088.9,0
1903,11773.7,0
1904,158.2,28.9
1905,0,4445
1906,0,20864.7
1907,0,46071.4
1908,0,64159
1909,0,73308.8
1910,0,78311
1911,0,83822.2
1912,0,44492.9
1913,0,6137.2
1914,0,0
1915,0,0
1916,0,0
1917,8713.1,0
1918,17562.6,0
1919,38440.5,0
1920,50291.4,0
1921,67121.7,0
1922,73548.3,0
1923,96466.6,0
1924,96908.1,0
1925,116291.8,0
1926,76698.6,0
1927,26450.2,0
1928,633.2,0
1929,214.2,41
1930,2.5,694.6
1931,0,6020.1
1932,0,11381.7
1933,0,14330.1
1934,0,23511.8
1935,0,27810.9
1936,0,805.3
1937,0,0
1938,0,0
1939,57,0
1940,277,0
1941,42071.7,0
1942,61397.3,0
1943,69378.5,0
1944,85542.7,0
1945,86684.5,0
1946,99800.5,0
1947,98859,0
1948,108475.5,0
1949,104683,0
1950,72078.6,0
1951,22569.9,0
1952,602.6,0
1953,283.4,73.3
1954,33.2,724.2
1955,0,6724.3
1956,0,14840.9
1957,0,16963.5
1958,0,27070.5
1959,0,32796.3
1960,0,1355.1
1961,0,0
1962,0,0
1963,0,0
1964,21,0
1965,28740.1,0
1966,43940.4,0
1967,54296.5,0
1968,59943.5,0
1969,66687.1,0
1970,74718.4,0
1971,77936,0
1972,82830.6,0
1973,85904.6,0
1974,60521.2,0
1975,12986.4,0
1976,282.8,0
1977,2.6,605.5
1978,0,4572
1979,0,21129
1980,0,31498.6
1981,0,31876.1
1982,0,38040
1983,0,40688.3
1984,0,2945.9
1985,0,0
1986,0,0
1987,3.5,0
1988,104.9,0
1989,35718,0
1990,54584,0
1991,65475.8,0
1992,81083.3,0
1993,81719,0
1994,96245.7,0
1995,95123.6,0
1996,107927.7,0
1997,105202.2,0
1998,117296.9,0
1999,96334.6,0
2000,81656.1,0
2001,55957.8,0
2002,29982.1,0
2003,21795,0
2004,16243.3,0
2005,14859.9,0
2006,5269.1,605.7
2007,3947.5,4182.5
2008,2403.8,4737.6
2009,1633.1,1261.4
2010,1814.8,3.7
2011,2733.2,0
2012,6647.9,0
2013,25169.7,0
2014,36648.4,0
2015,51196,0
2016,67679.1,0
2017,84523.8,0
2018,103878.4,0
2019,114463.6,0
2020,140482.5,0
2021,149291.8,0
2022,169162.8,0
2023,142897.5,0
2024,120021.4,0
2025,82965.1,0
2026,44132.7,0
2027,25805.2,0
2028,19923,0
2029,10555.8,2869.3
2030,2450.5,9311.7
2031,0,5486.2
2032,0,6279.6
2033,0,7676.8
2034,0,2222.5
2035,0,2.2
2036,0,0
2037,2077.5,0
2038,9042.4,0
2039,22308.2,0
2040,36953.5,0
2041,63895.8,0
2042,75035,0
2043,97837.7,0
2044,106078.6,0
2045,124441.2,0
2046,90637.4,0
2047,33232.1,0
2048,414.9,0
2049,0,1013.1
2050,0,18167.8
2051,0,56054.3
2052,0,107075.7
2053,0,122013.9
2054,0,139936.6
2055,0,146583.1
2056,0,120883.5
2057,0,87488.6
2058,0,71198.8
2059,0,39457.6
2060,0,24872.5
2061,0,0
2062,0,0
2063,0,0
2064,0,0
2065,0,0
2066,0,0
2067,0,0
2068,85.5,0
2069,1429.8,0
2070,2743.1,0
2071,0,0
2072,0,9685.4
2073,0,46914.4
2074,0,68181
2075,0,105835.1
2076,0,125698.5
2077,0,144520.3
2078,0,168129.7
2079,0,179531.7
2080,0,144645.4
2081,0,117794.8
2082,0,106631.1
2083,0,89401.9
2084,0,71960.8
2085,0,17667.9
2086,0,11570.4
2087,0,771.3
2088,0,214.2
2089,0,0
2090,0,0
2091,0,0
2092,0,0
2093,0,0
2094,0,0
2095,0,0
2096,0,29593.8
2097,0,58066.6
2098,0,69849.8
2099,0,98037.1
2100,0,118392.7
2101,0,120932.5
2102,0,135524.7
2103,0,147508.3
2104,0,115831.5
2105,0,78259.8
2106,0,66415.6
2107,0,55217.3
2108,0,42170.9
2109,0,21218.9
2110,0,10274
2111,0,3586.1
2112,0,275.3
2113,0,45.4
2114,0,0
2115,0,0
2116,0,0
2117,0,0
2118,0,0
2119,0,0
2120,0,26512
2121,0,56958
2122,0,65145.7
2123,0,79093.8
2124,0,86014.2
2125,0,81328.4
2126,0,86510.2
2127,0,89977.8
2128,0,53612.3
2129,0,16275.4
2130,0,2459
2131,0,213.9
2132,0,0
2133,37.6,0
2134,3009.3,0
2135,6716.4,0
2136,8946.7,0
2137,15306.9,0
2138,22559.1,0
2139,28531.6,0
2140,33164.3,0
2141,38280.9,0
2142,34002.1,0
2143,2579.2,0
2144,0,245.1
2145,0,3928.3
2146,0,18314.6
2147,0,41020.4
2148,0,47778.7
2149,0,45658.8
2150,0,48863.8
2151,0,50644.7
2152,0,12029.8
2153,0,14.2
2154,0,0
2155,0,0
2156,0,0
2157,11448.7,0
2158,22767.5,0
2159,36538.1,0
2160,44373.1,0
2161,56148.8,0
2162,60073.3,0
2163,77815.5,0
2164,77032.6,0
2165,94208.8,0
2166,91816.5,0
2167,77328.4,0
2168,52905.2,0
2169,33159.1,0
2170,18913.2,0
2171,12151.4,0
2172,4655.2,586.5
2173,2344.3,9329.4
2174,0,8361.7
2175,0,9307.3
2176,0,8487.1
2177,0,10042.8
2178,0,1196.7
2179,0,0
2180,0,0
2181,3552.8,0
2182,11124.2,0
2183,28216.9,0
2184,37531.5,0
2185,52865.1,0
2186,53420.5,0
2187,73849.5,0
2188,69725.7,0
2189,91226.9,0
2190,84017.1,0
2191,84213.6,0
2192,58838,0
2193,41390.5,0
2194,17103.5,0
2195,16387.1,0
2196,5253.1,462.8
2197,2075.4,7011.3
2198,0,10164.4
2199,0,6818.9
2200,0,4867.2
2201,0,8896.6
2202,0,6432.6
2203,0,740.3
2204,0,0
2205,0,0
2206,0,0
2207,99.7,0
2208,1246.4,0
2209,5480,0
2210,10460.5,0
2211,19402.3,0
2212,29547.8,0
2213,35257.3,0
2214,30724.8,0
2215,2022.1,0
2216,0,858
2217,0,16072.5
2218,0,45408.4
2219,0,83485.6
2220,0,108704.9
2221,0,114007.5
2222,0,130628.3
2223,0,143471.9
2224,0,115865.6
2225,0,75418.2
2226,0,51870.7
2227,0,30061
2228,0,14852.4
2229,0,0
2230,0,0
2231,0,0
2232,3.8,0
2233,539.4,0
2234,2198.4,0
2235,4518.8,0
2236,7146.6,0
2237,8571.6,0
2238,8388.5,0
2239,0,0
2240,0,4730.5
2241,0,28334.4
2242,0,50040.3
2243,0,78704.8
2244,0,106935.3
2245,0,115977.7
2246,0,141115.3
2247,0,153181.6
2248,0,122605.5
2249,0,89311.9
2250,0,72107.4
2251,0,43849.1
2252,0,18916.9
2253,0,0
2254,0,0
2255,0,0
2256,16.5,0
2257,1169.4,0
2258,4828.4,0
2259,6991.1,0
2260,12951,0
2261,22726.2,0
2262,23077.3,0
2263,717.3,0
2264,0,943.9
2265,0,18490.2
2266,0,43701
2267,0,75537.1
2268,0,93170.3
2269,0,93873.2
2270,0,110128.6
2271,0,121815.7
2272,0,95927.9
2273,0,60644.7
2274,0,40557.9
2275,0,18887.4
2276,0,3930.7
2277,0,0
2278,162.4,0
2279,1521.6,0
2280,5128.7,0
2281,11739.4,0
2282,26008.4,0
2283,45570.9,0
2284,51678.4,0
2285,77180.6,0
2286,51359.4,0
2287,7211.8,0
2288,27.9,1145.8
2289,0,11897.4
2290,0,42529
2291,0,84945.3
2292,0,117609.1
2293,0,121160.5
2294,0,140462.5
2295,0,152848.8
2296,0,123769.2
2297,0,91263.3
2298,0,74546.4
2299,0,46947
2300,0,21307.4
2301,0,0
2302,0,0
2303,0,0
2304,172,0
2305,1989.9,0
2306,5443,0
2307,10046.2,0
2308,22663.9,0
2309,34068.3,0
2310,28801.4,0
2311,1574.1,0
2312,0,1638.7
2313,0,20657.8
2314,0,51962
2315,0,90683.9
2316,0,113977.4
2317,0,110202.9
2318,0,116488.1
2319,0,114818.6
2320,0,79513.4
2321,0,37565
2322,0,20663.2
2323,0,8058.3
2324,0,3184.2
2325,0,0
2326,0,0
2327,0,0
2328,566.6,0
2329,2918.1,0
2330,5753.4,0
2331,6301.2,0
2332,8445.4,0
2333,9542.8,0
2334,12401.3,0
2335,9197.2,0
2336,8337.2,0
2337,4194.6,0
2338,1772.5,0
2339,849,0
2340,66.2,0
2341,0,0
2342,0,0
2343,0,13
2344,0,0
2345,0,0
2346,0,0
2347,0,0
2348,0,0
2349,0,0
2350,0,0
2351,0,0
2352,77.2,0
2353,665,0
2354,2528.6,0
2355,4450.6,0
2356,6216.2,0
2357,6974,0
2358,7958.6,0
2359,6832,0
2360,4286.9,0
2361,2574.8,0
2362,1549.8,0
2363,654,0
2364,29.2,0
2365,0,36.5
2366,0,1602.1
2367,0,4564.7
2368,0,3583.4
2369,0,5281.8
2370,0,3796.9
2371,0,1804.6
2372,0,9.2
2373,0,0
2374,0,0
2375,0,0
2376,0,0
2377,0,0
2378,490.8,0
2379,4161.7,0
2380,7591.4,0
2381,13962.7,0
2382,13830.3,0
2383,0,0
2384,0,4922.5
2385,0,32690.9
2386,0,66508.7
2387,0,105428.8
2388,0,121712.6
2389,0,114548.9
2390,0,127764.2
2391,0,123908.8
2392,0,91357.9
2393,0,57821.5
2394,0,43304.7
2395,0,28801.4
2396,0,17744.5
2397,0,0
2398,0,0
2399,0,0
2400,0,0
2401,0,0
2402,405.3,0
2403,3358.1,0
2404,6288.5,0
2405,7979.8,0
2406,11227.7,0
2407,20.3,0
2408,0,4360.6
2409,0,31882.6
2410,0,63586.1
2411,0,100881.3
2412,0,130056.5
2413,0,136829.7
2414,0,158094.8
2415,0,169961
2416,0,141394.1
2417,0,105662.2
2418,0,86478.8
2419,0,66217.7
2420,0,43510.3
2421,0,1678.6
2422,0,24.3
2423,0,0
2424,0,0
2425,0,0
2426,532.8,0
2427,4336.1,0
2428,5983.5,0
2429,8395.6,0
2430,9707.4,0
2431,0,0
2432,0,7846
2433,0,41241.7
2434,0,72540.1
2435,0,109799.3
2436,0,125471
2437,0,124609.2
2438,0,132557.5
2439,0,136468.3
2440,0,104245.2
2441,0,68815.3
2442,0,52639.8
2443,0,37932.4
2444,0,27517.1
2445,0,940.5
2446,0,316
2447,0,14.4
2448,0,0
2449,0,0
2450,0,0
2451,0,0
2452,0,0
2453,90.6,0
2454,1054.5,0
2455,0,0
2456,0,13469.6
2457,0,44276.8
2458,0,68403.2
2459,0,98306.5
2460,0,119829
2461,0,121715.1
2462,0,137159.7
2463,0,145025.8
2464,0,108977.1
2465,0,71116.7
2466,0,54377.2
2467,0,37807.7
2468,0,24916.5
2469,0,28.4
2470,0,0
2471,0,0
2472,0,0
2473,0,0
2474,88.6,0
2475,1357.7,0
2476,3934.1,0
2477,6171.9,0
2478,4722.8,0
2479,0,0
2480,0,7983.3
2481,0,31426.9
2482,0,44553.1
2483,0,65035.6
2484,0,73985.1
2485,0,67859.5
2486,0,75516.4
2487,0,81544.8
2488,0,52601.6
2489,0,21853.1
2490,0,14228.6
2491,0,10762.5
2492,0,8600.7
2493,0,0
2494,0,0
2495,0,0
2496,0,0
2497,0,0
2498,0,0
2499,76.9,0
2500,1330.1,0
2501,5810.7,0
2502,6407.6,0
2503,6515.9,0
2504,5529.5,0
2505,2789.9,0
2506,1147.6,0
2507,557.7,0
2508,22.5,0
2509,0,0
2510,0,0
2511,0,0
2512,0,0
2513,0,0
2514,0,0
2515,117.6,0
2516,1888.5,0
2517,9684.5,0
2518,17397.6,0
2519,30168,0
2520,32570.5,0
2521,42292.1,0
2522,44636.2,0
2523,57350,0
2524,52378.4,0
2525,64705.5,0
2526,57129.7,0
2527,48040.3,0
2528,33103.2,0
2529,25159.5,0
2530,12289.6,0
2531,8359.2,0
2532,5253.1,0
2533,3073.8,0
2534,2012.6,0
2535,670.5,224
2536,1085.7,887.8
2537,1148.4,1186.8
2538,1115.6,350
2539,3117,0
2540,7191.9,0
2541,29694.6,0
2542,39296,0
2543,66497.4,0
2544,70975.1,0
2545,103473.6,0
2546,96243.1,0
2547,134966.2,0
2548,120967,0
2549,163089.8,0
2550,95597.2,0
2551,34438.4,0
2552,819.2,0
2553,76.5,2264.6
2554,0,11132.3
2555,0,41074.8
2556,0,66927.8
2557,0,80796.6
2558,0,98572.3
2559,0,115424.9
2560,0,95601.4
2561,0,66660.3
2562,0,47482.4
2563,0,25446.7
2564,0,4509.7
2565,0,0
2566,296,0
2567,3245.6,0
2568,8770.6,0
2569,29221.9,0
2570,43081.7,0
2571,66269.4,0
2572,69980.1,0
2573,90266.1,0
2574,64796.3,0
2575,11115.7,0
2576,124.3,329.5
2577,0,6470.5
2578,0,31879
2579,0,76324.7
2580,0,107883.5
2581,0,111220.1
2582,0,130416.2
2583,0,144363.6
2584,0,120457.4
2585,0,86470.7
2586,0,69859.1
2587,0,45227
2588,0,23304.9
2589,0,0
2590,0,0
2591,0,0
2592,0,0
2593,1086.3,0
2594,4811.6,0
2595,7130.2,0
2596,13413.6,0
2597,22701.6,0
2598,19743.4,0
2599,67,0
2600,0,4308.4
2601,0,31866.1
2602,0,67080.2
2603,0,106679.5
2604,0,135666.9
2605,0,145092.6
2606,0,168147.8
2607,0,182668.1
2608,0,156918.7
2609,0,122471.1
2610,0,101908.2
2611,0,79564.9
2612,0,55175.2
2613,0,8371.7
2614,0,1196.1
2615,0,0
2616,0,0
2617,0,0
2618,84.1,0
2619,2852.9,0
2620,7197.5,0
2621,10813.3,0
2622,12191.3,0
2623,0,0
2624,0,6609
2625,0,38694.6
2626,0,76704.3
2627,0,120377
2628,0,147691.1
2629,0,161553.1
2630,0,184868.3
2631,0,199760.5
2632,0,172475.8
2633,0,136591.6
2634,0,118362.5
2635,0,90908.4
2636,0,68636.3
2637,0,16859.3
2638,0,3547.9
2639,0,977.2
2640,0,4.7
2641,0,0
2642,0,0
2643,0,0
2644,0,0
2645,0,0
2646,0,0
2647,0,0
2648,0,28930.8
2649,0,69175.2
2650,0,94332.8
2651,0,132011.8
2652,0,154982.1
2653,0,158577.7
2654,0,177377.9
2655,0,188672.5
2656,0,161554.7
2657,0,128898.7
2658,0,113540.9
2659,0,93273.8
2660,0,69723.3
2661,0,16615.1
2662,0,180.6
2663,0,0
2664,0,0
2665,0,0
2666,0,0
2667,1573.7,0
2668,7278.8,0
2669,11034.1,0
2670,14721.6,0
2671,5220.2,0
2672,4068.6,0
2673,1583.4,0
2674,548.1,114.7
2675,0,1865
2676,0,10558.1
2677,0,12307.8
2678,0,13603.5
2679,0,18592.6
2680,0,17598.8
2681,0,20433.6
2682,0,16854.5
2683,0,17799.8
2684,0,4704.4
2685,0,10.9
2686,0,0
2687,0,0
2688,0,0
2689,0,0
2690,90.9,0
2691,1606.6,0
2692,6315.3,0
2693,12082.7,0
2694,16441.8,0
2695,9590.6,0
2696,9114.7,0
2697,4381,0
2698,1533.3,153.5
2699,223.2,2713.5
2700,0,11162
2701,0,15896
2702,0,14915.1
2703,0,23577.1
2704,0,30452.9
2705,0,26583
2706,0,16367.2
2707,0,15256.6
2708,0,6398.4
2709,0,0
2710,0,0
2711,0,0
2712,0,0
2713,0.6,0
2714,502.6,0
2715,1927.4,0
2716,4702,0
2717,6398.6,0
2718,5269.7,0
2719,0,0
2720,0,9781.2
2721,0,45345
2722,0,77810.8
2723,0,115424.3
2724,0,138777.5
2725,0,146682
2726,0,164892.7
2727,0,174887.2
2728,0,142956.8
2729,0,103346.7
2730,0,81550.7
2731,0,58945.8
2732,0,37808.4
2733,0,2028.2
2734,0,534.8
2735,0,10.3
2736,0,0
2737,0,0
2738,0,0
2739,0,0
2740,29.6,0
2741,1094.2,0
2742,1643.1,0
2743,0,0
2744,0,15114
2745,0,46841.4
2746,0,64094.9
2747,0,96358.6
2748,0,129606.1
2749,0,137622.1
2750,0,157555.4
2751,0,166017.1
2752,0,131883.3
2753,0,93711.9
2754,0,77693.8
2755,0,59017.2
2756,0,36166.2
2757,0,281.9
2758,0,10.7
2759,0,0
2760,0,0
2761,0,0
2762,0,0
2763,441.9,0
2764,2529.2,0
2765,5715.3,0
2766,3668.6,0
2767,0,0
2768,0,10173.2
2769,0,35427.7
2770,0,49401.5
2771,0,68155.1
2772,0,75612.9
2773,0,68357.2
2774,0,75888.9
2775,0,81391.8
2776,0,42701.2
2777,0,10045.9
2778,0,1282.7
2779,0,183.7
2780,0,0
2781,36.1,0
2782,1720.2,0
2783,6343.6,0
2784,7103.3,0
2785,8458.2,0
2786,12015.9,0
2787,18088.4,0
2788,23457.9,0
2789,28055.1,0
2790,22836.5,0
2791,343.7,0
2792,0,1137.1
2793,0,18149.5
2794,0,32589.8
2795,0,58643.5
2796,0,71349.9
2797,0,67103.3
2798,0,75663.9
2799,0,80883.5
2800,0,44645.1
2801,0,12464.6
2802,0,3085
2803,0,750.1
2804,0,128.3
2805,0,0
2806,0,0
2807,225,0
2808,1466.1,0
2809,4963,0
2810,6358.5,0
2811,6900.7,0
2812,10719.1,0
2813,12534,0
2814,10096.9,0
2815,0,0
2816,0,6011.1
2817,0,31173.6
2818,0,48079.5
2819,0,70633.4
2820,0,82081.1
2821,0,80708.4
2822,0,88288.3
2823,0,93647
2824,0,56685.3
2825,0,22291.7
2826,0,9519.6
2827,0,1789.6
2828,0,245.6
2829,0,0
2830,0,0
2831,186.9,0
2832,1878,0
2833,5885.1,0
2834,5897.3,0
2835,8152.3,0
2836,10546.3,0
2837,15023.5,0
2838,17331.7,0
2839,11418.5,0
2840,7403.5,0
2841,5311.8,0
2842,2669.2,0
2843,1141.7,0
2844,153.4,0
2845,0,397.8
2846,0,1966.8
2847,0,4999.8
2848,0,2871.7
2849,0,2942.6
2850,0,2843.8
2851,0,1657.9
2852,0,0
2853,0,0
2854,0,0
2855,0,0
2856,0,0
2857,146.5,0
2858,1752.9,0
2859,4365.6,0
2860,7841.8,0
2861,10325.4,0
2862,13934.5,0
2863,10331.5,0
2864,9472.1,0
2865,5463.8,0
2866,2953.2,0
2867,1649.1,0
2868,768.6,0
2869,41.6,0
2870,0,0
2871,0,0
2872,0,0
2873,0,0
2874,0,0
2875,0,0
2876,21.7,0
2877,287.8,0
2878,1936.7,0
2879,7116.8,0
2880,10078,0
2881,17544.4,0
2882,23887.2,0
2883,30801.2,0
2884,37810.1,0
2885,47246.5,0
2886,32709.8,0
2887,1621.1,0
2888,0,2373.1
2889,0,20552.1
2890,0,51414.2
2891,0,91456.9
2892,0,119733.6
2893,0,122768.1
2894,0,145328.6
2895,0,160680.6
2896,0,134563.1
2897,0,106449.5
2898,0,94266.5
2899,0,74002.1
2900,0,52832.5
2901,0,11157.4
2902,0,1206.4
2903,0,0
2904,0,0
2905,0,0
2906,0,0
2907,0,0
2908,75.4,0
2909,2135.2,0
2910,2928.1,0
2911,0,0
2912,0,15648.9
2913,0,48823.1
2914,0,67911.9
2915,0,98880.9
2916,0,108975.2
2917,0,99198.5
2918,0,115848.9
2919,0,126685.5
2920,0,102615
2921,0,75376.6
2922,0,64872.6
2923,0,49899.8
2924,0,34990.4
2925,0,1429.5
2926,0,487.3
2927,0,33
2928,0,0
2929,0,0
2930,0,0
2931,0,0
2932,0,0
2933,8.8,0
2934,192.1,0
2935,0,0
2936,0,23776.3
2937,0,64063.7
2938,0,88690
2939,0,125368.4
2940,0,154444
2941,0,165578
2942,0,187281.9
2943,0,193683.5
2944,0,159372.7
2945,0,121496.6
2946,0,102139.6
2947,0,74021.2
2948,0,53082.9
2949,0,6602.8
2950,0,928.6
2951,0,37
2952,0,0
2953,0,0
2954,0,0
2955,474.1,0
2956,2246.9,0
2957,4552.6,0
2958,4039,0
2959,0,0
2960,0,8404.4
2961,0,30618.3
2962,0,42983.7
2963,0,59427.7
2964,0,67113.8
2965,0,63232.4
2966,0,68185.4
2967,0,74766.5
2968,0,42446.1
2969,0,9264.7
2970,0,1024.5
2971,0,213.2
2972,0,0
2973,209.7,0
2974,3281.5,0
2975,7392.3,0
2976,9188.6,0
2977,15379.9,0
2978,23823.2,0
2979,36112.4,0
2980,43650.9,0
2981,53978.7,0
2982,39792.7,0
2983,2411,0
2984,0,2100.7
2985,0,22788.3
2986,0,51039.8
2987,0,81607.8
2988,0,94877.2
2989,0,86778.3
2990,0,94286.8
2991,0,102829.7
2992,0,73809
2993,0,46977.1
2994,0,40222.8
2995,0,25981.7
2996,0,9890.9
2997,0,0
2998,0,0
2999,0,0
3000,846,0
3001,5451.8,0
3002,7432.6,0
3003,17434.5,0
3004,24230.7,0
3005,39708.6,0
3006,33550.9,0
3007,16616.5,0
3008,9370.2,0
3009,5048.2,0
3010,1021.7,149.5
3011,20,3282.2
3012,0,11891.5
3013,0,14994.7
3014,0,17222.1
3015,0,23314.6
3016,0,30347.3
3017,0,28000
3018,0,18804.8
3019,0,11254.4
3020,0,12215.1
3021,0,1129.6
3022,0,0
3023,0,0
3024,0,0
3025,0,0
3026,0,0
3027,22.7,0
3028,1076.6,0
3029,4055.1,0
3030,4722.6,0
3031,2092,0
3032,143,0
3033,0,953.3
3034,0,4498.1
3035,0,14465.5
3036,0,15287.2
3037,0,19778.2
3038,0,28910.8
3039,0,47733.9
3040,0,46055.5
3041,0,46334.6
3042,0,33970.5
3043,0,20601.3
3044,0,10409.5
3045,0,16010.4
3046,0,9461.7
3047,0,1120.5
3048,0,0
3049,0,0
3050,0,0
3051,0,0
3052,0,0
3053,0,0
3054,0,0
3055,0,0
3056,0,32125.8
3057,0,74623.2
3058,0,96698.1
3059,0,133182.6
3060,0,160026.8
3061,0,163267.6
3062,0,172968.7
3063,0,184526.3
3064,0,158244.9
3065,0,125003.5
3066,0,114489.1
3067,0,96965
3068,0,72383.5
3069,0,29837.8
3070,0,2733.6
3071,0,39.7
3072,0,0
3073,0,0
3074,0,0
3075,1270.2,0
3076,5812.4,0
3077,9170.1,0
3078,5505.3,0
3079,0,0
3080,0,10772.5
3081,0,62516.1
3082,0,97013.2
3083,0,133287.6
3084,0,158049.8
3085,0,167485.4
3086,0,188401.2
3087,0,201169.9
3088,0,174404.7
3089,0,145450.8
3090,0,138209.4
3091,0,122850
3092,0,95867.9
3093,0,31417.1
3094,0,6752.1
3095,0,4610.2
3096,0,257.6
3097,0,0
3098,0,0
3099,0,0
3100,0,0
3101,0,0
3102,0.1,0
3103,0,0
3104,0,33635.2
3105,0,92476.9
3106,0,120498.1
3107,0,155291.1
3108,0,182588
3109,0,194144.8
3110,0,213875.1
3111,0,223858.3
3112,0,195781.7
3113,0,165754.9
3114,0,158203.1
3115,0,142272.7
3116,0,118617.6
3117,0,47269.1
3118,0,17478.6
3119,0,18511
3120,0,6909.4
3121,0,3480.6
3122,0,210.4
3123,0,0
3124,0,0
3125,0,0
3126,0,0
3127,0,0
3128,0,62860.5
3129,0,113252.6
3130,0,144535.7
3131,0,187318
3132,0,213867.3
3133,0,223189.9
3134,0,239522.5
3135,0,248392.3
3136,0,215680.9
3137,0,180016.2
3138,0,166934.5
3139,0,146237.9
3140,0,122934.9
3141,0,53803.1
3142,0,21760.1
3143,0,15968.8
3144,0,18527.6
3145,0,26879.1
3146,0,7258.7
3147,0,3260.1
3148,0,385.7
3149,0,35.3
3150,0,0
3151,0,2109.5
3152,0,85165.2
3153,0,125227.7
3154,0,155741.5
3155,0,194341.1
3156,0,217544.5
3157,0,221511
3158,0,236211.9
3159,0,237148.6
3160,0,184558.5
3161,0,141195.3
3162,0,122009.8
3163,0,103097.8
3164,0,84318.5
3165,0,31164.6
3166,0,15797.5
3167,0,12043.5
3168,0,8370.7
3169,0,2973.4
3170,0,161.9
3171,0,0
3172,0,0
3173,0,0
3174,0,0
3175,0,0
3176,0,2724.9
3177,0,5504.9
3178,0,8589
3179,0,16474.2
3180,0,14877.5
3181,0,18080.9
3182,0,20453.3
3183,0,22082.4
3184,0,24573.9
3185,0,23420.1
3186,0,16192
3187,0,8428.5
3188,0,10024
3189,0,466.7
3190,0,0
3191,0,0
3192,0,0
3193,0,0
3194,33,0
3195,639.2,0
3196,1769.7,0
3197,3673.2,0
3198,4357.2,0
3199,1630.7,0
3200,264.8,0
3201,0,0
3202,0,0
3203,0,0
3204,0,0
3205,0,415.6
3206,0,5072.8
3207,0,3189.3
3208,0,3806.4
3209,0,6516.6
3210,0,1909.9
3211,0,3029.2
3212,0,650.3
3213,0,167.5
3214,0,0
3215,0,0
3216,0,0
3217,0,0
3218,0,0
3219,0,0
3220,0,0
3221,0,0
3222,0,0
3223,0,0
3224,0,28870.3
3225,0,62454
3226,0,78004.5
3227,0,106874
3228,0,134730.2
3229,0,139548.2
3230,0,159146.7
3231,0,175353.6
3232,0,150125.7
3233,0,120838.4
3234,0,113359.2
3235,0,100439.9
3236,0,78823.3
3237,0,19402.7
3238,0,30755.5
3239,0,8392.9
3240,0,408.7
3241,0,0
3242,0,0
3243,0,0
3244,0,0
3245,6.2,0
3246,185.3,0
3247,0,0
3248,0,32243.8
3249,0,71482.4
3250,0,91088.3
3251,0,124096.8
3252,0,153830.7
3253,0,159974.2
3254,0,181706.9
3255,0,194651.8
3256,0,169531.3
3257,0,142316
3258,0,135858.7
3259,0,115367.5
3260,0,87580.1
3261,0,19566.1
3262,0,8330.8
3263,0,206.2
3264,0,0
3265,0,0
3266,0,0
3267,0,0
3268,370.8,0
3269,2996.6,0
3270,2392.1,0
3271,0,0
3272,0,20876.7
3273,0,71287.5
3274,0,104468.9
3275,0,145158.4
3276,0,174181.1
3277,0,191000.3
3278,0,214889.8
3279,0,229033
3280,0,203763.9
3281,0,174949.1
3282,0,167401
3283,0,150238.1
3284,0,125154.6
3285,0,56305.9
3286,0,22971.7
3287,0,16382.9
3288,0,11464.1
3289,0,9120.7
3290,0,3572.7
3291,0,158.5
3292,0,0
3293,0,0
3294,0,0
3295,0,19.9
3296,0,75719.4
3297,0,121071.1
3298,0,151632.6
3299,0,192870.9
3300,0,219830
3301,0,230154.5
3302,0,246939.2
3303,0,257741.1
3304,0,223532.1
3305,0,174804.3
3306,0,153939
3307,0,136176.6
3308,0,118527.3
3309,0,57721.8
3310,0,24018.7
3311,0,17912.9
3312,0,17288.7
3313,0,16977.5
3314,0,20774.9
3315,0,5609.6
3316,0,288.1
3317,0,0
3318,0,0
3319,0,0
3320,0,47621.3
3321,0,71410
3322,0,76615
3323,0,99554.7
3324,0,113302.3
3325,0,111059.9
3326,0,119053.5
3327,0,122906.6
3328,0,81666.6
3329,0,40268.3
3330,0,26012.5
3331,0,13179.2
3332,0,3812.5
3333,0,0
3334,0,0
3335,0,0
3336,77.9,0
3337,1822.8,0
3338,5395.3,0
3339,5771.9,0
3340,6622.1,0
3341,7524.9,0
3342,7534.7,0
3343,4435.9,0
3344,4350.4,0
3345,2314.5,0
3346,615.5,0
3347,99.2,0
3348,0,0
3349,0,0
3350,0,0
3351,0,0
3352,0,0
3353,0,0
3354,0,0
3355,0,0
3356,0,0
3357,207.8,0
3358,1973.8,0
3359,4186.2,0
3360,7636.4,0
3361,7512.1,0
3362,7514.8,0
3363,8418.8,0
3364,10108.9,0
3365,9854.3,0
3366,10286,0
3367,5415.6,0
3368,2940.5,0
3369,1120,0
3370,109.5,0
3371,0,0
3372,0,7.1
3373,0,2432.5
3374,0,4161.6
3375,0,4862.7
3376,0,7401.6
3377,0,11978.1
3378,0,9427.6
3379,0,8474.9
3380,0,1669.2
3381,0,361.7
3382,0,81.8
3383,0,0
3384,0,0
3385,0,0
3386,0,0
3387,0,0
3388,0,0
3389,0,0
3390,0,0
3391,0,0
3392,0,25205.8
3393,0,63568.6
3394,0,82146.8
3395,0,115580.8
3396,0,140190.7
3397,0,146296.4
3398,0,165659.7
3399,0,180227.8
3400,0,152702
3401,0,124391.3
3402,0,119292.9
3403,0,106227.9
3404,0,89172.3
3405,0,28284.5
3406,0,9341.1
3407,0,22192.4
3408,0,1767.2
3409,0,610
3410,0,124.2
3411,0,0
3412,0,0
3413,0,0
3414,0,0
3415,0,0
3416,0,66963.7
3417,0,111105.4
3418,0,139179.7
3419,0,176390
3420,0,194483.2
3421,0,198645.4
3422,0,199273.6
3423,0,191087.6
3424,0,145230.5
3425,0,101411.2
3426,0,89203.3
3427,0,79112.6
3428,0,65967.8
3429,0,18572.8
3430,0,29154.4
3431,0,18861.8
3432,0,3644.3
3433,0,160.4
3434,0,0
3435,0,0
3436,0,0
3437,0,0
3438,0,0
3439,0,0
3440,0,59671
3441,0,105843.1
3442,0,127407.6
3443,0,159439.9
3444,0,182764.6
3445,0,187276.6
3446,0,201665.2
3447,0,210889.8
3448,0,182966.8
3449,0,154157.8
3450,0,145395.7
3451,0,131634.6
3452,0,112804.7
3453,0,43629.2
3454,0,15609.5
3455,0,18086.6
3456,0,18040.1
3457,0,8655
3458,0,674.4
3459,0,45.4
3460,0,0
3461,0,0
3462,0,0
3463,0,0
3464,0,48362.9
3465,0,77616.1
3466,0,91756.8
3467,0,121218.5
3468,0,142022.8
3469,0,135905.1
3470,0,144037.2
3471,0,147235.7
3472,0,116740.7
3473,0,82023.6
3474,0,69284.9
3475,0,56144.9
3476,0,42731.9
3477,0,12821
3478,0,2170.1
3479,0,87.3
3480,0,0
3481,0,0
3482,0,0
3483,0,0
3484,0,0
3485,0,0
3486,0,0
3487,0,0
3488,0,35158.8
3489,0,69623.3
3490,0,82898.6
3491,0,113310.5
3492,0,139782.7
3493,0,136871.5
3494,0,149252
3495,0,153286.3
3496,0,121853.3
3497,0,88369.7
3498,0,76387
3499,0,63488.5
3500,0,49663.4
3501,0,29024.8
3502,0,9019.3
3503,0,2887.1
3504,0,315.9
3505,0,25.9
3506,0,0
3507,0,0
3508,0,0
3509,0,0
3510,0,0
3511,0,0
3512,0,0
3513,0,0
3514,0,276
3515,0,8390.8
3516,0,9457.1
3517,0,13138.8
3518,0,15925.6
3519,0,15863
3520,0,10770.7
3521,0,17914.2
3522,0,15764.7
3523,0,22180.1
3524,0,9735.6
3525,0,2477.1
3526,0,365.2
3527,0,46.1
3528,0,0
3529,0,0
3530,0,0
3531,0,0
3532,0,0
3533,0,0
3534,0,0
3535,0,0
3536,0,0
3537,0,109.1
3538,0,5219.6
3539,0,6628.9
3540,0,13377.7
3541,0,18432.8
3542,0,25127.6
3543,0,37491.8
3544,0,52842.7
3545,0,57951.9
3546,0,69150.8
3547,0,54952.7
3548,0,24806.9
3549,0,13516.2
3550,0,12427.8
3551,0,26788.7
3552,0,8588.7
3553,0,1947.2
3554,0,202.7
3555,0,2.8
3556,0,0
3557,0,0
3558,0,0
3559,0,1691.7
3560,0,7534.8
3561,0,15769.8
3562,0,23549.2
3563,0,38368.7
3564,0,66797.6
3565,0,101432.4
3566,0,146451.6
3567,0,159819.6
3568,0,184414.9
3569,0,177065.4
3570,0,182721.5
3571,0,147565.6
3572,0,112471.3
3573,0,53033.2
3574,0,26861.3
3575,0,21446.8
3576,0,17149.3
3577,0,21192.4
3578,0,11712
3579,0,21473.5
3580,0,7546.6
3581,0,4129.1
3582,0,753.3
3583,0,18889.8
3584,0,111344.7
3585,0,146845.9
3586,0,177289.9
3587,0,218752.8
3588,0,242582.2
3589,0,255283.8
3590,0,271601.3
3591,0,271303.2
3592,0,230227.3
3593,0,191780.5
3594,0,182435.6
3595,0,168905.4
3596,0,145747.2
3597,0,97551.5
3598,0,55270.4
3599,0,26238.4
3600,0,15211.2
3601,0,14385.2
3602,0,16553.8
3603,0,27126.9
3604,0,9997.1
3605,0,5512.5
3606,0,528.4
3607,0,5420.1
3608,0,96476.7
3609,0,136517.9
3610,0,166994.3
3611,0,203439.9
3612,0,223306.9
3613,0,221162.7
3614,0,222642.5
3615,0,229316.1
3616,0,199670.7
3617,0,168170.2
3618,0,158824.8
3619,0,143409.2
3620,0,125423.7
3621,0,66597.2
3622,0,26428.5
3623,0,19213.1
3624,0,10872.7
3625,0,5016
3626,0,1442.7
3627,0,75.5
3628,0,0
3629,0,0
3630,0,0
3631,0,804.3
3632,0,65959.6
3633,0,116305.8
3634,0,148564.4
3635,0,189990
3636,0,214419
3637,0,221917.7
3638,0,237252.3
3639,0,245738.1
3640,0,214680.7
3641,0,181541.3
3642,0,174586.2
3643,0,161083.5
3644,0,135701.1
3645,0,62692.1
3646,0,21383.1
3647,0,18619.7
3648,0,12863.2
3649,0,9151.4
3650,0,9182
3651,0,5208.9
3652,0,1221.2
3653,0,343.3
3654,0,53.1
3655,0,1183.3
3656,0,87435.6
3657,0,133828.6
3658,0,165362.3
3659,0,202774.4
3660,0,224479.4
3661,0,230695
3662,0,244777
3663,0,250361.8
3664,0,215579.3
3665,0,179831.4
3666,0,161631.1
3667,0,144931.4
3668,0,127849
3669,0,70737.7
3670,0,35794.8
3671,0,29010.7
3672,0,19143.2
3673,0,14274.5
3674,0,10866.6
3675,0,20005
3676,0,9630
3677,0,29601.7
3678,0,16382.1
3679,0,14893.6
3680,0,17461.5
3681,0,21893.7
3682,0,31793.6
3683,0,42081.2
3684,0,57781.7
3685,0,67319.4
3686,0,99660.6
3687,0,100412.5
3688,0,89697.9
3689,0,76488.5
3690,0,52261.1
3691,0,28343.7
3692,0,19159.7
3693,0,19596.8
3694,0,20601
3695,0,11076.5
3696,0,23182
3697,0,16538.4
3698,0,11475.3
3699,0,5182.7
3700,0,877.2
3701,0,252.6
3702,0,1766.6
3703,0,15789.9
3704,0,21672.7
3705,0,18022.5
3706,0,23466
3707,0,26089.9
3708,0,25080
3709,0,25498.4
3710,0,29911.5
3711,0,34511.5
3712,0,29506.6
3713,0,24637.1
3714,0,17831.6
3715,0,13508.4
3716,0,20233.5
3717,0,13483.3
3718,0,5827.7
3719,0,649
3720,0,11
3721,0,0
3722,0,0
3723,0,0
3724,0,0
3725,10.3,0
3726,74.7,0
3727,0,0
3728,0,40312
3729,0,79917.9
3730,0,101702
3731,0,139235.5
3732,0,169844.4
3733,0,177853.1
3734,0,197995.8
3735,0,212735.3
3736,0,189398.5
3737,0,157947.6
3738,0,144306.7
3739,0,125747.9
3740,0,101393.9
3741,0,36867.8
3742,0,9524.5
3743,0,16835.6
3744,0,2878.8
3745,0,715.4
3746,0,254.8
3747,0,0
3748,0,0
3749,0,0
3750,0,0
3751,0,0
3752,0,57429.2
3753,0,103496.3
3754,0,132542.3
3755,0,169506
3756,0,191276.3
3757,0,197958.9
3758,0,216017.1
3759,0,227661.4
3760,0,202932.4
3761,0,174767.1
3762,0,167222.8
3763,0,153319.6
3764,0,135210.6
3765,0,83551.6
3766,0,45300.1
3767,0,31506.8
3768,0,19139.7
3769,0,17013.2
3770,0,11563.6
3771,0,17222.9
3772,0,15952.7
3773,0,8269.3
3774,0,2135.4
3775,0,17889.7
3776,0,123967.8
3777,0,162253.9
3778,0,188031.8
3779,0,211055.5
3780,0,222747
3781,0,218776.7
3782,0,228385.6
3783,0,234362.2
3784,0,203978.4
3785,0,173518.3
3786,0,164286.6
3787,0,152068.8
3788,0,135166.1
3789,0,82143.4
3790,0,37524.2
3791,0,24129.7
3792,0,17512.7
3793,0,8153.7
3794,0,21492.6
3795,0,14711.5
3796,0,7104.5
3797,0,3947.4
3798,0,410.2
3799,0,1913.5
3800,0,94475.8
3801,0,137165.9
3802,0,162876.7
3803,0,196022.6
3804,0,213164.4
3805,0,212337.3
3806,0,225579.3
3807,0,230334
3808,0,198876.3
3809,0,170456
3810,0,152659.4
3811,0,135708.5
3812,0,121425.1
3813,0,63445.4
3814,0,28878.1
3815,0,24069.8
3816,0,12682.2
3817,0,18594.6
3818,0,23257.4
3819,0,16481.4
3820,0,32200.3
3821,0,18687.3
3822,0,1797.2
3823,0,14391
3824,0,111565.7
3825,0,147643.7
3826,0,176912.8
3827,0,209726.6
3828,0,229555.5
3829,0,230186.1
3830,0,244158.9
3831,0,256007.7
3832,0,228141.7
3833,0,184042.7
3834,0,163190.6
3835,0,143719.4
3836,0,126752.8
3837,0,67666.7
3838,0,31939.9
3839,0,28588.7
3840,0,16902.4
3841,0,14349.7
3842,0,16466.8
3843,0,15417.8
3844,0,13391.1
3845,0,18536.9
3846,0,20081.4
3847,0,19054.1
3848,0,28638.7
3849,0,35023.9
3850,0,46952.8
3851,0,42741.5
3852,0,61210.9
3853,0,79508.1
3854,0,110033.7
3855,0,127266.9
3856,0,128152.2
3857,0,116007.4
3858,0,111403.5
3859,0,84945.4
3860,0,48914.7
3861,0,21971.8
3862,0,25705.8
3863,0,14366.6
3864,0,10273.8
3865,0,16440.4
3866,0,4911.4
3867,0,764.3
3868,0,90
3869,0,0
3870,0,1148.2
3871,0,10815.1
3872,0,17876.5
3873,0,23464.1
3874,0,21212.4
3875,0,23738.6
3876,0,28262.3
3877,0,22157.7
3878,0,30203.8
3879,0,27549.9
3880,0,35146
3881,0,23928.9
3882,0,25587.3
3883,0,20921.9
3884,0,18366.4
3885,0,10111.2
3886,0,23661.4
3887,0,9227.2
3888,0,3524.2
3889,0,455
3890,0,114.7
3891,0,0
3892,0,0
3893,0,0
3894,0,0
3895,0,390.9
3896,0,64512
3897,0,115129.3
3898,0,144406.3
3899,0,184159.2
3900,0,206585.5
3901,0,213345.6
3902,0,230865.7
3903,0,239940.4
3904,0,212114.3
3905,0,181220.7
3906,0,171965.9
3907,0,155083.9
3908,0,133800.9
3909,0,67814.8
3910,0,24226.6
3911,0,17065.3
3912,0,18601.6
3913,0,19128.2
3914,0,1820.9
3915,0,394.4
3916,0,52.8
3917,0,0
3918,0,0
3919,0,0
3920,0,78842.2
3921,0,126516.8
3922,0,161182.3
3923,0,199792.8
3924,0,216300.5
3925,0,218212.5
3926,0,229045.9
3927,0,233910.2
3928,0,206023.3
3929,0,177828.7
3930,0,170706.7
3931,0,154268.7
3932,0,134038
3933,0,70101.9
3934,0,28050.2
3935,0,27505.9
3936,0,14156.3
3937,0,22521.9
3938,0,25220.2
3939,0,9889
3940,0,4304.9
3941,0,437.1
3942,0,43
3943,0,1203.5
3944,0,84198.1
3945,0,127469.6
3946,0,154672
3947,0,186348.5
3948,0,212187.6
3949,0,219767
3950,0,238787
3951,0,253780.9
3952,0,229400.1
3953,0,197529.9
3954,0,186514.2
3955,0,171019.4
3956,0,146389.5
3957,0,93422.7
3958,0,51702.4
3959,0,27357.8
3960,0,14910.5
3961,0,20089.4
3962,0,6833.1
3963,0,7453.9
3964,0,4737.8
3965,0,1727.6
3966,0,132
3967,0,397.6
3968,0,66191.2
3969,0,100781.8
3970,0,123589.3
3971,0,162723.8
3972,0,185526.2
3973,0,189184.4
3974,0,204442.4
3975,0,209879.7
3976,0,182102
3977,0,156750.6
3978,0,153025.9
3979,0,139869.5
3980,0,121650.4
3981,0,51985.5
3982,0,19235.1
3983,0,17688.4
3984,0,16121.7
3985,0,12595.8
3986,0,9398.5
3987,0,907.2
3988,0,33
3989,0,0
3990,0,0
3991,0,1218.6
3992,0,95041.9
3993,0,135597.8
3994,0,166133.5
3995,0,203027.7
3996,0,224747.1
3997,0,232889.9
3998,0,251280
3999,0,264007.7
4000,0,235635.4
4001,0,203642.6
4002,0,195808.5
4003,0,180905.2
4004,0,155661.3
4005,0,108650
4006,0,66441
4007,0,31263.6
4008,0,16242.1
4009,0,15122.1
4010,0,17126.6
4011,0,19289.9
4012,0,10858.4
4013,0,3976.7
4014,0,8573.7
4015,0,18016.3
4016,0,21307.2
4017,0,32411.7
4018,0,39669.1
4019,0,58742.7
4020,0,76170.1
4021,0,132383.1
4022,0,152527
4023,0,204493.8
4024,0,190796.3
4025,0,216492.5
4026,0,188051
4027,0,190155.3
4028,0,125521.4
4029,0,84354.2
4030,0,32438.8
4031,0,28912.4
4032,0,19986.3
4033,0,17423.2
4034,0,10254.7
4035,0,18175.1
4036,0,5948.9
4037,0,2248.5
4038,0,3565.8
4039,0,20961.7
4040,0,17483.6
4041,0,26516.5
4042,0,34445.8
4043,0,55285.7
4044,0,73715.4
4045,0,128115.2
4046,0,140096.3
4047,0,183561.8
4048,0,147949.4
4049,0,151456.2
4050,0,98081
4051,0,80342.2
4052,0,34386.6
4053,0,28552.1
4054,0,20028.2
4055,0,19396.3
4056,0,17254.7
4057,0,13461
4058,0,14146.3
4059,0,17961.9
4060,0,22661.9
4061,0,23825.1
4062,0,1778.2
4063,0,5234.7
4064,0,100510.2
4065,0,145260.6
4066,0,177971.2
4067,0,215087.3
4068,0,234564.9
4069,0,226712.4
4070,0,232700.9
4071,0,234537.3
4072,0,202992
4073,0,170266.5
4074,0,153857.6
4075,0,140526.8
4076,0,126364.4
4077,0,68193.2
4078,0,31869.2
4079,0,25657.6
4080,0,13014.1
4081,0,12885.5
4082,0,22264.4
4083,0,11851.7
4084,0,4557.6
4085,0,891.5
4086,0,44.6
4087,0,1973.3
4088,0,92246.5
4089,0,136585.4
4090,0,165928.6
4091,0,202412.4
4092,0,223712.7
4093,0,231431.4
4094,0,248393.3
4095,0,258987.7
4096,0,228798.6
4097,0,186914.4
4098,0,169418.3
4099,0,154217.5
4100,0,138610.5
4101,0,91609.7
4102,0,57229.3
4103,0,34354
4104,0,21072.4
4105,0,21813.3
4106,0,16874
4107,0,12181.8
4108,0,12965.5
4109,0,15344.6
4110,0,1532.3
4111,0,19351.3
4112,0,126766.5
4113,0,165308.1
4114,0,190226.8
4115,0,221924.1
4116,0,237336.6
4117,0,240255.2
4118,0,255316.7
4119,0,267472.5
4120,0,241326.5
4121,0,209621.4
4122,0,204108.2
4123,0,190129.2
4124,0,164630.3
4125,0,122206.5
4126,0,90708.6
4127,0,48753.4
4128,0,28309.9
4129,0,24371.6
4130,0,16543.5
4131,0,7586.6
4132,0,22752.6
4133,0,16093.6
4134,0,1372.3
4135,0,14860.8
4136,0,120812.2
4137,0,160260
4138,0,187643.4
4139,0,225127.4
4140,0,246036.2
4141,0,251662.7
4142,0,266355.9
4143,0,272998.7
4144,0,227151.3
4145,0,184099.2
4146,0,162279.7
4147,0,142047.6
4148,0,124397.9
4149,0,61366.1
4150,0,25362.4
4151,0,25576.2
4152,0,15408.1
4153,0,16789.6
4154,0,9610
4155,0,10957.2
4156,0,21387.2
4157,0,17683
4158,0,2003.8
4159,0,11119.9
4160,0,107588.7
4161,0,142614.3
4162,0,159588.9
4163,0,193286.2
4164,0,213363.4
4165,0,217814.2
4166,0,234951.1
4167,0,244696.2
4168,0,214841.3
4169,0,189132.4
4170,0,184443.5
4171,0,168717
4172,0,146794
4173,0,97217
4174,0,56019.4
4175,0,29311.8
4176,0,18362
4177,0,16040.1
4178,0,12016
4179,0,22714.6
4180,0,7201.4
4181,0,1817.4
4182,0,9436.2
4183,0,16110.9
4184,0,24630.5
4185,0,31343.4
4186,0,34443.8
4187,0,44329.9
4188,0,32570.1
4189,0,49328.2
4190,0,50504.7
4191,0,80287.8
4192,0,69706.8
4193,0,89229.1
4194,0,77350.3
4195,0,90857
4196,0,38767.7
4197,0,22355.2
4198,0,15640.2
4199,0,10365.9
4200,0,21619.1
4201,0,11468.4
4202,0,4554.4
4203,0,876.1
4204,0,130
4205,0,0
4206,0,1037
4207,0,10535.1
4208,0,20305
4209,0,34210.5
4210,0,30935.7
4211,0,40932.3
4212,0,39476.7
4213,0,59105.8
4214,0,76148.1
4215,0,107775.5
4216,0,101247.1
4217,0,99549.6
4218,0,84293.7
4219,0,75614.6
4220,0,36567.5
4221,0,25313.6
4222,0,20720.9
4223,0,17585.3
4224,0,17177.5
4225,0,7180.7
4226,0,2583.5
4227,0,375.8
4228,0,153.8
4229,0,16.5
4230,0,11.2
4231,0,3756
4232,0,100970.4
4233,0,138828
4234,0,169871.3
4235,0,202981
4236,0,225870.3
4237,0,233316.7
4238,0,248981.6
4239,0,261678
4240,0,233592.9
4241,0,200498.8
4242,0,191118.6
4243,0,173155.1
4244,0,150455.5
4245,0,104824.8
4246,0,67636
4247,0,35654.1
4248,0,21834.8
4249,0,17880.9
4250,0,14609.3
4251,0,17485.8
4252,0,11901
4253,0,12762.8
4254,0,1510.4
4255,0,27383.2
4256,0,125517.7
4257,0,162452.4
4258,0,188701.1
4259,0,224337.4
4260,0,245534.7
4261,0,253711.2
4262,0,274542
4263,0,284873
4264,0,249626.1
4265,0,205541.3
4266,0,187957.5
4267,0,172439
4268,0,155603.9
4269,0,122299
4270,0,94301.2
4271,0,56591.1
4272,0,32921.4
4273,0,26061.8
4274,0,17781.9
4275,0,10613.4
4276,0,16465.6
4277,0,18802.8
4278,0,1591.1
4279,0,30252.2
4280,0,135453.9
4281,0,172847.9
4282,0,199026.4
4283,0,236535.6
4284,0,258846.3
4285,0,266801.9
4286,0,286854.3
4287,0,300639.4
4288,0,273726.3
4289,0,237363.8
4290,0,222981.6
4291,0,203386.4
4292,0,178151.1
4293,0,141842.4
4294,0,121988
4295,0,80147
4296,0,53280.6
4297,0,31883.9
4298,0,22594.3
4299,0,21876.4
4300,0,15923.5
4301,0,10275.5
4302,0,2634.3
4303,0,31413.1
4304,0,142558.5
4305,0,178831
4306,0,206294.2
4307,0,242095.8
4308,0,263992.7
4309,0,273484.4
4310,0,292423.6
4311,0,305673.9
4312,0,282138.1
4313,0,236410.2
4314,0,220833.1
4315,0,201473.4
4316,0,178259.2
4317,0,149473.5
4318,0,137934
4319,0,95998.2
4320,0,77010
4321,0,50566
4322,0,29263.4
4323,0,28292.4
4324,0,17836.9
4325,0,17307.1
4326,0,6715.7
4327,0,46739.9
4328,0,154569.7
4329,0,186852.5
4330,0,210723.7
4331,0,241393.1
4332,0,260902.7
4333,0,266617.5
4334,0,282357.4
4335,0,294381.5
4336,0,264891.4
4337,0,224163.8
4338,0,209847.2
4339,0,189617.3
4340,0,170994.6
4341,0,139640.4
4342,0,122391.8
4343,0,83721.7
4344,0,51943.4
4345,0,28638.7
4346,0,23071.8
4347,0,25824.1
4348,0,21747
4349,0,17050.3
4350,0,14378.1
4351,0,15076.4
4352,0,18045.2
4353,0,18081.5
4354,0,19997.3
4355,0,34988
4356,0,27875
4357,0,32760.2
4358,0,30172
4359,0,41554.3
4360,0,45900.6
4361,0,41571.9
4362,0,26374.7
4363,0,26439.4
4364,0,18824
4365,0,19368.2
4366,0,17640.1
4367,0,18039.6
4368,0,22016.4
4369,0,21097.9
4370,0,25932.2
4371,0,14971
4372,0,15624.6
4373,0,24186.5
4374,0,16436.7
4375,0,15842.1
4376,0,15272.1
4377,0,16614.6
4378,0,23624.5
4379,0,24859.8
4380,0,38384.7
4381,0,53356.3
4382,0,80702
4383,0,104901.5
4384,0,123992.4
4385,0,104277
4386,0,80218
4387,0,39748.9
4388,0,27735.1
4389,0,20439.8
4390,0,24400.4
4391,0,19106.4
4392,0,17237.5
4393,0,19414.4
4394,0,21289.6
4395,0,9950.9
4396,0,21471.6
4397,0,21278.3
4398,0,2686.2
4399,0,0
4400,0,9220.6
4401,0,30905.5
4402,0,53555.2
4403,0,74002.3
4404,0,93903.6
4405,0,108327.7
4406,0,121789.4
4407,0,125294.4
4408,0,127087.3
4409,0,112491.2
4410,0,103637.7
4411,0,90989.3
4412,0,56650.6
4413,0,34721.4
4414,0,20879.4
4415,0,21769.2
4416,0,14928.5
4417,0,13534.9
4418,0,18463.8
4419,0,9843.2
4420,0,15027.1
4421,0,21925
4422,0,12491.2
4423,0,29199.8
4424,0,11374.8
4425,0,17518.7
4426,0,19266.5
4427,0,22774.3
4428,0,20588.7
4429,0,23126
4430,0,29065.6
4431,0,36671.5
4432,0,35238.4
4433,0,39340.9
4434,0,31877.9
4435,0,29071.3
4436,0,18109.9
4437,0,16420.4
4438,0,13257.7
4439,0,18027.3
4440,0,19440.2
4441,0,14242.1
4442,0,5980.9
4443,0,1798.3
4444,0,251.8
4445,0,76.8
4446,0,12.9
4447,0,0
4448,0,2943.9
4449,0,13724.9
4450,0,28969.4
4451,0,50145.1
4452,0,72570.6
4453,0,90962.7
4454,0,103938.3
4455,0,108334.1
4456,0,112922.8
4457,0,99458.7
4458,0,92550.6
4459,0,83612.8
4460,0,50774.9
4461,0,29728.4
4462,0,17402.5
4463,0,20093.4
4464,0,17230.9
4465,0,13576.3
4466,0,16054
4467,0,18581.9
4468,0,29826.3
4469,0,18542.3
4470,0,2858.5
4471,0,1057.1
4472,0,21113.1
4473,0,51339.2
4474,0,77221.5
4475,0,98832.5
4476,0,118343.8
4477,0,134057.9
4478,0,152918.1
4479,0,165049
4480,0,173310.9
4481,0,162613
4482,0,157309.6
4483,0,144502.7
4484,0,108031.6
4485,0,104350
4486,0,77723.9
4487,0,43800.8
4488,0,27706.5
4489,0,27134.7
4490,0,15196
4491,0,15522.2
4492,0,8870.2
4493,0,25990.4
4494,0,3169.9
4495,0,4480.8
4496,0,35448.7
4497,0,65625.9
4498,0,91530.4
4499,0,115599.1
4500,0,136567.9
4501,0,154687.9
4502,0,172464.7
4503,0,180120.5
4504,0,185458.2
4505,0,171425
4506,0,161558.9
4507,0,146892.5
4508,0,109775.6
4509,0,106692.4
4510,0,79036
4511,0,43844.8
4512,0,27701.4
4513,0,26093.2
4514,0,18512.7
4515,0,16713.3
4516,0,15191.9
4517,0,11439.2
4518,0,23635.9
4519,0,25355.1
4520,0,38703
4521,0,46256.7
4522,0,64007.9
4523,0,78597
4524,0,122356.6
4525,0,148048.2
4526,0,183226.5
4527,0,204234.4
4528,0,222323.4
4529,0,219553.5
4530,0,223450.8
4531,0,203587.3
4532,0,173228.2
4533,0,132450.1
4534,0,90891.7
4535,0,49515.1
4536,0,30390.9
4537,0,21707
4538,0,26432.7
4539,0,20201.6
4540,0,17494.3
4541,0,16492.1
4542,0,24456.1
4543,0,23361.5
4544,0,47445.5
4545,0,48649.5
4546,0,78003.1
4547,0,89143.1
4548,0,148992.6
4549,0,151175
4550,0,214149.3
4551,0,196366.9
4552,0,245636
4553,0,207995.6
4554,0,243839.9
4555,0,189474.6
4556,0,189002.7
4557,0,129533.1
4558,0,117648.5
4559,0,63159.1
4560,0,43708.8
4561,0,24794.8
4562,0,27175.9
4563,0,22393.7
4564,0,18334.8
4565,0,17649
4566,0,7774.4
4567,0,17357.6
4568,0,58154.8
4569,0,86116.8
4570,0,108661.5
4571,0,130445.7
4572,0,148248.2
4573,0,163419.7
4574,0,177346
4575,0,183620.6
4576,0,188663.1
4577,0,176171.6
4578,0,170381.2
4579,0,157971.2
4580,0,117370.2
4581,0,110525.9
4582,0,81285.5
4583,0,39466.3
4584,0,25310.1
4585,0,19051.5
4586,0,12960.9
4587,0,18361.1
4588,0,16704.8
4589,0,21063.2
4590,0,7026.7
4591,0,10859.4
4592,0,44036.5
4593,0,70466
4594,0,94356.9
4595,0,117951.6
4596,0,139711.8
4597,0,158723.9
4598,0,176027.6
4599,0,182027.2
4600,0,187608.4
4601,0,176492.8
4602,0,172669.1
4603,0,162755.3
4604,0,122003
4605,0,116739
4606,0,87167.1
4607,0,43833.8
4608,0,25968.9
4609,0,19022.8
4610,0,12753.9
4611,0,27128.9
4612,0,16224.2
4613,0,21557
4614,0,1757.3
4615,0,2060.6
4616,0,26006.1
4617,0,56548.7
4618,0,86996.3
4619,0,112198.9
4620,0,134226.9
4621,0,155489.1
4622,0,175511.6
4623,0,185489.8
4624,0,192855
4625,0,181338
4626,0,173904.2
4627,0,160368.2
4628,0,118975.8
4629,0,115298.2
4630,0,91049.3
4631,0,51641.7
4632,0,31213.1
4633,0,28847.2
4634,0,18740.8
4635,0,19097.6
4636,0,14743.2
4637,0,15281.2
4638,0,3274.9
4639,0,3358.8
4640,0,35344.8
4641,0,69350.9
4642,0,95690.2
4643,0,120979.3
4644,0,139018.1
4645,0,155557.9
4646,0,171740.8
4647,0,173834.2
4648,0,171121.4
4649,0,154825.6
4650,0,147765
4651,0,136709.4
4652,0,99857.8
4653,0,88717.7
4654,0,59520.3
4655,0,35645.2
4656,0,24114.9
4657,0,26988.7
4658,0,19062.1
4659,0,18129.8
4660,0,13463.7
4661,0,15241.1
4662,0,3316.3
4663,0,7646.3
4664,0,41267.3
4665,0,69677.3
4666,0,94329.4
4667,0,116697.1
4668,0,135285.9
4669,0,153504.6
4670,0,168464.3
4671,0,173822.6
4672,0,176452.9
4673,0,162719.3
4674,0,156585.5
4675,0,145307.8
4676,0,105353.7
4677,0,92980
4678,0,57297.3
4679,0,31516.2
4680,0,18424.9
4681,0,28745.1
4682,0,14539.4
4683,0,6835.6
4684,0,2020
4685,0,639.2
4686,0,3208.9
4687,0,18690.8
4688,0,30565.1
4689,0,29286.1
4690,0,42489.8
4691,0,40629.1
4692,0,55680
4693,0,76590.5
4694,0,117201.2
4695,0,139277.8
4696,0,173949.9
4697,0,166914.9
4698,0,179754.8
4699,0,149567.3
4700,0,116604.4
4701,0,52581.3
4702,0,31099
4703,0,26175.4
4704,0,19796.3
4705,0,8946.9
4706,0,23430.3
4707,0,14890.8
4708,0,7998.5
4709,0,5340.4
4710,0,8201.4
4711,0,22500.4
4712,0,24291.8
4713,0,21779.8
4714,0,25028
4715,0,22504.2
4716,0,32554
4717,0,33514.3
4718,0,45957.8
4719,0,52403.8
4720,0,60219.3
4721,0,52583.2
4722,0,45898
4723,0,29950.3
4724,0,23863.4
4725,0,19539.2
4726,0,20448
4727,0,18950.8
4728,0,13737.8
4729,0,14250.5
4730,0,16208.5
4731,0,9594.5
4732,0,3111.7
4733,0,286.9
4734,0,26.9
4735,0,386.9
4736,0,18763.2
4737,0,39877.9
4738,0,63079.6
4739,0,91582.4
4740,0,114130.9
4741,0,134953.3
4742,0,156299.6
4743,0,161426.4
4744,0,164054.7
4745,0,150206.6
4746,0,146170.6
4747,0,135314.1
4748,0,97800.7
4749,0,79896.2
4750,0,44433.7
4751,0,30265.4
4752,0,20943.9
4753,0,20063.7
4754,0,16884.8
4755,0,14340
4756,0,10419.7
4757,0,5326.3
4758,0,583.6
4759,0,3033.3
4760,0,27315.8
4761,0,50337.9
4762,0,78264.5
4763,0,106419.7
4764,0,129437
4765,0,151833.6
4766,0,173129
4767,0,183626.5
4768,0,190930
4769,0,178009.7
4770,0,171272
4771,0,157887.5
4772,0,116612.1
4773,0,112221.8
4774,0,80316.8
4775,0,38981.5
4776,0,25086.9
4777,0,23398.1
4778,0,16300
4779,0,23219
4780,0,15390.9
4781,0,12945.7
4782,0,4036.4
4783,0,6726.8
4784,0,36238.9
4785,0,65004.4
4786,0,94123.4
4787,0,119305.7
4788,0,142460.5
4789,0,163819.7
4790,0,180719.7
4791,0,188106.2
4792,0,195209.2
4793,0,181618.5
4794,0,172893.3
4795,0,157541.8
4796,0,118326
4797,0,121396.1
4798,0,98808.7
4799,0,61622
4800,0,42076.2
4801,0,33233.2
4802,0,24262
4803,0,27805
4804,0,19022.7
4805,0,21157.3
4806,0,3990.5
4807,0,3401.2
4808,0,37548.2
4809,0,66534.8
4810,0,90871.9
4811,0,116312.4
4812,0,136773
4813,0,159311.3
4814,0,178031.5
4815,0,179503.6
4816,0,177582.7
4817,0,159752.3
4818,0,140607.8
4819,0,119345.4
4820,0,83071.6
4821,0,64374.9
4822,0,41335.6
4823,0,33730.5
4824,0,19788.7
4825,0,24401.6
4826,0,19513.1
4827,0,15533.3
4828,0,15096.2
4829,0,13192.8
4830,0,4872.2
4831,0,7876.7
4832,0,40052.7
4833,0,65952.4
4834,0,84106.2
4835,0,102157.4
4836,0,127059.7
4837,0,143913.2
4838,0,161219.6
4839,0,165539
4840,0,168284.6
4841,0,155378.4
4842,0,150350.9
4843,0,137758.8
4844,0,102691.7
4845,0,96990.4
4846,0,69957.5
4847,0,39646.6
4848,0,25137.6
4849,0,26749.6
4850,0,17471.3
4851,0,17950.4
4852,0,12023.7
4853,0,23612.2
4854,0,21008.1
4855,0,14400.6
4856,0,23782.6
4857,0,27192.5
4858,0,37831.8
4859,0,53008.4
4860,0,68310
4861,0,110616
4862,0,123778.9
4863,0,143181.3
4864,0,136036.8
4865,0,148309.2
4866,0,127777.9
4867,0,104841.9
4868,0,55169.3
4869,0,32294.8
4870,0,26962.4
4871,0,19745.8
4872,0,22198.3
4873,0,18203.2
4874,0,19947.6
4875,0,20328.7
4876,0,11185.1
4877,0,6456.1
4878,0,6263.1
4879,0,20904.5
4880,0,29894.3
4881,0,33158.3
4882,0,36612.5
4883,0,44894.6
4884,0,60199.8
4885,0,91730.4
4886,0,115248.8
4887,0,151235.7
4888,0,162765.7
4889,0,171081.3
4890,0,158264.7
4891,0,140501.6
4892,0,84923.7
4893,0,42806.1
4894,0,33904.3
4895,0,18385.6
4896,0,21699.7
4897,0,11094.2
4898,0,7603.2
4899,0,2782.7
4900,0,573.1
4901,0,175.9
4902,0,5.6
4903,0,0
4904,0,5228.1
4905,0,26387.9
4906,0,56232.5
4907,0,80755.1
4908,0,95832.2
4909,0,98011.5
4910,0,106148.4
4911,0,115325.1
4912,0,115842.4
4913,0,102525.1
4914,0,94902.2
4915,0,82611.4
4916,0,47413.4
4917,0,26952.8
4918,0,20837.3
4919,0,18512
4920,0,14295.7
4921,0,17810.7
4922,0,9468.3
4923,0,19996.2
4924,0,12760.5
4925,0,13354.8
4926,0,2046.6
4927,0,0
4928,0,5244.3
4929,0,17095
4930,0,34154.5
4931,0,49358.1
4932,0,66979.3
4933,0,70087.7
4934,0,82325.4
4935,0,86851.9
4936,0,90656.5
4937,0,77901.6
4938,0,70556.1
4939,0,61332.1
4940,0,29809.2
4941,0,21801.1
4942,0,18161.7
4943,0,18309.5
4944,0,18183.7
4945,0,16955.6
4946,0,17315.6
4947,0,14436.5
4948,0,20320.8
4949,0,24287.6
4950,0,3046.6
4951,0,1333.3
4952,0,15574.4
4953,0,40073.5
4954,0,66116
4955,0,89124.3
4956,0,109757
4957,0,120870.2
4958,0,138976
4959,0,149159.2
4960,0,156480
4961,0,141427.1
4962,0,129832.3
4963,0,115286.6
4964,0,82980.4
4965,0,68016.4
4966,0,44814.6
4967,0,29950.6
4968,0,22699.9
4969,0,25083.3
4970,0,19424.8
4971,0,15527.6
4972,0,14309.1
4973,0,11388.2
4974,0,3451.7
4975,0,2326.6
4976,0,25077.9
4977,0,58540.7
4978,0,86409.7
4979,0,101831.9
4980,0,126000.4
4981,0,142490.9
4982,0,161250.7
4983,0,163906.3
4984,0,170201.8
4985,0,157316.2
4986,0,152267.5
4987,0,140628.4
4988,0,102823.6
4989,0,92783.1
4990,0,58807.9
4991,0,33087.3
4992,0,20769.8
4993,0,25681.4
4994,0,17079.4
4995,0,20238.8
4996,0,17655.3
4997,0,18981.9
4998,0,2056
4999,0,1340.5
5000,0,11825
5001,0,30636.8
5002,0,52311.7
5003,0,70367.9
5004,0,84276.2
5005,0,88501.6
5006,0,100993.8
5007,0,107540.2
5008,0,114902.4
5009,0,101942.2
5010,0,93496.3
5011,0,79819.4
5012,0,43185.1
5013,0,29379.8
5014,0,16995
5015,0,19845
5016,0,14949.6
5017,0,16218.8
5018,0,11366.1
5019,0,14231.7
5020,0,19204.3
5021,0,12622.1
5022,0,22465.5
5023,0,16356.2
5024,0,19633.1
5025,0,27608.6
5026,0,41791.3
5027,0,54703.9
5028,0,66836.8
5029,0,90663.9
5030,0,110356.3
5031,0,135813.8
5032,0,142348.5
5033,0,143925.1
5034,0,125628.5
5035,0,95432.7
5036,0,41101
5037,0,32026.5
5038,0,21521.1
5039,0,25894.4
5040,0,10772.2
5041,0,12349.3
5042,0,5980.1
5043,0,1086.5
5044,0,318
5045,0,38.7
5046,0,0
5047,0,1070.2
5048,0,6558.7
5049,0,30000.3
5050,0,28022.6
5051,0,30824.1
5052,0,58741.1
5053,0,82051.1
5054,0,121962.8
5055,0,144476.3
5056,0,176195.9
5057,0,163490.7
5058,0,161709.9
5059,0,115924.6
5060,0,73241.6
5061,0,30107.6
5062,0,29958
5063,0,21386.4
5064,0,15891.6
5065,0,16090
5066,0,12448.8
5067,0,5392.5
5068,0,880.3
5069,0,150.6
5070,0,3.2
5071,0,58.2
5072,0,15708.4
5073,0,38658.1
5074,0,65596.1
5075,0,95149.5
5076,0,117777.7
5077,0,137176.2
5078,0,159537.7
5079,0,168309.5
5080,0,172223.9
5081,0,159139.8
5082,0,152397.4
5083,0,138718.3
5084,0,98240.8
5085,0,80173.4
5086,0,40670.3
5087,0,36934.8
5088,0,19877.9
5089,0,16525.2
5090,0,18539.9
5091,0,19437.6
5092,0,11607.7
5093,0,13992
5094,0,2307
5095,0,4036.1
5096,0,32680.5
5097,0,72599.8
5098,0,104243.8
5099,0,128905.2
5100,0,151968.3
5101,0,171107.9
5102,0,187165.3
5103,0,185538.8
5104,0,174019.7
5105,0,146197.7
5106,0,139141
5107,0,126168.7
5108,0,91883.9
5109,0,80721
5110,0,55930.1
5111,0,34799.9
5112,0,25662.5
5113,0,26167
5114,0,17894.7
5115,0,18549.3
5116,0,16010.8
5117,0,11558.5
5118,0,1361.8
5119,0,2669.6
5120,0,27773.2
5121,0,59006.9
5122,0,87625.5
5123,0,111827.6
5124,0,132979.7
5125,0,150908.3
5126,0,169370.5
5127,0,177620.1
5128,0,182522.9
5129,0,169362
5130,0,162115.4
5131,0,146705.9
5132,0,106157.1
5133,0,91476.5
5134,0,49279.4
5135,0,34287.1
5136,0,23062.2
5137,0,14776.2
5138,0,26020.2
5139,0,13669.5
5140,0,15313.5
5141,0,12947.8
5142,0,1553.4
5143,0,667.2
5144,0,21731.9
5145,0,50055.2
5146,0,77799.3
5147,0,103355.5
5148,0,124641.5
5149,0,143290.4
5150,0,164773.2
5151,0,175462.7
5152,0,183024.3
5153,0,170030.2
5154,0,160503.1
5155,0,146763.8
5156,0,105532.3
5157,0,88566.4
5158,0,49917.8
5159,0,30877
5160,0,20854.5
5161,0,12592.2
5162,0,20107.4
5163,0,10495.5
5164,0,3961.7
5165,0,573.5
5166,0,45.6
5167,0,0
5168,0,13581.1
5169,0,39700.4
5170,0,71470.9
5171,0,101554.2
5172,0,128039.8
5173,0,149851.9
5174,0,169834.6
5175,0,173507.8
5176,0,179956
5177,0,164176.9
5178,0,154027.9
5179,0,138771.6
5180,0,100255.4
5181,0,84853.5
5182,0,48720.8
5183,0,32905.6
5184,0,19820.7
5185,0,18065
5186,0,20665.1
5187,0,8747.3
5188,0,9221.1
5189,0,5364.1
5190,0,1656.9
5191,0,15424.5
5192,0,29397.9
5193,0,28632.7
5194,0,42160.2
5195,0,60689.3
5196,0,104301.8
5197,0,123641.9
5198,0,144996.9
5199,0,148703.7
5200,0,150377.7
5201,0,143093.3
5202,0,144649.4
5203,0,113104.7
5204,0,73109.2
5205,0,37014.4
5206,0,25006.1
5207,0,26848
5208,0,17296.7
5209,0,12538
5210,0,25332
5211,0,8072.8
5212,0,2029
5213,0,144.1
5214,0,0
5215,0,5671.6
5216,0,16770.7
5217,0,39356.6
5218,0,38170.5
5219,0,49623
5220,0,84667.1
5221,0,123361.2
5222,0,158222.1
5223,0,186631.5
5224,0,197788.4
5225,0,204535.5
5226,0,189689.8
5227,0,171353.3
5228,0,123554.8
5229,0,80581.9
5230,0,37132.1
5231,0,28471.4
5232,0,25445.2
5233,0,23768.8
5234,0,21634.9
5235,0,12801.3
5236,0,11277.3
5237,0,7576.4
5238,0,667.7
5239,0,38.8
5240,0,18886.8
5241,0,50568.4
5242,0,81426.5
5243,0,106934.8
5244,0,131569.9
5245,0,154076.4
5246,0,173332.6
5247,0,182323.5
5248,0,185198.7
5249,0,167566.3
5250,0,152585.5
5251,0,136388.1
5252,0,101694.6
5253,0,98647.5
5254,0,74994.1
5255,0,45781.7
5256,0,28846.1
5257,0,31946.5
5258,0,20650.6
5259,0,20050.5
5260,0,15779.9
5261,0,14610
5262,0,3734.9
5263,0,4128.2
5264,0,30712.3
5265,0,56518.7
5266,0,70625.9
5267,0,94231
5268,0,107578.3
5269,0,113836.7
5270,0,114958.8
5271,0,111928.2
5272,0,105950.9
5273,0,86127.2
5274,0,77030.8
5275,0,67158.9
5276,0,36130.6
5277,0,25000.4
5278,0,20154.6
5279,0,15545.4
5280,0,14359.5
5281,0,16793.6
5282,0,12083.9
5283,0,25655
5284,0,19693.5
5285,0,11231.8
5286,0,1170.2
5287,0,0
5288,0,10460.5
5289,0,38180.7
5290,0,63286.2
5291,0,88696.4
5292,0,109144.5
5293,0,126889.1
5294,0,146558.9
5295,0,156751.8
5296,0,163049.5
5297,0,148914.5
5298,0,139880.8
5299,0,123501.2
5300,0,82434
5301,0,48898.3
5302,0,22396
5303,0,19107.9
5304,0,22441.9
5305,0,3247.3
5306,0,721.8
5307,0,278
5308,0,2.2
5309,0,0
5310,0,0
5311,0,0
5312,0,4137
5313,0,20678.8
5314,0,41114.6
5315,0,71121.4
5316,0,100439.5
5317,0,124682.5
5318,0,145275.9
5319,0,147646.3
5320,0,160443.6
5321,0,146663.8
5322,0,138456.6
5323,0,123417.6
5324,0,86383.9
5325,0,66932.8
5326,0,37745.3
5327,0,31830.8
5328,0,20009.5
5329,0,18484.6
5330,0,18857.5
5331,0,12158
5332,0,29148.5
5333,0,22587
5334,0,2525.2
5335,0,1011.6
5336,0,22485.3
5337,0,53151.6
5338,0,85523.7
5339,0,106423.6
5340,0,129867.4
5341,0,154447.2
5342,0,173389.1
5343,0,177144.8
5344,0,165508.4
5345,0,144610.6
5346,0,132423.6
5347,0,119808.1
5348,0,87621.4
5349,0,77085.2
5350,0,54015.8
5351,0,36860.1
5352,0,25132.4
5353,0,28943
5354,0,19307.8
5355,0,12826.5
5356,0,19274.4
5357,0,15497.4
5358,0,14175
5359,0,21183.5
5360,0,20335.9
5361,0,31459.8
5362,0,49877.3
5363,0,69200.6
5364,0,122322.5
5365,0,149074.7
5366,0,207047.7
5367,0,216544.2
5368,0,243848.9
5369,0,218079.8
5370,0,216851.7
5371,0,175094.1
5372,0,153468.1
5373,0,107386.7
5374,0,77232.9
5375,0,36913.6
5376,0,29520.1
5377,0,24052.5
5378,0,18421.2
5379,0,24250.2
5380,0,17312.2
5381,0,14415.5
5382,0,14744.5
5383,0,20544.1
5384,0,20758.3
5385,0,23154.1
5386,0,40489.3
5387,0,59228.7
5388,0,112915.3
5389,0,125094.6
5390,0,170564.1
5391,0,153220.8
5392,0,172068.1
5393,0,165548.9
5394,0,167362.6
5395,0,132065.9
5396,0,112514.7
5397,0,73877.2
5398,0,64879
5399,0,36857.1
5400,0,32770
5401,0,19812.7
5402,0,21462.5
5403,0,16078.9
5404,0,16233.1
5405,0,12840.7
5406,0,5076.4
5407,0,5328.3
5408,0,39289.4
5409,0,74381.8
5410,0,105300.8
5411,0,135718.4
5412,0,163041.4
5413,0,182415.2
5414,0,202367
5415,0,208583.7
5416,0,185181.5
5417,0,136221.9
5418,0,112313.1
5419,0,95027.6
5420,0,59021.4
5421,0,38431.9
5422,0,22123.4
5423,0,20012
5424,0,18803.5
5425,0,15473.6
5426,0,16615.8
5427,0,19611.9
5428,0,13708.9
5429,0,12125.1
5430,0,209.9
5431,0,212.1
5432,0,17116.3
5433,0,36044.4
5434,0,54673
5435,0,77706.2
5436,0,85491.6
5437,0,100596
5438,0,110130.9
5439,0,113055.7
5440,0,116656.2
5441,0,108349.1
5442,0,105810.8
5443,0,95454.4
5444,0,58998.7
5445,0,36338.1
5446,0,23743.7
5447,0,27919.9
5448,0,15429.2
5449,0,7519.4
5450,0,23125.9
5451,0,8669.4
5452,0,2962.9
5453,0,201.8
5454,0,0
5455,0,0
5456,0,8971.1
5457,0,34818.8
5458,0,62628.5
5459,0,89693.6
5460,0,110056.2
5461,0,133645.8
5462,0,153432.9
5463,0,155629.4
5464,0,167668.2
5465,0,150712.7
5466,0,142670.9
5467,0,126471.6
5468,0,89154.3
5469,0,67275.6
5470,0,34656.5
5471,0,30065.3
5472,0,21513.1
5473,0,16434.4
5474,0,13273.6
5475,0,25878.2
5476,0,11453.4
5477,0,13862.4
5478,0,2094.3
5479,0,1486
5480,0,19529.7
5481,0,50945.1
5482,0,87101
5483,0,118103.6
5484,0,144884.3
5485,0,168031.3
5486,0,189817.7
5487,0,199057.7
5488,0,202937
5489,0,186448.4
5490,0,174145.3
5491,0,153956.9
5492,0,114162.5
5493,0,116045.3
5494,0,86241.7
5495,0,45330.9
5496,0,28451
5497,0,29791.7
5498,0,21012.1
5499,0,15455.7
5500,0,28710.1
5501,0,23440.7
5502,0,1661.4
5503,0,1420.9
5504,0,25427.3
5505,0,61144.5
5506,0,94324.2
5507,0,121291.6
5508,0,141843.6
5509,0,157982.2
5510,0,175318.6
5511,0,170699.2
5512,0,179309
5513,0,164669.3
5514,0,152470.2
5515,0,132389.8
5516,0,97094.9
5517,0,87377.6
5518,0,56900.1
5519,0,34626.5
5520,0,23000.5
5521,0,20641.8
5522,0,21317.1
5523,0,9940.2
5524,0,10133.2
5525,0,9336.1
5526,0,7623.6
5527,0,18197
5528,0,25561.8
5529,0,16474.4
5530,0,24462.8
5531,0,45606.3
5532,0,76523.2
5533,0,118783.6
5534,0,142389.4
5535,0,191951.8
5536,0,184539.2
5537,0,195630.8
5538,0,164127.2
5539,0,148661.4
5540,0,89187.8
5541,0,60824.9
5542,0,25818.8
5543,0,29858.3
5544,0,25775
5545,0,17870.6
5546,0,17687.3
5547,0,17910.6
5548,0,10732.1
5549,0,18769.1
5550,0,9484.5
5551,0,27914.1
5552,0,12621.6
5553,0,20049.6
5554,0,23083.7
5555,0,31805.9
5556,0,42794.9
5557,0,81675.7
5558,0,122697.4
5559,0,137964.3
5560,0,150069.9
5561,0,135162.7
5562,0,120416.5
5563,0,69555.4
5564,0,33200.9
5565,0,32863.1
5566,0,21903.5
5567,0,19278.4
5568,0,20787.5
5569,0,18894.4
5570,0,12500
5571,0,9358.2
5572,0,5145.3
5573,0,1878.9
5574,0,108.7
5575,0,0
5576,0,62.2
5577,0,820
5578,0,5208.2
5579,0,12840.9
5580,0,30561.4
5581,0,48839.7
5582,0,58967.5
5583,0,67546
5584,0,83986.6
5585,0,78030.1
5586,0,70275.9
5587,0,57480.8
5588,0,20518.2
5589,0,14136.9
5590,0,16579.5
5591,0,20022.4
5592,0,15157.8
5593,0,10617.5
5594,0,4433.1
5595,0,615.8
5596,0,80
5597,0,0
5598,0,0
5599,0,0
5600,0,5055
5601,0,21075.8
5602,0,51305.8
5603,0,80830.1
5604,0,106248.6
5605,0,126389.3
5606,0,145500.1
5607,0,148708.9
5608,0,152604
5609,0,139655.7
5610,0,128386.5
5611,0,110564.7
5612,0,65124.6
5613,0,32547
5614,0,16606.7
5615,0,16196.5
5616,0,14405.1
5617,0,7661.2
5618,0,1633.1
5619,0,411.3
5620,0,60.4
5621,0,0
5622,0,0
5623,0,0
5624,0,1643.8
5625,0,20532.5
5626,0,50852.3
5627,0,85291.4
5628,0,113780.1
5629,0,132089.9
5630,0,148541.6
5631,0,154783.7
5632,0,160752.4
5633,0,142826.4
5634,0,129742.8
5635,0,111268.7
5636,0,76416.2
5637,0,51760.3
5638,0,32284.5
5639,0,31695
5640,0,19978.5
5641,0,16993.4
5642,0,21028.8
5643,0,13667.1
5644,0,25225.3
5645,0,21576.6
5646,0,2123
5647,0,0
5648,0,3464.8
5649,0,15442.1
5650,0,34140.5
5651,0,46477.2
5652,0,65493.1
5653,0,76249.4
5654,0,100323.5
5655,0,118246.4
5656,0,128901.2
5657,0,117584.4
5658,0,109700.1
5659,0,95089.9
5660,0,55775
5661,0,33851.5
5662,0,16732
5663,0,13434.5
5664,0,14803.4
5665,0,23266.4
5666,0,20481.2
5667,0,15435.8
5668,0,13023.3
5669,0,12097
5670,0,1671.7
5671,0,0
5672,0,9649.1
5673,0,29250.5
5674,0,48191.5
5675,0,55431.5
5676,0,61342
5677,0,66549
5678,0,66340.5
5679,0,58024.8
5680,0,52585.8
5681,0,33173.7
5682,0,25445.1
5683,0,18745.8
5684,0,4168.5
5685,0,13268.5
5686,0,20079.3
5687,0,28174.1
5688,0,22778.6
5689,0,22262.2
5690,0,14736.9
5691,0,14648
5692,0,23427.9
5693,0,12596
5694,0,12831.5
5695,0,28949.3
5696,0,18602.6
5697,0,15088.7
5698,0,22302.4
5699,0,31516.5
5700,0,47518.6
5701,0,80291.8
5702,0,116281.7
5703,0,151528.8
5704,0,141948.6
5705,0,131421.9
5706,0,95843.4
5707,0,53823.4
5708,0,28526.6
5709,0,24477.4
5710,0,23438.3
5711,0,18915.9
5712,0,18968.3
5713,0,24671.8
5714,0,14134.2
5715,0,22831
5716,0,30768.9
5717,0,15463.9
5718,0,15069.5
5719,0,35091.4
5720,0,21055.3
5721,0,21895.3
5722,0,27019.1
5723,0,52285.8
5724,0,90304.5
5725,0,114778.7
5726,0,139331.3
5727,0,159432.5
5728,0,173730.9
5729,0,159901.3
5730,0,148340.7
5731,0,107378.5
5732,0,57189.3
5733,0,31104.4
5734,0,29565.7
5735,0,25874.1
5736,0,20454.9
5737,0,16323.5
5738,0,19806.9
5739,0,14323.9
5740,0,14628.2
5741,0,12965
5742,0,1554.9
5743,0,0
5744,0,8670.6
5745,0,38579.9
5746,0,72018.3
5747,0,102069.2
5748,0,125976.3
5749,0,146889.4
5750,0,168232.9
5751,0,177023.7
5752,0,180211.4
5753,0,162967.3
5754,0,148141.1
5755,0,127276.4
5756,0,89642.1
5757,0,67732.3
5758,0,38280.2
5759,0,33437.3
5760,0,21624.3
5761,0,17989.8
5762,0,12720.8
5763,0,26492.8
5764,0,27776.8
5765,0,11987
5766,0,1572.3
5767,0,76.6
5768,0,18930
5769,0,53591.5
5770,0,88297.4
5771,0,115606.6
5772,0,139013.6
5773,0,158569.5
5774,0,176350.2
5775,0,181152.3
5776,0,181099.2
5777,0,161519.2
5778,0,143060.2
5779,0,124886.5
5780,0,90495.8
5781,0,69635.9
5782,0,39367.6
5783,0,33413.2
5784,0,16222.3
5785,0,5938.4
5786,0,26104
5787,0,9742.7
5788,0,4197.7
5789,0,793.4
5790,0,79.7
5791,0,0
5792,0,0
5793,0,342.5
5794,0,5835.4
5795,0,28583.7
5796,0,50015.7
5797,0,62737.7
5798,0,67512
5799,0,69871.8
5800,0,68380.2
5801,0,46116.4
5802,0,33876
5803,0,20609.5
5804,0,2172.5
5805,0,1959.8
5806,0,6575.7
5807,0,3676.7
5808,0,682.2
5809,0,165.2
5810,0,3.3
5811,0,0
5812,0,0
5813,0,0
5814,0,0
5815,0,0
5816,0,0
5817,0,182.3
5818,0,4742.6
5819,0,24156.4
5820,0,47738.3
5821,0,57087.4
5822,0,63926.5
5823,0,62211.9
5824,0,56844.1
5825,0,36957
5826,0,27748.8
5827,0,18533.6
5828,0,3410.5
5829,0,4132.9
5830,0,8336.4
5831,0,6765.3
5832,0,4959.3
5833,0,2835.8
5834,0,682.8
5835,0,297.7
5836,0,172.5
5837,0,21.9
5838,0,0
5839,0,0
5840,0,4533.8
5841,0,22305.3
5842,0,52912.1
5843,0,80497.8
5844,0,102317.6
5845,0,117740.3
5846,0,131217.2
5847,0,144921.5
5848,0,149121.9
5849,0,133977.2
5850,0,121778.8
5851,0,104270.1
5852,0,65440.2
5853,0,40485.6
5854,0,20505.9
5855,0,22264.4
5856,0,17280.7
5857,0,18170.5
5858,0,17829.6
5859,0,19872.2
5860,0,24826.4
5861,0,13902.2
5862,0,27241.7
5863,0,16674.4
5864,0,20298.2
5865,0,21791.2
5866,0,27715.1
5867,0,30578.6
5868,0,80565.9
5869,0,109034.8
5870,0,138911.4
5871,0,152940.7
5872,0,167430.8
5873,0,149964.9
5874,0,139141.4
5875,0,91793.3
5876,0,50481.2
5877,0,24680
5878,0,33364.4
5879,0,19497.7
5880,0,22120
5881,0,21546.4
5882,0,15292.7
5883,0,12907.7
5884,0,19687.1
5885,0,26516.6
5886,0,25072.1
5887,0,16537.7
5888,0,22178.6
5889,0,25098.3
5890,0,38808.7
5891,0,67335.1
5892,0,100316.5
5893,0,122112
5894,0,146806.9
5895,0,163282.5
5896,0,160386.7
5897,0,146499
5898,0,121974.7
5899,0,86856.6
5900,0,57771
5901,0,36913.6
5902,0,24971.3
5903,0,28233.8
5904,0,16948
5905,0,16176
5906,0,14422.8
5907,0,16407.6
5908,0,19574.7
5909,0,12486.1
5910,0,23500.4
5911,0,25210.2
5912,0,21611.8
5913,0,28055.5
5914,0,39285
5915,0,62101.6
5916,0,110613.8
5917,0,127206.7
5918,0,176387
5919,0,178372.5
5920,0,201955.5
5921,0,166247.2
5922,0,158463.6
5923,0,108261.4
5924,0,80849.9
5925,0,32479.6
5926,0,28339
5927,0,19161.1
5928,0,16152.2
5929,0,14310.9
5930,0,16271.7
5931,0,18779.4
5932,0,21729.8
5933,0,19945.4
5934,0,3135.6
5935,0,13216.5
5936,0,109677.3
5937,0,143979.6
5938,0,165996.8
5939,0,198634.1
5940,0,214449.4
5941,0,205463.1
5942,0,204574.2
5943,0,200594.9
5944,0,163746.2
5945,0,128403.1
5946,0,117076.1
5947,0,108078
5948,0,100695.7
5949,0,44635.8
5950,0,22003.1
5951,0,26249
5952,0,18916.3
5953,0,16353.2
5954,0,16787.1
5955,0,15882
5956,0,12261.7
5957,0,14495
5958,0,2116.6
5959,0,17406.3
5960,0,115801.3
5961,0,155994.7
5962,0,182594.4
5963,0,215031.7
5964,0,240746.6
5965,0,242351.7
5966,0,262702.4
5967,0,282311.1
5968,0,255029.6
5969,0,199600.2
5970,0,174294.9
5971,0,150843.1
5972,0,132500.8
5973,0,79925.4
5974,0,41705.7
5975,0,30948.1
5976,0,20534.3
5977,0,17138.2
5978,0,10486.1
5979,0,16992.4
5980,0,10130.8
5981,0,17120.9
5982,0,1001
5983,0,5939.1
5984,0,105299
5985,0,150604.8
5986,0,185565.1
5987,0,223189.6
5988,0,246536.4
5989,0,257404.5
5990,0,274652.6
5991,0,282174
5992,0,246056.3
5993,0,201217.8
5994,0,176808.9
5995,0,155596.1
5996,0,137129.6
5997,0,84088.4
5998,0,42443.1
5999,0,34202.5
6000,0,21737.7
6001,0,17223.7
6002,0,12738.7
6003,0,18697.7
6004,0,6058.4
6005,0,3946.4
6006,0,336.1
6007,0,1111.1
6008,0,80944.6
6009,0,128351
6010,0,163299.8
6011,0,198585.9
6012,0,210405
6013,0,216169.2
6014,0,226549
6015,0,231727.4
6016,0,192660.4
6017,0,148258.4
6018,0,127800.9
6019,0,107180.1
6020,0,91079
6021,0,31229.5
6022,0,16957.9
6023,0,8960.6
6024,0,10133.1
6025,0,4812.4
6026,0,821.5
6027,0,233.2
6028,0,0
6029,0,0
6030,0,0
6031,0,0
6032,0,3463.4
6033,0,8285
6034,0,21134
6035,0,26050.3
6036,0,58464.6
6037,0,65981.8
6038,0,95825.3
6039,0,97019.7
6040,0,116095.9
6041,0,97859.1
6042,0,82497.9
6043,0,28381.8
6044,0,23213.9
6045,0,17925
6046,0,12453.1
6047,0,9198.4
6048,0,3495.1
6049,0,235.5
6050,0,0
6051,0,0
6052,0,0
6053,0,0
6054,0,0
6055,0,0
6056,0,2398.7
6057,0,11467.6
6058,0,17575.5
6059,0,18048.9
6060,0,22028.7
6061,0,54444.1
6062,0,92541
6063,0,100618
6064,0,116303.9
6065,0,104098.8
6066,0,88368
6067,0,37813.7
6068,0,20477.4
6069,0,20162.2
6070,0,15482.4
6071,0,10678.4
6072,0,5679.5
6073,0,1464.2
6074,0,0
6075,0,0
6076,0,0
6077,0,0
6078,0,0
6079,0,0
6080,0,51471.1
6081,0,107834.3
6082,0,151366.9
6083,0,197000.2
6084,0,226435.7
6085,0,230373.2
6086,0,244819.5
6087,0,251841.2
6088,0,211429.9
6089,0,165724.3
6090,0,151816.1
6091,0,132857.9
6092,0,116234.2
6093,0,49562
6094,0,23232.5
6095,0,19392.6
6096,0,15169.5
6097,0,21158.3
6098,0,5514
6099,0,7562.6
6100,0,3415.9
6101,0,412
6102,0,25.3
6103,0,152.8
6104,0,69728.8
6105,0,115877.8
6106,0,150246.5
6107,0,195177.1
6108,0,215589.6
6109,0,225241.7
6110,0,242639.9
6111,0,241382
6112,0,208585.7
6113,0,171257.5
6114,0,152375.7
6115,0,131845.9
6116,0,111125.9
6117,0,41866.8
6118,0,16447.2
6119,0,17962.5
6120,0,14451.8
6121,0,15068.8
6122,0,8846.8
6123,0,4436.8
6124,0,519.5
6125,0,38.9
6126,0,0
6127,0,57.4
6128,0,68986.7
6129,0,123572.8
6130,0,159229.6
6131,0,199260.6
6132,0,223080.3
6133,0,218768.5
6134,0,226249.9
6135,0,227778.4
6136,0,184842.8
6137,0,142271.2
6138,0,128354.9
6139,0,115465
6140,0,104357
6141,0,48096.1
6142,0,27188.7
6143,0,25253.5
6144,0,20991.5
6145,0,12829.9
6146,0,13910
6147,0,18440.7
6148,0,15131.9
6149,0,13209.2
6150,0,1773.2
6151,0,18695.7
6152,0,116097.9
6153,0,144359.1
6154,0,160802.3
6155,0,194899.2
6156,0,216530.8
6157,0,220821.1
6158,0,246465
6159,0,255591.3
6160,0,213297.6
6161,0,156598
6162,0,138391.7
6163,0,123350.1
6164,0,109226.9
6165,0,44696
6166,0,22783.5
6167,0,19822.8
6168,0,15662.6
6169,0,23290.9
6170,0,12889.6
6171,0,7155
6172,0,1048.3
6173,0,46.5
6174,0,0
6175,0,81
6176,0,59721.8
6177,0,102920.9
6178,0,138787.8
6179,0,184397.5
6180,0,207093.2
6181,0,211270
6182,0,225475.8
6183,0,233273
6184,0,197912.4
6185,0,157821.1
6186,0,134780.6
6187,0,109758.7
6188,0,89678.4
6189,0,29581.4
6190,0,4500.5
6191,0,7537.9
6192,0,765
6193,0,275.4
6194,0,3.1
6195,0,0
6196,0,0
6197,0,0
6198,0,0
6199,0,0
6200,0,219.1
6201,0,5076.2
6202,0,18114.8
6203,0,24117.6
6204,0,54025.6
6205,0,62432.6
6206,0,90922.4
6207,0,89482
6208,0,108918
6209,0,89598
6210,0,73233.2
6211,0,28468.3
6212,0,18479.9
6213,0,20199
6214,0,11259.5
6215,0,5784.8
6216,0,702.9
6217,0,14.9
6218,0,0
6219,0,0
6220,0,0
6221,0,0
6222,0,0
6223,0,0
6224,0,250.2
6225,0,8326.2
6226,0,23162
6227,0,47223.2
6228,0,73520.5
6229,0,88329.6
6230,0,107137.4
6231,0,120673.4
6232,0,130054.2
6233,0,121393.3
6234,0,88834.2
6235,0,41582.7
6236,0,18755.1
6237,0,11661.5
6238,0,12857.2
6239,0,9244.4
6240,0,3807.9
6241,0,402.9
6242,0,0
6243,0,0
6244,0,0
6245,0,0
6246,0,0
6247,0,0
6248,0,39469.1
6249,0,94291.5
6250,0,137320
6251,0,184435.5
6252,0,212378.2
6253,0,212397.4
6254,0,231333.6
6255,0,241194.5
6256,0,206158.5
6257,0,166305.8
6258,0,145052.3
6259,0,122711.5
6260,0,102228.9
6261,0,39544.7
6262,0,13707.8
6263,0,14091.5
6264,0,7679.5
6265,0,21967.2
6266,0,12196.4
6267,0,11159.2
6268,0,8756.3
6269,0,5171.2
6270,0,417.8
6271,0,485.3
6272,0,84262.8
6273,0,136825.5
6274,0,171748.5
6275,0,206122.7
6276,0,224407.7
6277,0,229498.6
6278,0,243624.7
6279,0,247039.1
6280,0,205542.9
6281,0,159555.5
6282,0,134723.7
6283,0,107749.8
6284,0,88383.7
6285,0,29145
6286,0,5888.2
6287,0,8127.2
6288,0,518.1
6289,0,162.2
6290,0,0
6291,0,0
6292,0,0
6293,0,0
6294,543.9,0
6295,0,0
6296,0,27690.7
6297,0,72813.6
6298,0,99964.1
6299,0,139220.4
6300,0,173421.6
6301,0,181448.6
6302,0,200926.2
6303,0,199579.3
6304,0,157895.2
6305,0,117744.9
6306,0,98034.5
6307,0,78999.7
6308,0,63275.1
6309,0,14703
6310,0,15635.6
6311,0,9926.7
6312,0,3101.9
6313,0,675.5
6314,0,30.7
6315,0,0
6316,0,0
6317,0,0
6318,0,0
6319,0,0
6320,0,53414
6321,0,81859
6322,0,96374.1
6323,0,127126.6
6324,0,144423.5
6325,0,138715.7
6326,0,146248.8
6327,0,146746.8
6328,0,115333.1
6329,0,78695.8
6330,0,70191.5
6331,0,63984.1
6332,0,59314.6
6333,0,19290.5
6334,0,13530.7
6335,0,14108.4
6336,0,18419.6
6337,0,13436
6338,0,25700.6
6339,0,28504.5
6340,0,23266.2
6341,0,15780.2
6342,0,2178.6
6343,0,4372.7
6344,0,89964.9
6345,0,125962.1
6346,0,148283.5
6347,0,175516.8
6348,0,189213.7
6349,0,184527.8
6350,0,185577.2
6351,0,182125.8
6352,0,143995.3
6353,0,101069.1
6354,0,83950.2
6355,0,71415.2
6356,0,59831.9
6357,0,15953
6358,0,24367.1
6359,0,5440.2
6360,0,5978
6361,0,3544.9
6362,0,603.7
6363,0,252
6364,0,46
6365,0,0
6366,0,0
6367,0,0
6368,0,1.1
6369,0,4083
6370,0,17581.8
6371,0,21147.6
6372,0,53443.2
6373,0,66985.6
6374,0,89986.9
6375,0,83767.2
6376,0,91749.7
6377,0,66260.9
6378,0,38096
6379,0,17769.4
6380,0,12461.9
6381,0,7201
6382,0,3750
6383,0,288.9
6384,0,0
6385,0,0
6386,0,0
6387,0,0
6388,0,0
6389,280.2,0
6390,902.1,0
6391,370.6,0
6392,0,0
6393,0,0
6394,0,8985.8
6395,0,9686.3
6396,0,27636
6397,0,27491.5
6398,0,22612.5
6399,0,14256.9
6400,0,18836
6401,0,18355.5
6402,0,15993.1
6403,0,23512.7
6404,0,8731.8
6405,0,2194.8
6406,0,50.4
6407,0,0
6408,0,0
6409,0,0
6410,0,0
6411,0,0
6412,0,0
6413,0,0
6414,0,0
6415,0,0
6416,0,37300.3
6417,0,70027.2
6418,0,84437.3
6419,0,114963.6
6420,0,138619.3
6421,0,132220.9
6422,0,149967.9
6423,0,154403
6424,0,122277.8
6425,0,86346.6
6426,0,74128.6
6427,0,63655.4
6428,0,55043.1
6429,0,13270
6430,0,22944.7
6431,0,11941.2
6432,0,5267.2
6433,0,574.1
6434,0,63.3
6435,0,0
6436,0,0
6437,0,0
6438,0,0
6439,0,0
6440,0,40104.6
6441,0,75801.7
6442,0,102704.2
6443,0,153991
6444,0,190538.3
6445,0,204373.8
6446,0,219772.9
6447,0,221337.3
6448,0,179272
6449,0,135988.2
6450,0,119375
6451,0,102802.7
6452,0,85820.3
6453,0,27004.6
6454,0,14538.4
6455,0,5913.7
6456,0,10071.5
6457,0,5617
6458,0,1314.4
6459,0,246
6460,0,0
6461,0,0
6462,0,0
6463,0,0
6464,0,49887.1
6465,0,83476.2
6466,0,104336.6
6467,0,140347.2
6468,0,171467.2
6469,0,181620.5
6470,0,201034.9
6471,0,196987.4
6472,0,160682.6
6473,0,119252.6
6474,0,102182.5
6475,0,85983.6
6476,0,73020.2
6477,0,22245
6478,0,10564.2
6479,0,22802
6480,0,17592.5
6481,0,9886.7
6482,0,7166.4
6483,0,3476.6
6484,0,687.6
6485,0,285.3
6486,0,28.9
6487,0,39.2
6488,0,62334.9
6489,0,94586.6
6490,0,116243.3
6491,0,151350
6492,0,170617.1
6493,0,172190.1
6494,0,174069.1
6495,0,173297.1
6496,0,142271.2
6497,0,107449.2
6498,0,96324.7
6499,0,87198.1
6500,0,79151.5
6501,0,27073.6
6502,0,15338.6
6503,0,12221.5
6504,0,17889.2
6505,0,13868.4
6506,0,21964
6507,0,14147.3
6508,0,19784
6509,0,25358.3
6510,0,1886
6511,0,1553.6
6512,0,84386
6513,0,123947.8
6514,0,154993.6
6515,0,185853.3
6516,0,203100
6517,0,203547.8
6518,0,209121.8
6519,0,210282.6
6520,0,174781.1
6521,0,135342.7
6522,0,122198.9
6523,0,111445.5
6524,0,102333.3
6525,0,43150
6526,0,25272.6
6527,0,22967.7
6528,0,17694.4
6529,0,12610.9
6530,0,14341.9
6531,0,16275.1
6532,0,21288.2
6533,0,17121.4
6534,0,22850.2
6535,0,16299.9
6536,0,24590.8
6537,0,18369.6
6538,0,16446.3
6539,0,17117
6540,0,15899.8
6541,0,21003.1
6542,0,19795.2
6543,0,18660.4
6544,0,14788.8
6545,0,15294.5
6546,0,15814.3
6547,0,20846.1
6548,0,8928.4
6549,0,15474.7
6550,0,6208.1
6551,0,3594.9
6552,0,1009.9
6553,0,343
6554,0,68.7
6555,0,0
6556,0,0
6557,0,0
6558,0,0
6559,0,0
6560,0,0
6561,0,0
6562,0,11285.1
6563,0,17285
6564,0,43314.5
6565,0,55425.3
6566,0,70710
6567,0,73207.5
6568,0,68691
6569,0,46310.3
6570,0,22105
6571,0,13079.7
6572,0,15901.5
6573,0,7938.1
6574,0,3298.6
6575,0,573.4
6576,0,0
6577,0,0
6578,0,0
6579,0,0
6580,0,0
6581,0,0
6582,0,0
6583,0,0
6584,0,30358.6
6585,0,70864.2
6586,0,109795.4
6587,0,148138.5
6588,0,170508.3
6589,0,186482.5
6590,0,203574.2
6591,0,207868
6592,0,173129.7
6593,0,125964
6594,0,99024.4
6595,0,71247.5
6596,0,58419.9
6597,0,12885.1
6598,0,2640.7
6599,0,1104.9
6600,0,21.2
6601,0,0
6602,0,0
6603,0,0
6604,0,0
6605,0,0
6606,0,0
6607,0,0
6608,0,25446.7
6609,0,53212
6610,0,60877.2
6611,0,78436.6
6612,0,88970.8
6613,0,81920.2
6614,0,91252
6615,0,97202.8
6616,0,59113.1
6617,0,25895.7
6618,0,13473.3
6619,0,4579.3
6620,0,1127.7
6621,0,0
6622,0,0
6623,0,0
6624,720.8,0
6625,2703.2,0
6626,4608.8,0
6627,6584.4,0
6628,6235.9,0
6629,7693.9,0
6630,7719.3,0
6631,0,0
6632,0,4870.6
6633,0,33647
6634,0,64698.9
6635,0,94229.3
6636,0,114568.5
6637,0,113745.2
6638,0,125301.7
6639,0,131438.9
6640,0,99824.7
6641,0,59268.2
6642,0,37513.2
6643,0,22053.2
6644,0,10450
6645,0,0
6646,0,0
6647,0,0
6648,0,0
6649,68.3,0
6650,1122,0
6651,3238.1,0
6652,5393,0
6653,6253.7,0
6654,4805.9,0
6655,0,0
6656,0,7563.5
6657,0,37753.6
6658,0,62373.6
6659,0,94461.6
6660,0,123756.7
6661,0,130274.8
6662,0,146479
6663,0,150345.1
6664,0,112115.7
6665,0,72491.9
6666,0,52050.7
6667,0,33920.2
6668,0,22145.3
6669,0,0
6670,0,0
6671,0,0
6672,0,0
6673,0,0
6674,28.9,0
6675,1126.4,0
6676,4764.4,0
6677,6072.9,0
6678,6244.1,0
6679,0,0
6680,0,10047.7
6681,0,46778
6682,0,75590.6
6683,0,113321.2
6684,0,141095.3
6685,0,146613.9
6686,0,168320.2
6687,0,181772
6688,0,149846
6689,0,107111.9
6690,0,79792.3
6691,0,50217.6
6692,0,25930.3
6693,0,114.9
6694,0,0
6695,269.9,0
6696,2515.9,0
6697,5451.4,0
6698,8771.6,0
6699,11741.5,0
6700,17194.6,0
6701,22058.9,0
6702,28263.4,0
6703,19378.8,0
6704,11728.4,0
6705,4654.1,0
6706,1864.5,0
6707,163.1,7894.8
6708,0,18509.1
6709,0,36760.7
6710,0,58838.3
6711,0,52446.4
6712,0,54541.9
6713,0,21612.9
6714,0,8614.8
6715,0,7434.6
6716,0,858.8
6717,0,0
6718,0,0
6719,111.6,0
6720,1192.3,0
6721,4058.6,0
6722,8262.5,0
6723,17992.2,0
6724,28527.8,0
6725,36613.7,0
6726,40721.7,0
6727,32880.8,0
6728,17126.6,0
6729,12792.5,0
6730,5158.7,293.7
6731,2369.1,15803.1
6732,0,27856.1
6733,0,58848.7
6734,0,66802.6
6735,0,81865.8
6736,0,65859.5
6737,0,53423.3
6738,0,11395.4
6739,0,5331.7
6740,0,3571
6741,0,441.4
6742,0,0
6743,0,0
6744,0,0
6745,236,0
6746,1270.2,0
6747,3485.9,0
6748,6547.1,0
6749,11639.3,0
6750,13186.6,0
6751,9445.7,0
6752,4454.3,0
6753,1647.6,0
6754,460,7771.4
6755,0,21175.1
6756,0,30291.1
6757,0,39203.8
6758,0,46207.8
6759,0,51170.1
6760,0,24552.8
6761,0,21989.6
6762,0,15087.9
6763,0,10341.5
6764,0,5463.1
6765,0,1737.9
6766,0,7.9
6767,0,0
6768,0,0
6769,0,0
6770,0,0
6771,0,0
6772,0,0
6773,66.1,0
6774,379.9,0
6775,0,0
6776,0,14408.2
6777,0,41646.2
6778,0,56243.1
6779,0,75846.3
6780,0,83107.4
6781,0,79201.2
6782,0,85909.2
6783,0,90602.9
6784,0,53420.8
6785,0,20039.3
6786,0,7346
6787,0,1891.8
6788,0,1119.8
6789,0,0
6790,0,0
6791,0,0
6792,0,0
6793,403.3,0
6794,2523,0
6795,5552.8,0
6796,6130.3,0
6797,6624.3,0
6798,4909.3,0
6799,0,0
6800,0,9598.6
6801,0,38226.5
6802,0,58416.2
6803,0,84330.7
6804,0,119960.2
6805,0,122028.5
6806,0,136661.4
6807,0,134805.8
6808,0,107543
6809,0,70638.1
6810,0,50460.8
6811,0,31731.6
6812,0,19849.5
6813,0,0
6814,0,0
6815,0,0
6816,0,0
6817,0,0
6818,560.5,0
6819,4489.2,0
6820,7055.2,0
6821,10648.3,0
6822,11879.4,0
6823,222.7,0
6824,0,6355
6825,0,38790.7
6826,0,67315.7
6827,0,99091.1
6828,0,118314.6
6829,0,117411.7
6830,0,127282.3
6831,0,127237.6
6832,0,85020.1
6833,0,42646.8
6834,0,20918.6
6835,0,6763.2
6836,0,353.9
6837,0,0
6838,41.4,0
6839,1475.1,0
6840,4566.4,0
6841,6446.8,0
6842,9411.2,0
6843,19981.3,0
6844,27225.8,0
6845,40843.4,0
6846,32237.8,0
6847,2747.5,0
6848,0,873.7
6849,0,17139
6850,0,45479.3
6851,0,76776.8
6852,0,87839
6853,0,88623.7
6854,0,107028.2
6855,0,114546
6856,0,82414.9
6857,0,39239.8
6858,0,13744.3
6859,0,2207.5
6860,0,0
6861,681.8,0
6862,3913.6,0
6863,8449.5,0
6864,14751.4,0
6865,34156.1,0
6866,40180.6,0
6867,59001.4,0
6868,59689,0
6869,80181.9,0
6870,78223.1,0
6871,74577.3,0
6872,43802.7,0
6873,28441.5,0
6874,16023.3,0
6875,12251.7,0
6876,5249.7,7176.1
6877,206.3,14215.6
6878,0,22428.4
6879,0,30514.4
6880,0,14564.8
6881,0,8183.8
6882,0,2014.3
6883,0,0
6884,0,0
6885,2422.4,0
6886,5559.1,0
6887,9529,0
6888,20347.2,0
6889,28172,0
6890,29596.8,0
6891,35055.1,0
6892,33660,0
6893,39019.2,0
6894,37722.9,0
6895,35052.8,0
6896,19190.5,0
6897,10331.7,0
6898,5995.9,0
6899,2708.4,5685.3
6900,903.5,8815.5
6901,0,29717.8
6902,0,36284
6903,0,45081.7
6904,0,26689.7
6905,0,9084.6
6906,0,6276.1
6907,0,4495.4
6908,0,773.7
6909,0,0
6910,0,0
6911,2.5,0
6912,728.1,0
6913,2413.4,0
6914,6340,0
6915,13761.3,0
6916,22951.5,0
6917,30215.9,0
6918,28145.9,0
6919,1961.7,0
6920,0,1775.4
6921,0,25065
6922,0,57207.2
6923,0,108756.7
6924,0,144786.8
6925,0,158655
6926,0,181915.4
6927,0,192280
6928,0,156624
6929,0,112693.1
6930,0,86231.4
6931,0,63723.9
6932,0,44777.6
6933,0,6358.1
6934,0,2109
6935,0,0
6936,0,0
6937,0,0
6938,0,0
6939,0,0
6940,342.3,0
6941,1910.3,0
6942,2965.9,0
6943,0,0
6944,0,13146.8
6945,0,52986.3
6946,0,89180
6947,0,138287.2
6948,0,162657.9
6949,0,173302.2
6950,0,188615.1
6951,0,192340
6952,0,146771
6953,0,101095.5
6954,0,81153.3
6955,0,62257.2
6956,0,48316.7
6957,0,11905.1
6958,0,2474.1
6959,0,2496.6
6960,0,666.8
6961,0,17.6
6962,0,0
6963,0,0
6964,0,0
6965,0,0
6966,0,0
6967,0,150
6968,0,60912.3
6969,0,93804.8
6970,0,115307.1
6971,0,149939.8
6972,0,168317
6973,0,180134.8
6974,0,178193.3
6975,0,173069.9
6976,0,116024.6
6977,0,70781.6
6978,0,54023.8
6979,0,41191.4
6980,0,32427.8
6981,0,1709
6982,0,639.7
6983,0,77.3
6984,0,0
6985,0,0
6986,0,0
6987,0,0
6988,0,0
6989,0,0
6990,0,0
6991,0,0
6992,0,29769.5
6993,0,60324.4
6994,0,71024.7
6995,0,100122.2
6996,0,139698.5
6997,0,152651.1
6998,0,176787.7
6999,0,187689.8
7000,0,153476.3
7001,0,107685.1
7002,0,80204.7
7003,0,55734
7004,0,34556.3
7005,0,1378.1
7006,0,7
7007,0,0
7008,0,0
7009,0,0
7010,0,0
7011,118.8,0
7012,2024.5,0
7013,5742.2,0
7014,5738.3,0
7015,0,0
7016,0,8212.3
7017,0,41730
7018,0,68336.5
7019,0,100427.2
7020,0,124145.1
7021,0,124505.3
7022,0,126239
7023,0,131598.2
7024,0,87011.8
7025,0,39423.7
7026,0,20547.8
7027,0,8915
7028,0,2253.5
7029,0,0
7030,0,0
7031,141.9,0
7032,2037.5,0
7033,5401.3,0
7034,6827.2,0
7035,13004.4,0
7036,18553.5,0
7037,29813.7,0
7038,29532,0
7039,26306.1,0
7040,11802.8,0
7041,6374.6,0
7042,2899,69.7
7043,1231.6,10110.8
7044,0,21601.6
7045,0,46469.3
7046,0,48837.6
7047,0,54141.2
7048,0,34965.3
7049,0,13059.6
7050,0,4644.9
7051,0,4499.4
7052,0,917.2
7053,0,0
7054,0,0
7055,24.9,0
7056,743.6,0
7057,2294.5,0
7058,4722.8,0
7059,9168.9,0
7060,15068,0
7061,21507.1,0
7062,25048.4,0
7063,18689.4,0
7064,12043.3,0
7065,7620.9,0
7066,3659.9,78.5
7067,2899.7,10022.6
7068,6.8,23748.6
7069,0,49831.3
7070,0,58719.6
7071,0,67051.2
7072,0,52247
7073,0,31065.2
7074,0,4653.1
7075,0,4212.1
7076,0,50.1
7077,14.9,0
7078,783.5,0
7079,2835.4,0
7080,7102.8,0
7081,16434.5,0
7082,29058,0
7083,35368.6,0
7084,50376,0
7085,58361.9,0
7086,50374.1,0
7087,9792.9,0
7088,0,0
7089,0,7671.5
7090,0,29587.6
7091,0,61863.3
7092,0,85834.9
7093,0,93635.9
7094,0,97837.9
7095,0,93333.7
7096,0,51480.6
7097,0,10199.2
7098,0,583.9
7099,0,0
7100,0,0
7101,3008.3,0
7102,5574.7,0
7103,9609.3,0
7104,17258.8,0
7105,30871,0
7106,40449.8,0
7107,54881.3,0
7108,61762.6,0
7109,75444.9,0
7110,55414.4,0
7111,8415.4,0
7112,15.4,0.9
7113,0,9056.5
7114,0,34378.6
7115,0,69092.8
7116,0,93715.4
7117,0,106895.3
7118,0,110878.2
7119,0,103078.8
7120,0,59652.8
7121,0,17707.4
7122,0,4476.5
7123,0,56.7
7124,0,0
7125,0,0
7126,169.4,0
7127,1186.6,0
7128,2303.2,0
7129,4080,0
7130,4989.5,0
7131,5225.3,0
7132,6764.3,0
7133,6585.4,0
7134,4738.8,0
7135,0,0
7136,0,7568.3
7137,0,32502.7
7138,0,48576.9
7139,0,68769
7140,0,79042.4
7141,0,70181
7142,0,74505.6
7143,0,74940.5
7144,0,35834.3
7145,0,2224.2
7146,0,25.2
7147,0,0
7148,0,0
7149,5384.1,0
7150,8066.3,0
7151,11043.5,0
7152,20560,0
7153,27856.1,0
7154,40670.8,0
7155,44333.1,0
7156,55561.7,0
7157,58229.4,0
7158,44922,0
7159,6489.6,0
7160,36,27.9
7161,0,1871.8
7162,0,12415.7
7163,0,41503.8
7164,0,50295.8
7165,0,55444.5
7166,0,63549.4
7167,0,73423.3
7168,0,36342.9
7169,0,2294.6
7170,0,0
7171,0,0
7172,0,0
7173,13513.6,0
7174,28407.5,0
7175,45434.3,0
7176,51239.7,0
7177,66699.5,0
7178,68192,0
7179,84674.5,0
7180,84310.9,0
7181,101026.5,0
7182,69331,0
7183,22148.4,0
7184,201,0
7185,0,244.2
7186,0,12800.8
7187,0,41189.4
7188,0,64733.2
7189,0,75937
7190,0,89709.9
7191,0,87803.1
7192,0,46846.5
7193,0,8381.6
7194,0,245.2
7195,0,0
7196,0,0
7197,3778.9,0
7198,5926.1,0
7199,9515.4,0
7200,15981.4,0
7201,18518.2,0
7202,24896.6,0
7203,26005.9,0
7204,30140.2,0
7205,31715.6,0
7206,34951.9,0
7207,27574,0
7208,26662.9,0
7209,18150,0
7210,9418.3,0
7211,6452.8,0
7212,2900.6,0
7213,1277.5,0
7214,239.7,0
7215,1.8,0
7216,0,0
7217,0,0
7218,0,0
7219,0,0
7220,2.7,0
7221,112.2,0
7222,2286.7,0
7223,6801.6,0
7224,10275.4,0
7225,17394.8,0
7226,27289.1,0
7227,32503.2,0
7228,47084.3,0
7229,51731.3,0
7230,68000.1,0
7231,57259.8,0
7232,61000.4,0
7233,40950.1,0
7234,27220.8,0
7235,17223.7,0
7236,14785.2,0
7237,10642.5,0
7238,3306.1,32
7239,1224.3,94.9
7240,892.6,0
7241,1304.9,0
7242,3331.8,0
7243,6115.5,0
7244,14295.4,0
7245,29947.1,0
7246,38769,0
7247,50708.5,0
7248,57942.3,0
7249,72353.4,0
7250,75669.9,0
7251,86634.7,0
7252,86668.5,0
7253,94459.8,0
7254,68671.6,0
7255,16898.5,0
7256,67.2,0
7257,0,2674.5
7258,0,22406.3
7259,0,54506.6
7260,0,81125.2
7261,0,96937.5
7262,0,112520.6
7263,0,124454.3
7264,0,90155.8
7265,0,38723
7266,0,13436.2
7267,0,2022.2
7268,0,0
7269,3752.1,0
7270,13561,0
7271,25224.3,0
7272,47452.7,0
7273,56433.4,0
7274,80308.3,0
7275,80882.5,0
7276,103517,0
7277,97616.1,0
7278,75733.1,0
7279,25438.5,0
7280,85.4,0
7281,0,8150.8
7282,0,35566.1
7283,0,72939.1
7284,0,102939.5
7285,0,114923.6
7286,0,129458.6
7287,0,138790.5
7288,0,106162.5
7289,0,55906.9
7290,0,22280.4
7291,0,7500.3
7292,0,511.8
7293,246.2,0
7294,2234.1,0
7295,3763.8,0
7296,6107.3,0
7297,12301.2,0
7298,19178.8,0
7299,29089.7,0
7300,33253.6,0
7301,42628.7,0
7302,34404.6,0
7303,2807.2,0
7304,0,93.1
7305,0,1041.7
7306,0,7622.4
7307,0,25350.6
7308,0,37773
7309,0,45220.3
7310,0,53887
7311,0,57289.3
7312,0,19320.7
7313,0,50.5
7314,0,0
7315,0,0
7316,0,0
7317,10724.6,0
7318,23159,0
7319,40715.4,0
7320,47254.8,0
7321,57699.9,0
7322,62491.5,0
7323,76943.2,0
7324,72760.8,0
7325,82978.7,0
7326,60694.7,0
7327,12432.5,0
7328,107.1,0
7329,0,6716.1
7330,0,27347.9
7331,0,46185
7332,0,62110.1
7333,0,62923
7334,0,71599.6
7335,0,72261.5
7336,0,40717.3
7337,0,2621.7
7338,0,0
7339,0,0
7340,0,0
7341,5488.1,0
7342,10650.9,0
7343,16123.6,0
7344,23681.4,0
7345,28217.2,0
7346,38518.2,0
7347,44723.8,0
7348,55295.4,0
7349,58418.7,0
7350,49408.9,0
7351,8924.7,0
7352,13.1,0
7353,0,9962.8
7354,0,36035.9
7355,0,73112.7
7356,0,101643
7357,0,115266.7
7358,0,131594.5
7359,0,142507.4
7360,0,109609.1
7361,0,60758.3
7362,0,24468.9
7363,0,8455
7364,0,1151.3
7365,209.3,0
7366,2046.9,0
7367,3672.2,0
7368,6162.7,0
7369,14512.2,0
7370,22883,0
7371,27935.2,0
7372,33688.2,0
7373,35388.7,0
7374,44574.2,0
7375,35565.9,0
7376,26641.6,0
7377,15313.9,0
7378,12473,0
7379,4407.4,1810.1
7380,4478.4,12179.8
7381,101.9,13182.5
7382,0,10734.1
7383,0,9195.1
7384,0,6438.2
7385,0,2321.4
7386,0,362.1
7387,0,0
7388,0,0
7389,0,0
7390,0,0
7391,0,0
7392,3.3,0
7393,91.6,0
7394,199.7,0
7395,329.1,0
7396,1083.9,0
7397,2387.9,0
7398,3842.8,0
7399,4119.1,0
7400,3823.1,0
7401,3394.4,0
7402,2278.8,0
7403,1761.1,0
7404,1100.6,0
7405,407.3,0
7406,142.9,0
7407,25.1,0
7408,0,88.2
7409,0,0
7410,22.6,0
7411,143.7,0
7412,303,0
7413,387.5,0
7414,1186,0
7415,3975.8,0
7416,8216.8,0
7417,10934.6,0
7418,17642,0
7419,22820.3,0
7420,31022.2,0
7421,36559.3,0
7422,46953.2,0
7423,37799.7,0
7424,2565,0
7425,0,9148.3
7426,0,43716.8
7427,0,74158.3
7428,0,111005.9
7429,0,132848.1
7430,0,121862.4
7431,0,122817.2
7432,0,122161.5
7433,0,73791.4
7434,0,22708.9
7435,0,8673.1
7436,0,2265.8
7437,0,568.5
7438,0,0
7439,0,0
7440,548.4,0
7441,2080.4,0
7442,4451.5,0
7443,5959.4,0
7444,9667.9,0
7445,16362,0
7446,21725.4,0
7447,18241.9,0
7448,87.8,0
7449,0,2157.2
7450,0,18786.9
7451,0,48660.4
7452,0,63506.8
7453,0,66327.8
7454,0,61471
7455,0,62343.2
7456,0,60789.3
7457,0,19817.5
7458,0,32.2
7459,0,0
7460,0,0
7461,0,0
7462,7519.3,0
7463,15471.3,0
7464,32456.3,0
7465,46052.5,0
7466,59858.9,0
7467,74516.9,0
7468,91826.6,0
7469,101594.3,0
7470,113233.3,0
7471,82990.6,0
7472,17530.8,0
7473,0,100.3
7474,0,14251.4
7475,0,32661
7476,0,52823.4
7477,0,61838.9
7478,0,62763.4
7479,0,68757.5
7480,0,82986.6
7481,0,46587.4
7482,0,2481.5
7483,0,0
7484,0,0
7485,0,0
7486,3051.4,0
7487,7228.9,0
7488,10559.9,0
7489,21326,0
7490,26809.9,0
7491,37307.7,0
7492,43653.7,0
7493,56905.9,0
7494,59627.5,0
7495,48858.5,0
7496,4683.2,0
7497,0,5595.9
7498,0,33888.3
7499,0,63673.5
7500,0,98780.4
7501,0,123145.3
7502,0,126364.2
7503,0,133750.9
7504,0,131165.8
7505,0,77834.5
7506,0,18421.7
7507,0,3966.7
7508,0,0
7509,0,0
7510,4108.7,0
7511,10586.2,0
7512,18905.5,0
7513,35848.8,0
7514,43314.5,0
7515,58706.2,0
7516,63029.8,0
7517,85315.9,0
7518,83377.2,0
7519,63697.5,0
7520,10610.4,0
7521,0,0
7522,0,1158.9
7523,0,10587.1
7524,0,34035.8
7525,0,52489.2
7526,0,56039.1
7527,0,63716.3
7528,0,66616.2
7529,0,32830.3
7530,0,4096.5
7531,0,3559.5
7532,0,2565.2
7533,0,1993.3
7534,33.4,0
7535,589.7,0
7536,4438.6,0
7537,6581.1,0
7538,9038.6,0
7539,13321.5,0
7540,22498.8,0
7541,26105.4,0
7542,33942.8,0
7543,35404.8,0
7544,30654.8,0
7545,19523.3,0
7546,12708.4,0
7547,13609.9,0
7548,6916.9,0
7549,3290.4,454.7
7550,1652.1,60.3
7551,690.9,1357.3
7552,1641.7,2241
7553,2066.8,113.9
7554,3391.4,0
7555,11189.4,0
7556,17796.8,0
7557,28136.3,0
7558,48884.5,0
7559,64052.5,0
7560,75108.8,0
7561,85115.2,0
7562,97334.9,0
7563,109334.3,0
7564,118240.4,0
7565,129732.2,0
7566,133867.7,0
7567,143940.1,0
7568,109451.2,0
7569,73857.1,0
7570,42793.8,0
7571,31845.2,0
7572,24293.9,0
7573,20243.3,2371.7
7574,17276.3,8130.3
7575,5624.5,7958.3
7576,2420.6,343.7
7577,6111.1,0
7578,14910.7,0
7579,19070.9,0
7580,28573.2,0
7581,36993.4,0
7582,69603.5,0
7583,63643.4,0
7584,77225.9,0
7585,68802.6,0
7586,75762.5,0
7587,71713.8,0
7588,80879.2,0
7589,69150,0
7590,76745.6,0
7591,53051.5,0
7592,8436.2,0
7593,12.5,0
7594,0,500.5
7595,0,2649.4
7596,0,24797.5
7597,0,51091.6
7598,0,77734.1
7599,0,98417.3
7600,0,102023.8
7601,0,53564.4
7602,0,7065.8
7603,0,1151.8
7604,0,236
7605,0,0
7606,662.7,0
7607,4093.1,0
7608,8017.7,0
7609,17417.9,0
7610,23995.1,0
7611,42156.8,0
7612,46500.9,0
7613,70844.5,0
7614,71209.6,0
7615,60120.3,0
7616,11168.7,0
7617,0,3521.6
7618,0,30581.7
7619,0,59613.4
7620,0,92696.6
7621,0,129095.5
7622,0,127756.7
7623,0,134051.8
7624,0,129868.8
7625,0,76951.7
7626,0,18706.8
7627,0,4572.4
7628,0,49.4
7629,0,0
7630,1928,0
7631,5739.2,0
7632,14441.9,0
7633,26501.6,0
7634,41215.3,0
7635,47491.6,0
7636,61832.9,0
7637,65855.8,0
7638,84311.1,0
7639,64207.6,0
7640,9877,0
7641,0,3815.3
7642,0,30420.4
7643,0,57606.4
7644,0,91984.7
7645,0,114924.3
7646,0,120616.8
7647,0,127785.3
7648,0,123415.8
7649,0,69300.6
7650,0,15908
7651,0,3486.2
7652,0,0
7653,0,0
7654,2979.6,0
7655,4978,0
7656,13022.9,0
7657,16903.3,0
7658,21703.5,0
7659,25760.3,0
7660,29048.5,0
7661,29760.7,0
7662,32507.3,0
7663,24512.7,0
7664,746.1,0
7665,0,307.2
7666,0,7046.5
7667,0,22692.6
7668,0,47916.9
7669,0,63903.3
7670,0,67115.6
7671,0,77991.5
7672,0,86766.7
7673,0,51331.4
7674,0,7542.9
7675,0,2897.2
7676,0,2124.6
7677,0,1879.2
7678,0,0
7679,1.2,0
7680,102.1,0
7681,158.9,0
7682,180.9,0
7683,352.9,0
7684,677.6,0
7685,834.8,0
7686,1090.6,0
7687,1952.9,0
7688,0,0
7689,0,8657.1
7690,0,33563.3
7691,0,55712.5
7692,0,84115.6
7693,0,105902
7694,0,111904.8
7695,0,116781.7
7696,0,111257.4
7697,0,52926.7
7698,0,5301.6
7699,0,0
7700,0,0
7701,0,0
7702,11692.2,0
7703,24244.5,0
7704,43220.4,0
7705,52424.2,0
7706,71966,0
7707,69905,0
7708,92884.5,0
7709,93582.6,0
7710,120636.8,0
7711,115214.3,0
7712,106531.6,0
7713,59865.5,0
7714,43032.1,0
7715,27180.3,0
7716,23755.7,0
7717,18466.9,1568.6
7718,14096.1,8810.6
7719,6721.8,7261.5
7720,4680.7,1334.9
7721,3408.2,0
7722,7206.6,0
7723,16999.9,0
7724,21141,0
7725,32501.7,0
7726,65475.1,0
7727,73839.9,0
7728,99929.3,0
7729,100707.8,0
7730,124898.4,0
7731,116380.9,0
7732,133886.6,0
7733,118955.6,0
7734,136429.5,0
7735,116792.7,0
7736,108710.3,0
7737,83482.8,0
7738,73406.4,0
7739,51249.5,0
7740,49700.3,0
7741,42022.8,0
7742,45707.6,0
7743,43978.7,0
7744,51228,0
7745,52114.8,0
7746,62318.3,0
7747,58861.3,0
7748,67684,0
7749,63584.7,0
7750,88629.5,0
7751,74760.3,0
7752,81399,0
7753,74204.3,0
7754,89991.4,0
7755,75058.6,0
7756,83300.8,0
7757,75245.2,0
7758,84190.2,0
7759,61020.7,0
7760,11646.7,0
7761,142.1,0
7762,0,392.7
7763,0,1403.9
7764,0,15091
7765,0,26892.1
7766,0,30304.9
7767,0,41246.4
7768,0,49110.6
7769,0,11945
7770,0,28.6
7771,0,233.3
7772,0,1087.6
7773,0,1332.4
7774,497.1,0
7775,1979.8,0
7776,3538.2,0
7777,5638.8,0
7778,7730.5,0
7779,9665.6,0
7780,14042.8,0
7781,17272.5,0
7782,26917,0
7783,22187.1,0
7784,603.9,0
7785,0,443.9
7786,0,11592.4
7787,0,27177.2
7788,0,49113.3
7789,0,63064.7
7790,0,60727.4
7791,0,69668.1
7792,0,69683.9
7793,0,22133.3
7794,0,0
7795,0,0
7796,0,0
7797,0,0
7798,15473.2,0
7799,30418.3,0
7800,56057.4,0
7801,61700.9,0
7802,91758,0
7803,87785.5,0
7804,124147.8,0
7805,113699.4,0
7806,155270.4,0
7807,91548.3,0
7808,31049.5,0
7809,12.1,85.7
7810,0,10473.5
7811,0,25755.5
7812,0,46480.9
7813,0,57789.2
7814,0,68530.7
7815,0,79014.4
7816,0,75841.8
7817,0,22201.7
7818,0,0
7819,0,0
7820,0,0
7821,106.5,0
7822,39129.1,0
7823,65984.6,0
7824,83714.1,0
7825,100443.5,0
7826,116856.9,0
7827,131938.2,0
7828,149147.8,0
7829,157021.7,0
7830,167816.2,0
7831,169888.1,0
7832,145761.7,0
7833,98018.8,0
7834,62351,0
7835,44344.6,0
7836,33362.3,0
7837,20408.8,695
7838,9282.8,10505.9
7839,5954.1,5814.4
7840,4454.8,5913.9
7841,3270.9,1343.9
7842,9161.1,0
7843,16175.1,0
7844,22168.7,0
7845,32042.2,0
7846,59308.9,0
7847,67812.1,0
7848,84774.1,0
7849,90973.3,0
7850,106636,0
7851,112387.5,0
7852,126406.4,0
7853,131816.2,0
7854,142061.9,0
7855,100390.6,0
7856,31124.5,0
7857,0,500.3
7858,0,16781.6
7859,0,38058.2
7860,0,61671.6
7861,0,77266.4
7862,0,79344.6
7863,0,91365.6
7864,0,91272.6
7865,0,33496
7866,0,1367.2
7867,0,0
7868,0,0
7869,58.8,0
7870,31276.7,0
7871,57047.6,0
7872,68094.7,0
7873,84136.2,0
7874,94675.5,0
7875,110069.2,0
7876,115741,0
7877,136361.4,0
7878,144816.1,0
7879,158049.6,0
7880,127930.9,0
7881,92837.1,0
7882,57952.2,0
7883,43316.9,0
7884,29781.2,0
7885,21308.9,0
7886,10060.4,51.9
7887,4174.8,92.5
7888,3330.2,0
7889,5009.9,0
7890,11825.8,0
7891,15255.4,0
7892,23260.5,0
7893,34343.8,0
7894,52788.6,0
7895,74314.2,0
7896,80254.5,0
7897,107162.4,0
7898,107379.8,0
7899,136307.5,0
7900,132802.8,0
7901,157048,0
7902,148240.1,0
7903,174325.2,0
7904,127006.7,0
7905,103379.5,0
7906,54823.9,0
7907,45099.3,0
7908,27417.7,0
7909,22017.3,6945.9
7910,14895.3,8427.6
7911,5254.7,7014.7
7912,1383.9,3713.5
7913,922.5,0
7914,1906.2,0
7915,4439,0
7916,8909,0
7917,13781.4,0
7918,20658.3,0
7919,26852.2,0
7920,28460.1,0
7921,35694.9,0
7922,32786.3,0
7923,41439.7,0
7924,38428.4,0
7925,44512.7,0
7926,38817.3,0
7927,29573.5,0
7928,1709.3,0
7929,0,252.4
7930,0,11147.9
7931,0,31189.6
7932,0,57194.7
7933,0,69602.1
7934,0,66987.5
7935,0,70373.3
7936,0,69797.2
7937,0,35026.2
7938,0,3121.9
7939,0,3346.5
7940,0,3062.5
7941,0,2489.1
7942,0,0
7943,0,0
7944,48.6,0
7945,219.3,0
7946,376.8,0
7947,647,0
7948,2224.8,0
7949,5506.7,0
7950,7985.8,0
7951,6230.4,0
7952,0,0
7953,0,2571.3
7954,0,17536.6
7955,0,26056.7
7956,0,45304
7957,0,53841
7958,0,51509.2
7959,0,61964.3
7960,0,63077.6
7961,0,15656.9
7962,0,0
7963,0,0
7964,0,0
7965,0,0
7966,22140.1,0
7967,38961.4,0
7968,53585.7,0
7969,65167.8,0
7970,75908,0
7971,88713.2,0
7972,103092.3,0
7973,107518.3,0
7974,116068.9,0
7975,79034.1,0
7976,23617.3,0
7977,0,482.4
7978,0,16070.5
7979,0,38346.5
7980,0,61781.2
7981,0,80547.9
7982,0,88009.5
7983,0,93886.5
7984,0,89719.8
7985,0,32327.1
7986,0,1115
7987,0,0
7988,0,0
7989,29,0
7990,33488.8,0
7991,58474.3,0
7992,70467.9,0
7993,91506.1,0
7994,100702.7,0
7995,117991.8,0
7996,129579.6,0
7997,144745.4,0
7998,144528.9,0
7999,100710.8,0
8000,39706.5,0
8001,550.6,0
8002,50.5,0
8003,0,294.3
8004,0,6898.8
8005,0,15951
8006,0,29227.2
8007,0,54997.1
8008,0,64169.8
8009,0,12788.6
8010,0,0
8011,0,0
8012,0,0
8013,0,0
8014,20603,0
8015,28945.4,0
8016,48875,0
8017,48576.6,0
8018,67427.5,0
8019,67434,0
8020,93556.8,0
8021,83689.8,0
8022,110223.6,0
8023,68861.8,0
8024,17666.3,0
8025,39.7,0
8026,0,2457.3
8027,0,20300.2
8028,0,59889
8029,0,94251.6
8030,0,97990.9
8031,0,97812
8032,0,91431.5
8033,0,49319.8
8034,0,6764.2
8035,0,894.8
8036,0,0
8037,0,0
8038,1600.7,0
8039,6482.6,0
8040,9694.7,0
8041,19423.9,0
8042,26789.6,0
8043,41979.6,0
8044,49548.7,0
8045,70084.8,0
8046,77542.6,0
8047,102444.1,0
8048,74154.3,0
8049,52685.3,0
8050,30816.5,0
8051,26084.5,0
8052,20829.3,1831.5
8053,10331.4,9440.5
8054,4101.7,9457
8055,1918,10377.3
8056,1544.7,3449.6
8057,798.2,587.5
8058,559.5,0
8059,671.9,0
8060,1120.3,0
8061,3522.7,0
8062,13546.9,0
8063,22259.6,0
8064,39114.5,0
8065,43862.7,0
8066,65697.8,0
8067,67429.9,0
8068,93334.6,0
8069,87406.4,0
8070,115734.7,0
8071,105270.6,0
8072,105525.1,0
8073,60507.4,0
8074,59446.5,0
8075,42058.8,0
8076,46894.9,0
8077,36082.9,195.1
8078,38136.9,1324.1
8079,28741.7,208.2
8080,28889.3,0
8081,30633.1,0
8082,38912.7,0
8083,52262.7,0
8084,74128.4,0
8085,81589,0
8086,119177.1,0
8087,121633.7,0
8088,139793.9,0
8089,139222.7,0
8090,157225.3,0
8091,154526.5,0
8092,171837.6,0
8093,168054.5,0
8094,186037.9,0
8095,115969.9,0
8096,54316.2,0
8097,696.8,0
8098,173.4,0
8099,0,2891.4
8100,0,28820.1
8101,0,48463.6
8102,0,54220.6
8103,0,60047.1
8104,0,59430.8
8105,0,16171.4
8106,0,0
8107,261,0
8108,1306,0
8109,2635.4,0
8110,71667.9,0
8111,101859.4,0
8112,114857.8,0
8113,139737.3,0
8114,146723.5,0
8115,164105.3,0
8116,167063.9,0
8117,180054.5,0
8118,178496.4,0
8119,113597.8,0
8120,55592.6,0
8121,1892.6,0
8122,1319.7,0
8123,26.1,41.2
8124,0,14724.6
8125,0,31428
8126,0,36604.6
8127,0,47206.9
8128,0,47939.4
8129,0,6463.1
8130,0,0
8131,73.3,0
8132,869.2,0
8133,2249.2,0
8134,64655.1,0
8135,92356.3,0
8136,98912.2,0
8137,118304.8,0
8138,120210.6,0
8139,139309.6,0
8140,141046.7,0
8141,157620.1,0
8142,156170.6,0
8143,105032,0
8144,45550.8,0
8145,230.6,0
8146,0,7066.2
8147,0,29129.2
8148,0,50881
8149,0,68050.8
8150,0,68642.5
8151,0,74156.8
8152,0,66729.4
8153,0,21180.3
8154,0,3.1
8155,0,0
8156,0,0
8157,0,0
8158,7299.1,0
8159,12027,0
8160,19674.3,0
8161,23394.9,0
8162,30196.7,0
8163,32270.7,0
8164,40354.6,0
8165,41438.8,0
8166,51372,0
8167,39762,0
8168,4383.4,0
8169,0,128
8170,0,3512.2
8171,0,19844.7
8172,0,47656.8
8173,0,67166.9
8174,0,66197
8175,0,71461.2
8176,0,73986
8177,0,33732.7
8178,0,284.6
8179,0,0
8180,0,0
8181,0,0
8182,3578.4,0
8183,8383.4,0
8184,10324.1,0
8185,14692.7,0
8186,22590.8,0
8187,27802.1,0
8188,33798.5,0
8189,44251.1,0
8190,48786.1,0
8191,40536.3,0
8192,4676.8,0
8193,0,151.7
8194,0,13664.2
8195,0,48025.5
8196,0,81911.6
8197,0,108663.9
8198,0,120476.1
8199,0,121670.2
8200,0,111398
8201,0,70205.7
8202,0,27882.4
8203,0,15052.3
8204,0,8666
8205,0,6735.6
8206,0,0
8207,0,0
8208,0,0
8209,0,0
8210,0,0
8211,0,0
8212,0,0
8213,0,0
8214,0,0
8215,0,0
8216,0,0
8217,0,0
8218,0,0
8219,0,0
8220,0,0
8221,0,0
8222,8.3,0
8223,110.4,0
8224,414.3,0
8225,2223.2,0
8226,5565,0
8227,8133.5,0
8228,9146.5,0
8229,11935.6,0
8230,19034.8,0
8231,22828.4,0
8232,23974.5,0
8233,27706.1,0
8234,32187.6,0
8235,35462.6,0
8236,42354.2,0
8237,48694.3,0
8238,57837.5,0
8239,59559.6,0
8240,54107.7,0
8241,45601.2,0
8242,40242.7,0
8243,32451.5,0
8244,26150.2,0
8245,27613,0
8246,25329.1,0
8247,26063.4,0
8248,26827.6,0
8249,37557.5,0
8250,45599.1,0
8251,63142.9,0
8252,67878.8,0
8253,90785.4,0
8254,102368.3,0
8255,127257.1,0
8256,118496.2,0
8257,138191.7,0
8258,127194,0
8259,151804.5,0
8260,140469.8,0
8261,164129.8,0
8262,143384.8,0
8263,100170.7,0
8264,40734.3,0
8265,583.9,0
8266,0,0
8267,0,997.4
8268,0,8696.8
8269,0,9913.2
8270,0,4825.2
8271,0,8498.4
8272,0,9197.5
8273,1.9,21.2
8274,1018.2,0
8275,2780.9,0
8276,4389.2,0
8277,5616.2,0
8278,73645.7,0
8279,98165,0
8280,102050.1,0
8281,120350.9,0
8282,120144.1,0
8283,137351,0
8284,136785.2,0
8285,152009.9,0
8286,148887,0
8287,99860.1,0
8288,45182.6,0
8289,1235.8,0
8290,947.4,0
8291,62.6,32.4
8292,0,7791.4
8293,0,28447.9
8294,0,40805.6
8295,0,49145.9
8296,0,46936.2
8297,0,4673.4
8298,0,0
8299,0,0
8300,0,0
8301,0,0
8302,29424.8,0
8303,44125.4,0
8304,55841.4,0
8305,63336.7,0
8306,72311.9,0
8307,81024.3,0
8308,92218.3,0
8309,95819,0
8310,102018.5,0
8311,68024.4,0
8312,18868,0
8313,208.4,0
8314,0,241.6
8315,0,2591.1
8316,0,17313.1
8317,0,30981.6
8318,0,38449.3
8319,0,47649.1
8320,0,51289.4
8321,0,9686.8
8322,0,0
8323,0,0
8324,0,0
8325,3.3,0
8326,31843.5,0
8327,55794.4,0
8328,76435.9,0
8329,92168.4,0
8330,110966.4,0
8331,121079.7,0
8332,139202.3,0
8333,147650.9,0
8334,171999.7,0
8335,114696.3,0
8336,56701.5,0
8337,570.7,0
8338,0,5612.8
8339,0,25247.1
8340,0,46705.5
8341,0,57765.3
8342,0,63661.4
8343,0,71772.2
8344,0,70418
8345,0,20617.8
8346,0,0
8347,0,0
8348,307.8,0
8349,1334.1,0
8350,57436.2,0
8351,82743.4,0
8352,101822.6,0
8353,119435.4,0
8354,137356.5,0
8355,151161.1,0
8356,168785.4,0
8357,175917.1,0
8358,190383.9,0
8359,120064.9,0
8360,63897.6,0
8361,4460.6,0
8362,2462.6,0
8363,1236.8,0
8364,596.4,2660.9
8365,461.2,3971
8366,350.1,266.6
8367,289.9,617.8
8368,905.1,777
8369,1422.4,0
8370,7677.1,0
8371,10200.3,0
8372,12044.5,0
8373,13339.7,0
8374,104234.6,0
8375,130509.9,0
8376,131221.6,0
8377,145300.5,0
8378,140651.9,0
8379,150627.5,0
8380,143616.6,0
8381,151389.1,0
8382,142769,0
8383,149741.6,0
8384,124241.7,0
8385,119349.5,0
8386,101217.5,0
8387,81417.2,0
8388,57730.1,0
8389,47561,0
8390,38812.3,0
8391,37309,0
8392,38272.6,0
8393,49217.9,0
8394,57363.1,0
8395,71327.4,0
8396,78549.8,0
8397,95689,0
8398,107490,0
8399,125274.5,0
8400,122225.8,0
8401,136236.4,0
8402,134605.3,0
8403,152427.6,0
8404,153653.2,0
8405,171572.7,0
8406,174510.5,0
8407,192692.2,0
8408,165364.2,0
8409,132779.3,0
8410,90953.2,0
8411,83240.9,0
8412,71608.4,0
8413,68064.8,0
8414,51407.2,0
8415,48089.4,0
8416,40208.8,0
8417,46854.6,0
8418,62610.2,0
8419,92802.7,0
8420,105490.5,0
8421,132933.9,0
8422,163112.2,0
8423,191628.6,0
8424,204525.4,0
8425,223732,0
8426,235475.2,0
8427,242648.9,0
8428,249123.8,0
8429,249344.3,0
8430,251445.2,0
8431,146683.1,0
8432,80755.1,0
8433,5918,0
8434,2332.5,0
8435,67.9,0
8436,0,13351.8
8437,0,36008.8
8438,0,44813.2
8439,0,50665.7
8440,0,54540
8441,0,16571.4
8442,0,0
8443,0,0
8444,41.3,0
8445,497.8,0
8446,45434.2,0
8447,66579.7,0
8448,75791,0
8449,86940.9,0
8450,92742.1,0
8451,98316.9,0
8452,101179.8,0
8453,104901.7,0
8454,107075.1,0
8455,71966.9,0
8456,22260.9,0
8457,401.2,0
8458,87,65.8
8459,0,2108.7
8460,0,22537.5
8461,0,34752.9
8462,0,33549.7
8463,0,39990
8464,0,37934.7
8465,0,1047.4
8466,400.7,0
8467,2488.1,0
8468,5991.5,0
8469,9455.1,0
8470,102671.2,0
8471,141211.7,0
8472,155640,0
8473,178002.4,0
8474,188829.8,0
8475,206106.9,0
8476,217184.5,0
8477,231902.7,0
8478,247239.4,0
8479,152131.2,0
8480,88772.6,0
8481,7388.2,0
8482,2778.3,208.1
8483,618,11076.7
8484,0,27561.6
8485,0,35457.3
8486,0,37584.1
8487,0,40265.1
8488,1325.6,33908.9
8489,1756.2,1337.3
8490,6200.4,0
8491,13718.5,0
8492,21663.7,0
8493,29194,0
8494,157125.8,0
8495,207854.8,0
8496,231669.7,0
8497,250963.2,0
8498,273956.9,0
8499,288418.4,0
8500,314786.5,0
8501,328101.8,0
8502,356852.1,0
8503,200637.4,0
8504,124720.6,0
8505,15627.1,0
8506,7425,0
8507,2873,4772.8
8508,332.9,21749.6
8509,0,36559.3
8510,0,40438.6
8511,0,43203.2
8512,1013,37617
8513,1421.9,2364.4
8514,4488.5,0
8515,11208.8,0
8516,19501.6,0
8517,26798.5,0
8518,148971.7,0
8519,198012.4,0
8520,221054.3,0
8521,241960.3,0
8522,265047.8,0
8523,279999,0
8524,310138.9,0
8525,327263.3,0
8526,364539.4,0
8527,207500.2,0
8528,133718.1,0
8529,21371.3,0
8530,9915.7,0
8531,3865.3,0
8532,518.3,1808
8533,6,5641
8534,0,6304.5
8535,0,7144.9
8536,761.9,3959.9
8537,1493.5,0
8538,8547.3,0
8539,12596.8,0
8540,17326.2,0
8541,21571.3,0
8542,129797.7,0
8543,168374.2,0
8544,174780.9,0
8545,189671.4,0
8546,188676.2,0
8547,196995,0
8548,191560.2,0
8549,196489.8,0
8550,189188.2,0
8551,193480.3,0
8552,165704.9,0
8553,162153.8,0
8554,139762,0
8555,122279.1,0
8556,86035.4,0
8557,64946.5,0
8558,46249.7,0
8559,40760.3,0
8560,35171.4,0
8561,37707.7,0
8562,53191.9,0
8563,81712.3,0
8564,96731.6,0
8565,121037.5,0
8566,142076.5,0
8567,163796,0
8568,164190.8,0
8569,178580,0
8570,176761.1,0
8571,188523.6,0
8572,185538.8,0
8573,194485.5,0
8574,188874,0
8575,195458.4,0
8576,167349.7,0
8577,160004.2,0
8578,134387.5,0
8579,129468.6,0
8580,104186.9,0
8581,106268.5,0
8582,82303.7,0
8583,80290,0
8584,76747.8,0
8585,96132.7,0
8586,97232.2,0
8587,114623.3,0
8588,113888.1,0
8589,129835.4,0
8590,141721.6,0
8591,162119.5,0
8592,169297,0
8593,195511.2,0
8594,208993.7,0
8595,231224.3,0
8596,249561.4,0
8597,272306.6,0
8598,300829.7,0
8599,332172.4,0
8600,298719.8,0
8601,248502.3,0
8602,194694.7,0
8603,158529.8,0
8604,140716.3,0
8605,131292.1,0
8606,116155,0
8607,111160.9,0
8608,106291.2,0
8609,139615.2,0
8610,164819.2,0
8611,197284.9,0
8612,214030.5,0
8613,236029.8,0
8614,301744.9,0
8615,332121.6,0
8616,372854.3,0
8617,391430,0
8618,429129.6,0
8619,437906.2,0
8620,469712.7,0
8621,475148.4,0
8622,510925.6,0
8623,269375.2,0
8624,201976.1,0
8625,48600.2,0
8626,22772.2,0
8627,10685.6,0
8628,3201.2,739.2
8629,622.4,2263.4
8630,8,7534.2
8631,0,11201.7
8632,1471.7,6283
8633,3074.7,0
8634,13565.5,0
8635,21287.5,0
8636,26223.2,0
8637,30439.8,0
8638,142620.2,0
8639,183944.7,0
8640,199665.2,0
8641,222692.3,0
8642,237274.6,0
8643,249042.3,0
8644,260957,0
8645,267157.3,0
8646,272298.4,0
8647,157690.1,0
8648,91130.9,0
8649,10979.4,0
8650,4909.8,0
8651,1301.8,0
8652,2.8,2220.9
8653,0,3712.1
8654,0,0
8655,0,132.8
8656,771,403.2
8657,1397.6,0
8658,7888.9,0
8659,10731.8,0
8660,12660.8,0
8661,14124,0
8662,107318.7,0
8663,134034.8,0
8664,136207.4,0
8665,149279.6,0
8666,147171.8,0
8667,157668.2,0
8668,154252.5,0
8669,162743.9,0
8670,157797.6,0
8671,101673.1,0
8672,46894.7,0
8673,1318.7,0
8674,1233,0
8675,464.7,0
8676,111.1,4248.5
8677,0,5748.9
8678,0,2508.9
8679,0,9020.4
8680,0,12636
8681,0,145.9
8682,150.5,0
8683,794.1,0
8684,1825.6,0
8685,2823.9,0
8686,55890.1,0
8687,80321.6,0
8688,80607.4,0
8689,97005.2,0
8690,94491.9,0
8691,108148.8,0
8692,103427.4,0
8693,115598,0
8694,108736.4,0
8695,74511.1,0
8696,24330.4,0
8697,488.6,0
8698,94,75
8699,0,2358.7
8700,0,22273.6
8701,0,45831.1
8702,0,54200.1
8703,0,57739.6
8704,0,54219.8
8705,0,9294.1
8706,0,0
8707,0,0
8708,0,0
8709,0,0
8710,18472.7,0
8711,33874.5,0
8712,42123.9,0
8713,50019,0
8714,53378.5,0
8715,61119.3,0
8716,63978.9,0
8717,75812.5,0
8718,78415.6,0
8719,88477.3,0
8720,74982.6,0
8721,59175.6,0
8722,45715.7,0
8723,34831.6,0
8724,32233.2,0
8725,30499.1,0
8726,26177.3,4743
8727,27506.9,6383
8728,27808.6,3738
8729,22740.3,0
8730,28161.7,0
8731,37212.3,0
8732,52661.6,0
8733,73833.7,0
8734,104511.9,0
8735,124580,0
8736,138081.2,0
8737,157324.2,0
8738,166107.8,0
8739,183932.7,0
8740,192426.4,0
8741,207428.4,0
8742,212399.1,0
8743,224418.4,0
8744,197453.7,0
8745,185500,0
8746,159223,0
8747,139477,0
8748,110378,0
8749,87764.9,0
8750,77828.3,0
8751,77916.2,0
8752,90287.8,0
8753,108330.2,0
8754,118047.5,0
8755,133308.4,0
8756,138991.7,0
8757,153391.8,0
8758,176197.8,0
8759,190332.1,0
8760,191828.4,0
