Hours,HPHtgLd_W,HPClgLd_W
1,232810.9,0
2,220204.5,0
3,299992.5,0
4,245964.7,0
5,230668,0
6,303477.8,0
7,146147.5,0
8,156024.3,0
9,127587.2,0
10,123129.5,0
11,105397.4,0
12,99149.4,0
13,85462.4,35
14,80387.7,999.5
15,77761.7,2196.6
16,77681.4,2935.3
17,81416.4,3206.2
18,113311.5,0
19,126351.9,0
20,132093.9,0
21,138013.3,0
22,109366.4,0
23,232763,0
24,234886.1,0
25,316656.4,0
26,261426.4,0
27,252304.2,0
28,342539.5,0
29,286028.1,0
30,267773.7,0
31,118283.3,0
32,147186.2,0
33,126887.5,0
34,104553.7,0
35,102153,44.1
36,95665.5,606.5
37,91163.1,1317.3
38,87608.4,2031.8
39,85180.5,2645.8
40,82408.1,3201.8
41,83461.9,3441.2
42,86919.5,3394
43,93457.8,1820.4
44,100797.4,712.2
45,105578,0
46,82857.5,0
47,223403.2,0
48,221959.8,0
49,298929.6,0
50,241368.5,0
51,226039.7,0
52,298459.7,0
53,241386.4,0
54,227042,0
55,101693.3,0
56,129457.4,0
57,114704.7,0
58,94277.5,717.4
59,87620.7,2226.4
60,79788.7,3409.1
61,76080.3,4187.1
62,71902.5,4936.1
63,68563.5,6049.4
64,65288.6,7075.1
65,66384.7,7203.5
66,70529.6,6990.4
67,76860.1,4806.3
68,83785.7,3955.4
69,90130.2,1563.5
70,69020.1,0
71,195570.2,0
72,193981.7,0
73,271201.9,0
74,233134.4,0
75,224301.1,0
76,304244.3,0
77,265371.5,0
78,252805.8,0
79,109397.7,0
80,139329.2,0
81,123122.8,0
82,101158.5,0
83,93304.5,90.3
84,84307.8,699
85,79815.4,1311.5
86,76904.5,2028.7
87,75548.6,2705.4
88,74175,3405.7
89,80442.7,3503
90,88296.3,2755.7
91,96679.3,230.8
92,104366.7,0
93,110422.3,0
94,89902.2,0
95,253610.2,0
96,256244.3,0
97,350831.7,0
98,296626.8,0
99,282948.7,0
100,379599.6,0
101,319382,0
102,302667.6,0
103,132479.9,0
104,160377.4,0
105,138179.5,0
106,114000,0
107,104461.9,0
108,92892.1,32.6
109,87432.3,255.8
110,83580.5,808.7
111,80492.6,1591.6
112,78042.1,2411.8
113,83857.8,2557.8
114,91557.8,1838.3
115,99601.9,139.4
116,106655.3,0
117,112100.4,0
118,91287.5,0
119,254137.9,0
120,256797.5,0
121,357524,0
122,310316.2,0
123,298596.1,0
124,401220.2,0
125,337789.8,0
126,324014.3,0
127,142367.6,0
128,169219.5,0
129,143099.5,0
130,116267.8,0
131,102802.8,0
132,90023.4,117.9
133,81548.5,1192.7
134,75022.5,2535
135,70449.4,3741
136,67858.4,4860.8
137,72886.9,5212.8
138,81925.5,4520.1
139,90242.3,1714.4
140,98120.9,1065.5
141,104673.7,0
142,83611.9,0
143,235119.2,0
144,237679.9,0
145,328738.6,0
146,274335.5,0
147,263666.7,0
148,351197.5,0
149,287736.7,0
150,271761.9,0
151,124802.4,0
152,153082.9,0
153,137836.4,0
154,116786.4,0
155,102765.6,75.7
156,92490.2,1080.7
157,87999.9,1931.5
158,84319.6,2692.5
159,81322,3244.1
160,79435,3712
161,77629.3,4113
162,80510.7,4182.5
163,96565.1,277.7
164,106108.9,0
165,109531.5,0
166,85618.7,0
167,211250.8,0
168,209799.2,0
169,286217.6,0
170,236282.7,0
171,225041,0
172,298293.9,0
173,242535.9,0
174,230084.8,0
175,127887.3,0
176,157386.7,0
177,134188.1,0
178,132656.2,0
179,117899.4,0
180,113742.7,0
181,101134.4,0
182,96516.2,0
183,96340,0
184,98551.2,0
185,101122.2,0
186,137694.5,0
187,152228.7,0
188,159726.6,0
189,165181.8,0
190,135206.9,0
191,272785.6,0
192,276031.5,0
193,371822.9,0
194,313808,0
195,300097.7,0
196,404283.4,0
197,339372.5,0
198,321411.1,0
199,141603.5,0
200,169754.6,0
201,149358.7,0
202,126220.8,0
203,114158.8,0
204,101890.6,0
205,95346.2,0
206,89763.5,73.8
207,86545.6,396.9
208,84216.5,985.4
209,89071.5,1124.7
210,96617.9,566.9
211,104788.8,0
212,111962.2,0
213,118393.1,0
214,97933.1,0
215,269066.7,0
216,274311.9,0
217,378848.3,0
218,320971.7,0
219,304324.5,0
220,404709,0
221,335232,0
222,317813.7,0
223,139478.4,0
224,166484.7,0
225,141623.2,0
226,115155,0
227,104378.4,0
228,92284,0
229,84893.2,528.9
230,79537.6,1467.2
231,76221.5,2487.8
232,73334.3,3484.9
233,78477,3780.8
234,86491,3122.9
235,94153.6,688.1
236,101086,91
237,106464.5,0
238,85340.2,0
239,234092.5,0
240,237570.9,0
241,324656.1,0
242,270393.1,0
243,255978.4,0
244,340888.9,0
245,280907.4,0
246,263324.8,0
247,115837.4,0
248,144782.6,0
249,129283.9,0
250,108837.9,0
251,101698.7,150
252,93396.9,1124.3
253,88808,1999.9
254,86408.4,2750.1
255,84696.6,3054
256,82141.3,3309.3
257,83000.8,3343.4
258,86855.1,3158.9
259,93024.6,1507.7
260,98339.4,645.2
261,103140.2,0
262,81169.3,0
263,220500.2,0
264,227086.3,0
265,314636.5,0
266,264139.4,0
267,254222.8,0
268,334820.5,0
269,264774.3,0
270,245375.2,0
271,110713.4,0
272,139114.3,0
273,121922.8,0
274,97795.9,2.2
275,88728.2,636.6
276,78729.3,1849.9
277,73713.7,2866.9
278,69160.5,3852.2
279,66577.7,4753.8
280,64329.9,5975
281,69067,6498.2
282,78048.1,5621.7
283,87165.5,2297.4
284,95863.3,1672.6
285,102709.7,0
286,81727.5,0
287,231152.9,0
288,233127.8,0
289,318003.9,0
290,267449.9,0
291,257939.6,0
292,349419.1,0
293,287846.9,0
294,269614.7,0
295,119109.3,0
296,148641.4,0
297,129918.8,0
298,103904.4,4.3
299,93018,958.2
300,79515.1,2767.4
301,73835.3,4201.7
302,70156.9,5775.5
303,68605.4,6791
304,65585.8,7572.8
305,68213.6,7565.1
306,71831.1,7261.6
307,77154.5,5045
308,82418.9,4370.9
309,84247.8,3151.7
310,57374.5,0
311,141900.9,0
312,166659.4,0
313,197421.1,0
314,161207.1,0
315,151555.3,0
316,214834,0
317,188652.3,0
318,185849.5,0
319,89435.4,0
320,121090.3,0
321,107041.1,0
322,86183.5,363
323,71636,2322.7
324,61729.2,5545.9
325,57783.3,7307.2
326,53853.3,8291.8
327,52015.5,9132.3
328,52399.5,9818.3
329,55872.2,10237.4
330,65218.7,9477.3
331,84327.2,4044.3
332,94598,0
333,100652.2,0
334,78272.5,0
335,206970.2,0
336,213575.1,0
337,292361.7,0
338,265847.5,0
339,248736.4,0
340,333768.5,0
341,293168.9,0
342,265344.3,0
343,144848.2,0
344,171427.2,0
345,137310.6,0
346,130179.5,0
347,111080.9,0
348,103448.1,0
349,88963.7,0
350,83755.7,703
351,83935.6,1629
352,86560.9,1915.8
353,87592,2149.1
354,116979.8,0
355,131729.6,0
356,138190.6,0
357,140762.3,0
358,109284.5,0
359,227263.9,0
360,224916.7,0
361,307459.7,0
362,255031.1,0
363,243597.7,0
364,324001.3,0
365,263532.4,0
366,247853.3,0
367,137234.1,0
368,164957.9,0
369,139885.5,0
370,136496.7,0
371,119382.1,0
372,113720.7,0
373,98817.4,53
374,92302.6,809.8
375,85393.9,1759.1
376,83320.8,2652.6
377,84740.4,3152.9
378,112928.1,0
379,125225.6,0
380,130826.1,0
381,134419,0
382,105240,0
383,219090.9,0
384,212097.5,0
385,274525.5,0
386,227100.7,0
387,220695.8,0
388,299852.9,0
389,250593.1,0
390,242135.2,0
391,107875.8,0
392,137825.1,0
393,121355.9,0
394,99868.7,0
395,92690,123.5
396,86022.1,697.1
397,86240.4,1102.6
398,84390.3,1378.4
399,83592.2,1507.9
400,85169,1657.5
401,87590.7,1581
402,93257.8,1325.9
403,101020.5,18.4
404,108201.7,0
405,113989.4,0
406,93769.2,0
407,261546.4,0
408,267660.3,0
409,370462.7,0
410,316456.2,0
411,303270.8,0
412,408791.2,0
413,345596.2,0
414,328813.2,0
415,143882.6,0
416,170804.5,0
417,147625.8,0
418,122778,0
419,113258.9,0
420,103026.8,0
421,96617.2,0
422,91405.3,102.9
423,88566.9,527.6
424,85751.3,1016.1
425,89526.1,1233.2
426,98655.1,747.4
427,107566.8,0
428,116048.4,0
429,123130.9,0
430,104270.6,0
431,289983.6,0
432,298632.9,0
433,417565.9,0
434,356446.8,0
435,334880.5,0
436,450009.3,0
437,384089,0
438,360268.6,0
439,157177.6,0
440,183264.3,0
441,154125.6,0
442,125502.4,0
443,113656,0
444,100251.3,0
445,91220.6,4.8
446,83206.6,519.2
447,77864.4,1586.4
448,73946.1,2656.2
449,78086.3,3155.3
450,88532.7,2479.3
451,98080.2,299.2
452,105847.5,0
453,112312.4,0
454,93118.5,0
455,262276,0
456,263916.8,0
457,352051,0
458,288726.9,0
459,271455.2,0
460,360592.2,0
461,301385.6,0
462,280787.6,0
463,122940.2,0
464,150837.7,0
465,135133.4,0
466,115067.1,0
467,109188.1,0
468,100481.9,161.9
469,96584,451.8
470,93938.2,662.7
471,91090.3,1025.5
472,87274.1,1607.6
473,88299.7,1797.2
474,93263.8,1487.3
475,100259,22.3
476,107498.7,0
477,113520.7,0
478,91535.6,0
479,247384.8,0
480,248604.4,0
481,339766.1,0
482,281502.6,0
483,266454.6,0
484,353336,0
485,288307.9,0
486,272440.5,0
487,125832.6,0
488,154938,0
489,139132,0
490,119457.8,0
491,103770.1,0
492,92482,401.5
493,87433.8,1098.9
494,83219.1,1687.4
495,80791.3,2232.7
496,78981.2,2632.6
497,77885.9,3110.1
498,82193.9,3089.6
499,98953,0
500,109722.4,0
501,115277.9,0
502,93165.7,0
503,238810.2,0
504,239920.5,0
505,325458.6,0
506,268344.6,0
507,256062.2,0
508,345034.6,0
509,287194.3,0
510,272607.5,0
511,153681.1,0
512,182597.6,0
513,148291.2,0
514,142836.6,0
515,124786.1,0
516,116875.1,0
517,102301,0
518,97329.2,0
519,95398,0
520,95578.4,0
521,99265,0
522,136681.3,0
523,151200.1,0
524,157056.5,0
525,161670.7,0
526,132923.1,0
527,269723.3,0
528,272519.6,0
529,367484.9,0
530,312630.1,0
531,299805.3,0
532,402150.8,0
533,342863.9,0
534,326759.9,0
535,142597.1,0
536,170224.4,0
537,145532,0
538,120982.4,0
539,114622.3,0
540,108702,0
541,104412.6,1.3
542,100586.8,199
543,97320.3,423.9
544,91116.6,826.4
545,92460.8,995
546,99712.5,700.5
547,107448.4,0
548,113520.1,0
549,117947.5,0
550,97394.7,0
551,263675.7,0
552,266985.4,0
553,365806.8,0
554,304688.9,0
555,283933.2,0
556,371286.6,0
557,302676.9,0
558,284421.3,0
559,126963.3,0
560,153648.6,0
561,134031.1,0
562,107278.5,0
563,95890.9,0
564,83406,789.5
565,75501,2188.4
566,69567,3485.9
567,64760,4660.1
568,60785.3,6457.2
569,64213.4,7215.7
570,72873.8,6733.9
571,82008.9,3934.3
572,89402.3,2964.1
573,95502.1,573.2
574,73725.6,0
575,203410.3,0
576,208341.6,0
577,290751.2,0
578,247752.1,0
579,241015.7,0
580,316657,0
581,266884.3,0
582,261805.4,0
583,115353.2,0
584,142504.9,0
585,125934.1,0
586,103612.6,0
587,95712.8,423.7
588,89584.4,1594.3
589,87139.7,2437.8
590,84504.3,3034.6
591,82839.3,3599
592,79476.9,4169.5
593,79627,4565
594,82034.9,4690.6
595,87257.5,3273.1
596,92388.8,2460
597,96364,764.4
598,73211.5,0
599,201887.2,0
600,197145.7,0
601,266607.5,0
602,220079.2,0
603,209414.2,0
604,274307.2,0
605,222310.4,0
606,209516.8,0
607,94229.4,0
608,121528.3,0
609,106842.1,0
610,85742,577.7
611,78327.1,3357.4
612,67726,5102.5
613,60912.6,6758.8
614,54068.8,8085.2
615,47809.7,9121.3
616,41717.4,10000.3
617,40302.3,10395.9
618,42590.4,10342.9
619,48524.3,7895.5
620,54729.5,7088.1
621,59524.3,4791
622,34949.5,1193.3
623,102504.7,0
624,117629,0
625,145638.7,0
626,122818.1,0
627,127752.6,0
628,153873.8,0
629,129809.3,0
630,135854,0
631,56981.3,0
632,87542.4,0
633,77159.4,561.1
634,62361.8,4846.6
635,60448.6,6973.3
636,56657.5,8002.5
637,57756.9,8344.8
638,57880.1,8698.7
639,58642.2,8887
640,57509.9,9215.7
641,59888.9,9125.8
642,64494,8735.3
643,71398.3,5789.5
644,78439.4,4846.9
645,84642.7,2558.2
646,62537.9,0
647,184162.5,0
648,183086.6,0
649,256046.3,0
650,216059.1,0
651,208028.7,0
652,278957.3,0
653,234195.6,0
654,228857.6,0
655,106183.6,0
656,137931.5,0
657,124037.5,0
658,102704.1,0
659,87490.3,520.7
660,77136.6,1795.9
661,71770.9,2702.2
662,67304.2,3749.8
663,65585.5,4705.1
664,65036,5721.9
665,67454.6,6375.8
666,75641.5,5798.7
667,93684.8,919.8
668,104809.9,0
669,108993.3,0
670,85905.7,0
671,215956,0
672,212293.9,0
673,287177.2,0
674,234586.2,0
675,221608,0
676,295084.5,0
677,240882.9,0
678,228676.4,0
679,129216.1,0
680,160696.8,0
681,129151.4,0
682,120982.2,0
683,100259.1,0
684,90777.8,0
685,77320.2,586.7
686,76614.8,3254.3
687,73450,4452.3
688,72671.1,5090
689,74557,5298.1
690,100560.1,164.5
691,113940.5,0
692,120885.9,0
693,124917.3,0
694,92225.9,0
695,196266.7,0
696,201000.6,0
697,268916.4,0
698,233350.2,0
699,220657,0
700,293000.1,0
701,250692.6,0
702,238768.6,0
703,104614.3,0
704,134187.1,0
705,120225.7,0
706,101063,294.9
707,95326.5,1365.8
708,87625.5,2506.1
709,83326.9,3358.8
710,80891.4,4082.6
711,79395.3,4362.3
712,76947.7,4573.5
713,78083.8,4522.6
714,81109.7,4399.2
715,87272.4,2799
716,94236.8,1718.6
717,99708.3,0
718,77229,0
719,213938.8,0
720,215513.3,0
721,290502.1,0
722,246680.9,0
723,234445.7,0
724,310897.4,0
725,268876.4,0
726,247659.7,0
727,107914.2,0
728,136344.3,0
729,122817.8,0
730,102678.6,24
731,95986.2,736.4
732,87483.8,1878.3
733,83681.4,2704.7
734,80827.9,3280
735,77940.1,3894.5
736,74284.7,4584.3
737,75167,4947.6
738,78787.8,4803.5
739,85206.2,3182.4
740,92352.1,2102.2
741,97755.3,54.1
742,74166.5,0
743,192686.6,0
744,184501.9,0
745,238799.8,0
746,187595.3,0
747,169817.8,0
748,214499.9,0
749,164393.5,0
750,151358.1,0
751,70063.8,0
752,97350.7,0
753,82448.7,50.5
754,62048.2,4343.5
755,54241,6931
756,44139.6,8906.6
757,36893.9,9907.9
758,30592,10788.1
759,24668.6,11778
760,22303.3,12764.7
761,25208.8,13042.7
762,31432.1,12813.1
763,38907.6,10125.4
764,44784.2,9376.6
765,48561.2,7029.1
766,23083.2,2601.5
767,75305.2,0
768,68620.8,0
769,86667.7,0
770,79548.9,0
771,76505.6,0
772,100954.9,0
773,91980.1,0
774,85908.6,0
775,41897.9,0
776,72410.9,0
777,60169,3572.2
778,44501.4,9096.7
779,41681.4,10348.8
780,35118.9,11440.8
781,32755.4,12082.3
782,31195.3,12573.8
783,30608.7,12875.1
784,29386.5,13244.1
785,33624.9,13014.6
786,43053.5,12375.2
787,53878.4,9251.4
788,63448.7,7807.3
789,69786.6,5151.7
790,47980.6,129
791,156891.1,0
792,155454.2,0
793,223879.9,0
794,193984.5,0
795,187844.3,0
796,254209.6,0
797,212551.3,0
798,204164.6,0
799,92181.5,0
800,122216.2,0
801,108502.8,0
802,90285.5,1146.5
803,85723.9,2684.6
804,78551.3,3845.6
805,75572.5,4580.2
806,73062.1,5137.3
807,71134.1,5751.1
808,68517.7,6536.8
809,70184,6658.1
810,74196.1,6225.3
811,80114.6,4245.4
812,86301.8,3362.3
813,90989.7,1525.6
814,67975.7,0
815,193522.1,0
816,186813.7,0
817,258271.9,0
818,220523.8,0
819,208008.5,0
820,272453.1,0
821,230938.1,0
822,215133.9,0
823,96334.5,0
824,125130.4,0
825,114280.9,0
826,95556,0
827,80912.1,1834.7
828,71657.6,3849.1
829,66779.7,5231.5
830,64194.7,6565.9
831,65430.9,7085.5
832,67163.3,7320.9
833,69316.5,7280.9
834,76017.1,6473.8
835,93936,1468.5
836,104225.7,0
837,109203.7,0
838,87487,0
839,226246.8,0
840,225459.7,0
841,310889.5,0
842,261294.4,0
843,252169.6,0
844,342590.4,0
845,288538.3,0
846,275549.6,0
847,155610.5,0
848,186031.2,0
849,148603,0
850,141917.7,0
851,124491.2,0
852,121239.5,0
853,108478.8,0
854,103133.5,0
855,100767.9,0
856,99061.5,0
857,97971.9,0
858,130726.7,0
859,143837.6,0
860,149432.6,0
861,155666,0
862,126687.7,0
863,259828.4,0
864,263361.8,0
865,360752.3,0
866,307991,0
867,295299.6,0
868,398790.4,0
869,337339.7,0
870,318995.9,0
871,140093,0
872,166910.1,0
873,144993.4,0
874,121036.9,0
875,111356.4,0
876,100561,0
877,94386.2,0
878,89342.3,248.6
879,86040.3,778.6
880,82516.6,1219.9
881,85307,1343.5
882,93216,980.6
883,102106.3,0
884,110215.6,0
885,116957.1,0
886,97399.2,0
887,275988.7,0
888,282841.6,0
889,389109.2,0
890,332140.1,0
891,315960.4,0
892,423136.1,0
893,357587.1,0
894,337995.2,0
895,147951.8,0
896,174663.9,0
897,149007.5,0
898,122835,0
899,111529.5,0
900,98997.2,0
901,90095.6,45.7
902,83740.1,524.3
903,79777.5,1198.9
904,77465.3,2064.6
905,82361.5,2171.2
906,89001.5,1872
907,96627.1,227.3
908,105081.7,0
909,111921.2,0
910,90920.2,0
911,249058.6,0
912,244325.4,0
913,328021.9,0
914,269273.9,0
915,254056.8,0
916,340827.1,0
917,287020.4,0
918,275972.8,0
919,122447.2,0
920,150323.4,0
921,128617.8,0
922,101619,0
923,89738.1,831.4
924,78752.1,2673.1
925,73446.8,3929
926,69006.6,5058.9
927,67470.1,6316.3
928,65489.4,7438.7
929,69305.7,7635.1
930,75310.9,7041.2
931,83625.1,4299.2
932,91011.9,3268.1
933,96674.1,1168.4
934,75241.3,0
935,211352.8,0
936,214811.9,0
937,294892.7,0
938,251522.5,0
939,246073.4,0
940,327048.8,0
941,275421.8,0
942,269402.3,0
943,118548.3,0
944,145452.7,0
945,127215.1,0
946,102865.1,0
947,95116.4,621.6
948,85762.7,2117.9
949,81797.4,3436.7
950,76675.6,4481.1
951,73001,5431.6
952,70339.9,6627.4
953,71148,7046.2
954,75786.4,6832.6
955,83711.3,4171.3
956,90787.3,3184.7
957,96622.8,1071.1
958,75838.7,0
959,215531.5,0
960,222270.5,0
961,304766.5,0
962,260503.6,0
963,258119.4,0
964,336879.8,0
965,282534.8,0
966,274919,0
967,121152.9,0
968,145274.4,0
969,123995.7,0
970,96201.5,58.9
971,84914,1825
972,73602.7,4006.4
973,66789.6,5826.5
974,60222.3,7392.5
975,54853.7,8563.8
976,51197.1,9742.3
977,54673,10032.2
978,64226.9,9442.6
979,73854.2,6063.7
980,82830.9,4890.9
981,89956.1,2040.2
982,68793.1,0
983,197569.2,0
984,201776.3,0
985,283582.5,0
986,251318,0
987,241611.6,0
988,317866.7,0
989,278486.1,0
990,265351.1,0
991,115651.4,0
992,142600.2,0
993,125020.3,0
994,102526.6,0
995,86542.5,860.8
996,74926.8,2877.8
997,70948,4298.6
998,66324.9,5724.1
999,63303.9,7330.3
1000,64281.6,8056.2
1001,65536.1,8315.1
1002,70396.5,7915.5
1003,88275.9,1745.9
1004,98353.3,0
1005,102449,0
1006,79246.2,0
1007,202005,0
1008,199858.1,0
1009,271849.5,0
1010,229858.1,0
1011,215402.1,0
1012,279382.2,0
1013,229859.5,0
1014,213409.7,0
1015,116263.4,0
1016,145939.1,0
1017,124267.5,0
1018,121567.4,0
1019,108644.1,0
1020,105400.6,0
1021,94044.9,0
1022,90595.4,392.5
1023,89369,966.7
1024,89938.2,999
1025,93092.3,630
1026,127123.8,0
1027,141323.3,0
1028,146624.1,0
1029,150796,0
1030,119991,0
1031,248734.1,0
1032,252950.9,0
1033,346198.2,0
1034,293803.7,0
1035,280188.4,0
1036,373540.3,0
1037,310384.3,0
1038,293630.7,0
1039,130052,0
1040,157233.6,0
1041,137655.2,0
1042,115378.9,0
1043,105435.8,0
1044,95483.1,40.8
1045,90387.1,305.4
1046,88511.9,529.1
1047,85006.3,925.3
1048,82750.7,1585.4
1049,86514.5,1759.3
1050,92843.4,1501.5
1051,100628.3,23.4
1052,107665.3,0
1053,113748.5,0
1054,92764.2,0
1055,254621.3,0
1056,255834,0
1057,350689,0
1058,296704.8,0
1059,284514.3,0
1060,380904.4,0
1061,318620.3,0
1062,301807,0
1063,133738.1,0
1064,158439.9,0
1065,135306.8,0
1066,109903.3,0
1067,98758.8,0
1068,86321.6,462.4
1069,77847.7,1718.3
1070,70726,3150.3
1071,65327.9,4590.4
1072,61846.4,6557.6
1073,65143.7,7378.4
1074,73803.4,6596.8
1075,83078.5,3653.8
1076,90769.3,2662.5
1077,97103.2,488.8
1078,75655.6,0
1079,212996,0
1080,216410.1,0
1081,293930,0
1082,246820,0
1083,240469.1,0
1084,314744.8,0
1085,259898.9,0
1086,250277.8,0
1087,111091.4,0
1088,136461.4,0
1089,117826.1,0
1090,93880.6,28.4
1091,83831.7,3247.8
1092,71706.9,5265.2
1093,65653.1,7015.4
1094,60919.8,8175.9
1095,57199.1,8846.7
1096,54255,9424.8
1097,55496.4,9476.2
1098,58612,9332.6
1099,63491.7,6838.4
1100,68259.5,5945.3
1101,72198.6,4510.3
1102,48920.5,124
1103,142905.3,0
1104,139033.4,0
1105,192849.8,0
1106,165247.2,0
1107,162787.7,0
1108,223607.1,0
1109,188070.4,0
1110,184042.4,0
1111,85455.1,0
1112,117733.5,0
1113,104460.4,0
1114,83602.5,737.2
1115,78699.3,3846.8
1116,72950.5,5129.7
1117,68003.5,6450
1118,62037.3,7551.4
1119,58361.1,8351.1
1120,55203.2,9281.7
1121,57769.4,9616.1
1122,66005.9,9173.3
1123,75985,5812.5
1124,82807.5,4779.1
1125,89791.9,2273.9
1126,69520.4,0
1127,202278,0
1128,200995.5,0
1129,285340.6,0
1130,253653,0
1131,243719.3,0
1132,324904.6,0
1133,282782.3,0
1134,269558,0
1135,114681,0
1136,138906.5,0
1137,118038.7,0
1138,91598.1,0
1139,79818.2,2320.2
1140,66390.5,5031.3
1141,57345.1,7377
1142,49612.1,8986.5
1143,47102.3,10250.8
1144,43262.8,11308.1
1145,45519.7,11747.2
1146,53425.1,11335.8
1147,62934,8154.5
1148,71046.4,6817.9
1149,78025.3,4783
1150,57536.2,0
1151,176512.8,0
1152,179178.7,0
1153,261764.2,0
1154,222998.1,0
1155,219327.5,0
1156,293839.8,0
1157,241588.2,0
1158,228081,0
1159,106422.8,0
1160,135733.8,0
1161,119571.4,0
1162,94391.2,0
1163,77425.9,3094.1
1164,67813.3,6363.5
1165,59512.2,8005.6
1166,51884.3,9134.6
1167,47918.9,10147
1168,47202.6,10899.4
1169,46567.5,11345.9
1170,54241.7,10939.4
1171,74179.9,5043.4
1172,85074,857
1173,90922.6,86.3
1174,68715.2,0
1175,186215.4,0
1176,180563.7,0
1177,248861.6,0
1178,208200.1,0
1179,200587.8,0
1180,269767.3,0
1181,222468.4,0
1182,211696.5,0
1183,116184.9,0
1184,146000.7,0
1185,124991.2,0
1186,122785.5,0
1187,107602.6,0
1188,103600.7,0
1189,91041.7,402.2
1190,86835.1,1542.9
1191,84254.4,2158.1
1192,82729.8,2597.7
1193,81341,2950.9
1194,104639.7,0
1195,113344,0
1196,115452.3,0
1197,116001.2,0
1198,83802.9,0
1199,180815.1,0
1200,172509.3,0
1201,233644.5,0
1202,200420.5,0
1203,189232.4,0
1204,248473.7,0
1205,209169.6,0
1206,196228.7,0
1207,106605,0
1208,135514.2,0
1209,116115.9,0
1210,112527.4,0
1211,95008.6,0
1212,84394.5,0
1213,72889.5,1583.7
1214,69650.5,3574.6
1215,67415.7,4535.2
1216,66078,5025.5
1217,66868.1,5282.4
1218,88423.4,1280.2
1219,98974.9,0
1220,102620.2,0
1221,107990.1,0
1222,80936.8,0
1223,180080,0
1224,175129.3,0
1225,243479.6,0
1226,205931.5,0
1227,198656,0
1228,268683.8,0
1229,226242.5,0
1230,221419.8,0
1231,101105.6,0
1232,129113.6,0
1233,114302.4,0
1234,94645.7,143.3
1235,88564.5,627.3
1236,79396.6,1484.7
1237,74915.2,2143.5
1238,70955.3,2861.2
1239,68273.3,3688.4
1240,65784.8,4497.4
1241,68937.2,4927.3
1242,76861.4,4815
1243,86583.1,2130.4
1244,94709.9,1343
1245,101526.6,0
1246,80987.6,0
1247,241372,0
1248,247947.3,0
1249,349128.7,0
1250,296519.4,0
1251,280110.7,0
1252,373774.8,0
1253,313897.1,0
1254,298069.5,0
1255,129902.7,0
1256,153955.4,0
1257,131626.5,0
1258,104162.9,0
1259,90794,848.3
1260,77264.2,3084.6
1261,69202.5,5095.7
1262,64291.6,7296
1263,59810.3,8600.3
1264,55843.7,9753.6
1265,56602.3,10315
1266,62079.1,10294.7
1267,70961.7,7371.6
1268,77712.8,6146.5
1269,82034.9,4676.6
1270,59092.1,104.1
1271,159397.3,0
1272,177937.9,0
1273,212206.4,0
1274,174007.7,0
1275,164249.4,0
1276,224442.5,0
1277,186120.6,0
1278,174380.8,0
1279,81673.1,0
1280,108418.3,0
1281,91450.1,81.2
1282,69043,4219.6
1283,58573.3,7647.8
1284,46675.5,9843.7
1285,40430.7,10941.5
1286,46428.5,11374
1287,49502.4,11626.5
1288,50435.8,11836
1289,52689.5,11508.1
1290,56896.1,11063.7
1291,64105.9,8130.3
1292,71163.5,6900.5
1293,76685.5,4822.9
1294,54270.5,0
1295,162141.5,0
1296,157072.1,0
1297,218717.7,0
1298,188376.6,0
1299,182406,0
1300,250960.3,0
1301,213966.6,0
1302,208236,0
1303,94571.6,0
1304,122958.7,0
1305,107839,0
1306,87181.5,1274
1307,79480.8,2933.6
1308,70469,4303.2
1309,65014.5,5772.2
1310,60627.6,7302.8
1311,58566.5,8459.9
1312,57849.4,9336.7
1313,60535,9572.9
1314,67686.4,9239.1
1315,77577.7,5911.3
1316,85412.8,4654.7
1317,92732.5,1807.4
1318,72467.4,0
1319,209493.6,0
1320,213946.7,0
1321,302199,0
1322,273067.1,0
1323,262130.4,0
1324,339218.4,0
1325,297301.7,0
1326,277755.3,0
1327,121806.7,0
1328,147786.9,0
1329,132067.5,0
1330,112951.9,0
1331,99579.3,349.5
1332,84978.1,1800.6
1333,79990.5,2925.1
1334,76806.6,3742.7
1335,75025.8,4400.8
1336,74153.2,4960.8
1337,73648.6,5431
1338,78584.5,5104.1
1339,95932.6,749.6
1340,106414,0
1341,111813,0
1342,90545.6,0
1343,237023.8,0
1344,242607.5,0
1345,330403,0
1346,277313.8,0
1347,268152.8,0
1348,359518.8,0
1349,293087.3,0
1350,280026.5,0
1351,160424,0
1352,185676.5,0
1353,148074.3,0
1354,141240.2,0
1355,119839.1,0
1356,109935.7,0
1357,93573.6,0
1358,86948,86.6
1359,82635.5,1026.8
1360,81138.6,1971.8
1361,83718.9,2501.9
1362,112498.3,0
1363,124415.3,0
1364,132105,0
1365,136414.9,0
1366,105855.2,0
1367,221935.6,0
1368,222100.8,0
1369,301072.8,0
1370,245898.3,0
1371,232007.6,0
1372,308945.5,0
1373,251782.4,0
1374,238112.7,0
1375,105929.4,0
1376,134147.1,0
1377,119147.9,0
1378,97760.5,458.7
1379,90662.5,1802
1380,82178.2,3158.7
1381,78210.2,4156.4
1382,75296.6,5100.8
1383,73153.3,6191.6
1384,70137.5,7033
1385,71218.5,7028.8
1386,74675.9,6584.4
1387,80554.3,4449.3
1388,87586.8,3484.7
1389,93015.5,966.9
1390,71391.6,0
1391,197437.9,0
1392,197729,0
1393,273974.2,0
1394,229592.3,0
1395,221095.3,0
1396,293090.9,0
1397,244876.7,0
1398,236875.1,0
1399,105686.7,0
1400,134111.1,0
1401,119696.6,0
1402,98394.2,208.5
1403,90039.4,1296.6
1404,81329.1,2546.3
1405,79663.3,3476.8
1406,77290.4,4099.9
1407,75308.3,4632.7
1408,71789.7,5609.8
1409,70701,6151.6
1410,76040.3,6051.4
1411,84601,3454.4
1412,92244.9,2389.9
1413,98342.6,207.6
1414,77225,0
1415,218668.2,0
1416,222475.9,0
1417,303510.3,0
1418,270616.7,0
1419,252274.3,0
1420,337551.2,0
1421,297984.6,0
1422,274297.8,0
1423,118182.1,0
1424,142562.1,0
1425,122099.8,0
1426,94421.3,0
1427,79465.6,1448.2
1428,66426.9,5551
1429,63723.3,7793.8
1430,59233.4,9273.8
1431,57108.8,9889.4
1432,55940.1,10471.4
1433,58407,10602.8
1434,63273.1,10272.5
1435,70087.4,7501.2
1436,76246.5,6437
1437,80667.2,4720.3
1438,56828.2,112.6
1439,162813.4,0
1440,158297,0
1441,223371.2,0
1442,193271.4,0
1443,192433.7,0
1444,272406.3,0
1445,225877.9,0
1446,219712.8,0
1447,97743.4,0
1448,121241.3,0
1449,100751.5,0
1450,75082.2,2932.3
1451,66717.3,6667.6
1452,53651.2,9094.3
1453,45688.6,10331
1454,39251.5,11415.7
1455,36324.4,12498.3
1456,34946.7,13485
1457,39164.9,13787.2
1458,46784.2,13490.1
1459,56082.5,10515
1460,63810.8,9280.5
1461,71144.9,6056.2
1462,51123.9,383.3
1463,155644.2,0
1464,191644.8,0
1465,217458.3,0
1466,182998.4,0
1467,179196.3,0
1468,249926.9,0
1469,212581.5,0
1470,207037.1,0
1471,92733.8,0
1472,120472.2,0
1473,104169.7,0
1474,82540.5,908.3
1475,73755,4450.7
1476,62635.4,6676.8
1477,54372.5,8458.3
1478,48330.9,9880.6
1479,43769.4,11249
1480,40938.2,12554.4
1481,43703,13015.7
1482,50917.1,12696.9
1483,61630.2,9276.1
1484,70280.1,7637.5
1485,77836.6,5064.8
1486,58089,0
1487,183089.9,0
1488,180680.7,0
1489,259608.6,0
1490,216852.5,0
1491,206489.4,0
1492,274325.9,0
1493,225084.9,0
1494,213937.1,0
1495,97763.2,0
1496,127323.3,0
1497,117229.7,0
1498,99655.7,0
1499,86796.5,1836.6
1500,78179.7,3752.2
1501,74737.1,4619.3
1502,71625.6,5532.5
1503,68859.5,6541.7
1504,66496.3,7396.9
1505,64170.5,7977
1506,66842.4,7989.9
1507,81927.5,3612.6
1508,90028.9,49.9
1509,93414.6,0
1510,69673.3,0
1511,176334.8,0
1512,167120.9,0
1513,219624.6,0
1514,177401.1,0
1515,165194.2,0
1516,214867.4,0
1517,173294.8,0
1518,163317.3,0
1519,87957.9,0
1520,113802.2,0
1521,95363.5,0
1522,89802.5,0
1523,74696.1,1.2
1524,68321.5,1601.2
1525,53930.8,5516.2
1526,49454.1,7353.2
1527,47877.4,8331.7
1528,48058.5,9038.9
1529,51662.9,9309.9
1530,75357.7,3692.3
1531,92556.3,102.5
1532,99868.6,0
1533,106147.1,0
1534,77976.5,0
1535,179385.2,0
1536,176749,0
1537,244926,0
1538,210909.6,0
1539,204684.2,0
1540,276366.2,0
1541,234735,0
1542,225216.2,0
1543,98987.3,0
1544,127222.7,0
1545,111691.1,0
1546,90444.5,840.4
1547,82073.1,2199.7
1548,71551.7,3660.1
1549,65879.4,4874.5
1550,61194.3,6382.7
1551,57938.8,7886.6
1552,54531.4,9173.4
1553,57482.4,9603
1554,65114.3,9213.3
1555,75270.1,5890.1
1556,84034.4,4544
1557,89763,1756.7
1558,68698,0
1559,202118.8,0
1560,206009.5,0
1561,286908.1,0
1562,245287.3,0
1563,238254.1,0
1564,321835.6,0
1565,268738.2,0
1566,259351.5,0
1567,115226,0
1568,140238,0
1569,120608.4,0
1570,97773.2,344
1571,88996.3,1944.9
1572,76207.4,3824.9
1573,70815,5418.5
1574,65427.9,6992.4
1575,62648.6,8036.7
1576,58613,9175.4
1577,60997.1,9466.7
1578,66410.7,9180.2
1579,73938.5,6336.2
1580,80177.1,5525.4
1581,84348.3,3950.5
1582,61089.7,0
1583,172848.4,0
1584,165288.5,0
1585,229430.4,0
1586,191031.4,0
1587,178206.2,0
1588,236768.6,0
1589,192995.9,0
1590,181094.1,0
1591,83165.8,0
1592,112097.9,0
1593,99050,0
1594,79283.8,1845.7
1595,72829.2,5244.3
1596,64979.3,7275.5
1597,61401.9,8263.1
1598,56227,9178.3
1599,51680.8,10184
1600,46903.6,11137.3
1601,48467.4,11353.3
1602,52476.8,11200
1603,58872.8,8606.2
1604,63964.7,7778
1605,67851.7,5285.2
1606,43861.8,1471.4
1607,130198.5,0
1608,158794.4,0
1609,198632.7,0
1610,151481.2,0
1611,145066.3,0
1612,199923.3,0
1613,173343,0
1614,174218.6,0
1615,80682.6,0
1616,108901.5,0
1617,92247.6,0
1618,71016.7,3944.1
1619,62096.1,7331.4
1620,50902.8,9400.2
1621,44334.4,10718.7
1622,39405.4,11935.2
1623,36087.4,13088.2
1624,33250,14250.4
1625,35687.8,14736.5
1626,41861.1,14577.8
1627,50719.4,11618.4
1628,58323.5,10450.4
1629,64897.6,7328.4
1630,45963,1841
1631,148275.8,0
1632,184237.8,0
1633,213714.3,0
1634,186226.2,0
1635,182379.7,0
1636,254670.6,0
1637,214024.2,0
1638,207755.7,0
1639,93982.2,0
1640,119909,0
1641,99545.1,0
1642,74883.5,3366.8
1643,64213.1,7206.4
1644,52148.3,9488.5
1645,43976.6,10998.4
1646,38027.9,12423.1
1647,34658.9,13596.3
1648,32137.3,14695.2
1649,34868.8,15146.5
1650,41326.2,14934.2
1651,50670.8,11875.4
1652,57818.7,10780.6
1653,65688.3,7483.8
1654,47281.3,1740.7
1655,152819.8,0
1656,173661.4,0
1657,224698.5,0
1658,197196.9,0
1659,193607.7,0
1660,268740.9,0
1661,230561.2,0
1662,222147.7,0
1663,98255.7,0
1664,125309.7,0
1665,110081.4,0
1666,87383.9,411
1667,70763.8,5736.8
1668,57090.3,9163.1
1669,52073.7,10451.6
1670,49070,11196.4
1671,47539.1,11850.7
1672,47569.5,12331.6
1673,47436.4,12694.7
1674,50748.3,12520.3
1675,67308.3,6329.1
1676,76714.3,2969.8
1677,78788.6,2304.1
1678,54662.7,0
1679,142529.3,0
1680,172801.6,0
1681,192216,0
1682,159332.4,0
1683,153214,0
1684,202954.1,0
1685,165779.2,0
1686,84085.1,0
1687,112843.7,0
1688,100565.6,0
1689,97148.5,0
1690,80415,0
1691,73943.6,1169.2
1692,63088.8,4701.3
1693,59668.2,5964.2
1694,58645.4,6805
1695,60745.1,7173.6
1696,61046,7390.9
1697,82640.6,2893.7
1698,93762.6,0
1699,98077.9,0
1700,100668.7,0
1701,70147.2,0
1702,153652.4,0
1703,171674.3,0
1704,205145.1,0
1705,169829.2,0
1706,163417.5,0
1707,224992.4,0
1708,187223.3,0
1709,183353.9,0
1710,85392,0
1711,115182.8,0
1712,100627.2,0
1713,78719.2,2174.5
1714,69799.9,5892.8
1715,58085.9,8251.8
1716,50268.3,9702.7
1717,44273,10782
1718,41248.1,11819.7
1719,35458.2,13086.2
1720,38306.9,13579.5
1721,44872.9,13486.2
1722,52244.2,10883.4
1723,58774.9,10058.9
1724,64074.9,7334.3
1725,41539.2,2671.4
1726,127560.9,0
1727,151760.2,0
1728,194780.7,0
1729,163462,0
1730,161744.5,0
1731,192780.3,0
1732,160887.9,0
1733,153289.8,0
1734,72030.6,0
1735,103508,0
1736,91492.4,344.1
1737,72802,5076.3
1738,65336.9,8036.7
1739,54110.4,9706.6
1740,48378,10645.7
1741,48594.3,11401.8
1742,47980.8,12109.1
1743,46192,12795.1
1744,48194.5,12921
1745,52899.9,12750.8
1746,60227.4,9960.5
1747,66886,8848.7
1748,71478.1,6040.2
1749,48106.1,1789.2
1750,145684.5,0
1751,180553,0
1752,211130.4,0
1753,182729.3,0
1754,178842.7,0
1755,241291.2,0
1756,199489.1,0
1757,196314.8,0
1758,89652,0
1759,120734.8,0
1760,104929.8,0
1761,82533.9,1419
1762,74253.2,5369.9
1763,63832.5,7665.2
1764,57399.5,8883.4
1765,52580.1,9893.1
1766,48212.4,10916.8
1767,43534.4,12167.7
1768,44613.1,12826.4
1769,49588.9,12845.5
1770,59397.3,9896.1
1771,68417.5,8443.7
1772,74718.7,5585
1773,53558.3,198.5
1774,172457.4,0
1775,168123.8,0
1776,244745,0
1777,211452.9,0
1778,205945.2,0
1779,275354.4,0
1780,232022.2,0
1781,230652.2,0
1782,103382.9,0
1783,133293,0
1784,116606.2,0
1785,92725.1,527.3
1786,82283.9,2767.4
1787,69144.7,5235.9
1788,60179.3,7758.9
1789,52038.1,9458
1790,45337.9,11129.9
1791,39991,12554.4
1792,41264.1,13185.7
1793,46257.1,13262.3
1794,55976.6,10331.6
1795,65844.2,8829.6
1796,72798,5771.9
1797,51371.2,745.7
1798,157689.6,0
1799,175211.5,0
1800,214609.2,0
1801,179474.7,0
1802,171537.9,0
1803,238670.7,0
1804,199685.1,0
1805,189592.2,0
1806,86710.8,0
1807,118309.8,0
1808,103742.5,0
1809,82031.9,2461.1
1810,73162.3,6173.8
1811,62252.8,8234
1812,56852.9,9324.8
1813,50984.9,10237.1
1814,46466.4,11153.6
1815,42173.6,12157.4
1816,44184.1,12494.8
1817,51134.2,12331.6
1818,59984.3,9356.5
1819,68962.1,7911.3
1820,75865.7,5193.6
1821,55042.3,48.7
1822,173762.3,0
1823,170239,0
1824,247640.6,0
1825,212828.2,0
1826,209138.2,0
1827,288180.5,0
1828,243406.3,0
1829,236146.3,0
1830,107457.6,0
1831,138992.4,0
1832,127045.6,0
1833,106447.3,0
1834,90669.8,919.5
1835,78747.8,2500.3
1836,71300.6,3717.5
1837,64730.6,5154.9
1838,59923.5,6924.5
1839,56728.9,8173.6
1840,55494.5,9068.7
1841,60024.5,9211.4
1842,78853.3,4312.3
1843,89894,55.3
1844,95334.3,0
1845,73375,0
1846,196637.8,0
1847,201107.7,0
1848,284729.7,0
1849,244977.2,0
1850,244872,0
1851,334414.3,0
1852,276385.3,0
1853,272551.3,0
1854,159215.7,0
1855,186431.5,0
1856,148570.9,0
1857,141121.9,0
1858,118276.2,0
1859,106238.3,0
1860,86543.4,0
1861,76601.7,2261.5
1862,68399.4,4107.2
1863,63349.9,5305.6
1864,61442.7,6260
1865,80603.2,2714.2
1866,96093.5,0
1867,106722.4,0
1868,112367.9,0
1869,82978.4,0
1870,187384.6,0
1871,182649.2,0
1872,243165.3,0
1873,192449.6,0
1874,178011.3,0
1875,235434.9,0
1876,193286.4,0
1877,182317.5,0
1878,84973.9,0
1879,114405.9,0
1880,98798,0
1881,75737.2,3620.9
1882,65772.4,7180.1
1883,54205.1,9576.8
1884,46774,10754.2
1885,45297.7,11666.3
1886,44101.3,12381.6
1887,40648.1,12958.8
1888,36161.8,13461.3
1889,37949.8,13818.4
1890,45885.9,11306.5
1891,53442,10414.9
1892,58827.8,7799.2
1893,36941.9,2820.9
1894,122449.6,0
1895,120493.7,0
1896,178828.4,0
1897,161462.8,0
1898,159090.8,0
1899,228279.4,0
1900,209614.3,0
1901,197558.5,0
1902,86323.9,0
1903,118200.6,0
1904,104948.5,0
1905,84430,868
1906,76871.7,4248.4
1907,67382.9,6100.9
1908,61168.4,7846
1909,55100.8,9234.4
1910,52328.5,10625.6
1911,47289.7,12008.6
1912,49163.8,12614.6
1913,53811,12528
1914,62571.1,9424.7
1915,70656.4,7951.6
1916,76986.1,5255.3
1917,55598.8,52
1918,173065.2,0
1919,167233.2,0
1920,236433.9,0
1921,201101.4,0
1922,194515.7,0
1923,267536.2,0
1924,224794.7,0
1925,212557.2,0
1926,95244.4,0
1927,124690.8,0
1928,110818,0
1929,90620,865.7
1930,84499.5,4165.7
1931,77866.6,5682
1932,75170.3,6833
1933,72178.9,7500.8
1934,69916.8,7942.9
1935,66328.8,8480.3
1936,66902.7,8626.7
1937,69970.4,8458.5
1938,76329.6,5761.1
1939,82575.9,4989.5
1940,87307.5,2912.7
1941,64099.7,0
1942,181324.2,0
1943,179837.9,0
1944,247365.2,0
1945,205775.6,0
1946,197224.9,0
1947,262791.4,0
1948,214287.9,0
1949,202838.2,0
1950,91578.2,0
1951,120053.6,0
1952,107011,0
1953,87483.5,1464.3
1954,81729.3,3368.5
1955,74185.6,4572.3
1956,70838.3,5713.9
1957,68260.8,6680.6
1958,65988.5,7322.8
1959,62843.9,7979.3
1960,63654.5,8145.1
1961,66891.6,8045.2
1962,72853.8,5473.5
1963,78431.8,4888.8
1964,82639.1,3364.9
1965,59313.7,0
1966,168526.3,0
1967,165027.9,0
1968,229357.2,0
1969,189170,0
1970,180892.3,0
1971,240494.7,0
1972,198277,0
1973,189743.6,0
1974,86854,0
1975,116058.2,0
1976,102194.9,0
1977,82047.7,1024.7
1978,75410.7,4243.7
1979,69512,6057.7
1980,68286.8,6904
1981,67734.5,7336.7
1982,66720.5,7677.9
1983,63274.8,8257.5
1984,64563.1,8288.8
1985,68507.7,8048.5
1986,74827.7,5359.7
1987,81199.9,4524.1
1988,86071.5,2310.3
1989,63225.1,0
1990,182405.8,0
1991,180877.1,0
1992,252238,0
1993,210838.5,0
1994,201524.5,0
1995,271415.2,0
1996,223065.9,0
1997,211687.3,0
1998,96983.8,0
1999,127751.5,0
2000,115090,0
2001,93952.9,67.4
2002,77667.8,1326.8
2003,68840.4,4972.1
2004,62829.2,6948.5
2005,56442.1,8281.9
2006,52178.7,9214.8
2007,48734.1,10180.8
2008,46808.4,11060.7
2009,50377.6,11321.3
2010,68391.9,5498.5
2011,79536.5,2367.5
2012,84334.8,1120.9
2013,61273.9,0
2014,168234.1,0
2015,166586.4,0
2016,233266.6,0
2017,206651.2,0
2018,204639.6,0
2019,283440.6,0
2020,259462.1,0
2021,245615.8,0
2022,135797.6,0
2023,166909,0
2024,133697.5,0
2025,125534.2,0
2026,105553.2,0
2027,94840.8,0
2028,76791,752.1
2029,67360.6,4275.5
2030,59288.6,5791.1
2031,54081.3,7256.4
2032,51606.3,8304.2
2033,65739.6,3969.5
2034,78250.2,1425.3
2035,85408.3,354.7
2036,94067.5,0
2037,66993.9,0
2038,153720.1,0
2039,173765.3,0
2040,221746.5,0
2041,199303.2,0
2042,192140.5,0
2043,262895.7,0
2044,224651.8,0
2045,213912.7,0
2046,96612.4,0
2047,126522.6,0
2048,108703.1,0
2049,81564.5,1945.1
2050,67776.8,6200.2
2051,52065.5,9334.4
2052,42013.7,11039.7
2053,34689,12319.6
2054,29002.2,13652.4
2055,23913.9,15131.1
2056,22695.6,15976
2057,27306.4,16066.8
2058,34979.5,13495.2
2059,44137.2,12247.6
2060,50274.1,9368.4
2061,26762.3,3590.8
2062,71099.6,1263.8
2063,97212,752
2064,119646.6,0
2065,104666.5,0
2066,102872.1,0
2067,141037.4,0
2068,127467.8,0
2069,123164.1,0
2070,59689.3,0
2071,89667.9,0
2072,74772,2948.7
2073,54550.6,9303.8
2074,47127,11353.5
2075,37568,12962.1
2076,28888.7,14051.4
2077,14227.1,15732
2078,1418.2,17942.2
2079,0,19831.3
2080,0,20633.7
2081,0,21072
2082,439.9,18105.2
2083,9134.4,16245.2
2084,20825.2,12383.6
2085,4480.7,5640.7
2086,25425.6,4227.8
2087,41500.5,2130.5
2088,58252.6,1853.1
2089,80393.3,706.8
2090,69439.3,0
2091,76805.8,0
2092,94931.7,0
2093,85293.8,0
2094,42945.2,1338.1
2095,68727.8,1640.7
2096,59912.9,4957.1
2097,45148.7,10664.1
2098,38360.5,12395.2
2099,27849.7,13802.3
2100,23637.1,14552.4
2101,19050.8,15360.6
2102,11833.4,16506
2103,2968.2,18122.2
2104,1341.8,18818.9
2105,5758.9,18425.7
2106,12692.6,15238.8
2107,21150.1,13871.4
2108,29353.5,11021.4
2109,6475,4647.4
2110,26761.1,3291.4
2111,43170.3,1951.8
2112,46978.2,794.4
2113,62365.1,146.6
2114,61355.8,0
2115,71516.7,0
2116,86759.5,0
2117,78321.6,0
2118,39039.7,902.2
2119,67867.4,1255.1
2120,64413.3,4350
2121,53155.5,9437.1
2122,50440.7,11384.6
2123,45243.7,12531.7
2124,43931.5,13076.4
2125,42573,13524.9
2126,41362.2,13898.6
2127,38753.3,14433.9
2128,40085.1,14487.1
2129,44262.9,14205
2130,51116.1,11364.5
2131,57883.5,10269.7
2132,62646.8,7358.9
2133,39363.8,2311.4
2134,131387.3,0
2135,161370.9,0
2136,200117.2,0
2137,173020.3,0
2138,147002.2,0
2139,197583.1,0
2140,162114.3,0
2141,154237.7,0
2142,70253.9,0
2143,100727.5,0
2144,89353.2,249.5
2145,73470.9,3727.1
2146,69149.2,6959.1
2147,62408.2,8351.9
2148,61016.1,8929.1
2149,58796,9298.5
2150,56536.1,9747.2
2151,52836.1,10452.8
2152,53137.3,10710.8
2153,56185.2,10599.2
2154,62700.1,7809.1
2155,68704.4,6736.5
2156,72852.9,4900.6
2157,49657.7,112.3
2158,149248.1,0
2159,169649.3,0
2160,214609.8,0
2161,182479.7,0
2162,176646.5,0
2163,241773.7,0
2164,202681.5,0
2165,194372.1,0
2166,89100.1,0
2167,119879.3,0
2168,108137.3,0
2169,86382.9,0
2170,69254.9,3547.7
2171,55743.8,7520.5
2172,47093.9,9329.2
2173,39604.7,10914.7
2174,33565.3,12414
2175,29847.2,13715.2
2176,28808.8,14736.7
2177,34314.6,14823.9
2178,53183.8,8744.4
2179,65736.1,4019.8
2180,72788.8,2975.7
2181,52250.9,0
2182,154749.5,0
2183,173383.3,0
2184,214383.3,0
2185,179490.4,0
2186,173188.1,0
2187,234722,0
2188,195895.5,0
2189,188485.4,0
2190,104846.8,0
2191,137207.6,0
2192,115317.4,0
2193,108913.6,0
2194,90085.9,0
2195,79201.7,164.7
2196,61090,4031.1
2197,50867.9,6523.4
2198,44241.8,8084.6
2199,40543.9,9144.8
2200,39946.2,10139.8
2201,50093,5047.5
2202,60154.8,2434.8
2203,65776.4,1937.6
2204,70016.5,1544.6
2205,40947.6,1017.9
2206,104055.6,0
2207,105751.3,0
2208,150991.4,0
2209,133352.5,0
2210,129890.3,0
2211,181945,0
2212,157944,0
2213,150721.6,0
2214,67600,0
2215,98362.4,0
2216,84913.6,0
2217,64670.7,5579.6
2218,56017.9,8635.4
2219,45293.4,10511.2
2220,37859,11915.8
2221,30743.8,13339.1
2222,25658.3,14622.3
2223,21015.3,15889.2
2224,21842.9,16511.2
2225,27277.5,16492.3
2226,35865.3,13622.2
2227,44194.5,12501.6
2228,50684.9,9623.3
2229,28007.6,3584.7
2230,94755.7,0
2231,123120.4,0
2232,143482.7,0
2233,123155.1,0
2234,119095.2,0
2235,161778.2,0
2236,138344,0
2237,131444.6,0
2238,57722.3,0
2239,86418.5,0
2240,72878,1483
2241,53095.3,7896
2242,45167.4,10131.1
2243,33367.3,11714.6
2244,25604.9,12811.6
2245,17994.9,13909.3
2246,12690.2,14937.3
2247,8432.8,16219.8
2248,12166.3,16706.2
2249,20669.5,16532.6
2250,32624,13516.2
2251,43285.4,12257.9
2252,51099.5,9348.9
2253,29357.8,3417.5
2254,103777.7,13.1
2255,129371,0
2256,156364.2,0
2257,138188.4,0
2258,136489.8,0
2259,183911.2,0
2260,160015.6,0
2261,155174.5,0
2262,71511.4,0
2263,102411.5,0
2264,90123.9,309.8
2265,70581.7,5066.6
2266,62703.5,8230.9
2267,52593.7,9982.2
2268,46881.9,11237.5
2269,42676.7,12384.2
2270,37618.2,13393.2
2271,33984.8,14438
2272,35033.9,14953.1
2273,39983.2,14961.2
2274,47920.4,12223
2275,54857.1,11272.6
2276,60435.8,8438.1
2277,38739.3,2993
2278,129171,0
2279,163420.2,0
2280,212016.5,0
2281,169319,0
2282,165128.5,0
2283,230578.8,0
2284,199639.7,0
2285,190985.1,0
2286,84068.4,0
2287,113489.9,0
2288,97041.1,0
2289,72284.7,4034.6
2290,59668.4,8265
2291,46806.5,10465.5
2292,39216.8,11818.8
2293,32196.1,13327.2
2294,26636.7,14767.3
2295,21598,16229.3
2296,22126.4,17020.5
2297,26807.4,17024.3
2298,35935.1,14046.5
2299,44882.3,12804.7
2300,51778.6,9844.4
2301,30156.6,3642.3
2302,114193.1,0
2303,113582.5,0
2304,159516.7,0
2305,140278.6,0
2306,137167,0
2307,188577.3,0
2308,173169.1,0
2309,162703.9,0
2310,71688.7,0
2311,100954.2,0
2312,85607.9,63.1
2313,63139.5,6274.1
2314,52568.9,9413.6
2315,42030.5,11307.7
2316,37077.3,12649.3
2317,32909.5,13927
2318,32388.7,14860.8
2319,31064.5,15661.8
2320,33425.3,15846.9
2321,38298,15596.3
2322,45504.7,12689.7
2323,52201.7,11632.2
2324,56976.7,8863.5
2325,32788.8,3265.9
2326,112042.2,0
2327,107344,0
2328,147062.5,0
2329,126622.4,0
2330,119883.3,0
2331,159733.6,0
2332,136648.2,0
2333,127371.3,0
2334,59372.8,0
2335,89944.6,0
2336,79537.5,0
2337,59554.7,4282.9
2338,45739.2,9570.6
2339,35279.1,11537.5
2340,31447.7,12676
2341,28379.9,13662.6
2342,25867.9,14352.9
2343,25279.6,14838.1
2344,26018.9,15199.1
2345,29893.3,15069.5
2346,45561.5,9263.9
2347,54472.8,4441.7
2348,58040.5,4022.2
2349,32502.5,1615.3
2350,90103.4,0
2351,92639.4,0
2352,123314.1,0
2353,103077.7,0
2354,97352.7,0
2355,121869.4,0
2356,100917,0
2357,95047.7,0
2358,53209.4,0
2359,83449.7,0
2360,75883.6,0
2361,74085.1,0
2362,61532.3,1454.4
2363,56416.7,3073.1
2364,45165.7,6690.3
2365,40330.7,8137.8
2366,35078.6,9011.9
2367,30681.4,9848.8
2368,28669.8,10641.8
2369,37015.7,5659.6
2370,46337.5,2773.1
2371,50344.3,2360.6
2372,53490.4,2093.3
2373,22865.5,1889.6
2374,59724.8,0
2375,63496.9,0
2376,86040.6,0
2377,90029.4,0
2378,92649,0
2379,125465.5,0
2380,120106.3,0
2381,118216,0
2382,54869.5,0
2383,86691.9,0
2384,73993.8,850.1
2385,53812.9,7648
2386,45764.1,10290.6
2387,36182.7,12117.4
2388,32986,13470.7
2389,30236.5,14721.6
2390,27058,15676.9
2391,25850.2,16529.4
2392,26774.1,16808.1
2393,30279.4,16691.8
2394,37323.4,13912.7
2395,44088.7,12971.5
2396,49486.4,10229.5
2397,26514.3,3866.1
2398,88106.3,568
2399,105493.1,0
2400,146871.6,0
2401,128516.2,0
2402,133938.5,0
2403,161162.6,0
2404,138785.2,0
2405,136287.1,0
2406,63982.2,0
2407,95461.4,0
2408,82029.5,368.9
2409,61098.1,7381.7
2410,52115.2,10191.5
2411,41165.3,12171.3
2412,33426.9,13672.7
2413,26364.1,15131.7
2414,21330.1,16395.7
2415,16397.7,17624.7
2416,17187.8,18243.8
2417,22146.7,18258
2418,31010.6,15319.8
2419,39499,14228.2
2420,46404.5,11226.9
2421,24921.8,4311.2
2422,82816.5,760.9
2423,118647.7,0
2424,146402.6,0
2425,129007.8,0
2426,155681.5,0
2427,177463.1,0
2428,153115.7,0
2429,159383.9,0
2430,63625.5,0
2431,89904.3,0
2432,74280.1,2079.1
2433,52790,8647.9
2434,43927.9,11236.2
2435,35820.5,13139.7
2436,31213.8,14475.6
2437,27859.6,15634.1
2438,24800.3,16511.3
2439,20315.1,17364.4
2440,19527.5,17737.6
2441,22023.9,17530
2442,29882.9,14571.5
2443,37126.8,13496.8
2444,41942.3,10819.8
2445,17340.3,4361.9
2446,51184.3,2076.3
2447,65538.4,769.4
2448,89825.2,5.2
2449,88181.1,0
2450,85980.5,0
2451,105719.6,0
2452,91744.9,0
2453,92922.3,0
2454,46858.1,0
2455,81499.1,0
2456,73055.9,2836.4
2457,57758.3,8963.9
2458,50833.5,11168.3
2459,41432.5,12742.1
2460,36087.1,13859.8
2461,30352.3,15003.6
2462,27242.1,16020.2
2463,23645.6,17074.2
2464,25349.6,17501.1
2465,29022.6,17394.4
2466,36526.7,14467.6
2467,43941.8,13344.2
2468,49933.9,10467.8
2469,27646.2,3999.7
2470,92493,768.5
2471,98069.5,0
2472,136911.4,0
2473,121145.1,0
2474,116103.9,0
2475,149820,0
2476,132399.8,0
2477,125200.5,0
2478,56608,0
2479,86642.1,0
2480,75215.1,2003.2
2481,58496,7956.3
2482,53722.7,9745.3
2483,45449.6,11088.9
2484,42512.7,11808
2485,41107.4,12339.9
2486,37733.4,12901.5
2487,32397.2,13674.2
2488,30216.7,14035.8
2489,30227.8,14182.2
2490,33084,11839.5
2491,36030.2,11322
2492,38849.7,8916.5
2493,14060.5,3371.7
2494,50207.5,545
2495,52674.9,0
2496,68624.7,0
2497,72743.5,0
2498,81395.4,0
2499,112184.2,0
2500,116028.7,0
2501,117753.8,0
2502,58648.5,0
2503,92005.3,0
2504,84541,0
2505,68123.8,3346
2506,56586.7,8442.2
2507,49146.9,10635.9
2508,46979.8,11714.9
2509,44095.6,12599.1
2510,42136.3,13229.3
2511,41767.3,13692
2512,42392.6,14023.3
2513,46550.6,13750.3
2514,62748.9,7627.9
2515,72722.6,3506.3
2516,76776.8,2644
2517,53424.2,0
2518,146360.2,0
2519,179386.2,0
2520,201815,0
2521,167935.4,0
2522,160881.1,0
2523,219464.4,0
2524,179535.1,0
2525,169450.4,0
2526,91764.5,0
2527,122425.2,0
2528,108124.2,0
2529,105871,0
2530,91608.9,0
2531,87595.1,21.1
2532,75571,2709
2533,73014.5,4759.5
2534,69302.5,5380.6
2535,66741.5,5791.2
2536,66219.3,6377.4
2537,87453.4,2102.6
2538,98716.3,0
2539,103448.4,0
2540,107202.3,0
2541,78075.3,0
2542,178770.6,0
2543,174142.9,0
2544,240902,0
2545,206117.2,0
2546,201270.1,0
2547,276949.4,0
2548,235177.3,0
2549,226640.1,0
2550,100358.9,0
2551,129304,0
2552,114150.2,0
2553,90261.1,0
2554,79155.6,3119.8
2555,66383.4,6207.1
2556,57576.4,8367
2557,48941.5,10117.1
2558,42469.4,11904.2
2559,35687.9,13639.4
2560,34227.1,14691
2561,37508.7,14984.9
2562,44786.8,12348.6
2563,52182.8,11361.4
2564,58892.9,8307
2565,39364,2483.2
2566,138517.2,0
2567,177784,0
2568,213212.7,0
2569,187082.2,0
2570,183948.8,0
2571,253501,0
2572,208514.6,0
2573,198028.5,0
2574,89100.3,0
2575,118157.3,0
2576,101475,0
2577,76280.3,3100.2
2578,63657.1,7673.4
2579,51622.6,10137.6
2580,44199.7,11390
2581,36816.6,12829.7
2582,30702.3,14214.5
2583,24844.7,15617.7
2584,24247.2,16377.7
2585,28296,16424.6
2586,36202.7,13581.3
2587,44230.2,12459.6
2588,50677.8,9613.7
2589,28868.5,3556.5
2590,100202.9,33.4
2591,108683.4,0
2592,159296,0
2593,143601.1,0
2594,139018.2,0
2595,188541.1,0
2596,165609.2,0
2597,154611.4,0
2598,70682.4,0
2599,98568.6,0
2600,83761.4,557.8
2601,61540.1,7293
2602,50997,10005.1
2603,38774.6,11982.3
2604,30294.2,13642.9
2605,22530.4,15297.5
2606,15706.4,16794.1
2607,9401.1,18490
2608,8556.6,19485
2609,14623.9,19304.5
2610,23878.9,15953.2
2611,32890.7,14674.7
2612,40220.6,11641
2613,20930.3,4667.8
2614,68713.6,1790.1
2615,99558.5,337.6
2616,131330,0
2617,120739.1,0
2618,122011.2,0
2619,161875.8,0
2620,144884.7,0
2621,142776.8,0
2622,65559.3,0
2623,94217.1,0
2624,79699.4,1573.5
2625,57169.2,8052.4
2626,46245,10962.9
2627,32602.2,13174.4
2628,23504.2,14987.3
2629,12539.6,17169.4
2630,3451.1,19366.7
2631,0,21380.7
2632,0,22471.3
2633,2701.7,22115.1
2634,15123.5,17918.9
2635,24074.5,16058.3
2636,30830.8,12846.8
2637,12709.5,5808.7
2638,45057.1,4675.2
2639,57971.5,2014.5
2640,86768.9,1172.5
2641,85023.3,0
2642,97270.4,0
2643,102421.9,0
2644,97629.4,0
2645,109504.1,0
2646,44515.4,708.9
2647,74392.4,1203.3
2648,64247,4794.2
2649,48977.9,10945.9
2650,41959.2,12850.3
2651,32956.3,14459.1
2652,27716.2,15578
2653,22975.5,16688.7
2654,18646.5,17779.5
2655,14752.3,19135
2656,14679.3,19948.9
2657,18521.3,19973.8
2658,25910.9,16962.8
2659,33311.2,15749.2
2660,41662.4,12530.7
2661,24118.7,5237.1
2662,78479.6,2415.1
2663,96372.7,609.3
2664,135331.1,0
2665,118089.1,0
2666,119319.1,0
2667,165825.8,0
2668,159477.9,0
2669,151056,0
2670,68400.9,0
2671,97777.7,0
2672,87501.5,38.9
2673,68041.2,4827.9
2674,54243,10085
2675,43463.4,12365.4
2676,35711.6,13972.1
2677,29251.8,15410.7
2678,23683.8,16643.2
2679,20419.6,17691.6
2680,19749.2,18632.6
2681,22792.5,18772.8
2682,36959.5,12673.4
2683,47320.7,7020.6
2684,51956.2,5830.6
2685,28911.2,2767.1
2686,76889.3,151.7
2687,104810.7,0
2688,137942,0
2689,114084.5,0
2690,118284.8,0
2691,160035.1,0
2692,144425.8,0
2693,142678.6,0
2694,77902.7,0
2695,107219.4,0
2696,93340.7,0
2697,88879.8,0
2698,72884.3,712.5
2699,65605.8,3286.2
2700,51151.7,7683.5
2701,43191.3,9895.7
2702,37061.7,11512.9
2703,32161.2,12813.3
2704,28548.1,13838.3
2705,35897.6,8890.4
2706,47600.9,4141.8
2707,54472.1,3505.5
2708,60442.4,3048.5
2709,32181,2638.7
2710,83045,0
2711,114186.7,0
2712,140897.9,0
2713,125993.5,0
2714,129169.9,0
2715,165005.6,0
2716,140497.7,0
2717,160004.2,0
2718,61103.5,0
2719,87921.8,0
2720,74313.9,3236.3
2721,55786.6,9191.9
2722,47980.3,11510.6
2723,37021,13490.7
2724,29369.9,15038.8
2725,22085.1,16510.1
2726,16931.5,17774.2
2727,13346.6,19169.9
2728,14125.2,19891.6
2729,19056.9,19541.3
2730,24861.2,16105.4
2731,31394.9,14601.2
2732,35881.2,11636.8
2733,12882.1,4796.4
2734,48073.7,1894.5
2735,52274.2,490.8
2736,84812,20.7
2737,83501.8,0
2738,82236.1,0
2739,107090,0
2740,98412.3,0
2741,97545.8,0
2742,45541.5,0
2743,74169.9,40.4
2744,61657.5,3878.6
2745,44916.8,9726
2746,38870,11671.4
2747,27834.9,13274.1
2748,20830,14405.3
2749,17199.9,15571.2
2750,14213.8,16637.6
2751,13899.9,17440.4
2752,18072.2,17749.1
2753,24381.6,17641.4
2754,32494.3,14776.3
2755,40558.9,13663.6
2756,47417.5,10693.1
2757,26313.7,4049
2758,83797.7,513.7
2759,120252.3,0
2760,133875,0
2761,116033.1,0
2762,115938.5,0
2763,151575.2,0
2764,131006.2,0
2765,126842.9,0
2766,58753.9,0
2767,87960.7,0
2768,76393.5,2244.4
2769,60418.8,8103.8
2770,56446,10015.6
2771,49720.8,11274.8
2772,47142.3,11797.4
2773,45352.6,12202
2774,41733.7,12627.3
2775,37893.6,13293.4
2776,38973.7,13522.8
2777,41505.3,13472.1
2778,47214.7,10774.9
2779,53132.5,9800.5
2780,57491.8,7024.7
2781,33544.1,2219.3
2782,115174.8,0
2783,131577.9,0
2784,169858.2,0
2785,145685.8,0
2786,160702.7,0
2787,197155.8,0
2788,149059,0
2789,139407,0
2790,62089.1,0
2791,91645.7,0
2792,78851.9,416.2
2793,60731.2,5863.1
2794,56105.8,8228.7
2795,47664.8,9675.5
2796,43943.5,10559
2797,41435.2,11362.5
2798,37434.3,12044
2799,33003.7,12831.4
2800,33004.3,13172.9
2801,34735.1,13195.9
2802,40148.3,10652.3
2803,45874.1,9919.8
2804,50099.6,7383
2805,25502,2664.6
2806,89770.2,0
2807,84547.6,0
2808,113579.3,0
2809,103663.3,0
2810,100494,0
2811,143563.9,0
2812,126182.7,0
2813,119433.9,0
2814,53339.1,0
2815,83619.8,0
2816,71579.9,1056.5
2817,53909.5,7190.2
2818,48873.4,9261.2
2819,40121.5,10688.9
2820,36257.8,11514.1
2821,33270.8,12249.2
2822,30782,12887.3
2823,27488.8,13641.7
2824,28855,13910.9
2825,32152.2,13834.7
2826,38674.1,11171.8
2827,45212.3,10328.4
2828,50107.5,7650.3
2829,26087.5,2659.7
2830,93868.5,0
2831,89890.9,0
2832,121243.3,0
2833,116156.7,0
2834,112595.1,0
2835,151861.6,0
2836,132125.4,0
2837,126350.7,0
2838,58794.7,0
2839,89891.3,0
2840,80859.6,0
2841,63101.4,2701
2842,51191.1,7839.4
2843,41540.9,10261.7
2844,35097.9,11474.3
2845,28185,12623.5
2846,24258.4,13609.1
2847,20189.5,14514.6
2848,18611.9,15307.5
2849,22111.4,15456.9
2850,38190.7,9714.2
2851,48380.7,4559.1
2852,53274.5,4071.8
2853,29082.3,1393.4
2854,84554,0
2855,100283.1,0
2856,123328.1,0
2857,110217.6,0
2858,127797.5,0
2859,156431.1,0
2860,132593,0
2861,148482.3,0
2862,67591.2,0
2863,96998.4,0
2864,86877.6,0
2865,85446.5,0
2866,73165.7,105.3
2867,68195.5,1193.9
2868,57266.6,4696.1
2869,54249.5,5947.9
2870,52069.3,6713.3
2871,50314.2,7292.5
2872,49408.2,7811.3
2873,64792.8,3434
2874,73153.8,586.2
2875,75327.2,9.8
2876,77287,0
2877,45383.1,0
2878,102664.5,0
2879,121250,0
2880,167062.3,0
2881,148513.3,0
2882,171170.1,0
2883,195382.1,0
2884,184385.7,0
2885,161992.8,0
2886,69829.6,0
2887,98520.3,0
2888,83881.7,79.8
2889,63358.4,6536.7
2890,54951.5,9667.1
2891,44204.2,11531.6
2892,36032.6,13167.1
2893,28380.2,14732.3
2894,21601.4,16165.3
2895,15557.7,17600.1
2896,15646.9,18326
2897,18401.4,18565.9
2898,24272.1,15765.8
2899,32998.5,14473.2
2900,39419,11476.3
2901,19334.3,4530.6
2902,64940.5,1259.7
2903,85592.5,193.8
2904,121985.7,0
2905,105080.1,0
2906,102006.3,0
2907,131879.7,0
2908,117953.5,0
2909,116490.4,0
2910,51555,0
2911,79359.8,0
2912,65949.3,3245.3
2913,49561,9583.6
2914,42620.9,11844.5
2915,33846.6,13481.5
2916,32336.1,14118.8
2917,26948,14753.9
2918,21988.4,15567
2919,18312,16470.5
2920,18165.6,16810.3
2921,20607.1,16886.9
2922,26777.8,14303
2923,33334.2,13426.6
2924,38779.9,10640.6
2925,15156.9,4115.1
2926,50907.4,972.6
2927,64694.6,56.1
2928,93688.8,0
2929,85057.4,0
2930,82313.7,0
2931,103150,0
2932,88428.9,0
2933,87238.3,0
2934,38983.9,0
2935,67076.5,131.4
2936,55387.6,4151.1
2937,38833.3,10232.6
2938,30514.5,12210
2939,19146.9,13941
2940,10871.6,15348.5
2941,1989.4,17174.8
2942,0,19426.4
2943,0,21655.3
2944,0,22733.5
2945,0,22745
2946,334.2,18334.1
2947,11517.8,15628.4
2948,26503.8,12029.5
2949,10669.6,4675.4
2950,51018.6,981.5
2951,68814.9,40.6
2952,105844.1,0
2953,104933.6,0
2954,119559.7,0
2955,134308,0
2956,114143,0
2957,117383.4,0
2958,49872.5,0
2959,79851,0
2960,71485.4,1901.1
2961,56222.1,7479.8
2962,52353,9730.4
2963,45877.3,11101.5
2964,43898.7,11783.5
2965,42789.5,12321.7
2966,39851.9,12968.6
2967,35216.1,13676
2968,36187.4,13832
2969,40497.5,13666.4
2970,47126.6,10968.1
2971,53308,10062.8
2972,58080.1,7280
2973,34516.5,2217.2
2974,120993.2,0
2975,144060.4,0
2976,191393.3,0
2977,163493.1,0
2978,180786.1,0
2979,208409.3,0
2980,196068.2,0
2981,166555.5,0
2982,70597.9,0
2983,98457.6,0
2984,82610.8,40.5
2985,60876.2,6277.5
2986,52982.9,9303.7
2987,44135.2,10988.7
2988,40719,12254.6
2989,37498.2,13428.7
2990,34609.7,14339.2
2991,30958.9,15175
2992,30969,15544.2
2993,32868.5,15623.6
2994,38911.9,13045.5
2995,46061.3,12083.9
2996,51821,9262.7
2997,28001.3,3370
2998,95187.4,0
2999,124057,0
3000,159838.3,0
3001,141796.7,0
3002,171290.9,0
3003,208974.4,0
3004,180815.7,0
3005,188726.7,0
3006,71860.4,0
3007,97904,0
3008,84827,0
3009,63708.2,3649
3010,48931.5,9659.7
3011,36718.5,12154.6
3012,28174.6,13995.6
3013,20326.1,15710.8
3014,13551.1,17288.5
3015,8447.3,18946.2
3016,5337.5,20524.7
3017,7427.1,20911
3018,21679.1,14184
3019,35490.2,8023.2
3020,44071.2,6487
3021,22333.6,3009.2
3022,62090,573.1
3023,72444.8,0
3024,113941.8,0
3025,107015.6,0
3026,122962,0
3027,147622.6,0
3028,117713,0
3029,120474.7,0
3030,67580,0
3031,91168.6,0
3032,78346.2,0
3033,72183,0
3034,58516.3,3786.1
3035,51679.9,4722.8
3036,37560.6,10316.3
3037,29382.4,12219.6
3038,21392.5,13984.3
3039,15847.4,15802.5
3040,11826.3,17268.7
3041,16046,12710.3
3042,27484.7,6280.6
3043,36092.1,4838.6
3044,43371.3,4358.3
3045,17933.9,4026.5
3046,44618.4,2513.2
3047,61202.1,816.1
3048,89670,1433.4
3049,83409.6,561.4
3050,80771,0
3051,110548.5,0
3052,106253.1,0
3053,109500.7,0
3054,41752.3,355.5
3055,70331.6,589.1
3056,59849.7,4471.5
3057,44011.1,11379.4
3058,36688,13576.3
3059,27744.4,15522.5
3060,21523.1,16950.4
3061,17303.8,18166.9
3062,16049.4,19357.5
3063,12176.5,20817.9
3064,13060.3,21331.9
3065,17772.8,21193.1
3066,24383.2,18184.9
3067,31542.5,16830.3
3068,39229.2,13468.1
3069,22665.1,5908.8
3070,79141.7,2173.4
3071,79991.5,0
3072,133897.5,0
3073,121945.2,0
3074,119457.9,0
3075,163189.9,0
3076,149506.7,0
3077,142212.4,0
3078,61347.2,0
3079,86287.5,0
3080,70250.4,3175.3
3081,51029.6,10447.1
3082,42892.4,12786
3083,30830.7,14995.3
3084,21162,16678.1
3085,13983.8,18497.1
3086,6645,20565
3087,297.3,22900.4
3088,0,24753.3
3089,0,25475.2
3090,3084.9,21962
3091,14194.2,18890.4
3092,24616.2,14679.1
3093,9896.5,7177.2
3094,40858.4,6013.5
3095,50592.5,3104.4
3096,80070.9,959
3097,82439.2,129.4
3098,103936.8,0
3099,136599.6,0
3100,114983.1,0
3101,128479.5,0
3102,47231.7,170.5
3103,73701.6,752.2
3104,59553.7,5179.7
3105,39207.2,12604.5
3106,27988.2,14831
3107,12506.2,17726.1
3108,730.4,20668.2
3109,0,23542.4
3110,0,27016.7
3111,0,30223.6
3112,0,31771.9
3113,0,32138.4
3114,0,28417.5
3115,0,25286.7
3116,858,19531.6
3117,0,10630.1
3118,7812.5,9219.1
3119,23128.7,5015.2
3120,27365,4307.9
3121,33105.8,3686.3
3122,49349.5,3219.3
3123,54696.1,1694.5
3124,67412.7,839.5
3125,92466.4,0
3126,37151.5,2144.3
3127,59474.6,2566.9
3128,46176.4,7077
3129,24293.4,14482.9
3130,7385.2,18021.9
3131,0,22154.8
3132,0,26385.2
3133,0,30000.7
3134,0,32715.7
3135,0,34964.9
3136,0,35922.7
3137,0,35830.1
3138,0,31539.2
3139,0,28022.6
3140,0,22053.7
3141,0,12192.7
3142,0,10930.8
3143,3098.7,6818
3144,23165.9,6251.4
3145,18194.9,4819.8
3146,27081.1,4040
3147,30299.3,2947.1
3148,35473.5,2617.6
3149,47488.2,3535.5
3150,24725.8,3358.9
3151,50165.4,3208.4
3152,39186.4,8173.2
3153,18871.7,15687
3154,4703.2,18925
3155,0,23735.6
3156,0,27587.6
3157,0,30655
3158,0,33236.4
3159,0,35202.5
3160,0,33471.8
3161,0,30663.6
3162,0,25605.3
3163,0,22201.7
3164,4763,17364.9
3165,0,9578.5
3166,5278.3,8416.5
3167,19743.3,4739.2
3168,24528.7,2642.3
3169,37983.4,2009.4
3170,57411.7,1156.5
3171,89713.4,47.3
3172,76313.6,0
3173,96849.6,0
3174,40177.2,564.1
3175,71477.8,862
3176,64404.5,3318.2
3177,48390.6,9019
3178,34311,13960.8
3179,23481.4,16024.3
3180,17524,17538.8
3181,12793.8,18833
3182,10500,19897.2
3183,8854.4,20834
3184,8967.5,21417.8
3185,12274.4,21167.3
3186,26290.7,14558.8
3187,38076.4,8319.2
3188,44926.7,6803.5
3189,23846.8,3216.4
3190,66019.8,665.3
3191,79352.2,0
3192,122891.5,0
3193,110504.7,0
3194,110037.3,0
3195,143762.1,0
3196,121645.6,0
3197,114527.2,0
3198,60720.7,0
3199,89813.9,0
3200,78591.8,0
3201,76177.3,0
3202,63630.9,1526
3203,57986.1,3704.5
3204,45303.2,7436.6
3205,38475.2,9356.8
3206,32974,10466.7
3207,28689.2,11332
3208,26447.1,11998.5
3209,34907,6714.9
3210,42789.8,3335.5
3211,46257.9,2935.2
3212,48813.9,2714.9
3213,16622.3,2619.6
3214,40042.4,27.5
3215,46914.4,0
3216,55204.3,0
3217,59020.3,0
3218,69580.6,0
3219,84108.3,0
3220,68675,0
3221,71538.7,0
3222,29614.5,672.9
3223,58736,1414.4
3224,49590.2,5020.5
3225,34768.3,11153.3
3226,29007.8,12719.4
3227,20644.5,14230
3228,15395,15199.4
3229,9753,16239.9
3230,1126.8,18004.1
3231,0,20415.8
3232,0,22050.9
3233,0,22606.4
3234,0,18999.9
3235,2496,16719
3236,12290.3,13073.7
3237,0,6465.3
3238,24982.8,4026.4
3239,40120.4,2350.5
3240,63177.1,1455.9
3241,100268.3,79.9
3242,96031.7,0
3243,117221.8,0
3244,147184.2,0
3245,119374.3,0
3246,48666.5,0
3247,77586,10.8
3248,66718.4,3998.9
3249,50844.5,10428.8
3250,43828.3,12611.4
3251,32402.2,14672.7
3252,25032.7,16272.3
3253,18407.1,17783
3254,13551.5,19398.9
3255,8659.9,21037
3256,6824.2,22490.7
3257,8426.9,23263.7
3258,14324.9,19670.8
3259,21928.8,17434.9
3260,29449.4,13809
3261,14030.1,6301.6
3262,53056.9,3268
3263,68114.5,815.5
3264,98978.5,0
3265,94399.2,0
3266,96854.6,0
3267,132715.1,0
3268,113452.7,0
3269,108389.7,0
3270,45879.7,0
3271,73034.1,0
3272,58500.7,4056.2
3273,39432,11086.9
3274,28934.9,13536.6
3275,11485.6,16282.7
3276,407.4,19383
3277,0,22665.4
3278,0,26591.2
3279,0,30105.3
3280,0,32345.2
3281,0,33164.6
3282,0,29507.9
3283,0,26337.3
3284,0,20509.6
3285,0,11195.4
3286,238.7,9243.8
3287,12300.2,5252
3288,23379.8,4366.4
3289,21870,3797.9
3290,28702.7,3032.7
3291,36967.2,1428.1
3292,49256.2,516.9
3293,65219.3,0
3294,28106.2,2338.1
3295,52175.6,2711.2
3296,40082.4,7422.2
3297,8208.6,15472.1
3298,1996.3,19375.5
3299,0,23951.8
3300,0,28296.3
3301,0,31520.1
3302,0,34281.5
3303,0,36777.9
3304,0,37829.4
3305,0,36554.2
3306,0,31250.5
3307,0,28333.7
3308,0,23009.3
3309,0,13944.6
3310,0,12501.6
3311,238.4,7237
3312,11500.2,6120.7
3313,18964.5,4491.1
3314,20106.1,4075.1
3315,22825.5,2676.4
3316,28388.9,2068.7
3317,49173.3,1373.2
3318,23211.4,3007.7
3319,52564.9,2912.2
3320,45879.6,6688.6
3321,32996.9,13427.8
3322,30450.3,14747.7
3323,23497.3,15746.8
3324,21607.1,16166.2
3325,19887.5,16528.8
3326,18260.8,16871.8
3327,15629.3,17391.9
3328,17771.7,17411.6
3329,21981.8,17117.5
3330,29920.7,14084.5
3331,37399.3,12959.6
3332,43419.3,10085.1
3333,19807.8,3766.5
3334,74293.1,66.4
3335,86422.5,0
3336,120594.8,0
3337,115176,0
3338,129430,0
3339,157804.8,0
3340,129010.7,0
3341,136854.7,0
3342,51364.6,0
3343,79537.7,0
3344,71002.8,5
3345,55884.4,4300.3
3346,46297.2,9311.4
3347,38336.8,11169.4
3348,35509.2,12141.6
3349,33756.8,12834.7
3350,31794.2,13383.5
3351,29392.9,13854.5
3352,28694.5,14301
3353,31096.4,14276.2
3354,45543.9,8484.4
3355,53161.9,4081
3356,55814.4,3690.9
3357,30384.8,767.9
3358,83984.2,0
3359,82370.9,0
3360,110917.5,0
3361,97687.3,0
3362,90725.7,0
3363,115531.8,0
3364,100912.9,0
3365,94344,0
3366,51938.8,0
3367,81923.1,0
3368,72493.8,0
3369,70287.6,0
3370,57335.4,1187
3371,50322.6,3291.7
3372,37131.1,7465.8
3373,29864.4,9133.7
3374,24096.1,10282.7
3375,19119.6,11516.7
3376,14556.1,12546.9
3377,23030.2,7594.3
3378,32211.9,3794.3
3379,36139.8,3431.5
3380,40504,3055.3
3381,11462.3,2718.1
3382,36107.6,18
3383,43794.2,0
3384,50941.8,0
3385,68612.7,0
3386,69620,0
3387,79590.3,0
3388,87035.8,0
3389,75238.8,0
3390,31933.7,103.5
3391,60973.6,694.8
3392,50367.6,4712.7
3393,34167.5,10850.5
3394,28100,12537
3395,18730.5,14217.5
3396,9712.1,15573.1
3397,1327.7,17448.7
3398,0,19557.9
3399,0,21845.8
3400,0,23742.6
3401,0,24014.2
3402,0,20390.1
3403,0,18336.5
3404,4586.5,14103.5
3405,0,7195.8
3406,7509.2,5117.4
3407,18219,2601.2
3408,22007.7,2763.1
3409,25460.1,1659.3
3410,36690.7,1204.8
3411,43066.5,368.1
3412,44705.6,11.4
3413,47859.1,0
3414,25057.3,2056.5
3415,51671.5,2399.1
3416,40900,6533.2
3417,21350.2,13552.7
3418,5155.1,16536.9
3419,0,19896.5
3420,0,23340.1
3421,0,26032.4
3422,0,27597.8
3423,0,27526.8
3424,0,25503.2
3425,0,24051.8
3426,48.5,19946.1
3427,5590.2,18014.5
3428,12714.2,14233.6
3429,0,7379.9
3430,15768.4,6309.2
3431,18189.3,3224.8
3432,25936.8,3719.4
3433,37306.1,2610.5
3434,41648.6,1439.9
3435,40761.4,800.6
3436,53898,262.1
3437,49787.4,0
3438,26042.3,2245.1
3439,52792.4,2535.9
3440,41755.7,6886.1
3441,23117.6,13941
3442,11318.3,16308.4
3443,798.8,18820.4
3444,0,20698.3
3445,0,22927.7
3446,0,25263.9
3447,0,27940.6
3448,0,29493.7
3449,0,29629.9
3450,0,25598.8
3451,0,23242.1
3452,0,18557.1
3453,0,9557
3454,2181.1,6910.3
3455,19869.9,3962.3
3456,17975.2,3065.5
3457,25563.4,2441.7
3458,30960.2,1216.2
3459,41924,825.3
3460,54770.7,131.4
3461,47593.8,0
3462,26512.3,2172.4
3463,54565.4,2399.1
3464,46455.8,5913
3465,31171.5,12744.8
3466,25790.8,14334.2
3467,18358.5,15512.4
3468,15443.5,16191
3469,12905.3,16890.6
3470,10955.7,17449.4
3471,8171.9,18271.2
3472,8287.2,18588.8
3473,11026.6,18361.1
3474,17376.3,15408.6
3475,23959.9,14350
3476,29240.8,11584.9
3477,8028.4,4770.1
3478,39107.7,2054.3
3479,44859.1,747.6
3480,59277.1,10
3481,62780.8,0
3482,63511.9,0
3483,85428.3,0
3484,79983.8,0
3485,74843.2,0
3486,33332,542.9
3487,62882.5,1083.4
3488,53571.3,4766.9
3489,37989,10974.6
3490,31969.6,12928.7
3491,22950.8,14464.9
3492,18354.7,15348.2
3493,14156.1,16147.2
3494,10474.2,16861.7
3495,6267.2,17783.9
3496,6452.2,18196.1
3497,9184,18196.8
3498,15805.1,15372
3499,22564.7,14348
3500,27576.5,11627
3501,6478.4,4905.4
3502,34265.4,2650.1
3503,42048.3,1574.2
3504,46363.7,3.9
3505,69057.8,0
3506,66471.3,0
3507,76593.8,0
3508,92828.6,0
3509,92247.4,0
3510,35168.7,0
3511,66350.1,0
3512,58604.8,2041.8
3513,43840.8,7561.1
3514,31940.8,12184.3
3515,21800,14069.3
3516,17700.1,15097.2
3517,14362,16009.2
3518,10937,16858.2
3519,7660.4,17682.1
3520,5489.4,18425.3
3521,6900.7,18390.1
3522,22594.4,12151.8
3523,32132.9,6600.1
3524,36230.9,5634.8
3525,11772.9,2782.1
3526,35085.1,578.9
3527,36892.4,0
3528,51414.4,0
3529,50463.6,0
3530,55467,0
3531,70016.5,0
3532,65594.1,0
3533,72974.7,0
3534,32589.6,0
3535,61551.3,0
3536,56891.4,439.5
3537,54268.6,850.7
3538,43172.9,4475
3539,37031.2,5083.5
3540,21772.9,10943.7
3541,9533.9,13116.9
3542,226.4,15214.6
3543,0,16927.8
3544,0,19211.2
3545,0,16105.1
3546,0,9643.9
3547,521.6,7861.1
3548,8487.7,5880.7
3549,0,5981.7
3550,4685.2,3471.1
3551,16142,1428.7
3552,18606.7,909.4
3553,24528.7,553.4
3554,29417.2,90.5
3555,41203.6,0
3556,43247,0
3557,48381.2,0
3558,21876.1,554.9
3559,52316.3,1042.6
3560,49659.2,1509.9
3561,45111,1833.9
3562,9244.4,6877.1
3563,1811.7,9998.7
3564,0,19112.1
3565,0,23632.3
3566,0,26627.5
3567,0,28988.1
3568,0,30754.6
3569,0,28589.9
3570,0,21581.5
3571,0,19418.5
3572,0,16744.6
3573,0,15406
3574,0,12882.3
3575,0,6693.9
3576,213.4,7910.4
3577,8147.3,5816.4
3578,18847.6,4835.2
3579,17425.2,4674.5
3580,17350,3462.4
3581,20829,3481.4
3582,11863.8,3422
3583,36245.6,3605.6
3584,25578.3,9720.5
3585,30.6,19575.9
3586,0,25376.1
3587,0,30426.4
3588,0,33610.2
3589,0,36464.6
3590,0,38572
3591,0,40345.7
3592,0,40484
3593,0,40146.7
3594,0,36224.2
3595,0,33982.6
3596,0,29188.1
3597,0,19929.4
3598,0,22348.4
3599,0,13307.1
3600,0,11103.8
3601,3463.1,7939.5
3602,14994.4,6108.9
3603,19371.3,5201.2
3604,18108.9,5022.3
3605,19655.2,3724.4
3606,10676.6,3705.3
3607,37265.6,3875.4
3608,25736.5,10254.2
3609,2220.6,19016.1
3610,0,23556.3
3611,0,28290.2
3612,0,31422
3613,0,33490.1
3614,0,34933
3615,0,35908.1
3616,0,36479
3617,0,36756.8
3618,0,33199.7
3619,0,31137.3
3620,0,26079.6
3621,0,16748.5
3622,0,14361
3623,0,8213.5
3624,7696.2,6369.1
3625,16179.7,4053.4
3626,21569.4,3312.7
3627,24546.8,2640.2
3628,34542.8,1623
3629,59086.2,633.8
3630,25800.5,3194.4
3631,48657.6,3438.1
3632,34635.4,8521.1
3633,14961.3,16442.1
3634,3994.2,20040.8
3635,0,25515.9
3636,0,29414.6
3637,0,33212.3
3638,0,36542.2
3639,0,38988.4
3640,0,39825.4
3641,0,39537.2
3642,0,34816.7
3643,0,31596.8
3644,0,26042.6
3645,0,16093.3
3646,0,13184.9
3647,0,8552.8
3648,1660.9,7845
3649,11689.7,5316.6
3650,20412.5,4052.3
3651,17798.3,4181.3
3652,19655.2,3271.3
3653,17986.6,3387.9
3654,8146,3822.9
3655,32031.1,3890.3
3656,21473.6,10074.3
3657,2614.9,18730.8
3658,0,22894.6
3659,0,27348.8
3660,0,30859.2
3661,0,33882.6
3662,0,36138.2
3663,0,38291.7
3664,0,39139.1
3665,0,39038.2
3666,0,34911.5
3667,0,32029.6
3668,0,26715
3669,0,17475.9
3670,0,17395.1
3671,0,11343.3
3672,0,8726
3673,0,6170
3674,1042.1,4544.9
3675,10250.3,4793.6
3676,15346.3,4469.4
3677,16491.8,3371.3
3678,4472.7,2953.6
3679,25610.4,2991.9
3680,20897.6,5608
3681,4589.9,15829.3
3682,0,23847.6
3683,0,28278
3684,0,31698.7
3685,0,34295.6
3686,0,36024.2
3687,0,37205.5
3688,0,37909.3
3689,0,37680.4
3690,0,27285.2
3691,0,17900.3
3692,0,15605.6
3693,0,9638.3
3694,0,9443.3
3695,0,5544.1
3696,0,5045.5
3697,1027.9,3990.2
3698,6901,2750.7
3699,12888.2,2537.7
3700,14295.7,1643.9
3701,16476.7,1310
3702,8894,2218.1
3703,36604,2325.7
3704,35274.9,2620.1
3705,32717.6,2729.8
3706,18227,7827.6
3707,12669.9,9091.1
3708,6251.9,15422.5
3709,3894.1,18029.5
3710,3586,19270.1
3711,5591.7,19869.6
3712,7857.6,20355.3
3713,17459.6,12091.7
3714,27319.7,6086.4
3715,33401,4862.6
3716,38773,4384.9
3717,12815.3,4034.4
3718,30284,2125.3
3719,37209.7,947.2
3720,49163.3,1758.3
3721,76887.8,1138.4
3722,77482.9,0
3723,78048.9,0
3724,113453.2,0
3725,102716.5,0
3726,45760.4,538.6
3727,67563.6,1025
3728,55750.8,5223.7
3729,37750.6,12660.6
3730,28632,15006.4
3731,16802.9,17088.2
3732,10052.9,18879.3
3733,3887,20585.1
3734,20,23840.6
3735,0,27366.3
3736,0,29443.3
3737,0,29914.4
3738,0,25782.5
3739,4097.9,23173.4
3740,12592.2,17914
3741,0,8856
3742,22965.2,6643.5
3743,29199.9,3022.5
3744,36394.7,3047.4
3745,44849.2,2975.4
3746,64590.8,1282.8
3747,62423.7,145.4
3748,64196.2,0
3749,79789.6,0
3750,31792.9,1823.4
3751,53501.1,2778.3
3752,40912.8,7267.2
3753,20918.6,14646.7
3754,11822.9,16636.2
3755,1043.3,19388.7
3756,0,22939.1
3757,0,26473.1
3758,0,29922.3
3759,0,33318.1
3760,0,35054.6
3761,0,35499.2
3762,0,32087.6
3763,0,30131
3764,0,25523.7
3765,0,16667.4
3766,0,15808.8
3767,0,10209.4
3768,0,10235
3769,0,7141.6
3770,0,5756.1
3771,0,5649.6
3772,1416.9,5137.4
3773,5078,4343.8
3774,526.3,4627.5
3775,17837.9,4337.3
3776,10613.9,11869
3777,0,22600.8
3778,0,26015.3
3779,0,28903.8
3780,0,31212.8
3781,0,33114.4
3782,0,35016.5
3783,0,37027.1
3784,0,37685.6
3785,0,37883
3786,0,34349.2
3787,0,32199.8
3788,0,27464.4
3789,0,18088.3
3790,0,15263
3791,0,9375.3
3792,0,8467.7
3793,302.6,6028.4
3794,7741.9,4689.2
3795,21048.6,4348.7
3796,20243.2,4058.1
3797,18737.1,2789.1
3798,5764.5,3767
3799,30063.4,3898.9
3800,20015.9,10059
3801,2323.5,19178.1
3802,0,23844.9
3803,0,27883.7
3804,0,30348.2
3805,0,32315.1
3806,0,34404.9
3807,0,36491
3808,0,37498.9
3809,0,37755.6
3810,0,33680.1
3811,0,30097.9
3812,0,24967.1
3813,0,16347.3
3814,0,14585
3815,0,9523
3816,0,8817.7
3817,0,6825.9
3818,0,5827.8
3819,724,5802.8
3820,3838.9,5354.6
3821,7411,4383.2
3822,953.6,4706.3
3823,16202,4397.8
3824,10963.7,12158.2
3825,0,23276.1
3826,0,27565.3
3827,0,31137.6
3828,0,33555.8
3829,0,35463.9
3830,0,37316.7
3831,0,39485.8
3832,0,40632.9
3833,0,40601.9
3834,0,35671.5
3835,0,31527.1
3836,0,26130.2
3837,0,17195
3838,0,16274.1
3839,0,11422.2
3840,0,8337.1
3841,0,5968
3842,0,4630.1
3843,118.6,4833.5
3844,4565.3,3801.4
3845,9072.9,3137.3
3846,2358.8,2941.4
3847,25895.3,2998
3848,20057.4,5932.3
3849,1513.7,17416.6
3850,0,25042.2
3851,0,29215.4
3852,0,32560.7
3853,0,35212.1
3854,0,37130
3855,0,38680
3856,0,39778.9
3857,0,39466.9
3858,0,30451.1
3859,0,21784.6
3860,0,18507.7
3861,0,11684.4
3862,0,10722
3863,0,7113.2
3864,7732.2,5483.8
3865,20031.5,4065.1
3866,19277.3,3217.9
3867,24686.6,2409.2
3868,28883.4,1853.5
3869,37796.8,848.1
3870,22579.5,1729.4
3871,46853.9,1954
3872,42217.9,2517.8
3873,39938.9,2612.1
3874,27493,7219.4
3875,20423.7,8928.2
3876,8521.9,16312.3
3877,4302.6,18843.1
3878,1196.3,20570
3879,0,22143.5
3880,0,23016.5
3881,4603.3,16010.5
3882,18908.4,7625.1
3883,26665,6030.9
3884,31852.2,5213.7
3885,6860.5,5314.8
3886,23534,4586.4
3887,25404.9,3566
3888,30206.1,3222.6
3889,39611.5,4894.1
3890,41585.2,3152.2
3891,51251.6,3011.6
3892,75491,1157.5
3893,66620.6,32.4
3894,28107.9,2472
3895,56251.4,2974.8
3896,42965.8,7785.5
3897,23228.9,15308
3898,13215.5,17843.8
3899,942,22172.6
3900,0,25989.5
3901,0,29376.6
3902,0,32164
3903,0,34594.9
3904,0,36097.7
3905,0,36500.8
3906,0,32355
3907,0,29575.6
3908,0,24437.9
3909,0,14317.8
3910,97.1,10636.5
3911,11725.2,6421.8
3912,23105.5,4986.1
3913,24111.1,3711.5
3914,29449.2,3216.1
3915,40445.7,3748.1
3916,44491.8,1560.4
3917,58185.5,345.9
3918,21841.8,2907.6
3919,46429.2,3389.9
3920,31872.5,8732.9
3921,10255.4,16721.1
3922,669.2,20703.1
3923,0,25572.2
3924,0,28690.5
3925,0,30836.6
3926,0,32489.3
3927,0,34419.4
3928,0,35969
3929,0,36599.2
3930,0,33120.9
3931,0,30865.4
3932,0,25598.4
3933,0,15616.6
3934,0,12602.3
3935,0,7529.4
3936,4904.7,6657.6
3937,16739.3,4957.4
3938,15394.8,4382.9
3939,23247.1,4070.3
3940,19280.7,3268.3
3941,27088.2,2921.2
3942,12603.5,3621.7
3943,36380.7,3676.2
3944,24531.1,9503.3
3945,4738.5,17780.8
3946,0,21947.8
3947,0,26111.8
3948,0,29638.6
3949,0,32896.4
3950,0,35591.3
3951,0,38236.1
3952,0,39888
3953,0,39973.7
3954,0,35702.6
3955,0,32955.1
3956,0,27864.5
3957,0,18692.7
3958,0,18037.5
3959,0,11786.2
3960,0,7704
3961,964.1,5016.2
3962,14288.5,4001.2
3963,16670.8,2856
3964,17364.9,2681.5
3965,18612.2,2736.3
3966,9050.9,3873.3
3967,35014.5,3516.4
3968,26125.6,8396.6
3969,10914.3,15833.6
3970,5305.1,17516.1
3971,5.2,19580.8
3972,0,22819.1
3973,0,25339.6
3974,0,27800
3975,0,30521.8
3976,0,31727.6
3977,0,32379
3978,0,29321.6
3979,0,27198.7
3980,0,22434.6
3981,0,13306.5
3982,0,9589.7
3983,0,6135.3
3984,4577.1,4847.7
3985,15707.1,4288.9
3986,20284,3250.8
3987,19597,2387
3988,24670.1,1827
3989,28705.8,1570.5
3990,14195.8,3203.3
3991,39075.5,3319.2
3992,26151.1,8696.4
3993,4948,17017.7
3994,0,22016
3995,0,26731.6
3996,0,30467.6
3997,0,34347.6
3998,0,37611.6
3999,0,40230
4000,0,41483.9
4001,0,41768.2
4002,0,38016.6
4003,0,35605.1
4004,0,30523.9
4005,0,22024
4006,0,23457.9
4007,0,13792
4008,0,8232.8
4009,0,5307
4010,293.8,4259.1
4011,8159.2,3254.3
4012,15100.6,2446.1
4013,15378.1,2267
4014,8418.3,2869.8
4015,32801.8,2779
4016,23457.5,5475.2
4017,2673.2,16192.8
4018,0,24958.5
4019,0,30343
4020,0,34622.3
4021,0,37832
4022,0,40716.8
4023,0,43107.2
4024,0,45024.1
4025,0,45047.9
4026,0,36296.1
4027,0,27907.1
4028,0,24150.9
4029,0,16817.2
4030,0,21011.7
4031,0,14924.1
4032,0,11112
4033,0,6103.4
4034,122.4,4282.8
4035,7296.7,3698.4
4036,13082.2,2688.6
4037,16427.1,2359.5
4038,6866,2643.8
4039,31444.7,2690.8
4040,30320.9,3008.6
4041,26041.2,3261.9
4042,6186.6,10559.1
4043,103.6,14619.5
4044,0,24768.6
4045,0,29076.6
4046,0,31968.9
4047,0,34065.4
4048,0,35018.8
4049,0,26922
4050,0,16410.4
4051,0,14582.3
4052,0,13224
4053,0,13914.5
4054,0,14040.3
4055,0,9131.9
4056,0,9811.3
4057,0,7981.4
4058,35.4,6551
4059,4119.3,6362.7
4060,9426.8,4991.3
4061,13069.2,4094.3
4062,2410.4,4463
4063,25660.4,4409.5
4064,17255.8,11162.6
4065,311.5,21628.3
4066,0,26055.6
4067,0,30575.1
4068,0,33877.2
4069,0,36283.5
4070,0,37136
4071,0,37935.1
4072,0,38668.7
4073,0,38519.5
4074,0,34717.9
4075,0,32495.7
4076,0,27673.6
4077,0,18206.9
4078,0,17859.5
4079,0,10746.3
4080,0,9305.4
4081,124.7,6770.6
4082,8462.2,4563.6
4083,21526.2,4362.9
4084,19708.2,3881.4
4085,20458.1,3070
4086,9182.3,3651.7
4087,35928.8,3778.9
4088,24683.4,9693
4089,7122.4,17826.8
4090,161.9,22303.4
4091,0,26694.8
4092,0,29923.6
4093,0,33380
4094,0,36454.5
4095,0,39211
4096,0,40661
4097,0,40729.8
4098,0,36489.4
4099,0,34030.1
4100,0,28918.8
4101,0,19751.4
4102,0,22948.6
4103,0,15739.8
4104,0,15422.7
4105,0,9539.8
4106,0,8036.4
4107,0,8646.2
4108,581,6751.3
4109,4256,5085.9
4110,380,5379.6
4111,18182.4,4778.4
4112,10702.1,13106.9
4113,0,24255.3
4114,0,28063.6
4115,0,32048.9
4116,0,34935.1
4117,0,37145.1
4118,0,39367.5
4119,0,41695.2
4120,0,42962.4
4121,0,43431.6
4122,0,40007.1
4123,0,38110.8
4124,0,33600.3
4125,0,26325.1
4126,0,25657
4127,0,17254.2
4128,0,22926.1
4129,0,15225
4130,0,8032.3
4131,678.2,7132.1
4132,8424.2,5374.2
4133,16258.6,4095
4134,4492.2,4367.4
4135,24122.1,4548.4
4136,13732.1,12516.4
4137,0,24644.4
4138,0,29477.5
4139,0,33879.5
4140,0,36844.9
4141,0,39243.9
4142,0,41501.4
4143,0,43547.9
4144,0,43818.6
4145,0,43370.7
4146,0,37795.2
4147,0,33209.5
4148,0,27628.9
4149,0,18237
4150,0,17938.1
4151,0,11724.6
4152,0,11117.6
4153,0,8952.6
4154,0,7498.9
4155,0,8218.7
4156,1534.6,6933.4
4157,5037.2,5164.7
4158,513.9,5446
4159,18643,4863.8
4160,13080.8,12753.9
4161,266,22364.1
4162,0,24498.3
4163,0,27668.6
4164,0,30624
4165,0,33317
4166,0,36214.8
4167,0,38701.7
4168,0,39676
4169,0,40362.2
4170,0,36809.8
4171,0,34272.1
4172,0,29196.1
4173,0,20657.6
4174,0,23196
4175,0,15714.8
4176,0,10216.5
4177,0,5236.1
4178,4748.2,3644.3
4179,15520.1,2437.1
4180,17300.1,1779.5
4181,20400.2,1251.3
4182,10467.7,2632.6
4183,36301.2,2600.8
4184,28284.1,4994.5
4185,12522.8,14145.3
4186,710.2,22193
4187,0,26570.6
4188,0,29016.4
4189,0,31346.4
4190,0,33448.1
4191,0,34814.8
4192,0,35917.4
4193,0,35833.1
4194,0,27650.6
4195,0,19657.6
4196,0,16362.5
4197,0,9953
4198,0,9456.2
4199,2263.3,5153.9
4200,18663.9,4854.5
4201,18863.1,3788.4
4202,21039.4,3723.3
4203,23818.6,2571.5
4204,31477.9,1731.2
4205,35944,415.7
4206,21723.7,1658.9
4207,46979.9,1893
4208,43766.3,2429.9
4209,41772.9,2611.8
4210,27494.2,7366.2
4211,16631.7,9643.2
4212,2146.9,18747.4
4213,0,22643.8
4214,0,25312.8
4215,0,27186.9
4216,0,28686.8
4217,0,23421.7
4218,0,16121
4219,0,14253.5
4220,1612.8,11153
4221,0,10295.4
4222,0,9556.9
4223,0,5446
4224,6396.6,5674.1
4225,19139.1,4493.6
4226,18856.5,3742.8
4227,18509,3086.8
4228,19793.8,4130.2
4229,24028.6,3699.4
4230,10232,3515.3
4231,37489.2,3724.1
4232,25062.2,9793.6
4233,3037,18985.7
4234,0,24665
4235,0,29482.5
4236,0,32832.6
4237,0,35699.1
4238,0,38404
4239,0,40986.4
4240,0,42297.7
4241,0,42127.4
4242,0,38116.7
4243,0,35946.5
4244,0,30895.7
4245,0,22171.9
4246,0,25570.6
4247,0,17683.6
4248,0,14696.3
4249,0,9128
4250,0,7089.4
4251,177.2,6870.4
4252,5520.4,5524.3
4253,11644.7,4398.5
4254,2120,4649.8
4255,22586.3,4654.3
4256,13300.8,12678.4
4257,0,24234.5
4258,0,28857
4259,0,33631.6
4260,0,37181.6
4261,0,40033.9
4262,0,42816
4263,0,45581.5
4264,0,45889.8
4265,0,45078.8
4266,0,40965.3
4267,0,38930.8
4268,0,34509.4
4269,0,27139.5
4270,0,30766.2
4271,0,22844.5
4272,0,23107.6
4273,0,16228
4274,0,11877.3
4275,0,10583.6
4276,0,7954.4
4277,489.8,6514.6
4278,0,6367.2
4279,12733.2,5706.6
4280,2791.8,15857.3
4281,0,27221
4282,0,31653.2
4283,0,36225.6
4284,0,39393.7
4285,0,42476.5
4286,0,45398.3
4287,0,49058.5
4288,0,51259
4289,0,51258.6
4290,0,45602.3
4291,0,42612.2
4292,0,37737.2
4293,0,31717.9
4294,0,40270.2
4295,0,27475.1
4296,0,28171.2
4297,0,22830.4
4298,0,17612.1
4299,0,18733.9
4300,0,12427.7
4301,0,7887.6
4302,0,7975.5
4303,9645.5,7332.9
4304,2024.1,17339.1
4305,0,28538.1
4306,0,33354.1
4307,0,37409.2
4308,0,40326.2
4309,0,42947.5
4310,0,45470.7
4311,0,48836.7
4312,0,50427.2
4313,0,50233.2
4314,0,44587.6
4315,0,41918.8
4316,0,37532.1
4317,0,32786.8
4318,0,47257.2
4319,0,33356.3
4320,0,36130.6
4321,0,23842.4
4322,0,20086.1
4323,0,22201.6
4324,0,17420
4325,0,13328.8
4326,0,10370.8
4327,4813.4,9423.9
4328,9.3,19063.3
4329,0,29932.7
4330,0,34116.5
4331,0,37720
4332,0,40134.9
4333,0,42261.2
4334,0,44420.5
4335,0,47381.2
4336,0,48851.5
4337,0,48828.1
4338,0,43833.3
4339,0,41614.4
4340,0,37332.8
4341,0,31768.7
4342,0,41495.2
4343,0,29647.9
4344,0,25312.2
4345,0,19480.4
4346,0,13447.1
4347,0,17137.2
4348,0,12732.8
4349,0,9398.3
4350,0,7227.7
4351,8884.6,5744.2
4352,6995.7,10828.5
4353,0,22127.6
4354,0,29222.3
4355,0,32454.3
4356,0,33536.1
4357,0,34184.5
4358,0,35284.9
4359,0,36921
4360,0,38366.3
4361,0,38086.7
4362,0,28658.8
4363,0,19812.8
4364,0,17187.6
4365,0,11402.6
4366,0,11817.5
4367,0,7906.1
4368,0,7110.5
4369,0,5288.6
4370,0,4798.2
4371,0,4410.8
4372,97.5,4583.3
4373,2266.2,3919.6
4374,121.5,2930.9
4375,19438.7,2929.6
4376,23771.8,3200.3
4377,22365.2,3291.9
4378,9329.4,9989.8
4379,1194.3,12729.6
4380,0,21372.3
4381,0,24634.2
4382,0,27018.6
4383,0,28881.3
4384,0,30266.9
4385,0,24405.8
4386,0,15796.5
4387,0,12641.2
4388,0,10733
4389,0,11616.2
4390,0,11408.6
4391,0,7232.5
4392,0,8781.6
4393,0,7328
4394,0,6170.2
4395,0,5982.9
4396,27.3,5320.7
4397,1729.8,4544.7
4398,0,5028.7
4399,17197.8,4501.9
4400,12783.2,11954.3
4401,0,21851.3
4402,0,24807.4
4403,0,27892.2
4404,0,30469.4
4405,0,33001.2
4406,0,35141.6
4407,0,37146
4408,0,38130.9
4409,0,38073.2
4410,0,33927.5
4411,0,31651.1
4412,0,27369.6
4413,0,18709.1
4414,0,21219.7
4415,0,14983
4416,0,10716.9
4417,0,6406.3
4418,0,4830
4419,0,5081.9
4420,0,4121.2
4421,1025.6,2818.7
4422,122.4,2731.3
4423,24296.4,2704.4
4424,26313,2967
4425,26369.7,2945.7
4426,16483.8,7769.2
4427,11622.9,9392.1
4428,1042.3,17338.3
4429,0,19609.2
4430,0,21487
4431,0,23337.5
4432,0,25050.9
4433,0,19511.7
4434,0,12393.6
4435,0,10853.2
4436,1806.6,9471.9
4437,0,9813.7
4438,0,7409.2
4439,0,4533.3
4440,0,5524.5
4441,2837.8,4698.1
4442,8943.3,4395.4
4443,15359.4,4243.1
4444,18911.8,3807.9
4445,19814.5,2812.5
4446,4683.3,3661.6
4447,28334.6,3809
4448,19576,9992.2
4449,1935.4,19366.3
4450,0,22790.4
4451,0,25921
4452,0,28377.8
4453,0,30924.6
4454,0,32981.7
4455,0,34821.1
4456,0,35643.1
4457,0,35615.1
4458,0,31864
4459,0,30056.5
4460,0,26171.4
4461,0,17827.5
4462,0,19826.7
4463,0,14257.8
4464,0,13360
4465,0,8506.8
4466,0,6807.4
4467,0,6801.2
4468,0,5450.5
4469,0,4730.9
4470,0,5482.3
4471,12781.4,4718
4472,7370.1,13429.6
4473,0,23916.5
4474,0,27826.8
4475,0,32007
4476,0,35462.6
4477,0,38296
4478,0,40700.7
4479,0,43040.7
4480,0,44610.1
4481,0,45019.4
4482,0,41149.9
4483,0,39368.3
4484,0,35280
4485,0,29425.8
4486,0,37285.9
4487,0,23837.1
4488,0,24939.2
4489,0,19623.1
4490,0,15505.3
4491,0,14916.1
4492,0,9506.5
4493,0,7559.3
4494,0,8539.7
4495,5383.6,7712.4
4496,327.7,17030.4
4497,0,27736.3
4498,0,32100.6
4499,0,36104.3
4500,0,38897.2
4501,0,41621.8
4502,0,44136.8
4503,0,47511.4
4504,0,49011.7
4505,0,48837.7
4506,0,43682.6
4507,0,41308.9
4508,0,37039.2
4509,0,31709.3
4510,0,41551
4511,0,28936.8
4512,0,24629.7
4513,0,18194.2
4514,0,16578.8
4515,0,14628.7
4516,0,13832.8
4517,0,11652.5
4518,0,8161.6
4519,3295.7,6683.5
4520,150.3,12890.8
4521,0,25179.2
4522,0,33787.5
4523,0,38351.9
4524,0,41416.7
4525,0,44416.1
4526,0,47751.7
4527,0,50453.4
4528,0,52561.4
4529,0,52461.2
4530,0,41317.8
4531,0,33420.1
4532,0,31090.6
4533,0,27696.1
4534,0,44832.6
4535,0,33663.5
4536,0,34382.9
4537,0,22639.9
4538,0,18400.4
4539,0,20780.5
4540,0,17379.5
4541,0,12871.5
4542,0,11389.7
4543,0,10371.9
4544,0,8956.4
4545,0,10110.4
4546,0,21278.4
4547,0,24847.1
4548,0,33916.2
4549,0,37188.9
4550,0,39526.2
4551,0,41332.8
4552,0,42689
4553,0,40275.3
4554,0,32662.7
4555,0,30844.6
4556,0,29156.4
4557,0,33402.6
4558,0,40357.1
4559,0,33204.3
4560,0,41995.1
4561,0,26021.7
4562,0,20633.8
4563,0,25450.9
4564,0,20432.4
4565,0,18082.6
4566,0,13607.3
4567,0,12979.5
4568,0,22093.6
4569,0,32834.6
4570,0,36589.5
4571,0,39926.7
4572,0,42469.1
4573,0,45444.5
4574,0,48485.4
4575,0,51669.1
4576,0,52998.1
4577,0,52662.3
4578,0,47304.3
4579,0,44056.4
4580,0,39058.3
4581,0,34139.4
4582,0,43171.9
4583,0,29414.4
4584,0,28934.6
4585,0,18457.2
4586,0,15691.6
4587,0,18583.2
4588,0,13771.2
4589,0,11392.2
4590,0,10036
4591,5086.4,9226
4592,227,18580
4593,0,29410.5
4594,0,33957
4595,0,38207.8
4596,0,41242.8
4597,0,44244.9
4598,0,47606.2
4599,0,51007.5
4600,0,52478.1
4601,0,52398.8
4602,0,47427.2
4603,0,44527.4
4604,0,39385.6
4605,0,34422.1
4606,0,42369.4
4607,0,28026
4608,0,26510.4
4609,0,19983.3
4610,0,15182.9
4611,0,15020.9
4612,0,9092.5
4613,0,7846.6
4614,0,7884.7
4615,10893,6865.2
4616,4398.9,16455.5
4617,0,28025.8
4618,0,33179.3
4619,0,37382.7
4620,0,40226.6
4621,0,43071.5
4622,0,46379.8
4623,0,50199.1
4624,0,52077.8
4625,0,51942.4
4626,0,46549.4
4627,0,43107.9
4628,0,38309.8
4629,0,33722.4
4630,0,45617.9
4631,0,33347.3
4632,0,34049
4633,0,23839.4
4634,0,19245.6
4635,0,22135.9
4636,0,16587.8
4637,0,16659.5
4638,0,12331.9
4639,126.8,10743.2
4640,0,19859.4
4641,0,30600.9
4642,0,34649.7
4643,0,37999.8
4644,0,40468.5
4645,0,43085.5
4646,0,45546.7
4647,0,47872.7
4648,0,48392
4649,0,47479.5
4650,0,41886
4651,0,39730.4
4652,0,35653.2
4653,0,30107.3
4654,0,39210.8
4655,0,26336.4
4656,0,27292.9
4657,0,21732.1
4658,0,15658.3
4659,0,21408.6
4660,0,16252.7
4661,0,13107.7
4662,0,10605.4
4663,2827.7,9479.3
4664,0,18840.9
4665,0,29908.7
4666,0,34448
4667,0,38063.1
4668,0,40605.5
4669,0,42943.9
4670,0,45046.4
4671,0,47873.9
4672,0,48839.1
4673,0,48270.5
4674,0,42948.2
4675,0,40806.5
4676,0,36363.4
4677,0,30406.2
4678,0,36953.4
4679,0,22122.5
4680,0,16839.8
4681,0,9214.3
4682,3725.9,5508.2
4683,18630,4786.9
4684,21803.6,3521.5
4685,18734.4,3155.5
4686,8977.6,3354
4687,32446.7,3376.8
4688,25649,6267.7
4689,9660.2,17384.8
4690,0,25531.8
4691,0,30563.7
4692,0,34321
4693,0,37740.7
4694,0,40452.9
4695,0,42575.8
4696,0,44350.1
4697,0,44542.8
4698,0,36269.1
4699,0,28128.5
4700,0,25082
4701,0,18685.5
4702,0,22403.4
4703,0,15498
4704,0,12321.4
4705,0,7345.2
4706,99.4,5161.8
4707,6244.8,4828.2
4708,15171.9,4515.7
4709,17391.1,3104.7
4710,4785.5,2973.1
4711,24125.3,3075.5
4712,24250.1,3444.3
4713,21458.8,3658.4
4714,6817.8,12087.8
4715,108,15067
4716,0,23021.1
4717,0,25146
4718,0,26496.7
4719,0,27638.5
4720,0,28562.9
4721,0,22474.8
4722,0,15183.7
4723,0,13562.3
4724,0,12481.3
4725,0,13563.3
4726,0,14575.1
4727,0,9895.9
4728,0,10584.7
4729,0,8418.1
4730,0,6753.1
4731,5310.3,5654.3
4732,15036.2,4506
4733,23358.7,4634.2
4734,4108.4,4292.3
4735,25453.1,4332.3
4736,16852.2,11240.6
4737,0,22087.6
4738,0,26653
4739,0,31362.3
4740,0,35462.3
4741,0,38860.6
4742,0,41402.3
4743,0,43676.4
4744,0,44810.6
4745,0,44849.8
4746,0,40952.9
4747,0,39090.7
4748,0,34638.6
4749,0,27495.1
4750,0,27114.6
4751,0,17708.1
4752,0,22016.6
4753,0,14438.6
4754,0,9742.2
4755,0,9170.5
4756,262.4,7039.3
4757,4239.6,5370.5
4758,377.8,5791.9
4759,16560,5062.6
4760,10465.1,13750.4
4761,0,25138.1
4762,0,30141.5
4763,0,35172.8
4764,0,38709.3
4765,0,42023.6
4766,0,44879.6
4767,0,48701.7
4768,0,50643.3
4769,0,50499.5
4770,0,45193.2
4771,0,42392.5
4772,0,37890
4773,0,32376.8
4774,0,40291.8
4775,0,26162.6
4776,0,26107.3
4777,0,21365.3
4778,0,15317.4
4779,0,14103.7
4780,0,9030.5
4781,0,7854.3
4782,0,8125.9
4783,8030.8,7530.4
4784,1422,17292.8
4785,0,28875.7
4786,0,33913
4787,0,37915.8
4788,0,40926.2
4789,0,43889.5
4790,0,47382.3
4791,0,51192.6
4792,0,52949.4
4793,0,52557.8
4794,0,46997
4795,0,43434.3
4796,0,38808
4797,0,34284.8
4798,0,42596
4799,0,34433.8
4800,0,40573
4801,0,26801.8
4802,0,22377.4
4803,0,26049.9
4804,0,22109.8
4805,0,19201.1
4806,0,14792.4
4807,0,12406
4808,0,21126.7
4809,0,31281.6
4810,0,34500.4
4811,0,37621
4812,0,39877.4
4813,0,42290.7
4814,0,44873
4815,0,47949
4816,0,49303.7
4817,0,47950.3
4818,0,41263.9
4819,0,37828.1
4820,0,32637.4
4821,0,26955.5
4822,0,33302.7
4823,0,22969.7
4824,0,26146.2
4825,0,21633.3
4826,0,17017.4
4827,0,17102.6
4828,0,16668.9
4829,0,13870
4830,0,10539.7
4831,3652.8,9013.5
4832,0,18151.8
4833,0,29055.4
4834,0,33516.6
4835,0,37120.7
4836,0,39295.1
4837,0,41264.3
4838,0,43002.7
4839,0,45388.3
4840,0,46675.7
4841,0,46538.3
4842,0,41996.3
4843,0,40276.9
4844,0,36316.4
4845,0,30886.6
4846,0,40450
4847,0,27860.7
4848,0,24285.3
4849,0,18283.3
4850,0,14735.2
4851,0,14413.7
4852,0,11446.5
4853,0,8125.8
4854,0,6206.7
4855,9912.9,4967.5
4856,7903.8,9924.1
4857,0,21451.5
4858,0,29077.2
4859,0,33639.5
4860,0,36591.3
4861,0,38968.9
4862,0,40839.2
4863,0,42297.4
4864,0,43335.9
4865,0,43040.5
4866,0,34518.7
4867,0,26305
4868,0,23585.8
4869,0,17215
4870,0,18543.3
4871,0,15089.9
4872,0,16158.2
4873,0,10928.8
4874,0,6467.7
4875,1722.7,5377.5
4876,13720.4,4665.2
4877,20057.2,2935
4878,8979.6,2832.7
4879,34411.2,2822.9
4880,35179.6,3214.4
4881,33587.3,3313.3
4882,20112.8,9288.8
4883,10131.2,12618.7
4884,0,22266.2
4885,0,26555.6
4886,0,29727.7
4887,0,31956.4
4888,0,33540.6
4889,0,28433.7
4890,0,20352
4891,0,17780
4892,0,15088.1
4893,0,13952.5
4894,0,11706.2
4895,0,6989.8
4896,4247,8172.3
4897,15836.5,5608.4
4898,19035.3,4441.5
4899,21480.8,5046.6
4900,23007.2,4672.4
4901,17371.5,4059.3
4902,6547.9,4011.8
4903,29026.7,4149.8
4904,18806.7,10757.1
4905,919.8,21060.9
4906,0,25729.4
4907,0,29452.2
4908,0,31786.7
4909,0,33686.5
4910,0,35071.4
4911,0,36312.4
4912,0,36412.4
4913,0,36172.5
4914,0,32561.4
4915,0,30872.8
4916,0,26985.3
4917,0,18573.4
4918,0,22855.1
4919,0,15926.2
4920,0,16468.4
4921,0,10604.5
4922,0,8108.9
4923,0,8379
4924,0,6027.6
4925,1489.2,4934.2
4926,0,5283.3
4927,17864,4661.8
4928,13230,11622.2
4929,807.9,20920.2
4930,0,23196.3
4931,0,25325.7
4932,0,26697
4933,0,27872.3
4934,0,29172.5
4935,0,30925.4
4936,0,31851.7
4937,0,31998.4
4938,0,28401.9
4939,0,26786
4940,0,23159.4
4941,0,15169.3
4942,0,14751.3
4943,0,10180.4
4944,0,9660.6
4945,0,7881.6
4946,0,6580.7
4947,0,7198.9
4948,0,5663.5
4949,0,4839.9
4950,0,5413
4951,13162.3,4636.9
4952,8888.3,12845.9
4953,0,23164.1
4954,0,26624
4955,0,30284.8
4956,0,33395
4957,0,36011.6
4958,0,37989.6
4959,0,39983.3
4960,0,41168.6
4961,0,41322.9
4962,0,37542
4963,0,35643.8
4964,0,31386.1
4965,0,24693.2
4966,0,27082.6
4967,0,20572.6
4968,0,21390.8
4969,0,17408.6
4970,0,15622.2
4971,0,15331.8
4972,0,10426.3
4973,0,8102.8
4974,0,8432.8
4975,5407.4,7253.9
4976,457.5,16338.5
4977,0,26870
4978,0,30981.9
4979,0,34816.2
4980,0,37243.7
4981,0,39455.1
4982,0,41420.7
4983,0,43551.3
4984,0,44906.5
4985,0,44793.3
4986,0,40752.1
4987,0,39110.6
4988,0,35052.7
4989,0,29029.8
4990,0,34340.3
4991,0,21678.7
4992,0,21975.2
4993,0,15922
4994,0,14606.4
4995,0,15388.9
4996,0,10598.4
4997,0,8412.4
4998,0,8234.6
4999,7635.3,7015.2
5000,2776.2,15749.5
5001,0,25453.9
5002,0,28239.5
5003,0,30601.3
5004,0,31854.2
5005,0,32875.5
5006,0,34409.7
5007,0,36894.7
5008,0,38574.6
5009,0,38507.3
5010,0,33856
5011,0,30866.8
5012,0,26317.2
5013,0,17889
5014,0,20008.9
5015,0,15087.1
5016,0,12589.3
5017,0,8871.8
5018,0,5976.7
5019,0,6007.4
5020,0,5203.4
5021,0,4484.7
5022,0,4142.9
5023,10834.5,3743.9
5024,7977,8933.9
5025,0,20701.7
5026,0,28484.2
5027,0,33027
5028,0,35559.2
5029,0,37601.8
5030,0,39245
5031,0,40543.2
5032,0,41470.2
5033,0,41154.2
5034,0,32029.4
5035,0,23126.2
5036,0,19987.9
5037,0,13213.9
5038,0,12711.3
5039,0,7570.5
5040,0,5963.9
5041,5757.8,4344.8
5042,16361.8,3302.1
5043,16986.3,2922.6
5044,22550.8,2680.7
5045,25328.9,2249.1
5046,14824.8,2366.8
5047,41641.1,2176.8
5048,39040.7,2635.1
5049,35758.5,2747.2
5050,19665.6,7628.3
5051,7395.1,10534.9
5052,0,20344.6
5053,0,24574.7
5054,0,27919.2
5055,0,30709.1
5056,0,32924.2
5057,0,28522.6
5058,0,20478
5059,0,17826.7
5060,0,15360.4
5061,0,14702.7
5062,0,12675
5063,0,7426.6
5064,0,8575
5065,1285.2,5940.8
5066,9714.9,4644.4
5067,22164,4470.9
5068,17797.4,4157.9
5069,17695,3201.5
5070,3740,4120.9
5071,25527.7,4177.8
5072,16502.8,10956.1
5073,0,21598.9
5074,0,26152.8
5075,0,30588.6
5076,0,34397.2
5077,0,37642.8
5078,0,40236.7
5079,0,42644
5080,0,43937.9
5081,0,44045
5082,0,40174.9
5083,0,37988.9
5084,0,32992.7
5085,0,26017.2
5086,0,25026.3
5087,0,20919
5088,0,24415.8
5089,0,17098.9
5090,0,13645.6
5091,0,14536.5
5092,0,11159.7
5093,0,9209.3
5094,0,9003.1
5095,3342.3,8257.6
5096,0,17832.9
5097,0,29259.9
5098,0,33717.5
5099,0,37282.3
5100,0,39893.6
5101,0,42268.7
5102,0,45329.4
5103,0,48552.7
5104,0,48909.9
5105,0,47221
5106,0,41470.2
5107,0,39130.4
5108,0,34819.4
5109,0,29148.9
5110,0,37415.1
5111,0,24541.9
5112,0,26852.5
5113,0,21432.4
5114,0,16062.4
5115,0,20764
5116,0,14145.6
5117,0,9114.7
5118,0,8715.1
5119,8580.4,7274.2
5120,2292.4,16805.7
5121,0,27448.3
5122,0,31493.5
5123,0,35726.4
5124,0,38655.6
5125,0,41131.1
5126,0,43451.2
5127,0,46643.9
5128,0,48291.8
5129,0,48617.1
5130,0,43665.3
5131,0,41207.8
5132,0,36422.7
5133,0,29822.8
5134,0,28280.4
5135,0,19710.6
5136,0,23708.3
5137,0,14327.5
5138,0,9929.6
5139,0,11039.5
5140,1730.2,8387.2
5141,9705.4,6973.9
5142,1260.2,5948.8
5143,20934.2,5255.8
5144,13179.1,14595
5145,0,25345
5146,0,29107.5
5147,0,33241
5148,0,36735
5149,0,39549.2
5150,0,42237.6
5151,0,45296.3
5152,0,47616.4
5153,0,48248.1
5154,0,43831
5155,0,41260.2
5156,0,35846.3
5157,0,28908.9
5158,0,27974.8
5159,0,21390.8
5160,0,21794.6
5161,0,11941.6
5162,0,7646.9
5163,162,7757.1
5164,7668.5,5404.5
5165,15436,4165.5
5166,3983.3,4333.5
5167,24249.7,4643.4
5168,13320.5,12230.2
5169,0,24452.5
5170,0,29491.2
5171,0,34035.8
5172,0,37407.2
5173,0,40328.6
5174,0,42701.6
5175,0,45813.1
5176,0,47481.9
5177,0,47007.5
5178,0,42094.6
5179,0,40144.7
5180,0,35507.3
5181,0,29105.5
5182,0,33930.1
5183,0,23023
5184,0,18693.4
5185,0,14063.1
5186,0,9696.3
5187,0,7272.8
5188,0,5289
5189,2212.5,4182.4
5190,318,3564.3
5191,22367.2,3684.3
5192,14693.5,7541.4
5193,0,19965.8
5194,0,28753.2
5195,0,34406.8
5196,0,37629.5
5197,0,40759.5
5198,0,43015.4
5199,0,44775.1
5200,0,46077.2
5201,0,45283.7
5202,0,36332.5
5203,0,28322.3
5204,0,24850.5
5205,0,18796
5206,0,23209
5207,0,17898.4
5208,0,14453.8
5209,0,7858.5
5210,84.8,5476.2
5211,8338.8,5044.9
5212,17357.8,3769.7
5213,17682,2999.2
5214,10009.9,2521.6
5215,31577.5,2821.5
5216,28191.2,3408.8
5217,20929.5,3726.3
5218,1226.2,12506.5
5219,0,16569.2
5220,0,26553.3
5221,0,30717.9
5222,0,33623.9
5223,0,36080.8
5224,0,38021.7
5225,0,35456.8
5226,0,28491.9
5227,0,26108.4
5228,0,22204.5
5229,0,23050.6
5230,0,22407.2
5231,0,16651.7
5232,0,21255.2
5233,0,12376
5234,0,8215
5235,2079.9,7376
5236,9864.7,5557.8
5237,15028,4496.1
5238,3543.2,4736.4
5239,22307.4,4984.2
5240,10403,14077.8
5241,0,25076.2
5242,0,28617.8
5243,0,32576.9
5244,0,36499.7
5245,0,39951.9
5246,0,42602.2
5247,0,45675
5248,0,47014.5
5249,0,46969.8
5250,0,42531
5251,0,40600.1
5252,0,36236.7
5253,0,30653.3
5254,0,40317.3
5255,0,28106.7
5256,0,29443.7
5257,0,22513
5258,0,17482.4
5259,0,24500.3
5260,0,19034.3
5261,0,15752.3
5262,0,11564
5263,182.4,10174.5
5264,0,19446
5265,0,29693.9
5266,0,32122.5
5267,0,34951.8
5268,0,37173.2
5269,0,38391.4
5270,0,39697.1
5271,0,40921.7
5272,0,40347.9
5273,0,39260.4
5274,0,35002.2
5275,0,32646.2
5276,0,28487.5
5277,0,20647.8
5278,0,23217.7
5279,0,17375.7
5280,0,18747.6
5281,0,13528
5282,0,9875.1
5283,0,9351.8
5284,0,6942.8
5285,0,4783.8
5286,0,5046.6
5287,18688.5,4555.6
5288,13318.6,11706.3
5289,79.5,21881.9
5290,0,25085.6
5291,0,28679.5
5292,0,31887.4
5293,0,35110.7
5294,0,37922.1
5295,0,40767.1
5296,0,42478.9
5297,0,42723.4
5298,0,38501.1
5299,0,35606.6
5300,0,29886.9
5301,0,19082.1
5302,0,14240.9
5303,0,8203.8
5304,4877.7,6938.4
5305,20125,4766.9
5306,19528.8,3644.2
5307,24506.3,3204.3
5308,26908.2,2510.1
5309,27333.7,2620.2
5310,12699.9,3826.6
5311,39080.1,3816.2
5312,29004,9599.1
5313,11182.8,17372.6
5314,1155.1,21719.4
5315,0,26522.9
5316,0,30627.7
5317,0,34912.5
5318,0,38012.3
5319,0,40872.6
5320,0,42405.1
5321,0,42505.1
5322,0,38440.4
5323,0,36077
5324,0,31461.9
5325,0,24594.5
5326,0,26084.6
5327,0,20307.4
5328,0,21616.6
5329,0,16359.8
5330,0,11860.1
5331,0,11188.9
5332,0,8800.8
5333,0,7136.4
5334,0,6565.2
5335,12267.1,5296.6
5336,5949.2,14536.2
5337,0,25431.3
5338,0,30240.8
5339,0,35138.3
5340,0,38266
5341,0,40588.9
5342,0,42607.2
5343,0,45381.2
5344,0,47092.7
5345,0,47137.1
5346,0,41640.6
5347,0,39141.8
5348,0,34715.9
5349,0,28235.7
5350,0,34984.7
5351,0,23712.9
5352,0,23087.1
5353,0,18762.6
5354,0,13514.7
5355,0,10675.8
5356,0,7172.9
5357,0,5222.7
5358,0,4157.1
5359,16365.8,4031.1
5360,10020.5,9326.2
5361,0,21974.4
5362,0,30375.2
5363,0,35615.2
5364,0,38925.9
5365,0,42158.4
5366,0,45666.6
5367,0,49262.1
5368,0,51403.8
5369,0,51373.1
5370,0,40528.5
5371,0,32264.2
5372,0,29670.8
5373,0,25431.9
5374,0,37734.9
5375,0,23958.9
5376,0,25974.5
5377,0,19125.2
5378,0,15298.7
5379,0,17408.3
5380,0,14407.2
5381,0,12164.2
5382,0,8351.6
5383,3760.4,6278.9
5384,6040.2,6269.1
5385,1018.5,7634.4
5386,0,18125.7
5387,0,21320.6
5388,0,30450.1
5389,0,33262.8
5390,0,35329.4
5391,0,36849.6
5392,0,38185.3
5393,0,35377.2
5394,0,27577.2
5395,0,25452.3
5396,0,24112.2
5397,0,27333.6
5398,0,37212.9
5399,0,26596.1
5400,0,31509.8
5401,0,20369.1
5402,0,15543.4
5403,0,19836.3
5404,0,16103.7
5405,0,12151.4
5406,0,10021.8
5407,4688.8,8305.8
5408,292.6,17256.1
5409,0,27947
5410,0,32639.5
5411,0,37570
5412,0,40808.8
5413,0,43763.5
5414,0,47405.3
5415,0,50733.5
5416,0,49020.9
5417,0,46192.2
5418,0,40118.2
5419,0,36145.5
5420,0,30500.4
5421,0,21970.7
5422,0,22042.3
5423,0,18842
5424,0,19827.7
5425,0,14617.1
5426,0,11312.3
5427,0,11245.7
5428,0,8300.4
5429,0,6954.1
5430,0,6882.5
5431,10105.1,5665.5
5432,5167.5,14605.8
5433,0,24538
5434,0,27540.2
5435,0,30515.9
5436,0,32353.7
5437,0,33955.8
5438,0,35501
5439,0,37106.6
5440,0,38136.3
5441,0,38449.3
5442,0,34420.3
5443,0,32188.7
5444,0,28073.8
5445,0,19777.6
5446,0,22375.8
5447,0,18857.8
5448,0,17711.5
5449,0,8851.5
5450,0,6238.8
5451,0,5477.1
5452,2960.2,4643.5
5453,12346.5,4323.7
5454,1848.3,3952.9
5455,25662.7,4097.2
5456,14992.7,10813.9
5457,0,21755
5458,0,26106.9
5459,0,30378.3
5460,0,33789.7
5461,0,36982.1
5462,0,39530.7
5463,0,42173.8
5464,0,43621.1
5465,0,43815.9
5466,0,40016.2
5467,0,37975.4
5468,0,33359.1
5469,0,25748.1
5470,0,22886.7
5471,0,19726.2
5472,0,24156.5
5473,0,16954.1
5474,0,13108
5475,0,10403.3
5476,0,8285.4
5477,0,6997.8
5478,0,6636.6
5479,11010.8,5442.8
5480,5629.3,14629.4
5481,0,25564.1
5482,0,30603.2
5483,0,35526.1
5484,0,38748.9
5485,0,41801.4
5486,0,45038.5
5487,0,49191.7
5488,0,51271.3
5489,0,51503.4
5490,0,46415.3
5491,0,42761.9
5492,0,37865.1
5493,0,33249.9
5494,0,42769.7
5495,0,28524.6
5496,0,29126.8
5497,0,19180.6
5498,0,16007.8
5499,0,16316.8
5500,0,9555.3
5501,0,7760.2
5502,0,7404.6
5503,10112,6612.3
5504,516.7,17148
5505,0,28619.2
5506,0,32870.1
5507,0,36591.1
5508,0,39388.4
5509,0,41829.4
5510,0,44467.8
5511,0,47907.4
5512,0,49176.7
5513,0,48653.1
5514,0,43199.4
5515,0,40755.9
5516,0,36356.9
5517,0,30627.6
5518,0,36790.5
5519,0,24070.8
5520,0,22376.3
5521,0,15100.6
5522,0,8639.2
5523,0,7777.7
5524,900.2,5677.5
5525,7115.8,5033.1
5526,893.5,3924.6
5527,21400.1,3872.1
5528,17273.8,7182.1
5529,1229.5,18652.3
5530,0,26233
5531,0,30815.9
5532,0,34648.3
5533,0,38215.9
5534,0,40985.6
5535,0,43355.8
5536,0,45543.1
5537,0,45663.9
5538,0,36355.6
5539,0,27688.1
5540,0,24741.1
5541,0,19508.8
5542,0,21441.6
5543,0,18349
5544,0,18418.9
5545,0,14947
5546,0,11532.5
5547,0,8540.9
5548,0,5559
5549,0,4593.1
5550,0,3536.7
5551,16426.9,3354.4
5552,20515.6,3578.9
5553,19377.2,3544
5554,8909.5,10025.6
5555,467.7,13114.4
5556,0,22312.2
5557,0,26301.8
5558,0,29455.9
5559,0,31539.2
5560,0,32642.9
5561,0,26286.4
5562,0,17340
5563,0,14479.7
5564,0,12423.7
5565,0,11906.6
5566,0,9614.7
5567,0,5531.1
5568,0,6708.9
5569,0,5059.2
5570,653.7,4041.1
5571,6727.5,4229.7
5572,12394,3355.2
5573,16247.8,3398.7
5574,4077.1,3753.6
5575,29389.9,3768.2
5576,20420,9281.5
5577,6988.6,16598
5578,2564.4,18670.5
5579,0,21562.6
5580,0,23389.6
5581,0,25225.2
5582,0,26432.7
5583,0,28450.1
5584,0,29885.2
5585,0,30154.1
5586,0,26560.8
5587,0,24702.7
5588,0,20962.8
5589,0,12788.4
5590,0,9986.8
5591,0,6569.6
5592,0,5501.8
5593,2273.2,4522
5594,10530.3,3875.3
5595,16592.2,3390.5
5596,17590.6,2371.7
5597,16702.5,2134.3
5598,5265.1,3616.9
5599,32978.8,3496.6
5600,22537.9,8748.6
5601,4120.8,16392.7
5602,0,20610.3
5603,0,25183.2
5604,0,28984.2
5605,0,33016.8
5606,0,36239.1
5607,0,39039.9
5608,0,40364.8
5609,0,40352.9
5610,0,36181.3
5611,0,33427.3
5612,0,27767.6
5613,0,17208.6
5614,0,13163.4
5615,0,8380.3
5616,0,7245.7
5617,103.4,5411.3
5618,6796.1,4074.9
5619,20855.5,3409.6
5620,16126.9,3097.6
5621,18788.3,2828.9
5622,7488.5,3825
5623,34426.5,3692.7
5624,21978.7,9282.2
5625,2099.8,17873.4
5626,0,23213.2
5627,0,28278.7
5628,0,32333.8
5629,0,35757.2
5630,0,38391.6
5631,0,40834
5632,0,41669.6
5633,0,41429.4
5634,0,37554.6
5635,0,35118.3
5636,0,30302.9
5637,0,22568.3
5638,0,26258.5
5639,0,21017.1
5640,0,22158.1
5641,0,14444.9
5642,0,9498.9
5643,0,9790.7
5644,0,7648.6
5645,0,5986.8
5646,0,6034.4
5647,15738.2,4988.1
5648,11968.9,11898.2
5649,462.7,21315.3
5650,0,23761.7
5651,0,25849.1
5652,0,27578.5
5653,0,29395.7
5654,0,31806.9
5655,0,34904.6
5656,0,36229.5
5657,0,36478.4
5658,0,32705.3
5659,0,30475.7
5660,0,25766.1
5661,0,16617.6
5662,0,14423.8
5663,0,8497.3
5664,0,8323.1
5665,0,6451.7
5666,0,5024.7
5667,0,5068.6
5668,210.6,4490.5
5669,2467.7,4554.1
5670,0,4562.3
5671,17351.9,4240.7
5672,11074.3,11522.5
5673,0,21892.6
5674,0,25115.8
5675,0,27670.4
5676,0,28928.3
5677,0,30050
5678,0,30362.4
5679,0,30785.8
5680,0,30762.2
5681,0,29998.6
5682,0,25725.6
5683,0,23442.3
5684,0,19398.6
5685,0,11486.6
5686,0,9260.4
5687,0,6472.5
5688,0,4583.9
5689,0,4166.3
5690,0,3326.6
5691,896.3,3526.8
5692,2700,2463.9
5693,4946,2884.1
5694,696.5,2910.4
5695,23735,2653.9
5696,20351.3,5015.9
5697,2250.4,14688.6
5698,0,22549.1
5699,0,27058.4
5700,0,30298.1
5701,0,33556.3
5702,0,35933.5
5703,0,37801.3
5704,0,39197
5705,0,39432.2
5706,0,31279.8
5707,0,21319.4
5708,0,17078.3
5709,0,10813.3
5710,0,9864.5
5711,0,6546.8
5712,0,5620.5
5713,0,4648
5714,0,4393.5
5715,0,4144.8
5716,0,2988.7
5717,832,3000
5718,133,2798.9
5719,24618.3,2536.2
5720,25802.7,2852.9
5721,23491.9,2928.2
5722,7217.1,8840.1
5723,0,12650.8
5724,0,22232.3
5725,0,26130.2
5726,0,29521.7
5727,0,32176.3
5728,0,33565.5
5729,0,28120.2
5730,0,20158.5
5731,0,17306.7
5732,0,14695.9
5733,0,14521.7
5734,0,14858.9
5735,0,10452.8
5736,0,11066
5737,0,8095.4
5738,0,6829.5
5739,0,6593.6
5740,0,5195.5
5741,1704.7,4412.9
5742,38.7,4542.6
5743,22477.3,4359.8
5744,14271.6,11039.1
5745,0,21796.8
5746,0,26222.6
5747,0,30521.8
5748,0,34294.1
5749,0,37353.9
5750,0,39948.3
5751,0,42449.2
5752,0,43803.5
5753,0,44173.1
5754,0,40309.5
5755,0,38336.2
5756,0,33414.2
5757,0,25682.4
5758,0,24463.7
5759,0,21391.2
5760,0,19440.8
5761,0,15315.9
5762,0,10503.2
5763,0,9744.2
5764,0,8023
5765,0,6531.6
5766,0,5974.2
5767,15793.6,4972
5768,7617.6,13590.1
5769,0,25220.1
5770,0,29747.9
5771,0,34169.8
5772,0,36997
5773,0,39624.2
5774,0,41978.9
5775,0,44827
5776,0,46088.4
5777,0,45963.2
5778,0,41142.7
5779,0,39033
5780,0,34449
5781,0,27652.9
5782,0,26329.8
5783,0,19234.2
5784,0,18667.9
5785,0,10816.2
5786,57.8,7610.4
5787,10594.7,6804.3
5788,20594.8,5237.4
5789,20017.2,4388.6
5790,10597.2,4251.6
5791,37404.5,4220.6
5792,29175.8,9928.5
5793,15684.8,17445.2
5794,9406.2,18953.1
5795,843.4,21591.8
5796,0,23904.4
5797,0,25473.8
5798,0,26573.4
5799,0,27867.7
5800,0,28088.4
5801,0,27563.3
5802,114.6,23539.7
5803,6260.2,21378
5804,12212.9,17472.2
5805,0,9156.5
5806,10713.3,8864.5
5807,20657,5321.7
5808,18361.3,4875.8
5809,22115.6,4203.1
5810,27592,3140.2
5811,27560.5,3131.9
5812,31341.9,3130.1
5813,35923.2,3165.8
5814,19183.1,3345.1
5815,44822.1,3402.6
5816,34528.7,8413.4
5817,17845.5,15672.4
5818,10331.9,17499
5819,637.7,20128.3
5820,0,22973.3
5821,0,24803.3
5822,0,25999.8
5823,0,27587.7
5824,0,27986.6
5825,0,27462.6
5826,0,23452.1
5827,0,21504
5828,4541.1,17683.4
5829,0,9407.8
5830,2136.1,8644.6
5831,11265.1,5395
5832,21057.5,5351.9
5833,16231.1,4619.2
5834,21856.3,4323.4
5835,20204.5,4286
5836,21080,4083.1
5837,20103.2,3637.6
5838,7408.1,3419.6
5839,33982.7,3506.7
5840,24505.7,9017.2
5841,2432.8,16986.5
5842,0,21280.4
5843,0,25829.8
5844,0,29028.2
5845,0,32013.8
5846,0,34775.8
5847,0,36970.9
5848,0,37936
5849,0,38137.9
5850,0,34480.6
5851,0,32067.9
5852,0,27264.7
5853,0,18468.2
5854,0,20902.8
5855,0,14001
5856,0,9634.2
5857,0,7030.1
5858,0,5177.9
5859,0,5310.2
5860,0,4616.5
5861,0,4568.2
5862,0,3283.6
5863,17273.4,3223.9
5864,16185.9,6381.8
5865,0,17853.8
5866,0,25348.3
5867,0,29994.4
5868,0,33045.6
5869,0,34960.3
5870,0,37081.6
5871,0,39044.5
5872,0,40040.5
5873,0,39854.9
5874,0,31355.1
5875,0,22820.6
5876,0,19994.7
5877,0,13847.9
5878,0,18336.9
5879,0,14278.1
5880,0,12699.1
5881,0,8813.1
5882,0,6329.9
5883,0,5826.4
5884,0,4958.1
5885,0,4853.5
5886,0,3368.2
5887,14777.4,3324.3
5888,19698.2,3493.5
5889,13701.2,3643.7
5890,716.3,12565.6
5891,0,15636.1
5892,0,24760
5893,0,28418.5
5894,0,30494.8
5895,0,31947.3
5896,0,32848.1
5897,0,27460.2
5898,0,19807.5
5899,0,17649.8
5900,0,15459.9
5901,0,15522.5
5902,0,17456.8
5903,0,12130.7
5904,0,11811.4
5905,0,6674.6
5906,0,5305.6
5907,0,5485.7
5908,0,5653.6
5909,417.7,4800
5910,0,3110.9
5911,19684.5,3177.5
5912,22066.6,3474
5913,15057.3,3668.5
5914,1456.4,12246.7
5915,0,15424.6
5916,0,25300.5
5917,0,29293.8
5918,0,31648.1
5919,0,33767.6
5920,0,35134.2
5921,0,30704.6
5922,0,22698.7
5923,0,19502.4
5924,0,16608.7
5925,0,16691.1
5926,0,19843.5
5927,0,13880.6
5928,0,16065.2
5929,0,10286.4
5930,0,8186
5931,0,9287.2
5932,0,7991
5933,0,6882.8
5934,0,6556.5
5935,11463.7,5465.7
5936,7449.6,14139.8
5937,0,24102.7
5938,0,27397
5939,0,30158.3
5940,0,31676.7
5941,0,32861.6
5942,0,33776.5
5943,0,34573.7
5944,0,34679.8
5945,0,34277.1
5946,0,29969.8
5947,0,27979.3
5948,0,24212.1
5949,0,16137.4
5950,0,18128.7
5951,0,13649.7
5952,0,15363.6
5953,0,11068.9
5954,0,8531.9
5955,0,8806.6
5956,0,7524
5957,0,6236.4
5958,0,6017.8
5959,11700.9,4936.1
5960,7059.7,13708.7
5961,0,23734.9
5962,0,27430.7
5963,0,31205
5964,0,33596.6
5965,0,35425.3
5966,0,37165.9
5967,0,38920.9
5968,0,39632.8
5969,0,39611.8
5970,0,35542
5971,0,33202.4
5972,0,28287.4
5973,0,19664.1
5974,0,22115.7
5975,0,13193.5
5976,0,11112.7
5977,0,8103.2
5978,0,6273.2
5979,0,5618.9
5980,2939.8,4749.2
5981,10989.9,4209.5
5982,1902.4,3991.1
5983,25322.6,4124.3
5984,15440.3,10838.5
5985,0,21314.8
5986,0,25548.2
5987,0,29468.1
5988,0,32686.6
5989,0,35557
5990,0,38131.7
5991,0,40494.1
5992,0,41877.9
5993,0,41697
5994,0,37257.9
5995,0,34532.7
5996,0,29305.1
5997,0,20206.5
5998,0,20015.8
5999,0,12077.2
6000,0,12767.6
6001,0,8996.3
6002,0,6870.9
6003,2172.2,6076.8
6004,13364.2,4530.8
6005,20736.4,4067.9
6006,6459.8,4003.9
6007,33632.5,4008
6008,24119.3,9695.8
6009,6542.9,17339.1
6010,0,20726.9
6011,0,24180.1
6012,0,26750.8
6013,0,29084.9
6014,0,30523.2
6015,0,32478.3
6016,0,33386.4
6017,0,32647
6018,0,27452.2
6019,0,24324
6020,553.2,19752.6
6021,0,10791.3
6022,335.2,9169.2
6023,10163.8,5941.4
6024,20982.3,3785.4
6025,24080,3136.6
6026,30140.7,1418.4
6027,39819.5,789.1
6028,59732.2,11.8
6029,60732.7,0
6030,31963.3,866.1
6031,59390.1,992.9
6032,50609.6,3506.5
6033,31206.8,10028.1
6034,12949.9,15451.1
6035,669.4,18310.7
6036,0,20882.5
6037,0,24636.9
6038,0,28013.9
6039,0,30633
6040,0,32397.8
6041,0,32628.1
6042,0,23453.2
6043,0,14345.1
6044,5602.9,10958.5
6045,0,5848.7
6046,3331.6,5300.9
6047,14460.7,2957.3
6048,19848.5,2197.1
6049,24368.7,674.1
6050,30709.9,501.1
6051,49612.1,0
6052,52148.2,0
6053,60479.7,0
6054,32436.4,0
6055,63067.9,0
6056,52142.5,355.6
6057,43703.4,1714.5
6058,27943.8,5528.1
6059,20388.1,7021.3
6060,4269.6,14041.8
6061,0,17079
6062,0,19652
6063,0,22590.9
6064,0,24562
6065,0,18940.5
6066,0,10883.4
6067,3535.7,7474.8
6068,13366.6,5587.3
6069,0,5930.7
6070,2720.4,4887.4
6071,11825.8,3063.3
6072,18748.4,3338.5
6073,18120.7,2861.9
6074,23161.2,2821.9
6075,27106.4,1962.5
6076,32635.1,1201.5
6077,46936.4,761.5
6078,20381.5,2970
6079,46578.3,3061.5
6080,33255.2,7652.8
6081,10000.4,15282.8
6082,0,18646.4
6083,0,23033.1
6084,0,27566.6
6085,0,30837.4
6086,0,33536
6087,0,35619.5
6088,0,36447.4
6089,0,36187.8
6090,0,31706.9
6091,0,28793.6
6092,0,23651.7
6093,0,14715
6094,0,13010.9
6095,0,8824.2
6096,0,7951.6
6097,0,6314.7
6098,3835.5,4566.1
6099,18965.8,4793.6
6100,18866,3304
6101,21931.2,3572.1
6102,13199.3,3677.1
6103,41831.3,3680.5
6104,30859.4,8860.3
6105,11518.4,16231.1
6106,2277.4,18406.4
6107,0,22214.7
6108,0,26014.5
6109,0,29069.1
6110,0,31954.1
6111,0,34769.3
6112,0,35897.4
6113,0,35701.5
6114,0,31296
6115,0,28151.3
6116,0,22596.6
6117,0,13204.2
6118,0,11004.8
6119,0,6813.5
6120,273.3,6230.2
6121,8947.1,4657.3
6122,19878.3,4351.2
6123,20245.4,3400.1
6124,18815.8,2709.1
6125,20913.1,2406.6
6126,9570.7,3425.3
6127,38066.1,3568.1
6128,25316,8913.1
6129,5309.1,16542.1
6130,0,19386
6131,0,23747.7
6132,0,27125.2
6133,0,29896.5
6134,0,31857
6135,0,33670.3
6136,0,34212
6137,0,33606.1
6138,0,29226.1
6139,0,26772
6140,0,22412.7
6141,0,14255.1
6142,0,13102.1
6143,0,9899
6144,0,10522.7
6145,0,8323.8
6146,0,7301.8
6147,0,8498.4
6148,0,7558.9
6149,0,6700.4
6150,0,6662.5
6151,8853.5,5729
6152,4269.6,13923.3
6153,0,23273.3
6154,0,25668.3
6155,0,28879.6
6156,0,31473.9
6157,0,32991.3
6158,0,34672.6
6159,0,36342.2
6160,0,35707.9
6161,0,34638.5
6162,0,30789.1
6163,0,28262.8
6164,0,23381.9
6165,0,14641.2
6166,0,12472.2
6167,0,7952.2
6168,0,7062.6
6169,573.4,4992.8
6170,10145.4,4161.9
6171,19104.4,3225.6
6172,22604.4,2114.4
6173,33198.4,1255.4
6174,20213.9,3124
6175,48288.5,3119.9
6176,37275.1,7546.7
6177,17177.2,14969.5
6178,8241.7,17098.1
6179,39,19765.3
6180,0,23189.3
6181,0,25853
6182,0,27906.8
6183,0,29821.9
6184,0,30856.9
6185,0,30393.8
6186,0,25512
6187,0,22554.2
6188,6417,17182
6189,0,8653.3
6190,19427.1,6636.7
6191,20850.4,3881.6
6192,26660.5,1327.5
6193,38049.9,850.3
6194,40796.2,136.2
6195,49796.4,0
6196,69854.3,0
6197,67855.5,0
6198,35452.1,0
6199,62134.4,0
6200,51615,2605.1
6201,31960.1,9419.7
6202,14464.5,14641.7
6203,1819.7,17161.4
6204,0,19636.3
6205,0,22462.4
6206,0,25981.8
6207,0,28864.2
6208,0,30774.8
6209,0,31120.9
6210,0,22436.5
6211,779.4,13116.3
6212,8605.3,10165.7
6213,0,4955.1
6214,12469.3,4307.3
6215,20744.4,1797.1
6216,24055.8,1148.4
6217,30117,611.8
6218,43045.1,31.1
6219,48789.8,0
6220,56615.6,0
6221,75175.2,0
6222,40253.9,0
6223,65756.3,0
6224,53922.4,68.2
6225,45364.7,1463.2
6226,28001.7,5278.9
6227,16026.4,7018.8
6228,69,14599.1
6229,0,17407.5
6230,0,20386.7
6231,0,23720.2
6232,0,25519.6
6233,0,19188.9
6234,0,9697
6235,7485.9,6611.9
6236,16447.6,5306.6
6237,0,5107.3
6238,13433.7,4322.3
6239,20513.2,2202
6240,19925.7,3708.7
6241,23549.9,3383.1
6242,32867,2220.7
6243,40418.9,1056.2
6244,49352.7,426
6245,64454.7,0
6246,27242.9,2068.1
6247,53079,2614.1
6248,37875.2,6931.3
6249,13866.2,14346.2
6250,1796.8,16918.2
6251,0,20298.3
6252,0,23850.4
6253,0,27409.9
6254,0,30451.7
6255,0,33408.6
6256,0,34078.9
6257,0,33606.1
6258,0,28916.9
6259,0,25561.4
6260,0,20497.9
6261,0,11378.8
6262,0,9647
6263,0,6349.7
6264,3152.8,5459.7
6265,11105.2,4738.2
6266,17883,4428.1
6267,20806.9,4502.5
6268,17159.1,3302.3
6269,18752.2,3131.9
6270,8380.2,3699.5
6271,34537.6,3738.4
6272,22747.3,9255.8
6273,2829.8,17010.9
6274,0,19856.1
6275,0,23331.3
6276,0,25789.9
6277,0,28107.3
6278,0,30064.7
6279,0,31690.5
6280,0,32014.4
6281,0,31278.4
6282,0,26172.6
6283,159.1,22595.7
6284,7979.3,17626.1
6285,0,8730.9
6286,23956,6394.3
6287,27587.3,2560.2
6288,35804,2715.7
6289,44377.6,2301.8
6290,67934.3,1666.8
6291,69160.1,130
6292,78594.3,0
6293,106267.6,0
6294,42304.7,914.6
6295,66077.2,951.6
6296,52693,4878.8
6297,32725.5,12551.1
6298,23520.3,14665.7
6299,12014.4,16347.8
6300,5876.2,17821.3
6301,859.9,19441.1
6302,0,21346.3
6303,0,23472.8
6304,0,24627.6
6305,0,24503.9
6306,3968.7,19519.6
6307,11462.4,17704.4
6308,16778.4,14565.9
6309,303,7347
6310,21810.1,5127.5
6311,23082.2,3083.5
6312,26212.7,2678.3
6313,31883.6,2654.2
6314,38665.7,2565.4
6315,37504.4,1439.9
6316,42699,1396.5
6317,49980.9,1282.5
6318,18930.6,3116.6
6319,45093.7,3126.8
6320,34686.5,7544.2
6321,17810.2,14606.9
6322,11690.3,16153.8
6323,4906.6,17590
6324,1438.3,18515.8
6325,0,19221.4
6326,0,20075.5
6327,0,21316
6328,0,21900.1
6329,0,21964.3
6330,0,18863.1
6331,1608.7,17614.3
6332,5303.1,14494
6333,0,8476.6
6334,0,7454.3
6335,718.6,4856.1
6336,7873.3,4494.4
6337,13181.4,4282.7
6338,16306.8,3969.3
6339,18679.8,3600.6
6340,21244.8,3206.9
6341,15966.3,3429.8
6342,4908.2,3448.2
6343,32280.6,3521.3
6344,24283.7,9033.8
6345,6430.8,16284.6
6346,267.7,18417.6
6347,0,20771.7
6348,0,22232
6349,0,23322.7
6350,0,23962
6351,0,25098.1
6352,0,25502.6
6353,0,24715.8
6354,0,20328.9
6355,3160.2,17922.7
6356,8715.1,14004.5
6357,0,7136.8
6358,7764.3,5847.3
6359,16016.4,3593
6360,15479.3,1608.7
6361,19298.2,722.4
6362,25109.9,144.8
6363,30065.9,0
6364,39462,0
6365,42093.7,0
6366,19852.5,690.1
6367,51719.1,1037
6368,45333,3508.5
6369,30004.7,9350.5
6370,14363.8,14480.4
6371,1507.9,16543.6
6372,0,18412
6373,0,20612.1
6374,0,23297.3
6375,0,25456.9
6376,0,26896.3
6377,0,26338.7
6378,2419.4,16730.4
6379,15815.4,9341
6380,22480.8,7916
6381,5938.4,3768
6382,23549.5,1590.8
6383,30738,881.3
6384,43130.4,133.1
6385,66271.2,0
6386,64913.1,0
6387,66501.2,0
6388,101269.4,0
6389,89437.3,0
6390,51494.4,0
6391,75261.8,0
6392,63213,0
6393,59015.9,0
6394,44011,3639.3
6395,34321.1,4837.1
6396,18246.6,10339.2
6397,11514.9,12181.3
6398,11729.7,13425.2
6399,11711,14300.4
6400,10463.8,14940.3
6401,21258,9248.5
6402,31888.5,4427.1
6403,37013.5,3903.3
6404,41732.6,3566.2
6405,12691.4,3340.5
6406,30587.3,1109.6
6407,34556,396.6
6408,38972.4,829.2
6409,53856.3,863.9
6410,46742,218.2
6411,47323.6,0.4
6412,57661.2,0
6413,53064.8,0
6414,26518.7,2020.4
6415,53269.4,2554.7
6416,42660.8,6299.7
6417,25136,13216.8
6418,17488.5,14888.4
6419,7982.9,16271.6
6420,4418.8,17068.5
6421,1778,17906.3
6422,0,19086.3
6423,0,20414.1
6424,0,21312.3
6425,0,21560.8
6426,289.2,17544.6
6427,6087.2,16084.6
6428,10876.8,13309.4
6429,0,6600.3
6430,11353.8,4881.2
6431,17563.3,2722.9
6432,18496.6,1730.9
6433,28315.4,1755.2
6434,35086.3,558.7
6435,40761.1,10.1
6436,54757.4,0
6437,52333.8,0
6438,25898.4,1432.4
6439,52686.8,2213.1
6440,41553.1,6121.6
6441,22356.7,13163.4
6442,10420.6,15119.4
6443,140.5,17526.5
6444,0,20016.6
6445,0,23678.3
6446,0,27324.4
6447,0,29741.5
6448,0,30287.4
6449,0,29722.1
6450,0,25090.5
6451,0,22026.9
6452,0,17187.6
6453,0,8817.7
6454,0,6860.6
6455,1271.4,4035.3
6456,12715.3,3162.9
6457,17244.7,2297.4
6458,18739.8,2134.9
6459,27334.7,1755.7
6460,32880.3,596.9
6461,39245.6,66.2
6462,16855.6,2704
6463,47909.5,2827.6
6464,36464,7037.7
6465,17483.6,14234.1
6466,10848,15845.5
6467,2526.9,17558
6468,0,19408.5
6469,0,21979.6
6470,0,24172.9
6471,0,26072.5
6472,0,26803.5
6473,0,26199.9
6474,0,21849.7
6475,0,19376.8
6476,5152.9,14793.2
6477,0,7746.2
6478,1656.4,6743.2
6479,12002.4,4330.4
6480,21391,3211.9
6481,17824.5,2655
6482,17497.7,2547.3
6483,20037.2,2493.8
6484,24045,1935.8
6485,27241.3,1332.4
6486,11047.4,3151.5
6487,41108.6,3104.2
6488,30614.2,7690.6
6489,13640.5,14751.2
6490,7505.5,16398.7
6491,459.7,18275.4
6492,0,20239.1
6493,0,22496.2
6494,0,23761.8
6495,0,25277.7
6496,0,25830.1
6497,0,25616.2
6498,0,22067.9
6499,0,20510.3
6500,0,17065.4
6501,0,9515.6
6502,0,8594.1
6503,0,5158
6504,1438.9,4966.6
6505,7665.1,4792.2
6506,10764,4179.7
6507,14254.6,3865.5
6508,17360.4,3917
6509,18520.5,2709.3
6510,5987,3406
6511,33016.8,3513.1
6512,24086.5,9009.8
6513,5638.4,16532.5
6514,0,20066
6515,0,23813.4
6516,0,26607.9
6517,0,29023.4
6518,0,30556.7
6519,0,32167.3
6520,0,32804.1
6521,0,32086.3
6522,0,27774.5
6523,0,25544.7
6524,0,21528.1
6525,0,13502.4
6526,0,11680.3
6527,0,7715.8
6528,0,5386.7
6529,0,4479.6
6530,0,4291.4
6531,1952.7,3166.1
6532,5807.7,2874.6
6533,8959.1,2816
6534,1747.9,2849.3
6535,28694,2698.7
6536,25490.5,4929.4
6537,10674,13334.2
6538,556,19814.7
6539,0,22911.7
6540,0,24377
6541,0,25471.9
6542,0,26173.3
6543,0,26706.8
6544,0,27078.5
6545,0,26490.2
6546,148.3,17882
6547,9067.5,9922.6
6548,14331.4,8249.8
6549,0,3852.4
6550,6121.9,3208
6551,11715.8,1898.3
6552,14865.6,1579.7
6553,17068.9,983.4
6554,27210.4,166.3
6555,44575.6,0
6556,49148.5,0
6557,58155.3,0
6558,30655.4,0
6559,62005.1,0
6560,57606.7,686.7
6561,55799,991
6562,43255.6,4489.9
6563,34132.2,5058.7
6564,17162.1,11108.1
6565,4829.5,13648.4
6566,0,15784.3
6567,0,17290.7
6568,0,18625.8
6569,0,13127.1
6570,10984.5,5988
6571,24621.5,4502.6
6572,31947.4,4064.4
6573,5183.9,3763.9
6574,18518,1385.3
6575,31375.7,1042.5
6576,35975.9,937.9
6577,39824.2,638.4
6578,52867.2,58.9
6579,50346.9,0
6580,59315,0
6581,72870.5,0
6582,31237.1,1455.2
6583,57921.8,2039.6
6584,47720.8,5599.8
6585,28996.8,12415.4
6586,17622.7,14375.8
6587,2204,16890.6
6588,0,19098.6
6589,0,21403.3
6590,0,23818.7
6591,0,25897.2
6592,0,26732.7
6593,0,25643.8
6594,0,19851.5
6595,5083.7,16458
6596,16031.3,12960.3
6597,1260.2,5914.8
6598,26767,4585.5
6599,31944.6,1980.9
6600,46537.3,1351.2
6601,53896.3,326.3
6602,59549.2,0
6603,71767.4,0
6604,99320.5,0
6605,84464.3,0
6606,38030.8,898.6
6607,63510,1468.8
6608,55137.3,5020.1
6609,41704.1,11064.1
6610,38364.3,12722.2
6611,31337.1,13870.6
6612,28437.9,14422.9
6613,26568.2,14890
6614,23622,15318.7
6615,20332.9,15911.1
6616,21707.3,16065.7
6617,25011.3,15884.1
6618,31873.2,13073.7
6619,38430.2,12104.4
6620,43669.3,9353.2
6621,20207.8,3449.8
6622,77240.9,0
6623,94857.2,0
6624,118993.2,0
6625,97143.4,0
6626,93606.6,0
6627,128719.5,0
6628,113714.8,0
6629,110659.1,0
6630,49293.1,0
6631,80792.8,0
6632,69335,1270.6
6633,50357.4,8310.8
6634,40359.9,10706.6
6635,30413,12296
6636,26829.4,13353.3
6637,23345.2,14389
6638,22459.9,15294.5
6639,20055.1,16221.4
6640,21867.8,16585.9
6641,27429.4,16431.5
6642,35502.6,13529.7
6643,42653.8,12442.9
6644,48066.7,9671.4
6645,25081.1,3624.3
6646,90434.1,70.5
6647,112708.7,0
6648,146752.2,0
6649,117172.8,0
6650,113520.8,0
6651,153169.4,0
6652,128883.3,0
6653,122215.5,0
6654,53518.8,0
6655,84152.8,0
6656,73303.2,1908.9
6657,55880.6,8294.4
6658,48523.9,10409.6
6659,37152,12096.4
6660,28286.6,13321.5
6661,21622.4,14559.4
6662,17556.6,15640.7
6663,15267.9,16701.2
6664,17624.6,17122.2
6665,22574.2,17021.6
6666,31059.4,14152
6667,38984.5,13073.2
6668,45184.1,10246.4
6669,23101.6,3932.5
6670,80095.5,643.6
6671,104026.6,0
6672,140079,0
6673,118065.3,0
6674,111546.2,0
6675,148005.5,0
6676,128279.4,0
6677,131118.1,0
6678,59888.9,0
6679,89383.9,0
6680,76481.2,809.6
6681,55755.6,7932.9
6682,46132.7,10547.1
6683,34033.4,12457.2
6684,26098.4,13890.9
6685,19109.9,15323.8
6686,13939.8,16645.3
6687,9236.7,17972.1
6688,10639,18633.8
6689,16742.1,18538.3
6690,27388.5,15435.4
6691,36691.3,14067.7
6692,44527.7,10887.7
6693,24258.4,4073.6
6694,98951.3,0
6695,108238.9,0
6696,157191.6,0
6697,145815.6,0
6698,137285.5,0
6699,178690.5,0
6700,150035,0
6701,139725.9,0
6702,62742,0
6703,93260.7,0
6704,82187.3,0
6705,61802.7,3505.5
6706,45009.7,9178.4
6707,32432.3,11719
6708,23881.9,13264.6
6709,15997.6,14822.2
6710,9828,16262.4
6711,6914.1,17474.7
6712,7603.8,18384.4
6713,13699.2,18316.6
6714,32134.4,12051.5
6715,43807,6001.7
6716,49330.3,5000.7
6717,26788.1,2241.9
6718,84996,0
6719,86141.9,0
6720,127139.2,0
6721,119899.7,0
6722,119445.6,0
6723,159093.5,0
6724,146278.2,0
6725,142343.8,0
6726,76802.7,0
6727,106054.8,0
6728,88267.2,0
6729,80284.4,0
6730,60971,1457.7
6731,50044.1,3675.6
6732,34651.6,8414.1
6733,26373,10189.6
6734,19951.4,11882.9
6735,15378.2,13324.6
6736,13840.3,14340.6
6737,26377.6,9024.6
6738,41708.8,4217.3
6739,48846,3441.2
6740,53607.7,2994.1
6741,23909.1,2684.5
6742,63083.7,0
6743,81538.8,0
6744,109458.8,0
6745,98115.4,0
6746,118394.3,0
6747,142375,0
6748,120811.2,0
6749,132977.4,0
6750,60887.3,0
6751,86573,0
6752,73404.5,0
6753,64965.6,0
6754,46123.5,3393.2
6755,36129.6,4634.7
6756,19665.2,10375.6
6757,7174.4,13090.4
6758,54.5,14962.3
6759,0,15713
6760,956.8,15854.6
6761,13922.1,9925.6
6762,30689.6,4615.5
6763,38409.7,3992.9
6764,43985.4,3623.7
6765,14775.5,3386.9
6766,42598.2,1204.1
6767,50771,325.6
6768,75030.1,68.6
6769,81466.3,0
6770,100059.5,0
6771,115163.3,0
6772,113349.9,0
6773,129196.5,0
6774,49361,415.7
6775,79120.5,661.9
6776,69173.1,4274.8
6777,54369.4,10134.9
6778,49252,12091
6779,41331.3,13317.8
6780,38335.9,13913.1
6781,34892.5,14415.2
6782,31476.1,14914.4
6783,27260.6,15585
6784,27465.5,15799
6785,29919.2,15655.6
6786,35779,12879.8
6787,41330.9,11960.2
6788,45183.1,9323.9
6789,19939.6,3506
6790,72160.3,52.6
6791,81772.6,0
6792,112486.5,0
6793,93912.6,0
6794,91969.4,0
6795,121471.9,0
6796,112281,0
6797,106513.5,0
6798,45591,0
6799,75122.7,0
6800,63536.4,3027.6
6801,47089.5,9077.3
6802,40861.1,11008.5
6803,29084.7,12658.2
6804,19392,13929.8
6805,16521.9,15110.4
6806,14735.2,16040.3
6807,13072.1,16749.6
6808,13005.3,17038.5
6809,18480.5,16837.4
6810,26276.4,13923.6
6811,33180.9,12819.9
6812,38301.1,10122.4
6813,16598,3912.9
6814,59707.4,1219.7
6815,83750.8,263.4
6816,129877.4,0
6817,113957.2,0
6818,115871.8,0
6819,155895.1,0
6820,138810.2,0
6821,138273.3,0
6822,61304.5,0
6823,90736.7,0
6824,77370.4,447.9
6825,56971.8,7507
6826,47888.6,10145
6827,37652.2,11848.8
6828,32268.9,12950.7
6829,28394.1,13987.6
6830,25929,14922.5
6831,24558,15870.9
6832,27943.7,16200.9
6833,32857.4,16004.8
6834,41845.7,13059.8
6835,49868.1,11938.2
6836,55778.2,9064.3
6837,32433.8,3355.2
6838,115415.3,0
6839,112075.4,0
6840,162268.1,0
6841,144172.7,0
6842,137067.9,0
6843,187068.6,0
6844,166933.8,0
6845,156755,0
6846,70218,0
6847,99358.9,0
6848,84944.3,0
6849,63657.2,5278.2
6850,52090.3,8940.7
6851,41295.8,10859.5
6852,38850.2,11908.6
6853,35981.9,12882.2
6854,31197.9,13777.4
6855,29281.9,14739.6
6856,31892.4,15175.7
6857,38388.3,15070.6
6858,48158.4,12155.6
6859,55827.6,11014
6860,61707.8,7911.6
6861,40363.4,2338.8
6862,138105.4,0
6863,171861.5,0
6864,222886.6,0
6865,193751.3,0
6866,223743.5,0
6867,241617.1,0
6868,196701.4,0
6869,187243.9,0
6870,84127.4,0
6871,114699.3,0
6872,101614,0
6873,79501.2,62.4
6874,61737.9,4959.1
6875,47610.4,8936.3
6876,38890.7,10667.3
6877,31733.8,12176.7
6878,26528,13559.9
6879,23914.9,14757.4
6880,23742.9,15701.5
6881,30193,15686.5
6882,49326.2,9558.1
6883,60418.7,4472.7
6884,65793.3,3820.8
6885,43169.1,281.2
6886,126894.9,0
6887,148469.2,0
6888,191588.3,0
6889,161775.1,0
6890,176899.9,0
6891,212582.5,0
6892,174033.2,0
6893,189984.3,0
6894,81248.7,0
6895,109138.7,0
6896,92859.8,0
6897,87458.3,0
6898,70831,156.6
6899,60648.8,2616.4
6900,43136.7,6879.4
6901,34107.8,8881.1
6902,28731.2,10236.3
6903,24821.9,11411.3
6904,23114.9,12326.8
6905,35060.1,6976.1
6906,48133.4,3269.8
6907,55457.2,2595.4
6908,61252,2222.7
6909,31750.5,1839.8
6910,78801.5,0
6911,81818.5,0
6912,120975.8,0
6913,114744.6,0
6914,114637.4,0
6915,159306.4,0
6916,142552.4,0
6917,137441.5,0
6918,62782.7,0
6919,93001.3,0
6920,78168.6,160.2
6921,54081,7085.4
6922,41001,10238.1
6923,25238.2,12252.5
6924,14732.8,13902.9
6925,2656,16312.8
6926,0,18606.1
6927,0,20398.4
6928,0,21393.2
6929,0,21070.4
6930,2715.5,16901.7
6931,15026.6,14883.1
6932,24778.4,11814.6
6933,7226,4885.9
6934,41859,1442.3
6935,51591.2,0
6936,81602.4,0
6937,83037.8,0
6938,96871.7,0
6939,114388.1,0
6940,101037.7,0
6941,115706.4,0
6942,47112.2,0
6943,76143.2,0
6944,62477.4,3305.7
6945,40366.7,9953.6
6946,27749,12448.8
6947,12088.8,14537.9
6948,1093.5,16650
6949,0,18719.8
6950,0,20370
6951,0,21789
6952,0,22256.6
6953,0,21709.1
6954,71.8,17720.5
6955,8945.1,15446.5
6956,18387,12333.4
6957,541.4,5628.3
6958,20692.5,4313.3
6959,27254.9,3076
6960,29869.8,2169.3
6961,37941.3,1348.8
6962,35111.4,1639.7
6963,33965,1386.4
6964,38066.9,1580.3
6965,34924.3,1136.2
6966,19604.7,2854.3
6967,49613.6,2806.6
6968,40371.2,7037.9
6969,23976.2,13773.6
6970,15475,15489.2
6971,1990.7,17478.2
6972,0,18856.5
6973,0,20211.8
6974,0,20734.6
6975,0,20612.1
6976,64.6,19571.9
6977,5385.4,18582.2
6978,13047.8,15443.2
6979,20756.6,14239.8
6980,26727.2,11434.5
6981,5699.7,4727
6982,33064.9,1996.3
6983,39671.5,902.7
6984,43306.7,404.2
6985,52068.1,0
6986,53755.7,0
6987,52501.7,0
6988,73192,0
6989,71039.2,0
6990,30003.5,1163.4
6991,60829.5,1768.3
6992,52860.1,5108.8
6993,38819.2,11269.6
6994,34017.3,12934.6
6995,23544.8,14307.6
6996,15172.9,15200.3
6997,8917.1,16108.7
6998,5113.4,17103.2
6999,919.9,18596.6
7000,2271.8,19529.2
7001,10336,19099.6
7002,20649.8,15524.4
7003,29353.3,14043.6
7004,35880.2,11021.7
7005,15400.2,4285.7
7006,59050.5,1043.6
7007,72061.9,45.3
7008,106898.6,0
7009,94365.9,0
7010,98581.2,0
7011,133208.6,0
7012,119941.8,0
7013,123046.8,0
7014,56419.1,0
7015,88465.9,0
7016,76247.8,367
7017,56213.3,7550.9
7018,47409.1,10330.1
7019,37361.2,12149.2
7020,30540.4,13333.6
7021,26349.7,14455
7022,26529,15331.8
7023,23763.5,16193.4
7024,28329.9,16395.6
7025,33974.2,16147.6
7026,41632.3,13252.6
7027,48519.6,12201.4
7028,53660.3,9424.5
7029,29885.4,3602.9
7030,105737.2,40.5
7031,104590.4,0
7032,151577.3,0
7033,136976.7,0
7034,132595.6,0
7035,177231.6,0
7036,154783.2,0
7037,147364.3,0
7038,64604.7,0
7039,94443.1,0
7040,81236.5,0
7041,59376.8,3477.1
7042,42404,9331.8
7043,29106.6,11847.6
7044,21207.8,13345
7045,14296.3,14861.7
7046,8577.2,16392
7047,5905.7,17483.3
7048,8033.6,18150
7049,15788.2,17825.2
7050,35696,11605.1
7051,46935,5766.6
7052,51895.1,4901.4
7053,28287.3,2320
7054,85758,0
7055,84246.1,0
7056,116908.9,0
7057,112857.3,0
7058,111373.8,0
7059,148545.2,0
7060,134154.7,0
7061,128945.5,0
7062,69815.7,0
7063,100131.1,0
7064,87481.2,0
7065,83479.2,0
7066,67423.4,817.3
7067,59357.9,3191.9
7068,44538.5,7110.1
7069,36482.8,8912.5
7070,30693.3,10311.1
7071,27509.8,11533.4
7072,26982,12492.6
7073,42419.2,6626
7074,58749.8,3005.1
7075,68961,1830.1
7076,74986.6,764.4
7077,45033.7,178.6
7078,114259.3,0
7079,110519.6,0
7080,164924.5,0
7081,146165.7,0
7082,144156.2,0
7083,203777.7,0
7084,183793.1,0
7085,176829.4,0
7086,74403.2,0
7087,106283.7,0
7088,92211.2,0
7089,70866.2,2992.9
7090,60523.2,7363.5
7091,49350.1,9516.8
7092,43119.9,10775.3
7093,39018.8,12015.6
7094,37532.6,13045.6
7095,36274.2,14033.1
7096,38367.2,14409.3
7097,43204,14246.8
7098,51049.5,11310.7
7099,58379.6,10032.2
7100,64045.4,6968.9
7101,41940,2088
7102,136465.7,0
7103,167744.1,0
7104,216125.9,0
7105,186496.3,0
7106,210356.7,0
7107,234222.9,0
7108,194537.2,0
7109,182552.4,0
7110,77985.1,0
7111,106911.5,0
7112,91736.5,69.6
7113,68890.1,3615.7
7114,58227.4,7597.8
7115,45399.7,9648.7
7116,38061.7,10911.1
7117,31686,12035.5
7118,29707,13071.2
7119,29546.4,14081.2
7120,31967.5,14474.2
7121,35910.5,14370.4
7122,43082.6,11585.7
7123,49696.2,10630.6
7124,54250.7,7906.5
7125,30694.3,3023.9
7126,104178,0
7127,95931.3,0
7128,144144,0
7129,120744.5,0
7130,112232.5,0
7131,150649.4,0
7132,123054.4,0
7133,111167.4,0
7134,45120.6,0
7135,73518.3,0
7136,61379.2,3229.5
7137,44660.3,9070.5
7138,39722.6,10864.1
7139,31943.9,12045.3
7140,30414.8,12616.4
7141,31366,13078.1
7142,31287.8,13459.1
7143,30362.5,13956.3
7144,33755.3,13973.1
7145,39381.4,13624.7
7146,48765.7,10655.5
7147,57394.8,9365.5
7148,63747.6,6398.8
7149,41757.9,1640.9
7150,134682,0
7151,163242.2,0
7152,210013.7,0
7153,180325.7,0
7154,201821.1,0
7155,222905.8,0
7156,209666.9,0
7157,178327.7,0
7158,77614,0
7159,108082.3,0
7160,94869.5,0
7161,76088.4,2654.4
7162,70545,6622
7163,61158.6,8361.6
7164,59393.1,9196
7165,55020.7,9900.3
7166,51685.6,10576.3
7167,46472.5,11431.3
7168,47666.9,11835.4
7169,53045.4,11675.4
7170,61878,8670.2
7171,69773.7,7304.4
7172,75857.2,4866.9
7173,53862.7,0.8
7174,166695.2,0
7175,205945.9,0
7176,258498.4,0
7177,197692.4,0
7178,186410.3,0
7179,251259.5,0
7180,208707.2,0
7181,199929.7,0
7182,88316.7,0
7183,119100.3,0
7184,103918.6,0
7185,83211.5,193
7186,73612.9,3918.1
7187,62045.2,6865
7188,54057.4,8354.7
7189,48060.6,9529.7
7190,43455.3,10658.4
7191,41567.5,11822
7192,42891.6,12415.1
7193,47641.9,12440.3
7194,54900.1,9625.6
7195,61905.9,8406.3
7196,67160.7,5617.5
7197,44280.4,921.6
7198,137597.3,0
7199,162765.4,0
7200,204814.5,0
7201,169851.1,0
7202,186731.5,0
7203,227130.5,0
7204,164530.2,0
7205,175702.4,0
7206,69289.4,0
7207,98147.3,0
7208,87640.9,0
7209,68945.2,1710.3
7210,55538.1,7073.7
7211,44834.6,9604
7212,39178.5,10756.9
7213,34792.9,11687.8
7214,31056.8,12486.6
7215,27797.4,13192.3
7216,25388.1,13855.4
7217,27916.4,13908.8
7218,43244.3,8268.7
7219,51846,3965.9
7220,56056.1,3551.4
7221,34109.3,595.2
7222,101775.8,0
7223,126135.9,0
7224,170271.7,0
7225,151245.1,0
7226,172631.7,0
7227,222618,0
7228,193968.1,0
7229,170099.1,0
7230,94855.7,0
7231,130379.4,0
7232,111069.5,0
7233,107337.1,0
7234,92629.1,0
7235,87899.5,0
7236,73636.4,1299
7237,65751.2,4336.1
7238,63321.4,5332.2
7239,61617.8,5911.3
7240,61132.4,6570.6
7241,83040.9,2185.7
7242,94282.9,0
7243,98416.6,0
7244,101554.6,0
7245,71393.5,0
7246,160533.7,0
7247,202220.8,0
7248,227205.7,0
7249,188068.7,0
7250,177947.6,0
7251,238161.2,0
7252,195492,0
7253,185485.9,0
7254,81544.5,0
7255,111212,0
7256,96439.8,0
7257,75610.2,1118.2
7258,65996.9,5263.1
7259,54179.1,7750.6
7260,45930.7,9212.8
7261,39494.8,10628.5
7262,35127.5,11914.4
7263,30153,13221.7
7264,31200.2,13980.7
7265,37810,13976.1
7266,48502.6,10848.1
7267,57280.3,9215.2
7268,65062.8,5820.1
7269,45380.5,156.8
7270,155638,0
7271,196460.1,0
7272,230882.6,0
7273,197481.1,0
7274,188782.9,0
7275,255408.4,0
7276,210466.9,0
7277,201481.6,0
7278,88420.6,0
7279,118398.4,0
7280,100413.8,0
7281,74981.7,1267.4
7282,61107.3,6101.4
7283,47216,9003
7284,38583.6,10623.8
7285,32022.6,11946.3
7286,27729.1,13170.9
7287,24158.8,14463.8
7288,26420.9,15165.4
7289,33816.2,15095.3
7290,44027.2,12019.9
7291,52084.3,10715.7
7292,57935.4,7653.5
7293,36644.4,2561.6
7294,125560,0
7295,150907.2,0
7296,196801.7,0
7297,169681.5,0
7298,190914.8,0
7299,231936.8,0
7300,173087.5,0
7301,161349.9,0
7302,70301.5,0
7303,99955.2,0
7304,87440.2,247.5
7305,70292.8,3509.2
7306,65807.7,6903
7307,57276.6,8464.8
7308,53494.2,9331.8
7309,50516.2,9972.3
7310,48169.3,10496.7
7311,44608.7,11197.4
7312,45256.6,11535.2
7313,48958.6,11494.8
7314,56419.4,8728.9
7315,63525.5,7551.7
7316,69428.2,5098.3
7317,47182,122.3
7318,148334.2,0
7319,167012.6,0
7320,225008.2,0
7321,174103.5,0
7322,168538.9,0
7323,227905.8,0
7324,185300.1,0
7325,174048.2,0
7326,79972.3,0
7327,111273.9,0
7328,96619.4,0
7329,73921.7,1760.7
7330,65486.8,5756.9
7331,59110.5,7885.5
7332,53398.7,9046.7
7333,51431.9,9986.2
7334,48919.3,10715.3
7335,46593.7,11526.1
7336,46321.2,11951.4
7337,52839.4,11764
7338,60460.8,8898.9
7339,66386.7,7870.7
7340,71186.7,5347.1
7341,47855.2,1224.7
7342,143077.7,0
7343,171912.2,0
7344,213784,0
7345,185876.2,0
7346,160534.2,0
7347,220329.1,0
7348,186311.9,0
7349,177758.7,0
7350,81926.7,0
7351,112984.1,0
7352,98006.3,0
7353,74921.5,2396.3
7354,64485,6417.4
7355,52229.4,8787.2
7356,44088.9,10275.6
7357,36899.3,11579.8
7358,31097.8,12809.1
7359,26738.1,14165.7
7360,28581.6,14869.6
7361,35125.2,14881.4
7362,46907.8,11699.3
7363,54040.3,10384.5
7364,59081.2,7384.7
7365,36877.9,2382.4
7366,122736.5,0
7367,145237.1,0
7368,191653.5,0
7369,164271.4,0
7370,183669.7,0
7371,228986.7,0
7372,168256.2,0
7373,185621.8,0
7374,75213,0
7375,105325.6,0
7376,92721.2,0
7377,70887,1583.6
7378,52632,7221.3
7379,38473.1,10303.8
7380,30472.8,11651.4
7381,23770.9,13079.3
7382,21041.3,14349.1
7383,17137.8,15376.3
7384,16711.1,16065
7385,22613.5,15900.9
7386,40588,9873.6
7387,49201,4785.9
7388,50546.8,4348.5
7389,24784.8,1913.7
7390,66712.8,0
7391,75627.8,0
7392,84090.8,0
7393,73894.6,0
7394,68678.3,0
7395,88527.3,0
7396,81472.1,0
7397,77958.1,0
7398,46614.2,0
7399,78225.8,0
7400,72059,0
7401,70898.3,0
7402,58761.8,2040.1
7403,54969.4,3466.8
7404,44214.5,6999.7
7405,41313.4,8317.1
7406,39748.4,8886.9
7407,36264.1,9472.1
7408,34606.7,9953.1
7409,45989.8,4714.5
7410,55755.7,2150.2
7411,59653.5,1755
7412,63983.2,1378.4
7413,34518.7,790.7
7414,89911,0
7415,84851.8,0
7416,114626,0
7417,106489.1,0
7418,110346.4,0
7419,153871,0
7420,136954.3,0
7421,133926.8,0
7422,178985.1,0
7423,74997.2,0
7424,91254.1,0
7425,73986.8,122
7426,52319.1,6432.9
7427,43795.2,9370.4
7428,33360.4,11190.6
7429,28792.9,12456.3
7430,27516.4,13586.2
7431,27475.6,14426.2
7432,26580.6,15269.5
7433,32244.8,15330.4
7434,38382.8,14871.4
7435,45463.4,11958.5
7436,52121.3,10955.1
7437,56727.1,8223.5
7438,31905.9,3172.3
7439,108964.1,0
7440,107648.2,0
7441,151235.9,0
7442,131226.3,0
7443,126006.5,0
7444,172154.9,0
7445,150430.3,0
7446,143790.1,0
7447,64865,0
7448,92709.7,0
7449,81058.6,632.1
7450,65131.1,6681.9
7451,54810.6,9138.2
7452,52220.6,10586
7453,51844.2,11202.6
7454,50178.1,11871.4
7455,49647.3,12329.6
7456,48112.6,12840.6
7457,50140.5,12831.1
7458,54610.5,12485.1
7459,60478.1,9587.2
7460,66318.5,8451.1
7461,70842.9,5654.7
7462,48471.8,925.8
7463,151588.7,0
7464,173950,0
7465,219707.5,0
7466,185853.4,0
7467,185428.7,0
7468,256943.7,0
7469,213286.1,0
7470,204526.4,0
7471,91083.7,0
7472,115879.7,0
7473,97489.8,0
7474,73079.6,2920.2
7475,64032.4,6985.7
7476,54584.2,9309.3
7477,50865.1,10346.6
7478,46963.1,11121.7
7479,43663.4,11893.7
7480,36205.2,12989.7
7481,39303.5,13381.3
7482,45497,13015.6
7483,52196.2,10121.6
7484,58872.5,8973
7485,64949.1,5957.4
7486,41353.6,1752.8
7487,128337.6,0
7488,156461.3,0
7489,203233.5,0
7490,178357,0
7491,154162.4,0
7492,212932.3,0
7493,180375,0
7494,173682.8,0
7495,77046.7,0
7496,102659.9,0
7497,85353.5,0
7498,63076.5,4915.4
7499,53952,8229.1
7500,42024.5,10142.7
7501,34969.5,11417
7502,30541.1,12581.9
7503,28796.7,13554.9
7504,26939.4,14537.1
7505,32458,14629.5
7506,40471.1,13958.6
7507,48688.8,10751
7508,56657.6,9300.2
7509,63388.4,6150.7
7510,43390,379.3
7511,141054.5,0
7512,174235.6,0
7513,227179.9,0
7514,177013.3,0
7515,168955.6,0
7516,234752.3,0
7517,195830.2,0
7518,186833.8,0
7519,83033.6,0
7520,108761.6,0
7521,92074.8,0
7522,71472.3,4102.7
7523,65026.6,7065.6
7524,53024.8,9261.4
7525,46322.1,10518.8
7526,41788.2,11263.5
7527,37388.2,11956.4
7528,32134.2,12773.9
7529,31509.9,13125.4
7530,33520.1,13073.9
7531,38460,10410.6
7532,43935.3,9649.4
7533,50789.3,7170.9
7534,31121.6,2583.6
7535,104723.6,0
7536,106714.7,0
7537,155660.8,0
7538,139368.2,0
7539,134528.9,0
7540,183404.9,0
7541,159607.2,0
7542,153343.9,0
7543,81949.6,0
7544,114043,0
7545,101652,0
7546,98048.6,0
7547,83299.7,0
7548,77240,431.2
7549,65477.9,4144.1
7550,64208.7,5773.8
7551,61833.9,6377
7552,61326.1,6850.9
7553,63642.5,6973
7554,86585.3,2351.4
7555,97701,0
7556,103550.1,0
7557,108954.3,0
7558,79833.4,0
7559,182840,0
7560,174038.6,0
7561,241165.9,0
7562,208569.1,0
7563,204247.6,0
7564,274989.8,0
7565,235513.9,0
7566,225980.1,0
7567,122989.1,0
7568,148861.6,0
7569,118249.3,0
7570,110442.7,0
7571,93008.3,0
7572,85030.8,0
7573,70698.3,2025.7
7574,65070.5,4403.9
7575,64474.6,5330.7
7576,65356.4,5586.9
7577,68057.5,5662
7578,94242.6,557.4
7579,104103.4,0
7580,107272.6,0
7581,112312,0
7582,81998.9,0
7583,175272,0
7584,163320.3,0
7585,216506.2,0
7586,176834.5,0
7587,167364.1,0
7588,222047.2,0
7589,179932.4,0
7590,167684.9,0
7591,74175.3,0
7592,102731.6,0
7593,88695.2,0
7594,69903.9,2513.7
7595,64269.9,5943
7596,54458.8,7862.2
7597,45675.6,9194.3
7598,33140.8,10632.2
7599,28828.4,11667.9
7600,27061.9,12651.9
7601,32058.6,12791.5
7602,36919.5,12475
7603,42218.7,9896.9
7604,48899.5,8918.3
7605,55391,6065.5
7606,34321.6,1920.8
7607,122637.4,0
7608,148868.9,0
7609,199194,0
7610,178103.1,0
7611,157370.8,0
7612,222388.1,0
7613,187480.3,0
7614,182785,0
7615,82818.1,0
7616,111154.4,0
7617,90791.5,0
7618,64650.5,3605
7619,53807.4,7575.5
7620,39361.9,10032.3
7621,32059.7,11389.9
7622,28236.4,12534.8
7623,25516.7,13600.5
7624,24207.4,14581.5
7625,31207.8,14562.1
7626,39485.6,13909.9
7627,47031.9,10978.4
7628,53829.8,9877.1
7629,60513.1,6772.8
7630,39677.3,1962.8
7631,134356.5,0
7632,168370,0
7633,218667.4,0
7634,172606.2,0
7635,163134.9,0
7636,223101.4,0
7637,188712.9,0
7638,180624.9,0
7639,80786.8,0
7640,106879.6,0
7641,85946.2,0
7642,61860.5,4714.3
7643,52511.7,7917.7
7644,40743.7,9915
7645,33728.9,11144.9
7646,28764,12395
7647,26082.8,13507
7648,25699.5,14461.5
7649,31446.7,14554.4
7650,38701.1,14050.4
7651,46980.4,11012.5
7652,54153.7,9749.3
7653,60382.9,6648.2
7654,38255.3,1996.9
7655,126832.7,0
7656,150246,0
7657,190137.4,0
7658,158791.2,0
7659,173848.4,0
7660,207252.2,0
7661,167989.3,0
7662,178338.8,0
7663,65672.5,0
7664,91926.5,0
7665,79065,944.4
7666,60345.1,6198.6
7667,53587.4,8573
7668,44161.8,10119.3
7669,38583.7,11113.4
7670,32516.6,12002.9
7671,27134.2,12856.6
7672,22523.1,13715.3
7673,25046.3,13860.8
7674,29443.9,13587.2
7675,35796.3,10811.8
7676,41453.8,9990.6
7677,45784.4,7405.6
7678,20983.5,2794.2
7679,74093.2,0
7680,66192.7,0
7681,80651.5,0
7682,72799.4,0
7683,72042.8,0
7684,88575.6,0
7685,78589.3,0
7686,72185,0
7687,38098.4,0
7688,74669.6,0
7689,68295.6,2224.3
7690,55021.9,7636.1
7691,51411.1,9391.2
7692,43187.9,10760.2
7693,38773.9,11736.7
7694,36154,12583.1
7695,36894.9,13262.5
7696,37713.8,13913.8
7697,43754.6,13845.9
7698,51801.4,13052.9
7699,60900.2,9558.6
7700,67832.6,8110.5
7701,73821,5472
7702,54064.3,133.6
7703,168703.4,0
7704,188223.9,0
7705,238699.5,0
7706,199855.4,0
7707,188855,0
7708,257595.5,0
7709,220537.4,0
7710,214139.4,0
7711,97292,0
7712,125573.8,0
7713,108688.4,0
7714,85129.9,0
7715,69465,4103.9
7716,58263.1,7530.5
7717,49576,9220.6
7718,44489.8,10492.3
7719,42453.1,11448.4
7720,43355.7,12135.2
7721,46964.4,12365.7
7722,53610.1,11789.4
7723,71945.2,5501.4
7724,82261.1,2258.8
7725,88169.8,715
7726,66875.5,0
7727,185320.5,0
7728,185428.5,0
7729,257941.4,0
7730,218485.2,0
7731,207968.3,0
7732,272716.6,0
7733,226775.9,0
7734,211859.4,0
7735,111504.2,0
7736,137924.1,0
7737,118915.9,0
7738,116012,0
7739,102055.2,0
7740,97735.8,0
7741,86067.5,1131.9
7742,84087.1,2398.5
7743,83313.4,2941.6
7744,82237.1,3185.7
7745,79017.6,3595.6
7746,101102.9,0
7747,109409.4,0
7748,112271.1,0
7749,113334,0
7750,80178.8,0
7751,167941.2,0
7752,157923.8,0
7753,214792.8,0
7754,179006.4,0
7755,167860,0
7756,221637.3,0
7757,180698,0
7758,171224.9,0
7759,76994.9,0
7760,106334.3,0
7761,93215.5,0
7762,74155.7,1421.5
7763,68114.2,4848.7
7764,59719.4,6944.9
7765,55543.1,8067.4
7766,50376.6,9092.2
7767,45092.4,10012.1
7768,39110.3,10842.9
7769,38282.6,11128.2
7770,40119.7,11150
7771,43696.9,8845.8
7772,47598.5,8322.3
7773,51411.5,5981.4
7774,29868.5,2017.5
7775,96696.3,0
7776,110497,0
7777,150429,0
7778,138997.9,0
7779,160337.4,0
7780,199285.5,0
7781,170589.4,0
7782,145968.6,0
7783,67842.8,0
7784,98504.7,0
7785,86712.7,295.6
7786,69497,5330.6
7787,65514.4,7645.6
7788,58051.8,8994.8
7789,53612.9,9852.7
7790,52759.1,10462.5
7791,49957.5,10952.2
7792,49029.9,11570.8
7793,52621.6,11613.1
7794,58330.5,11070.7
7795,65642.9,8021
7796,72405.2,6764.6
7797,77280,4790.7
7798,54736.8,62
7799,169746.3,0
7800,169363.5,0
7801,244031.7,0
7802,206859.5,0
7803,201705.1,0
7804,277163.6,0
7805,236934,0
7806,231598.1,0
7807,99019.4,0
7808,124471.3,0
7809,105745.8,0
7810,83036,711
7811,75811.2,3816.9
7812,65014.4,5779.3
7813,60216.7,7605.2
7814,54367.6,8770.4
7815,51536,9720.8
7816,49965.3,10542.1
7817,55506.7,10418.7
7818,61987.2,9770.9
7819,70089.5,6679.8
7820,78501.9,5371.4
7821,85210.2,2848
7822,64166.9,0
7823,195799,0
7824,195214.1,0
7825,275340.9,0
7826,235281.4,0
7827,231961.6,0
7828,312420,0
7829,260715.6,0
7830,249903.4,0
7831,140430.8,0
7832,166176.5,0
7833,129006.8,0
7834,117969.1,0
7835,97071.4,0
7836,86912.8,0
7837,69942.8,1365.1
7838,62934.4,4500.8
7839,59264.9,5576.5
7840,59820.3,6230.4
7841,64524.8,6171.4
7842,91047.8,1191.9
7843,102995.8,0
7844,106642.3,0
7845,111132.4,0
7846,82167.8,0
7847,182757.7,0
7848,180263.2,0
7849,248568.6,0
7850,210102.1,0
7851,203432.7,0
7852,276647.3,0
7853,230831.8,0
7854,219803.3,0
7855,97548.7,0
7856,123086.5,0
7857,105222.4,0
7858,82480.8,595.6
7859,72510,3590.1
7860,61589.8,5607.9
7861,55036.2,7550.1
7862,51066,8868.6
7863,46892.8,10115.4
7864,44556.4,11281.4
7865,50728,11446.7
7866,59236.7,10639.7
7867,68897.2,7278.1
7868,77548.9,5778.1
7869,83901.4,3469
7870,61607.3,0
7871,186183.2,0
7872,185162.6,0
7873,257240,0
7874,219373.5,0
7875,210333.6,0
7876,284515.4,0
7877,245052.1,0
7878,238460.7,0
7879,107858.5,0
7880,135683.1,0
7881,117804.4,0
7882,92946.7,114.1
7883,76177.8,1950.5
7884,61632.1,6388.7
7885,53613.4,8753.6
7886,48374.5,10079.9
7887,47452.8,10783
7888,46358.7,11468.9
7889,48923.1,11631.6
7890,53720.1,11297.6
7891,71881.1,5333.1
7892,82532.2,1968.6
7893,87540,524.1
7894,64704.6,0
7895,178102,0
7896,176486.5,0
7897,251765,0
7898,218566.9,0
7899,214214.1,0
7900,294846.2,0
7901,253315.7,0
7902,239255.9,0
7903,130635.1,0
7904,157326.3,0
7905,124705.1,0
7906,114318.1,0
7907,93982.5,0
7908,81920.5,0
7909,63746,3248.6
7910,56918.6,5303.8
7911,54119.2,6660.4
7912,55448.6,7228.6
7913,57400.9,7266.2
7914,75979,3067.4
7915,85896.3,101.6
7916,89143.3,0
7917,90770.1,0
7918,58181.2,0
7919,126473.3,0
7920,147861.4,0
7921,186522.3,0
7922,153182.4,0
7923,167813,0
7924,208809.5,0
7925,171621.7,0
7926,178852.1,0
7927,63859.5,0
7928,88555.6,0
7929,74577.3,1118.1
7930,53428.4,6393.8
7931,46671.7,8833.9
7932,38263.6,10328
7933,32479.3,11437.7
7934,29209.1,12226.9
7935,28245.9,12629.4
7936,26311.9,13180.5
7937,28087.8,13303.8
7938,30989.7,13196.5
7939,35796.4,10630.5
7940,40894.5,9837.3
7941,44900.1,7360.2
7942,20351.5,2724.9
7943,72808,0
7944,65151.5,0
7945,83823.9,0
7946,78132.5,0
7947,74720.2,0
7948,102532.7,0
7949,98727.2,0
7950,97148.8,0
7951,47350.4,0
7952,81315.2,0
7953,75852,1613.3
7954,63074,6381.7
7955,61321.5,8195.8
7956,56400.2,9363.9
7957,55550.9,9972.7
7958,55398.6,10501.7
7959,52048.9,11158.9
7960,50932.8,11894.9
7961,55031.6,11844.1
7962,61044.3,11210.2
7963,68980,8004.6
7964,76068.8,6572.2
7965,80743.6,4566.5
7966,57963.8,0
7967,168936.2,0
7968,192158.6,0
7969,237731.6,0
7970,200373.9,0
7971,195503.7,0
7972,268288.2,0
7973,219675.3,0
7974,208039.9,0
7975,93367.5,0
7976,120227.1,0
7977,101977,0
7978,79686,834.8
7979,70547.1,4155.9
7980,60100,6357.9
7981,54126,7877.4
7982,49791.4,9024.1
7983,48348.2,10011.1
7984,47000.2,11028.8
7985,52651.3,11253.5
7986,60393.8,10530.4
7987,70159.8,7144.3
7988,78518.5,5594.6
7989,84184.3,3705.1
7990,63528.6,0
7991,189657.6,0
7992,187974.3,0
7993,262780.2,0
7994,222550.3,0
7995,214808.2,0
7996,294180.3,0
7997,242635.6,0
7998,228499.3,0
7999,102086.3,0
8000,128940,0
8001,112634.3,0
8002,89868.4,681.3
8003,81953.8,3709.4
8004,74345.6,5398
8005,69778.6,6964
8006,62958.7,8137.2
8007,55660,9221
8008,51844.9,10306.6
8009,56985,10334.2
8010,62669.6,9764.5
8011,69722.3,6857.2
8012,75692.8,5780.2
8013,79605.4,4481
8014,56211.1,57.9
8015,156561.4,0
8016,178347.8,0
8017,221802.8,0
8018,189295.5,0
8019,183764,0
8020,250031.6,0
8021,207407.4,0
8022,197630.4,0
8023,90259.3,0
8024,117213.2,0
8025,99701.7,0
8026,76937.8,2694.2
8027,66326.9,6069.7
8028,51918.4,8584.7
8029,42726.7,10065.8
8030,38844.4,10963.8
8031,39084.6,11702.6
8032,37740,12490
8033,40388.6,12657
8034,45429.5,12379.8
8035,52692.1,9663.9
8036,60144.3,8650.1
8037,66372.6,5728.4
8038,44532,1478.8
8039,137374.3,0
8040,167132.3,0
8041,212239.2,0
8042,168456.6,0
8043,167299.7,0
8044,232857.2,0
8045,201087.5,0
8046,196314.6,0
8047,91945,0
8048,119867.8,0
8049,104105.1,0
8050,81414,412.9
8051,63158.7,5501.7
8052,48168.3,8846.3
8053,40498.4,10573.6
8054,36882,11623.4
8055,35523.4,12535.2
8056,36663.4,13274.9
8057,38237.6,13737.7
8058,42404.8,13566.5
8059,57195.5,7866.8
8060,66999.6,3818.4
8061,73533.1,3244
8062,52890.9,47.6
8063,149488.5,0
8064,186840.1,0
8065,219089.6,0
8066,187644.3,0
8067,179270.5,0
8068,246234.3,0
8069,207540.8,0
8070,199727.8,0
8071,111635.4,0
8072,141496.2,0
8073,115557.4,0
8074,111403.3,0
8075,96865,0
8076,91863.2,0
8077,79058.6,760.9
8078,75374.6,2290.1
8079,74099.1,3361.5
8080,74634.5,4171.8
8081,78888.6,4607.8
8082,109359.9,0
8083,121862.5,0
8084,127220.8,0
8085,130926.7,0
8086,100898.3,0
8087,213988.7,0
8088,212503.6,0
8089,288642.2,0
8090,241008,0
8091,230403,0
8092,311104.7,0
8093,257765,0
8094,246100.1,0
8095,108806.3,0
8096,135913.4,0
8097,119079.3,0
8098,99276.7,143.3
8099,90412.8,1218.8
8100,77623.2,2696.9
8101,70049.6,4022.1
8102,65209.7,5328
8103,62051.5,6769
8104,59433,8002.3
8105,64933.8,8299.1
8106,72990.3,7536.4
8107,81807.7,4629.8
8108,89531.1,3439.6
8109,95551.5,1398.7
8110,74174.6,0
8111,210240.9,0
8112,216316.9,0
8113,300595.3,0
8114,253681.7,0
8115,245104.4,0
8116,322612.8,0
8117,264883.8,0
8118,253283.3,0
8119,112301.3,0
8120,139494.3,0
8121,123939.4,0
8122,102624.5,95.7
8123,92757.7,1179.3
8124,81390,2744.8
8125,74130.3,4095.5
8126,69329.3,5298
8127,65967.8,6534.9
8128,63631.1,7517.2
8129,67673.2,7727
8130,74002.8,7211
8131,81748.1,4696.4
8132,88923.7,3612.9
8133,94457.2,1643.7
8134,72653.9,0
8135,201590.1,0
8136,202282.9,0
8137,277172.6,0
8138,233454.8,0
8139,227042,0
8140,304616.8,0
8141,252462.2,0
8142,242560.1,0
8143,108370.7,0
8144,133571.7,0
8145,112865.6,0
8146,87227.1,58.1
8147,76456.5,3086.5
8148,65072.9,5663.7
8149,58440.6,7622.7
8150,55762.4,8958.8
8151,54168.9,9763.8
8152,53031.7,10613.3
8153,54253.5,10843.1
8154,58300.3,10633
8155,65306.9,7840.5
8156,71476.2,6779
8157,75632.5,4888.4
8158,51788.4,454.8
8159,146917.5,0
8160,178544.3,0
8161,200074.7,0
8162,163500.7,0
8163,155492.5,0
8164,212541,0
8165,174026.5,0
8166,166169.9,0
8167,74841.8,0
8168,104077.7,0
8169,89910.6,102.9
8170,70755.7,4136.8
8171,64014,7176.1
8172,54856.4,9098.8
8173,49035.5,10094
8174,46538.7,10847.1
8175,44229.9,11486.2
8176,40548.6,12260.1
8177,42725.8,12388
8178,47610.4,12040.2
8179,54583.9,9232.6
8180,61529,8161.1
8181,66630.2,5451.2
8182,43632.9,1484.6
8183,130845.5,0
8184,156980.9,0
8185,197361.1,0
8186,170062.7,0
8187,146255.1,0
8188,199192.1,0
8189,167532.6,0
8190,161554.9,0
8191,73322.4,0
8192,100776.7,0
8193,84031.6,46.4
8194,60560.9,5709.2
8195,48011,8750
8196,37321.2,10562.5
8197,31206.5,11610.7
8198,24626.7,12581.9
8199,23683.1,13395.1
8200,23052.3,14231.8
8201,25928.8,14453.3
8202,30606.3,14278.5
8203,37566.2,11555.3
8204,43991.7,10725.9
8205,48808,8283.1
8206,24592,3205
8207,74161.8,233.6
8208,76860.1,0
8209,108135.3,0
8210,94038.1,0
8211,87249.5,0
8212,108660.8,0
8213,92426.3,0
8214,86678.7,0
8215,44717,0
8216,75800.8,0
8217,68450.2,1015.4
8218,54871.6,5716.1
8219,46524,9724.8
8220,41212.3,11105.7
8221,41825.4,11694.1
8222,41791.7,12148.9
8223,41596.5,12477.6
8224,42262.3,12692.5
8225,42027.6,12910.1
8226,44705.7,12682.4
8227,58385.9,6611.2
8228,65743.7,3382.5
8229,67844.5,2911.4
8230,41970.5,68.3
8231,106643.2,0
8232,122403.3,0
8233,168870,0
8234,149152.8,0
8235,156404.1,0
8236,196672.3,0
8237,166814.6,0
8238,160275.9,0
8239,88608.7,0
8240,121262.4,0
8241,107040.6,0
8242,106849.2,0
8243,94735,0
8244,92206.7,0
8245,81295.2,1276.1
8246,78730.5,3363.2
8247,77357.3,4119
8248,76890.8,4638.5
8249,77637.8,4873.2
8250,103962.5,2.1
8251,117059,0
8252,122652.5,0
8253,126016.4,0
8254,95556.1,0
8255,200567.3,0
8256,201747.7,0
8257,269817.9,0
8258,231826.3,0
8259,221145.7,0
8260,296105.8,0
8261,249529.6,0
8262,228728.5,0
8263,99738.8,0
8264,128376.1,0
8265,113348.5,0
8266,91770.7,667.4
8267,87021.7,2020.5
8268,81122.4,3168.6
8269,79664.3,3946.7
8270,78272.8,4503.4
8271,76783.9,4842.1
8272,74857.4,5503.9
8273,76713.1,5566.2
8274,80491.6,5206.1
8275,86821.3,3564.8
8276,92832.7,2648.3
8277,97193.6,862.6
8278,74716.4,0
8279,203323.5,0
8280,205594.7,0
8281,282553,0
8282,236972.6,0
8283,229442.8,0
8284,304585.5,0
8285,251514.5,0
8286,241775.4,0
8287,107517.5,0
8288,135145.3,0
8289,120024,0
8290,98351.5,269.3
8291,88944.3,1656.9
8292,78612.4,3364.1
8293,70268.8,4774.7
8294,65602.9,6402.4
8295,63999.2,7296.7
8296,62764.4,8052.7
8297,65717.8,8256.4
8298,69886.8,8071
8299,75905.7,5550.3
8300,81544.6,5131.4
8301,85678.9,3729.7
8302,61932.7,0
8303,170479,0
8304,166901.8,0
8305,234051.1,0
8306,196596.5,0
8307,190049.7,0
8308,259037.8,0
8309,213887.6,0
8310,202714.9,0
8311,91448.2,0
8312,119663.7,0
8313,104384.3,0
8314,83531.3,1009.2
8315,76500.9,4348.7
8316,67961.4,6580.3
8317,62895.9,8022.4
8318,58880,8981.5
8319,56791.4,9578.2
8320,53123.4,10358.1
8321,54898.2,10518.6
8322,60777.9,10168.1
8323,69228.1,7206.6
8324,77682.7,5873.5
8325,84438.1,3896.8
8326,63351.2,0
8327,187677.6,0
8328,189811.1,0
8329,268136.8,0
8330,228971,0
8331,221893,0
8332,304386,0
8333,257351.4,0
8334,252834.6,0
8335,112301.5,0
8336,139417.8,0
8337,118478.7,0
8338,93963.6,133.8
8339,84134.5,1478.6
8340,71857.2,3493.5
8341,64636.4,5608.9
8342,59357.1,7599.4
8343,56974.5,8632.9
8344,54817.9,9656.3
8345,60595.8,9816.9
8346,68827.5,8957.4
8347,78015.8,5515.7
8348,85825.4,4465.7
8349,92105.5,2344.6
8350,71093.3,0
8351,205108.7,0
8352,208668.2,0
8353,292281.3,0
8354,248346.5,0
8355,242297.9,0
8356,326892.9,0
8357,273855.9,0
8358,263991.9,0
8359,115960.9,0
8360,144483.3,0
8361,129841.1,0
8362,108598.5,0
8363,102701.5,234.4
8364,95374.1,989.1
8365,92148.3,1559.4
8366,89727.6,1981.2
8367,88096.2,2254.4
8368,85661.8,2599.1
8369,86956.9,2685
8370,90459.4,2525.6
8371,96481.8,941.2
8372,102435.4,82.3
8373,106843.5,0
8374,84236.7,0
8375,225903.1,0
8376,223596.2,0
8377,306086.6,0
8378,250667.8,0
8379,236688.3,0
8380,312177.7,0
8381,252331.8,0
8382,237464.2,0
8383,109550.2,0
8384,137911.9,0
8385,123575.1,0
8386,103821.1,0
8387,87757.3,1008.8
8388,76995.3,2689.1
8389,72373.5,3785.5
8390,69080,4671.3
8391,67239,5610.2
8392,66393.4,6361.6
8393,66751.8,6816.9
8394,71497.3,6495.2
8395,88637.5,1701
8396,98787.5,0
8397,103442.7,0
8398,81128.4,0
8399,206525.5,0
8400,205355.9,0
8401,281702.4,0
8402,236682.5,0
8403,229304.1,0
8404,313051.6,0
8405,262145.5,0
8406,254866,0
8407,145739.7,0
8408,174788.3,0
8409,139590.3,0
8410,134521.4,0
8411,115549.6,0
8412,108637.6,0
8413,94570.2,0
8414,89415.9,0
8415,86955.1,18.4
8416,86351.5,577.9
8417,90119.4,1009.6
8418,124778.2,0
8419,138444.7,0
8420,145943.1,0
8421,152625.4,0
8422,124694.8,0
8423,259309.7,0
8424,262850.8,0
8425,358426.9,0
8426,300332.4,0
8427,283417.7,0
8428,374510,0
8429,306863.4,0
8430,286697.2,0
8431,126557,0
8432,151772.8,0
8433,131684.3,0
8434,108678.2,0
8435,98611.2,243.4
8436,85955.5,1606.6
8437,77181.4,2925.7
8438,70653.7,4204.6
8439,66149.6,5606.8
8440,60971.7,7458.6
8441,64957.2,7990.4
8442,71727.1,7463.3
8443,79399.2,5035.6
8444,86161.7,4136.5
8445,91644.4,1790.6
8446,69603.8,0
8447,197418.9,0
8448,190388.9,0
8449,259566.8,0
8450,213775,0
8451,202475.2,0
8452,267665.7,0
8453,218346.5,0
8454,207516.4,0
8455,93933.5,0
8456,122050.3,0
8457,107292.4,0
8458,86839.3,884.1
8459,80218,3974.3
8460,72448.6,5192.8
8461,70855.5,5916.9
8462,70160.8,6360.4
8463,68648.2,6608.4
8464,67794.7,7018.8
8465,73092.4,6692.9
8466,80080.3,5512.4
8467,88805.8,2706.4
8468,97086.5,1527.3
8469,103473.1,0
8470,83095.4,0
8471,240248.1,0
8472,243522.3,0
8473,337398.9,0
8474,286831.7,0
8475,275262,0
8476,372787.8,0
8477,314401.1,0
8478,300229,0
8479,130992,0
8480,158373.9,0
8481,136372.5,0
8482,112372.3,0
8483,104085.5,0
8484,95574.3,0
8485,90716,124
8486,86751.8,533.2
8487,84366.4,951.3
8488,82496.5,1447.5
8489,88322.9,1574.7
8490,95812.6,728.6
8491,104421.3,0
8492,112724.5,0
8493,119885.3,0
8494,100501.2,0
8495,285805.8,0
8496,291434.9,0
8497,398423.3,0
8498,337655.2,0
8499,320442.9,0
8500,427312.4,0
8501,358459.2,0
8502,337842,0
8503,147655.3,0
8504,172417.2,0
8505,147007,0
8506,121131.4,0
8507,110603.7,0
8508,99948.3,0
8509,92331.5,14.8
8510,86979.6,345.2
8511,84088.2,795.7
8512,81345.9,1592.1
8513,87114,1808.8
8514,95125.4,946.3
8515,104541.6,0
8516,112860.5,0
8517,119457.5,0
8518,99496.4,0
8519,282101.4,0
8520,289151.3,0
8521,397398.3,0
8522,338475.9,0
8523,321970.2,0
8524,431230.2,0
8525,363923.5,0
8526,344332.7,0
8527,150932.9,0
8528,175898.4,0
8529,152037.8,0
8530,125374.7,0
8531,115217.9,0
8532,104513.3,0
8533,99018.2,4.5
8534,94566.3,110
8535,92688.3,454.1
8536,90080.8,947.2
8537,92206.7,1009.1
8538,96439.3,696
8539,103470.3,0
8540,110508,0
8541,116042.4,0
8542,94995.3,0
8543,256923.6,0
8544,257729.2,0
8545,351310.4,0
8546,290351.1,0
8547,273794.3,0
8548,359796.3,0
8549,292454.3,0
8550,273406.8,0
8551,126220.2,0
8552,154629.6,0
8553,139185.7,0
8554,118730.2,0
8555,101799.5,0
8556,88232.4,421.7
8557,80867.5,1488.9
8558,75665.6,2387.2
8559,70090.2,3294.8
8560,67130.6,4300.8
8561,69425.7,4990.5
8562,77002.4,4469.4
8563,95451.6,134
8564,106767.5,0
8565,112185.9,0
8566,90703.8,0
8567,235356.4,0
8568,234355.8,0
8569,320463.5,0
8570,266475.3,0
8571,256077.7,0
8572,341840,0
8573,281289.4,0
8574,264410.5,0
8575,147505.1,0
8576,175849.3,0
8577,146423.9,0
8578,142955.5,0
8579,125777.7,0
8580,120166.7,0
8581,107834.8,0
8582,102352.1,0
8583,99053.2,0
8584,97175.5,0
8585,96560.9,0
8586,126160,0
8587,136694.2,0
8588,140632.6,0
8589,143578.3,0
8590,111385.1,0
8591,234962,0
8592,243165.2,0
8593,343157.3,0
8594,296752,0
8595,288748.4,0
8596,395885.9,0
8597,337986.4,0
8598,323211.4,0
8599,185504.6,0
8600,214580.6,0
8601,168434.6,0
8602,162788.8,0
8603,139758,0
8604,132940.9,0
8605,118580.4,0
8606,113730.4,0
8607,111705.9,0
8608,111951.2,0
8609,116563.8,0
8610,162399.1,0
8611,181817.7,0
8612,189123.3,0
8613,193949.8,0
8614,164217.6,0
8615,326397.5,0
8616,329653.4,0
8617,442237.3,0
8618,372792.9,0
8619,350933.6,0
8620,463299.5,0
8621,388613.3,0
8622,366463.6,0
8623,161627.1,0
8624,186484.8,0
8625,162148.4,0
8626,136228.5,0
8627,123213,0
8628,110486.1,0
8629,106464.4,0
8630,99728.5,0
8631,96538,0
8632,94033.5,247.4
8633,96436.8,279.6
8634,101548.3,74.3
8635,109265.4,0
8636,115950.5,0
8637,120744.7,0
8638,98787.6,0
8639,269522.1,0
8640,276768.9,0
8641,382085.7,0
8642,323686.2,0
8643,307263.5,0
8644,409638.5,0
8645,338748.7,0
8646,314443.4,0
8647,138288.6,0
8648,164645.9,0
8649,143861,0
8650,120856.1,0
8651,111827,0
8652,102770.6,0
8653,98394.9,0
8654,95597.8,82.1
8655,92948.1,511.5
8656,89831.3,1126.7
8657,91167.4,1411.2
8658,94695.6,1314.7
8659,100837.7,44.7
8660,106646.4,0
8661,110809.5,0
8662,88208.7,0
8663,234546.9,0
8664,232210.6,0
8665,313764.3,0
8666,258016.7,0
8667,244736.2,0
8668,325207.9,0
8669,264951.8,0
8670,250408.3,0
8671,111613.6,0
8672,140035.9,0
8673,125086.5,0
8674,104141,0
8675,96726.1,264
8676,87331.1,1481.7
8677,82540.1,2496.3
8678,79094.4,3360.1
8679,76335.1,4003.8
8680,72782.2,4607.1
8681,73670.6,4850
8682,77187.6,4779.4
8683,83208.5,3270.7
8684,88903.3,2430
8685,92795,769.1
8686,69498.6,0
8687,193992,0
8688,188280.7,0
8689,256820.1,0
8690,213411.6,0
8691,204693.4,0
8692,270280.7,0
8693,221162.2,0
8694,210535.3,0
8695,94247.2,0
8696,121803.3,0
8697,107312.4,0
8698,86777.2,1190
8699,78103.7,2895.8
8700,67042.1,4749.9
8701,59568.7,6760.6
8702,55383.4,8001.8
8703,55681.1,8677.3
8704,54289.3,9406.8
8705,56604.2,9530.9
8706,61692.5,9150.8
8707,69187.1,6223.7
8708,75655.8,5332.4
8709,80324.3,3864.3
8710,57514.6,0
8711,164418.2,0
8712,159095.4,0
8713,224748.2,0
8714,188032.3,0
8715,180103.3,0
8716,241945,0
8717,203155,0
8718,193828.9,0
8719,89262.2,0
8720,120251.2,0
8721,107901.5,0
8722,90488.1,63.2
8723,76096.9,2348.6
8724,63530,4750
8725,57288.2,6647
8726,53428.3,7887.5
8727,51691.7,8728.4
8728,52050.5,9510.1
8729,56485,9919.8
8730,65167,9086.3
8731,84088.9,3509.8
8732,94876.9,0
8733,100451.4,0
8734,79067,0
8735,212582.4,0
8736,216560.5,0
8737,303724.3,0
8738,272605.7,0
8739,258569.3,0
8740,348550,0
8741,319073.1,0
8742,289100.4,0
8743,155056.6,0
8744,184064,0
8745,150460.8,0
8746,147715.6,0
8747,129336.7,0
8748,121864.5,0
8749,105884.8,0
8750,102866.5,0
8751,100897.7,0
8752,101688.9,0
8753,101979.5,0
8754,135186.8,0
8755,146748.3,0
8756,152058,0
8757,155893,0
8758,124965.1,0
8759,252688,0
8760,254662,0
