Hours,HPHtgLd_W,HPClgLd_W
1,123697.4,0
2,123197.8,0
3,115755.4,0
4,122124.7,0
5,116286,0
6,120436.1,0
7,113576.1,0
8,117334.3,0
9,107489.2,0
10,106412.6,0
11,92155.1,0
12,88421,0
13,73724.9,0
14,71984.7,0
15,63393.6,0
16,72116.9,0
17,76521.3,0
18,98776.9,0
19,104519.3,0
20,118413.1,0
21,119956.6,0
22,132503.1,0
23,140525.9,0
24,156482.6,0
25,159831.1,0
26,164349.5,0
27,166089.8,0
28,176298.8,0
29,182572,0
30,184735.2,0
31,137575.3,0
32,104639,0
33,85925.7,0
34,64701.6,0
35,56632.3,0
36,53331.7,0
37,51251.4,0
38,46305,0
39,44491.9,0
40,45941.2,0
41,49703.2,0
42,91125.3,0
43,116064.9,0
44,119120.5,0
45,133146.4,0
46,132656.3,0
47,136649.3,0
48,129868.7,0
49,130443.4,0
50,118514.8,0
51,118078.6,0
52,109359.3,0
53,113523.8,0
54,107004,0
55,66836.3,0
56,60669.8,0
57,53033.9,0
58,46126.4,0
59,41749.4,0
60,37811.2,0
61,36224.2,0
62,30972.7,0
63,27612.3,0
64,28536.4,0
65,31886,0
66,64374.4,0
67,82470,0
68,81561.7,0
69,93520.5,0
70,91703.4,0
71,101494.7,0
72,98868.1,0
73,110669.8,0
74,108540.8,0
75,118105.7,0
76,119066.1,0
77,131261.6,0
78,133677.4,0
79,87895.6,0
80,81481.7,0
81,72061.1,0
82,63968.4,0
83,58185,0
84,53306.1,0
85,51007.5,0
86,47089.4,0
87,45865.8,0
88,46858.1,0
89,52878.9,0
90,106288.9,0
91,141016.7,0
92,156910.1,0
93,172316.4,0
94,182531.5,0
95,192769.9,0
96,200463.4,0
97,204793.9,0
98,212067.3,0
99,215316.8,0
100,223062.9,0
101,227483.8,0
102,238290.4,0
103,148861.1,0
104,136447.9,0
105,117295.2,0
106,93475,0
107,72521.3,0
108,58733.7,0
109,53300.4,0
110,48247.7,0
111,46993.8,0
112,48336.3,0
113,54459.4,0
114,110204.8,0
115,155315.9,0
116,166623.2,0
117,174929.1,0
118,178557.5,0
119,186124.9,0
120,192157.2,0
121,203744.7,0
122,224166.1,0
123,238322.1,0
124,253653.6,0
125,254441.7,0
126,274001.6,0
127,173757,0
128,160515.3,0
129,132841.9,0
130,94637.8,0
131,63030.1,0
132,48288.3,0
133,41341.9,0
134,34661.3,0
135,31416.4,0
136,32488.3,0
137,39789.1,0
138,87337.3,0
139,120852.2,0
140,128003.7,0
141,147413.3,0
142,154507,0
143,163549.7,0
144,166852.1,0
145,172484.7,0
146,171966.9,0
147,178556.1,0
148,179604.2,0
149,177892.7,0
150,174319.3,0
151,175348.4,0
152,125681.4,0
153,94178.7,0
154,74539.1,0
155,63772.7,0
156,59050.7,0
157,58391.2,0
158,58207.9,0
159,57991.9,0
160,58428.6,0
161,87769.4,0
162,103491.1,0
163,101815.6,0
164,110638.5,0
165,106260.2,0
166,112459.4,0
167,106730.6,0
168,113793.9,0
169,109471.4,0
170,115852.9,0
171,110720.6,0
172,116025.8,0
173,109321.9,0
174,115073.9,0
175,109243.9,0
176,114844.9,0
177,106552.2,0
178,107904.2,0
179,98870.3,0
180,104244.6,0
181,99363.5,0
182,104753.2,0
183,98854.5,0
184,112682.5,0
185,117792.7,0
186,142166.5,0
187,156556.7,0
188,174915.8,0
189,186682.1,0
190,197421.2,0
191,207196.8,0
192,213313.2,0
193,221625.1,0
194,225777.4,0
195,237941,0
196,244054.6,0
197,259971.8,0
198,259102.7,0
199,206207.1,0
200,155109.3,0
201,135796.3,0
202,116474.5,0
203,100109.6,0
204,79838.8,0
205,66098.4,0
206,56712.5,0
207,53422,0
208,54186.3,0
209,59617.7,0
210,122254.1,0
211,171499.4,0
212,186386.6,0
213,199207.6,0
214,210469.3,0
215,215329.7,0
216,223646.9,0
217,229543.1,0
218,242536.2,0
219,242267.4,0
220,251639.6,0
221,245046.1,0
222,254725.2,0
223,156740.5,0
224,142334.3,0
225,120750.1,0
226,91495.6,0
227,68155,0
228,54582.5,0
229,47689,0
230,41290.1,0
231,38630.8,0
232,39103,0
233,44759.9,0
234,94433.6,0
235,127918.2,0
236,140055.8,0
237,147989,0
238,146660,0
239,152492.8,0
240,153103.4,0
241,160351.6,0
242,159969.9,0
243,164392.6,0
244,162847.5,0
245,166386,0
246,163111.4,0
247,101134.3,0
248,88539.4,0
249,71642.4,0
250,61437.9,0
251,54144.8,0
252,47654.6,0
253,43913,0
254,41649.7,0
255,42188.2,0
256,44491,0
257,47622.1,0
258,87087,0
259,111842.3,0
260,110731.8,0
261,118743.4,0
262,116185.3,0
263,123897,0
264,130467.5,0
265,147234.3,0
266,150300.3,0
267,161707,0
268,159459.2,0
269,150868,0
270,131014.1,0
271,76374.4,0
272,67370.8,0
273,60496.7,0
274,52176.6,0
275,45898.1,0
276,40315.5,0
277,37164.4,0
278,32584.2,0
279,30588.9,0
280,30883.1,0
281,35405.6,0
282,77234.3,0
283,110546.1,0
284,120631.3,0
285,137253.7,0
286,147035,0
287,157944.6,0
288,161182.5,0
289,165935.3,0
290,167197.3,0
291,174600.4,0
292,178085.3,0
293,181588.5,0
294,177201.1,0
295,111145.4,0
296,101448.9,0
297,81334.8,0
298,58542.7,0
299,45632.4,0
300,35668.8,0
301,28666.4,0
302,24112.2,0
303,24843,0
304,26479.4,0
305,30211.6,0
306,62972.9,0
307,80794.9,0
308,79271.1,0
309,84853.9,0
310,73060.1,0
311,68700.8,0
312,55504.6,0
313,59925.7,0
314,56241.1,0
315,62944.1,0
316,63543.9,0
317,81231.4,0
318,81619.4,0
319,93179,0
320,66269,0
321,54132.2,0
322,46004.1,0
323,39365.9,0
324,34474.9,0
325,33936.7,0
326,32407.2,0
327,31466,0
328,32713,0
329,56744.7,0
330,78504.1,0
331,86371.2,0
332,102869.6,0
333,105650.5,0
334,118234.5,0
335,117323.7,0
336,129850.8,0
337,131900,0
338,143704.2,0
339,151015.4,0
340,160189.8,0
341,160463.1,0
342,161404.7,0
343,160561.2,0
344,161859.2,0
345,142945.2,0
346,121218.8,0
347,99092.2,0
348,91474.6,0
349,76420.2,0
350,74930.4,0
351,67611.3,0
352,81943,0
353,85551,0
354,103462.6,0
355,110228.1,0
356,127283.6,0
357,126377.6,0
358,133155.9,0
359,129200.3,0
360,133455.5,0
361,131863.8,0
362,141092.9,0
363,139431.8,0
364,143965.8,0
365,138305.4,0
366,140598.3,0
367,132868.5,0
368,131875.3,0
369,116308.6,0
370,109639.6,0
371,91422.3,0
372,87903.1,0
373,73070.7,0
374,71381.8,0
375,59056.2,0
376,61864.3,0
377,63935.7,0
378,86894.7,0
379,93396.7,0
380,109680.5,0
381,108334.7,0
382,117007.7,0
383,113767.8,0
384,116823.7,0
385,105197.2,0
386,108720.6,0
387,106414.7,0
388,117838.3,0
389,118602.9,0
390,132009.6,0
391,102043,0
392,80254,0
393,70597.3,0
394,63283.4,0
395,58064.9,0
396,53889.9,0
397,53938.6,0
398,52637.2,0
399,54087.1,0
400,58741.3,0
401,63329,0
402,118371.7,0
403,159560.7,0
404,170742,0
405,182367.8,0
406,192099.3,0
407,204135.2,0
408,217028.4,0
409,226561.4,0
410,243896.6,0
411,249508.8,0
412,267936.9,0
413,269329.4,0
414,292247.3,0
415,179411.6,0
416,166660.8,0
417,148043.8,0
418,124271.9,0
419,104453.8,0
420,87940,0
421,76883.4,0
422,63585.5,0
423,60965,0
424,61138.9,0
425,64508,0
426,134252.9,0
427,192474.6,0
428,216924.1,0
429,232066.2,0
430,254910.3,0
431,257222.4,0
432,274895.2,0
433,284050.8,0
434,312726.5,0
435,303512.6,0
436,329131.6,0
437,329197.6,0
438,361695.8,0
439,211816.9,0
440,194098.3,0
441,163882.7,0
442,121935.4,0
443,88719.6,0
444,63824.8,0
445,52873.5,0
446,44421.8,0
447,40347.7,0
448,41146.9,0
449,47680.9,0
450,103745.5,0
451,153830,0
452,176879.3,0
453,191405.8,0
454,205284.2,0
455,211745.4,0
456,214203.5,0
457,206338.3,0
458,197105.8,0
459,187965.1,0
460,184990.4,0
461,191394.7,0
462,192528.5,0
463,116183.8,0
464,98721,0
465,81174.8,0
466,66992.8,0
467,62490.7,0
468,57185.8,0
469,53100,0
470,48988.2,0
471,48094,0
472,48774.2,0
473,52224,0
474,99829.6,0
475,133892.6,0
476,148772,0
477,166096.1,0
478,166150.1,0
479,166151.6,0
480,164048.9,0
481,166742.5,0
482,162591.4,0
483,164819.8,0
484,162332.9,0
485,163812.8,0
486,160560.3,0
487,163945.6,0
488,119850.1,0
489,92748.8,0
490,76461.7,0
491,64486,0
492,58154.5,0
493,56441.8,0
494,53533,0
495,53396.8,0
496,55826.6,0
497,87474.6,0
498,109459.6,0
499,112474.6,0
500,123954.6,0
501,127562.2,0
502,139609.8,0
503,142430.6,0
504,155717.3,0
505,157104.9,0
506,161488.6,0
507,160046.1,0
508,166571.8,0
509,169129.6,0
510,175330.3,0
511,176343.6,0
512,179828.3,0
513,168199,0
514,149383.1,0
515,125319.3,0
516,116627.9,0
517,100283.9,0
518,101001.2,0
519,95173.6,0
520,107308.9,0
521,114562.5,0
522,144148,0
523,161255,0
524,176272.6,0
525,182378.3,0
526,191707.9,0
527,201980.9,0
528,209127.7,0
529,218162.8,0
530,226111.1,0
531,240370.7,0
532,245545.3,0
533,267165.4,0
534,271002.5,0
535,217042.6,0
536,163043.2,0
537,139381.6,0
538,107958.7,0
539,84910.7,0
540,71865.9,0
541,67307.5,0
542,61222,0
543,60220.4,0
544,58905.9,0
545,60083.9,0
546,121529.9,0
547,172007.2,0
548,184890.2,0
549,187789.4,0
550,190454.9,0
551,198604.5,0
552,204044.2,0
553,209740.8,0
554,214424,0
555,207752.5,0
556,199553,0
557,191363.2,0
558,186165.3,0
559,115914.7,0
560,99949.1,0
561,80927.2,0
562,61902,0
563,50289.7,0
564,39570.2,0
565,32663.9,0
566,26900.1,0
567,24444.8,0
568,24107.9,0
569,28413.3,0
570,67957.4,0
571,96203.9,0
572,101902,0
573,115120.6,0
574,113803.6,0
575,120899,0
576,119179.4,0
577,129687.8,0
578,134948.7,0
579,148493.9,0
580,149456.9,0
581,156526.9,0
582,160635.9,0
583,102729.1,0
584,89537.8,0
585,70633,0
586,58765,0
587,50439.5,0
588,45301,0
589,45161.8,0
590,43011.6,0
591,42786.4,0
592,43317.8,0
593,44195.6,0
594,78482.8,0
595,98781,0
596,96475.9,0
597,104671.3,0
598,99980.7,0
599,106972.1,0
600,102476.5,0
601,109417.2,0
602,103309.3,0
603,108473.8,0
604,101290.9,0
605,106001.6,0
606,97614.7,0
607,61291.3,0
608,54372.6,0
609,45847.1,0
610,37146,0
611,30561.8,0
612,24684.8,0
613,20473.9,0
614,13276.4,0
615,6827,0
616,6464.2,0
617,6582.3,0
618,29308.7,0
619,32377.5,0
620,33295.5,0
621,36020.5,0
622,36549.4,0
623,39898.9,0
624,39504.3,0
625,41153.3,0
626,39169.2,0
627,37649.6,0
628,36753.9,0
629,39924.9,0
630,39881.8,0
631,32637.8,0
632,26978.6,0
633,22507.5,0
634,20199.1,0
635,19709.7,0
636,20467.5,0
637,23113.6,0
638,22779.9,0
639,24819.6,0
640,27381,0
641,30552.5,0
642,61893.6,0
643,79954.3,0
644,79934.1,0
645,92494.6,0
646,90908,0
647,101577.4,0
648,98922.4,0
649,108063.7,0
650,105022.5,0
651,112303.8,0
652,107518,0
653,116581.7,0
654,117511.3,0
655,129990.4,0
656,95287.8,0
657,76918.7,0
658,68989.5,0
659,60969.9,0
660,54836.3,0
661,52314.1,0
662,49020.8,0
663,47881.4,0
664,49192.1,0
665,79142.7,0
666,104760.9,0
667,113242,0
668,129253.2,0
669,130219,0
670,133402.1,0
671,123395.8,0
672,124344.2,0
673,117141.6,0
674,119758.7,0
675,112581.8,0
676,117046.3,0
677,111191,0
678,117260.1,0
679,114453.4,0
680,124610.9,0
681,112292.6,0
682,98558.4,0
683,72982.3,0
684,59325.1,0
685,43151.5,0
686,45324.6,0
687,42294.8,0
688,50230,0
689,52104.6,0
690,70629.1,0
691,77230.8,0
692,94657.1,0
693,95013.5,0
694,102852.3,0
695,97139.4,0
696,108663.2,0
697,107651.5,0
698,117987.6,0
699,115927.9,0
700,122975.9,0
701,119303.4,0
702,125851.4,0
703,89702.7,0
704,70818.9,0
705,62799.8,0
706,54610.3,0
707,49420.4,0
708,44882.6,0
709,41254.7,0
710,36476.2,0
711,36006.9,0
712,37904.5,0
713,41720.1,0
714,79780.2,0
715,105449.5,0
716,108558.3,0
717,120552.7,0
718,117479.9,0
719,123610.1,0
720,119483.7,0
721,124861.9,0
722,119766,0
723,124121.7,0
724,120459.6,0
725,128241.1,0
726,125222.8,0
727,78806.9,0
728,69109.8,0
729,62047.7,0
730,54310.2,0
731,48268.2,0
732,42889,0
733,40284.6,0
734,36734,0
735,35306.1,0
736,35388.1,0
737,37808.3,0
738,72252.3,0
739,96558.9,0
740,99113.1,0
741,111701.1,0
742,106670.5,0
743,107421.6,0
744,94112.5,0
745,92593.1,0
746,80026,0
747,78023.8,0
748,63790,0
749,60367.4,0
750,50873.9,0
751,34105,0
752,28928.7,0
753,21181.1,0
754,14078.4,0
755,7242.2,0
756,5744.6,0
757,5009.4,0
758,3426,0
759,1976.7,0
760,1703.7,0
761,2250.1,0
762,6535.9,0
763,10309.6,0
764,10396.3,0
765,20328.7,0
766,35350.3,0
767,36613.2,0
768,27369,0
769,35325.3,0
770,24562.2,0
771,36870.9,0
772,28610.6,0
773,34894.5,0
774,36424.9,0
775,19339.5,0
776,11310.7,0
777,6796.8,0
778,5578.9,0
779,5261.8,0
780,5095.4,0
781,5317.6,0
782,4840.5,0
783,4836.3,0
784,5120.6,0
785,5948.2,0
786,25936.4,0
787,37908.5,0
788,54132,0
789,54998.5,0
790,69910.1,0
791,67291.2,0
792,87855.3,0
793,80944.5,0
794,102670.6,0
795,89873.7,0
796,110943.8,0
797,94380,0
798,115828.4,0
799,66377.1,0
800,61269.1,0
801,53469,0
802,46384.8,0
803,42225.8,0
804,38036.3,0
805,35950.2,0
806,32901.3,0
807,32636,0
808,34504.1,0
809,38371.7,0
810,73580.7,0
811,96538.8,0
812,95820,0
813,105452.4,0
814,100602.1,0
815,106570.6,0
816,100944.7,0
817,107681.2,0
818,102208.5,0
819,108761.2,0
820,102345.1,0
821,107701,0
822,100502.1,0
823,104480,0
824,71242.1,0
825,58175.6,0
826,52534,0
827,46603.1,0
828,42762.7,0
829,40575,0
830,38448.6,0
831,41165,0
832,45833.5,0
833,74541.1,0
834,95746.5,0
835,100178.1,0
836,115781.5,0
837,117270,0
838,128576.5,0
839,129165.9,0
840,138701.6,0
841,142766.6,0
842,155084,0
843,160450.6,0
844,170602.9,0
845,178443.7,0
846,188976.9,0
847,193923,0
848,196433,0
849,178824.8,0
850,147742.8,0
851,117504.9,0
852,113779.2,0
853,105818.3,0
854,106269.4,0
855,96343.7,0
856,103228.2,0
857,100999.3,0
858,117668.6,0
859,127458.3,0
860,146460.5,0
861,156013.2,0
862,171997.8,0
863,179782.4,0
864,191887.6,0
865,204535.4,0
866,216109.8,0
867,231561.7,0
868,239811,0
869,258354,0
870,258047,0
871,205949.7,0
872,156807.9,0
873,137721.3,0
874,116076.6,0
875,97386.8,0
876,80474.2,0
877,70270.8,0
878,60313,0
879,57339.9,0
880,56575.7,0
881,59361.3,0
882,119595.8,0
883,170935.6,0
884,192359.2,0
885,207712.8,0
886,222712.6,0
887,232485.9,0
888,249502.3,0
889,253237.7,0
890,271612.2,0
891,271042.1,0
892,291960.7,0
893,287035.5,0
894,310315.5,0
895,188251,0
896,172582,0
897,145729.6,0
898,112065.4,0
899,84293.2,0
900,64236.2,0
901,55838.9,0
902,48791.1,0
903,45247.2,0
904,46555.5,0
905,53136.6,0
906,105354.3,0
907,145578.9,0
908,163428.3,0
909,181690.6,0
910,188950.1,0
911,188883,0
912,178896.1,0
913,170591.4,0
914,161283.3,0
915,160110.6,0
916,160453.4,0
917,174751.6,0
918,186079,0
919,122859.4,0
920,113121.2,0
921,87014.3,0
922,57909.5,0
923,41850.7,0
924,31077.8,0
925,27541.2,0
926,23789.7,0
927,22747.5,0
928,24982,0
929,31420.3,0
930,68569.3,0
931,97649.7,0
932,103428.5,0
933,116621.7,0
934,116061.7,0
935,125539.2,0
936,125675.2,0
937,136847.6,0
938,143785.4,0
939,156726.3,0
940,162102.2,0
941,173046.7,0
942,178495.1,0
943,113728.4,0
944,100386.3,0
945,77167.6,0
946,57418.3,0
947,45850.5,0
948,37043.3,0
949,34608.3,0
950,30947.4,0
951,27862.7,0
952,28750.1,0
953,32599.2,0
954,68553.9,0
955,94642.2,0
956,100992.1,0
957,116024.2,0
958,117514.9,0
959,130433.6,0
960,137131.5,0
961,150120.9,0
962,156179.5,0
963,172027.9,0
964,175528.1,0
965,181713.4,0
966,186770.8,0
967,118059.6,0
968,101545,0
969,72386.5,0
970,49995,0
971,34666.8,0
972,24999.3,0
973,20344.9,0
974,15476.5,0
975,12777.3,0
976,13009.7,0
977,17506.4,0
978,53382.6,0
979,82073.3,0
980,91170.4,0
981,110553,0
982,112323,0
983,121748.7,0
984,120454,0
985,129123.6,0
986,128405.6,0
987,137154.5,0
988,138008.1,0
989,148562.8,0
990,152477.9,0
991,160094.6,0
992,114252.8,0
993,79676.3,0
994,62775.1,0
995,53617.9,0
996,45421.1,0
997,42199.3,0
998,40167.5,0
999,39219.2,0
1000,41585.5,0
1001,69252.6,0
1002,90675.5,0
1003,95494.9,0
1004,110373,0
1005,108950.1,0
1006,116135.1,0
1007,110390.6,0
1008,116129.3,0
1009,111079.9,0
1010,116266.8,0
1011,109653.6,0
1012,113307.8,0
1013,103448.9,0
1014,106980.3,0
1015,99884.3,0
1016,105060.5,0
1017,93411,0
1018,90547.3,0
1019,79511.5,0
1020,86219.6,0
1021,81542.5,0
1022,87484.3,0
1023,81601,0
1024,91108.5,0
1025,92893.9,0
1026,112760,0
1027,119900.1,0
1028,133995.2,0
1029,139295.4,0
1030,151839.2,0
1031,156994.5,0
1032,172912.3,0
1033,186593.8,0
1034,201532.3,0
1035,211423.1,0
1036,214753.5,0
1037,219779.6,0
1038,219632,0
1039,168899.7,0
1040,126106.9,0
1041,107700,0
1042,88965.7,0
1043,74490.9,0
1044,63428.2,0
1045,59257.4,0
1046,54686.6,0
1047,53517.7,0
1048,53360.9,0
1049,56840.8,0
1050,108442.1,0
1051,151559.4,0
1052,164159,0
1053,178509.9,0
1054,186577,0
1055,192631.6,0
1056,196104.3,0
1057,200794.4,0
1058,208551.9,0
1059,214222.5,0
1060,222508.7,0
1061,225018.1,0
1062,233696.3,0
1063,148267.5,0
1064,133132.6,0
1065,104537.4,0
1066,73045.2,0
1067,56478.3,0
1068,45100.9,0
1069,36634.1,0
1070,28749.2,0
1071,25185.7,0
1072,23694.3,0
1073,27516.3,0
1074,69266.5,0
1075,101196.8,0
1076,109574.8,0
1077,124226.2,0
1078,124522.5,0
1079,133573,0
1080,137574.7,0
1081,145113.5,0
1082,143957.9,0
1083,151265.5,0
1084,148780.5,0
1085,153870.1,0
1086,152506.3,0
1087,90936.8,0
1088,69544,0
1089,54702.7,0
1090,40834.8,0
1091,31412.6,0
1092,23463.3,0
1093,18722.8,0
1094,13539.5,0
1095,9338,0
1096,9620.4,0
1097,16357.7,0
1098,45048.5,0
1099,50434.9,0
1100,62333.8,0
1101,56889.6,0
1102,68377.9,0
1103,61298.7,0
1104,72340.7,0
1105,63353.9,0
1106,75261.1,0
1107,67139.6,0
1108,83282,0
1109,75190.7,0
1110,94216.7,0
1111,57888.3,0
1112,54088.7,0
1113,47062.9,0
1114,37958.1,0
1115,31843.7,0
1116,28242.3,0
1117,27178.6,0
1118,22681.6,0
1119,20423.3,0
1120,19793.7,0
1121,21528.5,0
1122,53369.8,0
1123,82427.1,0
1124,88602.8,0
1125,105499.9,0
1126,110955.3,0
1127,124656.9,0
1128,123222.3,0
1129,132944.5,0
1130,137071.6,0
1131,148182.3,0
1132,152378.4,0
1133,160980.6,0
1134,168120.8,0
1135,109891.6,0
1136,92314.8,0
1137,65281.4,0
1138,45573.5,0
1139,29871.9,0
1140,19339.2,0
1141,13676.1,0
1142,5898,0
1143,4567.7,0
1144,4763.2,0
1145,5870.9,0
1146,35002.9,0
1147,54343.6,0
1148,69264.2,0
1149,77651.3,0
1150,88614.7,0
1151,93160.4,0
1152,105114.9,0
1153,112550.3,0
1154,121079.1,0
1155,124847.9,0
1156,129249.5,0
1157,128328.7,0
1158,125738.4,0
1159,123861.5,0
1160,75369.1,0
1161,63230.5,0
1162,47035,0
1163,34850.2,0
1164,29293.3,0
1165,26835,0
1166,20741.6,0
1167,17430,0
1168,18700.6,0
1169,38472.5,0
1170,44808.7,0
1171,69775,0
1172,70827.6,0
1173,94668.4,0
1174,85055,0
1175,105355.7,0
1176,90023,0
1177,108392.6,0
1178,90123.6,0
1179,109881.8,0
1180,93332.8,0
1181,113629.1,0
1182,94833.6,0
1183,113494.1,0
1184,92176.9,0
1185,104503.4,0
1186,79929.9,0
1187,83177.6,0
1188,66638.2,0
1189,77085.7,0
1190,66715.5,0
1191,78738.5,0
1192,69823.2,0
1193,84612.4,0
1194,74946.7,0
1195,91510.7,0
1196,77946.6,0
1197,91830.6,0
1198,77383.5,0
1199,93080.7,0
1200,78987.7,0
1201,94867.5,0
1202,82335.7,0
1203,99204.9,0
1204,82829.6,0
1205,99186.4,0
1206,83612.5,0
1207,98878.7,0
1208,80948.2,0
1209,88447.2,0
1210,64936.4,0
1211,63076.6,0
1212,43808.7,0
1213,41282.9,0
1214,35375.6,0
1215,40934.2,0
1216,35441.5,0
1217,43929.9,0
1218,46799.3,0
1219,61812.5,0
1220,58272.6,0
1221,71046.7,0
1222,66490.1,0
1223,84213.2,0
1224,76908.6,0
1225,98277.9,0
1226,88054.7,0
1227,110230.6,0
1228,95322.9,0
1229,120288.2,0
1230,105125.4,0
1231,75879.4,0
1232,70665.2,0
1233,64065.4,0
1234,57395.4,0
1235,52293.7,0
1236,47608.5,0
1237,44676.1,0
1238,39838.4,0
1239,38088.8,0
1240,38756.3,0
1241,41983.4,0
1242,83924.1,0
1243,119461.4,0
1244,129737,0
1245,146232.5,0
1246,160035.5,0
1247,179150.5,0
1248,197312.7,0
1249,213091,0
1250,227098,0
1251,226297.7,0
1252,231002,0
1253,231335.8,0
1254,241588.1,0
1255,150650.1,0
1256,129425,0
1257,93843.7,0
1258,59901.7,0
1259,43349.7,0
1260,31342.5,0
1261,24172.2,0
1262,17329.4,0
1263,13602.7,0
1264,11618,0
1265,12372.9,0
1266,41036.4,0
1267,51367.5,0
1268,71460.8,0
1269,66833.3,0
1270,81580.2,0
1271,69781,0
1272,79395.4,0
1273,66792,0
1274,76725.9,0
1275,64516,0
1276,75146.8,0
1277,66383.4,0
1278,79010.8,0
1279,47834.4,0
1280,40894.2,0
1281,30083.2,0
1282,18826.9,0
1283,9095.5,0
1284,4263.9,0
1285,3561.5,0
1286,4318,0
1287,5629.7,0
1288,9125,0
1289,19677.4,0
1290,49405.3,0
1291,65784.5,0
1292,66398.7,0
1293,78182.2,0
1294,76258.7,0
1295,85387.2,0
1296,80928.3,0
1297,88951.3,0
1298,84937.4,0
1299,94191.8,0
1300,91358.9,0
1301,105221.6,0
1302,106379.1,0
1303,69840.5,0
1304,64523.5,0
1305,55835.3,0
1306,46570.3,0
1307,39409,0
1308,33021.3,0
1309,28798.5,0
1310,24424.6,0
1311,23612.8,0
1312,25172.7,0
1313,29214.1,0
1314,65854.5,0
1315,94283,0
1316,101412.1,0
1317,119057.5,0
1318,124056.2,0
1319,135616.3,0
1320,137786.7,0
1321,150176.7,0
1322,159488.5,0
1323,170300.2,0
1324,170329.6,0
1325,173622.9,0
1326,177547,0
1327,185481.7,0
1328,134585.6,0
1329,92926.7,0
1330,72045.5,0
1331,64917.3,0
1332,58213.4,0
1333,53206.2,0
1334,50212,0
1335,50171.4,0
1336,51996.5,0
1337,80788.3,0
1338,101010.6,0
1339,108492.2,0
1340,125484.3,0
1341,134470.5,0
1342,151943.2,0
1343,159044.5,0
1344,174223.9,0
1345,179903.1,0
1346,183913.9,0
1347,190685.3,0
1348,196860.7,0
1349,194470.7,0
1350,193873.9,0
1351,200735.9,0
1352,196389.3,0
1353,169370.9,0
1354,136642.1,0
1355,105012.8,0
1356,93595.2,0
1357,77662.1,0
1358,75495.3,0
1359,63313.6,0
1360,67643.1,0
1361,68877.5,0
1362,89454.9,0
1363,96743.6,0
1364,116597.9,0
1365,120352,0
1366,129563.4,0
1367,127249.4,0
1368,137449.8,0
1369,137900.7,0
1370,138854.7,0
1371,128601.7,0
1372,131124.1,0
1373,125320.1,0
1374,130378.8,0
1375,91722.4,0
1376,67153.2,0
1377,57379.6,0
1378,47578.9,0
1379,41347.1,0
1380,36062.7,0
1381,32221.3,0
1382,27396.1,0
1383,26142.5,0
1384,27496,0
1385,32825,0
1386,67040.5,0
1387,90373.1,0
1388,91433.5,0
1389,103720.4,0
1390,102264.1,0
1391,112065.9,0
1392,108445.7,0
1393,117898.6,0
1394,115005.5,0
1395,121623.2,0
1396,117511.8,0
1397,124849.8,0
1398,122035.7,0
1399,75099.7,0
1400,68540.8,0
1401,59455.6,0
1402,49680.2,0
1403,42016.1,0
1404,36425.3,0
1405,35584.1,0
1406,33560.3,0
1407,31668,0
1408,30833.2,0
1409,31212.1,0
1410,64106.6,0
1411,93566.6,0
1412,105339,0
1413,123594.2,0
1414,125567.8,0
1415,135020.4,0
1416,137052.8,0
1417,148408.1,0
1418,150328.2,0
1419,156752.4,0
1420,156794.9,0
1421,162051.2,0
1422,163464.8,0
1423,102828.1,0
1424,82433.8,0
1425,60164.7,0
1426,39472.6,0
1427,22256.2,0
1428,10197.4,0
1429,6243,0
1430,5653.2,0
1431,5313.9,0
1432,5846.8,0
1433,6784.9,0
1434,29483.2,0
1435,43648.7,0
1436,50809.4,0
1437,55710.6,0
1438,58826.6,0
1439,60232.4,0
1440,64436.9,0
1441,67436.4,0
1442,77774.6,0
1443,85628.2,0
1444,101729.3,0
1445,106527.5,0
1446,113406.9,0
1447,79908.8,0
1448,55326.8,0
1449,36464.1,0
1450,18333.4,0
1451,7303.7,0
1452,4618.4,0
1453,3827.5,0
1454,2345.2,0
1455,1527.3,0
1456,1380.5,0
1457,2082.6,0
1458,6665.4,0
1459,20673,0
1460,29183.6,0
1461,42839.3,0
1462,47391,0
1463,66789.7,0
1464,58784.8,0
1465,75506.1,0
1466,68038.7,0
1467,89070.6,0
1468,76995.1,0
1469,103995.3,0
1470,90368.1,0
1471,65347.5,0
1472,58228.8,0
1473,46192.8,0
1474,33657.2,0
1475,23956,0
1476,15781.1,0
1477,9663.1,0
1478,4459.7,0
1479,3880.6,0
1480,3873.8,0
1481,4655.8,0
1482,24357.5,0
1483,47407.4,0
1484,56447,0
1485,82899.5,0
1486,78195.5,0
1487,106724.6,0
1488,91198.7,0
1489,120237.5,0
1490,96205.7,0
1491,117695,0
1492,90993.6,0
1493,111948.5,0
1494,89030.3,0
1495,111458.9,0
1496,61801.1,0
1497,56473.1,0
1498,52156,0
1499,49814.3,0
1500,47599.9,0
1501,48238.8,0
1502,46694.3,0
1503,45226.4,0
1504,43719.7,0
1505,63252.2,0
1506,70980.3,0
1507,70021.9,0
1508,80258,0
1509,77798.1,0
1510,84872.8,0
1511,76869.4,0
1512,80775.9,0
1513,71810.3,0
1514,72925,0
1515,63317.4,0
1516,65496.6,0
1517,58456,0
1518,63409.8,0
1519,58095.9,0
1520,59479,0
1521,41280.8,0
1522,32811.9,0
1523,27560.5,0
1524,9479.5,0
1525,7129.9,0
1526,6899.8,0
1527,5708.5,0
1528,6474.4,0
1529,6924.9,0
1530,21787.7,0
1531,30092.5,0
1532,48490.4,0
1533,54070.9,0
1534,78155,0
1535,71858.8,0
1536,96770.1,0
1537,83665.3,0
1538,113073,0
1539,95462.7,0
1540,124335.3,0
1541,101030.2,0
1542,130325.4,0
1543,74497.5,0
1544,66026.5,0
1545,56383.6,0
1546,46617.8,0
1547,38404.1,0
1548,30660.5,0
1549,26449.1,0
1550,21396.4,0
1551,18679.8,0
1552,17793.3,0
1553,20087.7,0
1554,53941.3,0
1555,82301,0
1556,93126.2,0
1557,109835.7,0
1558,109994.8,0
1559,121318.5,0
1560,122006.4,0
1561,131901.3,0
1562,132330.9,0
1563,140657.6,0
1564,140740.3,0
1565,147123.3,0
1566,151744.5,0
1567,97788,0
1568,79118.7,0
1569,59874.8,0
1570,43624.2,0
1571,33703.3,0
1572,25704.9,0
1573,21294.7,0
1574,17448.5,0
1575,16047.5,0
1576,15421.6,0
1577,17682.2,0
1578,47071.3,0
1579,67540.1,0
1580,70381.5,0
1581,80863.1,0
1582,76852.6,0
1583,83185.4,0
1584,76251.2,0
1585,81882.5,0
1586,75880,0
1587,81243.1,0
1588,74267.8,0
1589,80072.3,0
1590,73592.4,0
1591,47979.3,0
1592,42165.5,0
1593,35124.2,0
1594,27533.2,0
1595,21294.4,0
1596,15922,0
1597,13293.9,0
1598,7282.7,0
1599,5673.4,0
1600,5265.5,0
1601,5715.4,0
1602,16625.6,0
1603,31581,0
1604,31419.1,0
1605,35818.5,0
1606,33589.7,0
1607,42492,0
1608,39250,0
1609,47598.6,0
1610,41801.9,0
1611,50547.7,0
1612,45405.1,0
1613,58710,0
1614,57009.8,0
1615,46359.1,0
1616,40071.6,0
1617,27459,0
1618,15878.4,0
1619,7563.9,0
1620,4303.9,0
1621,3775.4,0
1622,2645.7,0
1623,1974.2,0
1624,1715.2,0
1625,2089.2,0
1626,6196.7,0
1627,13010.1,0
1628,28187.3,0
1629,36595.1,0
1630,40117,0
1631,59972.5,0
1632,57371.3,0
1633,78435.2,0
1634,73039.9,0
1635,99069,0
1636,85354,0
1637,113998.6,0
1638,95556.3,0
1639,68631.8,0
1640,58655.1,0
1641,38645.5,0
1642,19746.3,0
1643,8351.9,0
1644,4289.7,0
1645,3629.3,0
1646,2366.5,0
1647,1649.7,0
1648,1380.9,0
1649,1799.8,0
1650,5839.3,0
1651,13178.3,0
1652,28182.8,0
1653,36065.1,0
1654,49255.5,0
1655,59837.3,0
1656,70820.2,0
1657,79028.5,0
1658,92467.4,0
1659,98016.2,0
1660,107584.4,0
1661,110241.8,0
1662,116161,0
1663,114862.4,0
1664,64400.3,0
1665,48672.2,0
1666,32135.2,0
1667,21226.7,0
1668,11608.6,0
1669,7717.8,0
1670,7524.6,0
1671,7703.3,0
1672,8360.5,0
1673,22817.7,0
1674,37222.5,0
1675,32784.9,0
1676,45384.1,0
1677,41112.8,0
1678,49807.6,0
1679,45741.2,0
1680,57193.5,0
1681,50050.9,0
1682,60472.5,0
1683,51828.7,0
1684,62062.1,0
1685,51682.6,0
1686,60932.3,0
1687,49329.5,0
1688,50323.2,0
1689,36423,0
1690,34053.9,0
1691,30579.7,0
1692,33063.4,0
1693,30115.1,0
1694,36955,0
1695,31417.1,0
1696,33951.9,0
1697,37896.8,0
1698,39987.7,0
1699,43456.4,0
1700,54446.8,0
1701,52867,0
1702,61492.9,0
1703,57419.3,0
1704,64945.1,0
1705,60753.3,0
1706,68669.6,0
1707,65980.6,0
1708,76467,0
1709,76289.9,0
1710,53977.7,0
1711,49564.4,0
1712,40001.3,0
1713,28471.1,0
1714,18475.6,0
1715,9565.7,0
1716,5025.7,0
1717,3784.2,0
1718,3266.7,0
1719,2488.1,0
1720,2924.3,0
1721,7557.7,0
1722,13908,0
1723,24897.5,0
1724,35529.8,0
1725,36732.3,0
1726,39899.3,0
1727,37383.4,0
1728,45102.9,0
1729,41886.1,0
1730,46429.2,0
1731,43636.6,0
1732,51900.3,0
1733,50114.4,0
1734,36261.7,0
1735,33266.1,0
1736,27824,0
1737,21406.7,0
1738,14584.7,0
1739,6553.6,0
1740,4933.9,0
1741,4641.4,0
1742,4811.8,0
1743,5046.6,0
1744,5490.9,0
1745,11593.9,0
1746,36679.9,0
1747,31469.4,0
1748,40266.4,0
1749,38761.1,0
1750,48791.3,0
1751,46272,0
1752,66816.9,0
1753,67717.7,0
1754,93667,0
1755,77272.3,0
1756,96022.4,0
1757,82133.2,0
1758,59883.5,0
1759,55728.1,0
1760,45890,0
1761,32882.2,0
1762,23486.5,0
1763,16407.4,0
1764,12553.9,0
1765,6654.1,0
1766,4528,0
1767,4090.4,0
1768,4172.8,0
1769,24907.8,0
1770,37053.1,0
1771,45549.9,0
1772,64254.2,0
1773,68250.2,0
1774,84348.1,0
1775,86295.6,0
1776,101801,0
1777,104684,0
1778,117310.8,0
1779,114479,0
1780,121130,0
1781,123914.3,0
1782,79399.3,0
1783,74991.8,0
1784,63165.1,0
1785,46296.1,0
1786,31738.5,0
1787,19544.8,0
1788,11771.7,0
1789,5002,0
1790,4179,0
1791,3665.6,0
1792,3935.2,0
1793,8377.9,0
1794,37085.7,0
1795,43402.5,0
1796,60948.7,0
1797,63126.7,0
1798,72565.7,0
1799,68628.4,0
1800,76617.2,0
1801,72060.9,0
1802,79598,0
1803,76319.8,0
1804,86855.9,0
1805,84183.8,0
1806,56133,0
1807,52382.2,0
1808,43424.3,0
1809,31195.1,0
1810,21248.4,0
1811,12745.7,0
1812,7298.4,0
1813,4634.6,0
1814,3911.2,0
1815,3457.1,0
1816,3907.2,0
1817,15162.6,0
1818,33109.4,0
1819,40885.8,0
1820,65079.1,0
1821,63696.9,0
1822,91818.3,0
1823,80804.5,0
1824,108645.8,0
1825,93388.5,0
1826,124573.8,0
1827,105089.8,0
1828,138672.1,0
1829,114418.2,0
1830,150935.2,0
1831,83442.2,0
1832,75556.5,0
1833,65505.9,0
1834,56928.6,0
1835,48807.1,0
1836,43553.4,0
1837,37448,0
1838,33031.8,0
1839,31007.3,0
1840,45995.7,0
1841,55313.1,0
1842,60079.7,0
1843,81145.4,0
1844,87965.3,0
1845,104579.6,0
1846,105899.6,0
1847,118416.5,0
1848,121345,0
1849,135028,0
1850,138674.6,0
1851,153945.2,0
1852,160655.6,0
1853,168464.9,0
1854,186050.7,0
1855,190497.9,0
1856,166188,0
1857,128670.5,0
1858,92766,0
1859,72576.7,0
1860,49589.7,0
1861,40240,0
1862,35939.2,0
1863,26929.9,0
1864,30933.7,0
1865,26023.2,0
1866,32469.9,0
1867,56694.2,0
1868,63583.2,0
1869,93484.1,0
1870,80934.2,0
1871,105859.8,0
1872,85088.3,0
1873,98323.5,0
1874,71965.8,0
1875,80309.1,0
1876,62991.4,0
1877,77317.7,0
1878,48575.1,0
1879,41570.5,0
1880,31582.5,0
1881,18757.4,0
1882,7314.3,0
1883,4367.9,0
1884,3536.6,0
1885,3076.2,0
1886,3225.7,0
1887,3552.7,0
1888,3005.7,0
1889,5527.5,0
1890,8511.6,0
1891,9199.5,0
1892,13307.2,0
1893,32475,0
1894,34053.7,0
1895,33921.2,0
1896,39855.8,0
1897,46716,0
1898,58019.1,0
1899,71300.8,0
1900,79742.2,0
1901,89969.4,0
1902,66505.5,0
1903,56138.4,0
1904,48101.1,0
1905,38014.4,0
1906,29308.4,0
1907,21906.9,0
1908,16918.3,0
1909,9465.6,0
1910,5929.6,0
1911,5686,0
1912,6459,0
1913,22488.9,0
1914,42317.3,0
1915,50277.2,0
1916,71415.4,0
1917,68379.1,0
1918,90620.2,0
1919,76556.9,0
1920,101088.1,0
1921,84427.7,0
1922,110065.2,0
1923,92674.9,0
1924,119175.9,0
1925,95156.6,0
1926,64311,0
1927,57179.9,0
1928,47882.5,0
1929,38781.9,0
1930,32520.4,0
1931,29332.3,0
1932,29177.8,0
1933,25683.5,0
1934,24244.6,0
1935,24708.2,0
1936,25658.8,0
1937,50877.4,0
1938,67935.8,0
1939,70366.8,0
1940,83219,0
1941,81084.7,0
1942,89852.9,0
1943,85876.6,0
1944,94551.7,0
1945,89580.9,0
1946,96964.6,0
1947,91259.1,0
1948,97241.4,0
1949,89910.7,0
1950,57487.7,0
1951,51319.8,0
1952,44477.3,0
1953,37571.2,0
1954,32639.2,0
1955,28457.9,0
1956,26680,0
1957,23733.9,0
1958,22193.9,0
1959,21751.5,0
1960,22946.7,0
1961,49693.8,0
1962,63648.5,0
1963,64477.4,0
1964,75289.5,0
1965,71832.8,0
1966,79912.3,0
1967,74949.6,0
1968,82080.8,0
1969,76674.5,0
1970,83690.8,0
1971,77517.5,0
1972,83823.6,0
1973,78590,0
1974,51558.9,0
1975,45877.3,0
1976,37810.8,0
1977,28597.7,0
1978,21547.5,0
1979,18889.1,0
1980,20263.5,0
1981,20368.9,0
1982,21789.4,0
1983,22709.1,0
1984,24937.4,0
1985,51744.4,0
1986,69593.9,0
1987,71948.1,0
1988,85090.1,0
1989,82537.8,0
1990,91357.1,0
1991,86820.2,0
1992,94490.8,0
1993,88993.3,0
1994,96272.1,0
1995,90544.2,0
1996,97730.2,0
1997,91911.2,0
1998,99058.3,0
1999,68464.2,0
2000,53720,0
2001,43873.8,0
2002,35567.6,0
2003,29808.8,0
2004,27395,0
2005,22824.8,0
2006,19099.2,0
2007,16775.7,0
2008,24746,0
2009,31120.2,0
2010,30555,0
2011,46026.4,0
2012,51784.5,0
2013,71338.1,0
2014,64427.7,0
2015,89510.6,0
2016,77178.8,0
2017,104433.9,0
2018,91058.5,0
2019,124143.3,0
2020,108516.5,0
2021,146908.6,0
2022,120046.8,0
2023,153684.1,0
2024,106564.1,0
2025,101341.6,0
2026,57495.9,0
2027,46120.1,0
2028,29164.6,0
2029,42072.5,0
2030,21219.8,0
2031,9546.1,0
2032,8232.6,0
2033,9599.2,0
2034,10628.5,0
2035,38565.5,0
2036,42683.9,0
2037,58098.3,0
2038,60886.3,0
2039,73600.9,0
2040,75617.5,0
2041,94337.1,0
2042,95917.1,0
2043,106018.8,0
2044,106159.3,0
2045,115402,0
2046,82211.7,0
2047,64567.7,0
2048,49670.4,0
2049,29003.7,0
2050,10780.9,0
2051,4396.8,0
2052,2822.4,0
2053,1056.6,0
2054,21.1,0
2055,0,0
2056,0,0
2057,1329.6,0
2058,4375.5,0
2059,6130.6,0
2060,9627.1,0
2061,9162.9,0
2062,11199.4,0
2063,9416.8,0
2064,11839.4,0
2065,12342.5,0
2066,42410.3,0
2067,23510.9,0
2068,34024.3,0
2069,31831.1,0
2070,27038.3,0
2071,21923.8,0
2072,11277.4,0
2073,5160.3,0
2074,3572.5,0
2075,2482.8,0
2076,1605.2,0
2077,49.6,0
2078,0,0
2079,0,0
2080,0,0
2081,0,0
2082,162.2,0
2083,1888.2,0
2084,3249.9,0
2085,5224.9,0
2086,5901.7,0
2087,7822,0
2088,7718.3,0
2089,9372.5,0
2090,8952,0
2091,10424.9,0
2092,9557.3,0
2093,10713.8,0
2094,7673.6,0
2095,6429.4,0
2096,5438,0
2097,4711.1,0
2098,3908.1,0
2099,2892.3,0
2100,2580.6,0
2101,1507.3,0
2102,434.7,0
2103,0,0
2104,0,0
2105,1635.8,0
2106,4112.3,0
2107,4584.5,0
2108,6950.4,0
2109,6394.6,0
2110,8217.1,0
2111,7384.4,0
2112,9553.1,0
2113,8283.5,0
2114,10369.9,0
2115,9147.3,0
2116,11506.7,0
2117,9942.3,0
2118,7803.3,0
2119,7096.2,0
2120,6334.3,0
2121,5538.3,0
2122,5165.3,0
2123,4946.6,0
2124,5078.3,0
2125,4578.8,0
2126,4443.5,0
2127,4394,0
2128,4732.2,0
2129,8729.4,0
2130,19021.9,0
2131,30715.4,0
2132,34354.4,0
2133,31639.8,0
2134,44000,0
2135,42762.6,0
2136,52934.6,0
2137,47641.5,0
2138,61219.7,0
2139,52755.8,0
2140,64025.6,0
2141,53776.1,0
2142,39991.6,0
2143,34848.4,0
2144,28310,0
2145,22522.7,0
2146,18439.9,0
2147,14433.3,0
2148,15888.2,0
2149,16291.5,0
2150,16630.7,0
2151,16591.6,0
2152,16688.4,0
2153,39222.6,0
2154,45126.8,0
2155,58865.8,0
2156,55694.9,0
2157,67871.4,0
2158,61716.6,0
2159,75179.1,0
2160,67358,0
2161,82915.9,0
2162,73247.4,0
2163,88799.3,0
2164,76377.7,0
2165,91906.8,0
2166,78123.3,0
2167,53560.7,0
2168,46328.8,0
2169,34327.4,0
2170,22970.5,0
2171,14157,0
2172,7817.4,0
2173,6122.9,0
2174,5300.8,0
2175,4719.7,0
2176,6337.6,0
2177,7988.8,0
2178,8744.8,0
2179,33169.2,0
2180,35504.1,0
2181,45666.9,0
2182,57585.1,0
2183,62623.1,0
2184,66228,0
2185,65254.5,0
2186,65917.3,0
2187,66026.7,0
2188,68390,0
2189,72202.4,0
2190,78734.2,0
2191,78762.2,0
2192,71064.9,0
2193,50677.3,0
2194,31220,0
2195,24802.5,0
2196,14428.8,0
2197,8258.5,0
2198,5918.4,0
2199,5058.2,0
2200,5232.3,0
2201,6613.1,0
2202,6910.2,0
2203,9278.6,0
2204,9372.7,0
2205,13924.9,0
2206,35863.5,0
2207,31693.9,0
2208,26324.2,0
2209,34022.1,0
2210,32242.9,0
2211,42932.3,0
2212,40017.6,0
2213,48830.6,0
2214,34660.5,0
2215,29001,0
2216,20124.1,0
2217,8913.4,0
2218,4749.4,0
2219,3335.1,0
2220,2533,0
2221,1268.7,0
2222,416.2,0
2223,0,0
2224,0,0
2225,3148.7,0
2226,5675.3,0
2227,8725.1,0
2228,8370.1,0
2229,11026.8,0
2230,12922.1,0
2231,36692,0
2232,31526.4,0
2233,34586.7,0
2234,26189.4,0
2235,35323.9,0
2236,31731.4,0
2237,34856,0
2238,25334.8,0
2239,20175.2,0
2240,11073.3,0
2241,5415.1,0
2242,4290.5,0
2243,3027.6,0
2244,2075.9,0
2245,404.1,0
2246,0,0
2247,0,0
2248,0,0
2249,652.4,0
2250,3143.1,0
2251,6662.3,0
2252,7772.2,0
2253,10190.7,0
2254,10125.6,0
2255,33254.4,0
2256,32446.3,0
2257,32084.8,0
2258,30799.6,0
2259,37739.4,0
2260,39764,0
2261,43770,0
2262,33674.5,0
2263,28936.9,0
2264,21758.1,0
2265,13265,0
2266,6076.9,0
2267,4323,0
2268,3695.8,0
2269,2727.5,0
2270,1736.5,0
2271,1148.2,0
2272,1064.1,0
2273,3414.4,0
2274,6675.4,0
2275,7839.5,0
2276,10621.3,0
2277,30390.5,0
2278,37356.4,0
2279,39039,0
2280,50057.1,0
2281,52359.7,0
2282,66195.9,0
2283,66787.8,0
2284,79145.9,0
2285,76603,0
2286,49821.1,0
2287,41733.5,0
2288,29203.8,0
2289,13089.2,0
2290,4809.4,0
2291,3031.9,0
2292,2097.5,0
2293,743.7,0
2294,0.8,0
2295,0,0
2296,0,0
2297,1201.1,0
2298,4108.8,0
2299,6448.3,0
2300,9466.3,0
2301,9694.5,0
2302,28910.7,0
2303,28437.9,0
2304,35158.2,0
2305,29608,0
2306,39633.6,0
2307,39910,0
2308,52541.7,0
2309,50579.7,0
2310,38171.5,0
2311,31377.3,0
2312,20161.3,0
2313,7396.1,0
2314,4188.1,0
2315,2676.8,0
2316,2115.3,0
2317,1132.4,0
2318,933.9,0
2319,1191.2,0
2320,1775.9,0
2321,4940.9,0
2322,8129.7,0
2323,8427.3,0
2324,10525.5,0
2325,10202.8,0
2326,29453.7,0
2327,28691.6,0
2328,34373.9,0
2329,33740.7,0
2330,36448.7,0
2331,36868.4,0
2332,38329.9,0
2333,35839.3,0
2334,37892.3,0
2335,23646.7,0
2336,16804.9,0
2337,7645,0
2338,5704.6,0
2339,4621.5,0
2340,4632.7,0
2341,4388.3,0
2342,4148.3,0
2343,4187.5,0
2344,6316.7,0
2345,7750.1,0
2346,7480.3,0
2347,9016.5,0
2348,8533.2,0
2349,9988.6,0
2350,9243.7,0
2351,10830.7,0
2352,10308.7,0
2353,28154.2,0
2354,27966,0
2355,33554,0
2356,24622.3,0
2357,43617.2,0
2358,24525.8,0
2359,36318.5,0
2360,22748.6,0
2361,18411.5,0
2362,9250.9,0
2363,9491.7,0
2364,7724.5,0
2365,7705.3,0
2366,5775.9,0
2367,4727,0
2368,4066.1,0
2369,4795.5,0
2370,5628,0
2371,7507.4,0
2372,7508.3,0
2373,9146.5,0
2374,8754.9,0
2375,10577,0
2376,10438.4,0
2377,31714.4,0
2378,29861.5,0
2379,36321.6,0
2380,37584.6,0
2381,39836.3,0
2382,29307.1,0
2383,21226.1,0
2384,11661.3,0
2385,5101.2,0
2386,3332.9,0
2387,1897.4,0
2388,1641.5,0
2389,941.3,0
2390,168.2,0
2391,432.4,0
2392,1092.3,0
2393,3830.4,0
2394,6400.6,0
2395,6894.8,0
2396,8835.2,0
2397,8632.5,0
2398,10487.3,0
2399,9966.4,0
2400,16612.6,0
2401,38525,0
2402,26655.4,0
2403,28620.3,0
2404,36056.9,0
2405,30535,0
2406,27530.5,0
2407,24642.3,0
2408,16358.3,0
2409,6112.5,0
2410,3944.8,0
2411,2408.7,0
2412,1555.4,0
2413,184.4,0
2414,0,0
2415,0,0
2416,0,0
2417,178.6,0
2418,2652.2,0
2419,4100.5,0
2420,7049.6,0
2421,7233.9,0
2422,10280.9,0
2423,10094.2,0
2424,35377.5,0
2425,30058.9,0
2426,40165,0
2427,33030.9,0
2428,41711.3,0
2429,34915.6,0
2430,25661.5,0
2431,18753.1,0
2432,8399.8,0
2433,4521.6,0
2434,2679.2,0
2435,1517.7,0
2436,984.3,0
2437,46.2,0
2438,0,0
2439,0,0
2440,0,0
2441,1281.7,0
2442,3727.7,0
2443,5159.9,0
2444,7036.7,0
2445,6886,0
2446,8132,0
2447,7687.1,0
2448,9422.2,0
2449,9229.8,0
2450,11186.8,0
2451,10700.5,0
2452,22849.3,0
2453,33760.8,0
2454,14385.2,0
2455,8912.8,0
2456,6214,0
2457,4984.4,0
2458,3793.6,0
2459,2644.9,0
2460,2120.1,0
2461,863.9,0
2462,79.9,0
2463,0,0
2464,497.8,0
2465,3598.7,0
2466,6501.5,0
2467,6957.8,0
2468,8858.2,0
2469,8605.6,0
2470,10401.8,0
2471,9853.7,0
2472,15050.6,0
2473,33507,0
2474,27853.1,0
2475,36723.7,0
2476,28254.9,0
2477,26979.7,0
2478,20597.6,0
2479,16267.6,0
2480,8953.6,0
2481,5759.9,0
2482,5346.9,0
2483,4768.8,0
2484,4739.8,0
2485,4368.4,0
2486,3920.3,0
2487,3487.1,0
2488,3322.3,0
2489,6317.6,0
2490,8407.6,0
2491,7695.6,0
2492,8723.2,0
2493,7951,0
2494,9164.9,0
2495,8499.7,0
2496,10037.3,0
2497,9466,0
2498,11311,0
2499,22763.5,0
2500,34361,0
2501,36179.4,0
2502,35586.6,0
2503,23092.7,0
2504,18759.1,0
2505,12475.2,0
2506,6787,0
2507,6180.1,0
2508,6772.6,0
2509,6699.1,0
2510,6582.1,0
2511,6725.7,0
2512,9303.8,0
2513,15876.4,0
2514,32164.2,0
2515,33024.1,0
2516,38100.9,0
2517,38274.5,0
2518,48751.9,0
2519,46422.2,0
2520,55272,0
2521,49268.1,0
2522,56718.2,0
2523,49629.9,0
2524,57415.5,0
2525,50607.5,0
2526,58908.4,0
2527,48952.9,0
2528,51743.2,0
2529,39457.7,0
2530,35925.9,0
2531,29166.2,0
2532,29683.5,0
2533,32385.2,0
2534,24229.8,0
2535,28224.6,0
2536,32874.4,0
2537,24050.6,0
2538,28267.7,0
2539,39175.7,0
2540,43942,0
2541,64967.9,0
2542,60442.3,0
2543,82194.3,0
2544,73263.6,0
2545,97333.3,0
2546,83130.2,0
2547,111416.1,0
2548,94740.1,0
2549,124186.8,0
2550,69258.9,0
2551,57107.4,0
2552,45531.9,0
2553,30792,0
2554,18578.5,0
2555,9093.5,0
2556,5490.5,0
2557,4068.3,0
2558,3044.5,0
2559,2159.6,0
2560,1814.6,0
2561,4510.7,0
2562,7932.4,0
2563,8865.3,0
2564,23268.1,0
2565,32723,0
2566,45489.7,0
2567,50750.4,0
2568,66985.6,0
2569,70688.2,0
2570,84410.4,0
2571,81655.8,0
2572,89945,0
2573,84675.5,0
2574,54025.4,0
2575,44825.7,0
2576,31688.4,0
2577,15159.3,0
2578,5243.5,0
2579,3430.4,0
2580,2513.9,0
2581,1203.6,0
2582,196.2,0
2583,0,0
2584,0,0
2585,1645.5,0
2586,4867.4,0
2587,6249.2,0
2588,9367,0
2589,8862.4,0
2590,11659.9,0
2591,26551.7,0
2592,32679.9,0
2593,29750.3,0
2594,36083.8,0
2595,38695,0
2596,43906.4,0
2597,43654.3,0
2598,34282.4,0
2599,23610.8,0
2600,12950.6,0
2601,5353.1,0
2602,3618.4,0
2603,2050.9,0
2604,1188.9,0
2605,31.6,0
2606,0,0
2607,0,0
2608,0,0
2609,0,0
2610,1633.4,0
2611,4151.2,0
2612,5609.7,0
2613,8286.1,0
2614,7904,0
2615,10636,0
2616,11194,0
2617,33869.2,0
2618,28600.6,0
2619,36402.3,0
2620,37307.2,0
2621,42160.2,0
2622,29435.9,0
2623,20572.5,0
2624,9629.8,0
2625,4843.8,0
2626,2981.4,0
2627,1290.1,0
2628,184.6,0
2629,0,0
2630,0,0
2631,0,0
2632,0,0
2633,0,0
2634,367.6,0
2635,2581.2,0
2636,4040.8,0
2637,6544.7,0
2638,6203.5,0
2639,8221.1,0
2640,7383.3,0
2641,9518.3,0
2642,8369.1,0
2643,10450.2,0
2644,9001.9,0
2645,11110.6,0
2646,7411.1,0
2647,6179.6,0
2648,4593.5,0
2649,3140.6,0
2650,1936.3,0
2651,862.5,0
2652,235.7,0
2653,0,0
2654,0,0
2655,0,0
2656,0,0
2657,0,0
2658,1002.3,0
2659,2454.9,0
2660,5259.6,0
2661,6058.6,0
2662,9010.7,0
2663,8728.2,0
2664,11483.5,0
2665,21513.8,0
2666,44421.9,0
2667,31967.1,0
2668,48059.5,0
2669,43058.7,0
2670,50549.7,0
2671,23150.2,0
2672,15759.2,0
2673,7060.2,0
2674,5526.9,0
2675,4352.9,0
2676,3916.9,0
2677,3178.8,0
2678,2398.2,0
2679,1880.1,0
2680,2142.5,0
2681,2276.4,0
2682,3948.5,0
2683,4738.3,0
2684,7388.5,0
2685,7091.7,0
2686,9591.4,0
2687,8807.4,0
2688,11412.2,0
2689,14626.1,0
2690,34538.1,0
2691,30107.4,0
2692,36145.9,0
2693,35309.1,0
2694,40852.8,0
2695,32858.7,0
2696,34380,0
2697,32294.1,0
2698,24113.5,0
2699,8193,0
2700,8047.3,0
2701,5305,0
2702,4323,0
2703,2699.2,0
2704,2391.2,0
2705,2352.4,0
2706,3941.5,0
2707,5317.7,0
2708,8432.9,0
2709,8268.2,0
2710,11116.4,0
2711,11491.8,0
2712,32789.9,0
2713,29788,0
2714,41878.5,0
2715,31668.1,0
2716,43347.7,0
2717,31421.3,0
2718,18776.3,0
2719,10154,0
2720,6049.9,0
2721,4368.6,0
2722,2920.7,0
2723,1647.5,0
2724,991.5,0
2725,8.6,0
2726,0,0
2727,0,0
2728,0,0
2729,508.8,0
2730,2899.8,0
2731,5637.9,0
2732,6531.8,0
2733,8191.9,0
2734,7707.4,0
2735,9170.3,0
2736,8830.1,0
2737,10845.9,0
2738,11291.2,0
2739,35202.1,0
2740,31509.5,0
2741,27086.2,0
2742,17664.5,0
2743,8696,0
2744,5558.2,0
2745,4106.3,0
2746,3122,0
2747,1906.3,0
2748,961.6,0
2749,0,0
2750,0,0
2751,0,0
2752,0,0
2753,1038.3,0
2754,3786.9,0
2755,5348.7,0
2756,7727.8,0
2757,8005.4,0
2758,10187.9,0
2759,9856.8,0
2760,15730.7,0
2761,34201.4,0
2762,26969.5,0
2763,31609.6,0
2764,32595.9,0
2765,29267,0
2766,19544.2,0
2767,14555,0
2768,6934.8,0
2769,5324.3,0
2770,4831.8,0
2771,4343.8,0
2772,4524.3,0
2773,4392.5,0
2774,4169.8,0
2775,4053.7,0
2776,4594.6,0
2777,8251.2,0
2778,11967.4,0
2779,34264,0
2780,26891,0
2781,28180.9,0
2782,36183,0
2783,30504.3,0
2784,33873.8,0
2785,31111.8,0
2786,36739.8,0
2787,35087.1,0
2788,42440.5,0
2789,37439.6,0
2790,28548.9,0
2791,22727.1,0
2792,14977.1,0
2793,6998.7,0
2794,5672.4,0
2795,4993.6,0
2796,4800,0
2797,4301,0
2798,3797,0
2799,3522.6,0
2800,3850.8,0
2801,7319.6,0
2802,10029.5,0
2803,9763.4,0
2804,15501.2,0
2805,33472,0
2806,28764.7,0
2807,28052.5,0
2808,34556.8,0
2809,33619.8,0
2810,36488.3,0
2811,37575,0
2812,38231,0
2813,36455.8,0
2814,22400.6,0
2815,16259.6,0
2816,7494.2,0
2817,5273.6,0
2818,4692,0
2819,3993.1,0
2820,3802.2,0
2821,3092.5,0
2822,2836.3,0
2823,2769.2,0
2824,3267.1,0
2825,6782,0
2826,9662.9,0
2827,9610.1,0
2828,13474.3,0
2829,32066.5,0
2830,27249.6,0
2831,37255.4,0
2832,27800.9,0
2833,29370.9,0
2834,36532,0
2835,29298.3,0
2836,34749.6,0
2837,30099.9,0
2838,34272.7,0
2839,22902.4,0
2840,18181,0
2841,10291.9,0
2842,6827.1,0
2843,6071.8,0
2844,5802.1,0
2845,4838.6,0
2846,4280.9,0
2847,3634.2,0
2848,4676.8,0
2849,5829.9,0
2850,6451.4,0
2851,8966.6,0
2852,9220.2,0
2853,11240.5,0
2854,15281,0
2855,34678.5,0
2856,27079.1,0
2857,33210.4,0
2858,30336.5,0
2859,32290.9,0
2860,29515.6,0
2861,35982,0
2862,30332.4,0
2863,37421.5,0
2864,29537.1,0
2865,31094.4,0
2866,39951.6,0
2867,19446.9,0
2868,12784.4,0
2869,11178.6,0
2870,9747.4,0
2871,10807.4,0
2872,9737,0
2873,11359.1,0
2874,10899,0
2875,28858,0
2876,27114,0
2877,35365.5,0
2878,32505.4,0
2879,37401.8,0
2880,35971.1,0
2881,42285.2,0
2882,42131.1,0
2883,50850.2,0
2884,48839.1,0
2885,57466.8,0
2886,37713.6,0
2887,21569.4,0
2888,9536,0
2889,4592.2,0
2890,2971.3,0
2891,1544,0
2892,630.8,0
2893,0,0
2894,0,0
2895,0,0
2896,0,0
2897,0,0
2898,151.7,0
2899,1656.2,0
2900,2986,0
2901,4737.9,0
2902,5451.4,0
2903,6896.7,0
2904,6573.1,0
2905,7955.5,0
2906,7606.8,0
2907,9206.9,0
2908,8986.5,0
2909,24708.5,0
2910,12377,0
2911,6148.6,0
2912,3925.4,0
2913,2326.9,0
2914,1101.3,0
2915,61.2,0
2916,0,0
2917,0,0
2918,0,0
2919,0,0
2920,0,0
2921,13.5,0
2922,1396.5,0
2923,2475.8,0
2924,3826.3,0
2925,4427.7,0
2926,5687.7,0
2927,5842.7,0
2928,7285.2,0
2929,7050.8,0
2930,8385.7,0
2931,7728.4,0
2932,8825.3,0
2933,7993.1,0
2934,6003.1,0
2935,4700,0
2936,2946.2,0
2937,1516.6,0
2938,291.5,0
2939,0,0
2940,0,0
2941,0,0
2942,0,0
2943,0,0
2944,0,0
2945,0,0
2946,0,0
2947,1049.3,0
2948,2934.8,0
2949,4345.5,0
2950,6341.1,0
2951,6483.1,0
2952,8063.9,0
2953,7868.1,0
2954,9467.9,0
2955,8864.8,0
2956,10367.4,0
2957,15497.1,0
2958,10037.5,0
2959,6295.4,0
2960,5182.8,0
2961,4351.2,0
2962,3924.6,0
2963,3542.6,0
2964,3633.9,0
2965,3178,0
2966,2857.6,0
2967,2376,0
2968,2359.8,0
2969,5574.2,0
2970,8206,0
2971,8155,0
2972,10094.4,0
2973,20445.4,0
2974,37101.6,0
2975,22800.5,0
2976,35257.7,0
2977,29416.5,0
2978,35603.4,0
2979,36803.3,0
2980,47803.2,0
2981,42726.9,0
2982,31973.3,0
2983,22044.5,0
2984,8624.7,0
2985,3894,0
2986,2503,0
2987,1518.4,0
2988,1502,0
2989,1002.3,0
2990,696.8,0
2991,187.8,0
2992,73.9,0
2993,1475,0
2994,2850.9,0
2995,4789,0
2996,6067.3,0
2997,8230.6,0
2998,8184,0
2999,10183.1,0
3000,18952.6,0
3001,36683.5,0
3002,29888.8,0
3003,33908.5,0
3004,37330.7,0
3005,40647.5,0
3006,36522.3,0
3007,21428,0
3008,10354.2,0
3009,5480.6,0
3010,3855.4,0
3011,2410.9,0
3012,1828.3,0
3013,895.5,0
3014,29.1,0
3015,0,0
3016,0,0
3017,0,0
3018,4.9,0
3019,1005.5,0
3020,2247.1,0
3021,4030.3,0
3022,4504.4,0
3023,6757.3,0
3024,6289.9,0
3025,8392.9,0
3026,7632,0
3027,9835.3,0
3028,8689.8,0
3029,21335.5,0
3030,29546,0
3031,21516.9,0
3032,7600.7,0
3033,6900.5,0
3034,3515.9,0
3035,2068.8,0
3036,963.2,0
3037,271.4,0
3038,0,0
3039,0,0
3040,0,0
3041,0,0
3042,0,0
3043,93.3,0
3044,1247.2,0
3045,1813,0
3046,2819.3,0
3047,3174.8,0
3048,4628.2,0
3049,4380.1,0
3050,5951.2,0
3051,5580.8,0
3052,7383.2,0
3053,6777.5,0
3054,5589.5,0
3055,4540.3,0
3056,2969.2,0
3057,1463.6,0
3058,245.3,0
3059,0,0
3060,0,0
3061,0,0
3062,0,0
3063,0,0
3064,0,0
3065,0,0
3066,0,0
3067,261.3,0
3068,1876.1,0
3069,3110.7,0
3070,5521.1,0
3071,6479.3,0
3072,8504.8,0
3073,8472.4,0
3074,10273.6,0
3075,14774.4,0
3076,34117.7,0
3077,28091.2,0
3078,16931.4,0
3079,6928.3,0
3080,4001.6,0
3081,1813.6,0
3082,217.9,0
3083,0,0
3084,0,0
3085,0,0
3086,0,0
3087,0,7.2
3088,0,128.7
3089,0,0
3090,0,0
3091,0,0
3092,56.3,0
3093,1211.2,0
3094,1982.5,0
3095,3356.1,0
3096,4015.8,0
3097,5966.8,0
3098,5879.6,0
3099,8028.8,0
3100,7311,0
3101,9352.9,0
3102,6188.6,0
3103,4531.9,0
3104,2220.7,0
3105,206,0
3106,0,0
3107,0,0
3108,0,0
3109,0,312.2
3110,0,1303.7
3111,0,1913
3112,0,7538.3
3113,0,2307.1
3114,0,290.7
3115,0,0
3116,0,0
3117,0,0
3118,0,0
3119,393.9,0
3120,1329.1,0
3121,1827.4,0
3122,2453.8,0
3123,3225,0
3124,3922.3,0
3125,5015.4,0
3126,4181.9,0
3127,2608.1,0
3128,417.7,0
3129,0,0
3130,0,0
3131,0,109.7
3132,0,728.2
3133,0,1823.8
3134,0,20850.8
3135,0,49314.7
3136,0,68536.5
3137,0,74855.3
3138,0,4078.7
3139,0,0
3140,0,0
3141,0,0
3142,0,0
3143,5.3,0
3144,362.2,0
3145,906.1,0
3146,1309.8,0
3147,1603.3,0
3148,1977.5,0
3149,2452.3,0
3150,2088,0
3151,750.7,0
3152,0,0
3153,0,0
3154,0,0
3155,0,196.9
3156,0,721.2
3157,0,1696.8
3158,0,17968.6
3159,0,43631.2
3160,0,18699.5
3161,0,0
3162,0,0
3163,0,0
3164,0,0
3165,70.8,0
3166,739.4,0
3167,1184.9,0
3168,1543.8,0
3169,2086.7,0
3170,2944.5,0
3171,3768.5,0
3172,4810,0
3173,4833,0
3174,5948.8,0
3175,4080.2,0
3176,3374.4,0
3177,2425.8,0
3178,1730.1,0
3179,1094.2,0
3180,1019.9,0
3181,410.5,0
3182,0,0
3183,0,0
3184,0,0
3185,374.4,0
3186,1652.5,0
3187,2627.6,0
3188,3960.1,0
3189,4579.2,0
3190,6233.2,0
3191,6292.9,0
3192,8085.6,0
3193,7867.7,0
3194,9747.8,0
3195,9064.1,0
3196,10249.7,0
3197,9089.3,0
3198,10166.6,0
3199,8822.1,0
3200,9343.4,0
3201,7798.2,0
3202,7937.6,0
3203,6220,0
3204,5546.4,0
3205,3666.2,0
3206,2909.2,0
3207,2358.9,0
3208,2411.2,0
3209,2535.2,0
3210,2987.8,0
3211,3353.6,0
3212,4425.4,0
3213,4440.6,0
3214,5032.3,0
3215,4883.6,0
3216,5971.8,0
3217,5668,0
3218,6923.8,0
3219,6600.4,0
3220,7741.3,0
3221,6915.2,0
3222,4893.1,0
3223,3556.5,0
3224,2055.3,0
3225,929.5,0
3226,70,0
3227,0,0
3228,0,0
3229,0,0
3230,0,0
3231,0,0
3232,0,2.1
3233,0,0
3234,0,0
3235,0,0
3236,279.9,0
3237,1163.6,0
3238,2033.5,0
3239,2768.4,0
3240,3951.9,0
3241,4706.3,0
3242,6633.7,0
3243,6777.9,0
3244,8528.3,0
3245,8316.5,0
3246,6392.5,0
3247,4918.6,0
3248,3121.7,0
3249,1712.1,0
3250,737.7,0
3251,4.7,0
3252,0,0
3253,0,0
3254,0,0
3255,0,0
3256,0,0
3257,0,0
3258,0,0
3259,44.1,0
3260,1743.5,0
3261,3073.7,0
3262,4743.1,0
3263,5885,0
3264,7728.4,0
3265,7526.6,0
3266,9075.9,0
3267,8664.9,0
3268,10215.9,0
3269,14495.8,0
3270,8320.1,0
3271,5459.5,0
3272,3234.5,0
3273,1238.8,0
3274,17.6,0
3275,0,0
3276,0,0
3277,0,15.6
3278,0,761.1
3279,0,1542
3280,0,8659.3
3281,0,3179.7
3282,0,214.2
3283,0,0
3284,0,0
3285,0,0
3286,0,0
3287,597.4,0
3288,1276,0
3289,1670.8,0
3290,2082.7,0
3291,2977.6,0
3292,3853.8,0
3293,4976.6,0
3294,3915.7,0
3295,2151.7,0
3296,163.5,0
3297,0,0
3298,0,0
3299,0,275.9
3300,0,1089.7
3301,0,15449.5
3302,0,63598.8
3303,0,100542.1
3304,0,107997
3305,0,58572.3
3306,0,0
3307,0,0
3308,0,0
3309,0,0
3310,0,0
3311,0,0
3312,236.9,0
3313,1121,0
3314,1142.4,0
3315,1641.5,0
3316,2550.4,0
3317,3032.9,0
3318,2927.2,0
3319,2219.5,0
3320,1267,0
3321,777.9,0
3322,644.6,0
3323,157.5,0
3324,92.8,0
3325,0,0
3326,0,0
3327,0,0
3328,0,0
3329,2491.1,0
3330,4131.1,0
3331,6546.6,0
3332,6216.8,0
3333,8262.2,0
3334,7281.4,0
3335,9211.6,0
3336,8153.7,0
3337,10263.9,0
3338,9339,0
3339,25165.5,0
3340,25559,0
3341,40393.6,0
3342,28493.6,0
3343,8869.4,0
3344,6321,0
3345,5567.4,0
3346,5153.8,0
3347,4843,0
3348,5195.5,0
3349,5155.8,0
3350,5084.6,0
3351,4857.7,0
3352,6872.8,0
3353,8161.3,0
3354,7689.8,0
3355,9105.4,0
3356,8456.6,0
3357,9789.7,0
3358,8913.3,0
3359,11583,0
3360,16677.3,0
3361,23959.3,0
3362,25956.8,0
3363,27174.1,0
3364,27468.3,0
3365,30672.1,0
3366,28763.2,0
3367,20912.9,0
3368,8547,0
3369,8248.2,0
3370,6465.8,0
3371,5739.4,0
3372,3935.9,0
3373,2469.4,0
3374,1414.9,0
3375,1111.1,0
3376,693,0
3377,916.6,0
3378,1080.5,0
3379,1471.9,0
3380,2495.1,0
3381,3144.2,0
3382,4816.8,0
3383,4731.6,0
3384,6760.5,0
3385,6091.1,0
3386,7858.7,0
3387,6837.2,0
3388,8521,0
3389,7208,0
3390,5393.8,0
3391,3914.9,0
3392,2092.4,0
3393,498.1,0
3394,0,0
3395,0,0
3396,0,0
3397,0,0
3398,0,0
3399,0,2.2
3400,0,125.9
3401,0,0
3402,0,0
3403,0,0
3404,0,0
3405,277.6,0
3406,1137.1,0
3407,1485.2,0
3408,2231.8,0
3409,2485.5,0
3410,3308.3,0
3411,3272.8,0
3412,4444.8,0
3413,4017.4,0
3414,3214.1,0
3415,1798.1,0
3416,71,0
3417,0,0
3418,0,0
3419,0,0
3420,0,71.4
3421,0,526.5
3422,0,539.9
3423,0,166.6
3424,0,0
3425,0,0
3426,0,0
3427,0,0
3428,127.9,0
3429,949.2,0
3430,1271,0
3431,1633.9,0
3432,2291.9,0
3433,2884.3,0
3434,3652.1,0
3435,3882.8,0
3436,4518,0
3437,4487.2,0
3438,3312.7,0
3439,1796.4,0
3440,92.9,0
3441,0,0
3442,0,0
3443,0,0
3444,0,0
3445,0,97.5
3446,0,578.3
3447,0,1008
3448,0,1078.4
3449,0,0
3450,0,0
3451,0,0
3452,0,0
3453,0,0
3454,339.8,0
3455,1228.1,0
3456,1716.1,0
3457,2202.7,0
3458,2760.4,0
3459,3064.2,0
3460,3824.4,0
3461,4105.3,0
3462,3334.8,0
3463,2360.7,0
3464,1145,0
3465,140,0
3466,0,0
3467,0,0
3468,0,0
3469,0,0
3470,0,0
3471,0,0
3472,0,0
3473,0,0
3474,1195.8,0
3475,1890.1,0
3476,2886.3,0
3477,3162.8,0
3478,4688.7,0
3479,4535.2,0
3480,6361.3,0
3481,5663.6,0
3482,7259.7,0
3483,6272.5,0
3484,7867.9,0
3485,6707.9,0
3486,5097,0
3487,3799.1,0
3488,2260.3,0
3489,1050.4,0
3490,152.7,0
3491,0,0
3492,0,0
3493,0,0
3494,0,0
3495,0,0
3496,0,0
3497,0,0
3498,1061,0
3499,1654.5,0
3500,2452.7,0
3501,2936.1,0
3502,3719.2,0
3503,3943.7,0
3504,4674.5,0
3505,4664.5,0
3506,5651.5,0
3507,5561.6,0
3508,6612.9,0
3509,6194.9,0
3510,7059.3,0
3511,4863.6,0
3512,3827.7,0
3513,2757.9,0
3514,2035.6,0
3515,1506,0
3516,1742.8,0
3517,1598.2,0
3518,1352.4,0
3519,1096.2,0
3520,1308.1,0
3521,1585.9,0
3522,2029.5,0
3523,2739.6,0
3524,3184.2,0
3525,3890.9,0
3526,4114.7,0
3527,4835.4,0
3528,4768,0
3529,5620.6,0
3530,5393.8,0
3531,6200.8,0
3532,5747,0
3533,6583.1,0
3534,5727.2,0
3535,5670.5,0
3536,4306.5,0
3537,3238.7,0
3538,2038.5,0
3539,1132.4,0
3540,359.3,0
3541,0,0
3542,0,0
3543,0,0
3544,0,0
3545,0,0
3546,0,0
3547,0,0
3548,0,0
3549,6.1,0
3550,778.9,0
3551,1490.5,0
3552,1747.8,0
3553,2410.4,0
3554,2596,0
3555,3419.9,0
3556,3294,0
3557,4379,0
3558,3626.6,0
3559,3346.3,0
3560,1857.6,0
3561,906.3,0
3562,5,0
3563,0,0
3564,0,0
3565,0,0
3566,0,0
3567,0,552.4
3568,0,6091.9
3569,0,18443.8
3570,0,7551.4
3571,0,202.9
3572,0,0
3573,0,0
3574,0,0
3575,0,0
3576,0,0
3577,0,0
3578,41,0
3579,550.2,0
3580,1119.9,0
3581,1232.8,0
3582,985.3,0
3583,0,0
3584,0,0
3585,0,0
3586,0,310.2
3587,0,6075.4
3588,0,45254.3
3589,0,90265.8
3590,0,118730.8
3591,0,116584.1
3592,0,93543.4
3593,0,74996.8
3594,0,22711.6
3595,0,3675.8
3596,0,0
3597,0,0
3598,0,0
3599,0,0
3600,0,0
3601,0,0
3602,0,0
3603,227.7,0
3604,842.4,0
3605,1194.9,0
3606,961.2,0
3607,0,0
3608,0,0
3609,0,0
3610,0,145.4
3611,0,1130.9
3612,0,2172.3
3613,0,24882.4
3614,0,34342.9
3615,0,26670.7
3616,0,30840
3617,0,25128.2
3618,0,1090
3619,0,47.3
3620,0,0
3621,0,0
3622,0,0
3623,0,0
3624,85.7,0
3625,1229.9,0
3626,2085.8,0
3627,3122.1,0
3628,4713.3,0
3629,5403.2,0
3630,3812.1,0
3631,2063.6,0
3632,88.6,0
3633,0,0
3634,0,0
3635,0,22
3636,0,419.1
3637,0,2509.4
3638,0,30820
3639,0,59264.6
3640,0,75842.2
3641,0,82516.8
3642,0,34941
3643,0,730.1
3644,0,0
3645,0,0
3646,0,0
3647,0,0
3648,0,0
3649,224.1,0
3650,943.7,0
3651,1067.4,0
3652,1239.8,0
3653,1235.3,0
3654,595.2,0
3655,0,0
3656,0,0
3657,0,0
3658,0,219.1
3659,0,1280.2
3660,0,7398.9
3661,0,47585.7
3662,0,87477.7
3663,0,108839.3
3664,0,113039.8
3665,0,145208.3
3666,0,37648.3
3667,0,5215.7
3668,0,0
3669,0,0
3670,0,0
3671,0,0
3672,0,0
3673,0,0
3674,0,0
3675,0,0
3676,0,0
3677,0,0
3678,0,0
3679,0,0
3680,0,0
3681,0,0
3682,0,0
3683,0,10.5
3684,0,29.4
3685,0,159.7
3686,0,1319.8
3687,0,6520.9
3688,0,673.4
3689,0,272.9
3690,0,4.4
3691,0,0
3692,0,0
3693,0,0
3694,0,0
3695,0,0
3696,0,0
3697,0,0
3698,0,0
3699,241.7,0
3700,1040.2,0
3701,1237.8,0
3702,1059.4,0
3703,905.4,0
3704,141.3,0
3705,0,0
3706,0,0
3707,0,0
3708,0,0
3709,0,0
3710,0,0
3711,0,0
3712,0,0
3713,0,0
3714,0,0
3715,0,0
3716,555.6,0
3717,1403.6,0
3718,1874.5,0
3719,2489.7,0
3720,3014.4,0
3721,4172.1,0
3722,4626.3,0
3723,6333,0
3724,6348.4,0
3725,7641.1,0
3726,5398,0
3727,3537.4,0
3728,1715.9,0
3729,255.5,0
3730,0,0
3731,0,0
3732,0,0
3733,0,0
3734,0,0
3735,0,344.8
3736,0,660.9
3737,0,0
3738,0,0
3739,0,0
3740,0,0
3741,696.5,0
3742,1842.2,0
3743,2301.4,0
3744,3300.7,0
3745,3231.8,0
3746,4498.8,0
3747,3958.1,0
3748,4750.9,0
3749,4188,0
3750,3274.2,0
3751,1843.2,0
3752,128.8,0
3753,0,0
3754,0,0
3755,0,0
3756,0,0
3757,0,757.4
3758,0,6373.8
3759,0,41849.8
3760,0,71409
3761,0,111270.8
3762,0,29730.6
3763,0,4296
3764,0,0
3765,0,0
3766,0,0
3767,0,0
3768,0,0
3769,0,0
3770,0,0
3771,0,0
3772,0,0
3773,0,0
3774,0,0
3775,0,0
3776,0,0
3777,0,631.5
3778,0,1442.4
3779,0,7083.3
3780,0,19408.2
3781,0,31402.4
3782,0,49758.3
3783,0,83101.5
3784,0,110789.3
3785,0,174152.8
3786,0,90836.5
3787,0,39783.9
3788,0,3756.7
3789,0,0
3790,0,0
3791,0,0
3792,0,0
3793,0,0
3794,0,0
3795,0,0
3796,288.6,0
3797,664.8,0
3798,185.6,0
3799,0,0
3800,0,0
3801,0,0
3802,0,512
3803,0,1411
3804,0,2819.3
3805,0,20156.4
3806,0,42484.7
3807,0,70007.6
3808,0,93060.5
3809,0,143175.2
3810,0,49532.1
3811,0,4600.8
3812,0,0
3813,0,0
3814,0,0
3815,0,0
3816,0,0
3817,0,0
3818,0,0
3819,0,0
3820,0,0
3821,0,0
3822,0,0
3823,0,0
3824,0,0
3825,0,754.3
3826,0,1814.3
3827,0,23536.9
3828,0,57735.7
3829,0,96689.9
3830,0,127792.3
3831,0,163752.9
3832,0,194474.5
3833,0,417981
3834,0,124671.7
3835,0,25651.8
3836,0,0
3837,0,0
3838,0,0
3839,0,0
3840,0,0
3841,0,0
3842,0,0
3843,0,0
3844,0,0
3845,0,0
3846,0,0
3847,0,0
3848,0,0
3849,0,0
3850,0,0
3851,0,0
3852,0,0
3853,0,49.7
3854,0,3813.5
3855,0,16824.3
3856,0,14414.9
3857,0,2217.3
3858,0,91.6
3859,0,0
3860,0,0
3861,0,0
3862,0,0
3863,0,0
3864,0,0
3865,0,0
3866,546.5,0
3867,1248.3,0
3868,1553.1,0
3869,2053.7,0
3870,1849.8,0
3871,1527.7,0
3872,813.8,0
3873,294.2,0
3874,0,0
3875,0,0
3876,0,0
3877,0,0
3878,0,0
3879,0,0
3880,0,0
3881,0,0
3882,0,0
3883,0,0
3884,0,0
3885,40.6,0
3886,653.3,0
3887,1207.5,0
3888,1474.9,0
3889,1870.6,0
3890,1887.6,0
3891,2894.1,0
3892,3122.5,0
3893,4614,0
3894,3253.1,0
3895,1735.4,0
3896,23.9,0
3897,0,0
3898,0,0
3899,0,19.1
3900,0,298.2
3901,0,2304.2
3902,0,28222.3
3903,0,57533.8
3904,0,81733.7
3905,0,92858
3906,0,43486.9
3907,0,2219.2
3908,0,0
3909,0,0
3910,0,0
3911,0,0
3912,527.4,0
3913,1378.7,0
3914,1955.2,0
3915,2204.9,0
3916,3224.1,0
3917,3543.4,0
3918,2645.2,0
3919,762.2,0
3920,0,0
3921,0,0
3922,0,73.4
3923,0,991.4
3924,0,1866.8
3925,0,14691.9
3926,0,23646.5
3927,0,38204.6
3928,0,67415.5
3929,0,115263.2
3930,0,38469.1
3931,0,8625.2
3932,0,0
3933,0,0
3934,0,0
3935,0,0
3936,0,0
3937,18,0
3938,310.9,0
3939,724.8,0
3940,1194.9,0
3941,1522.1,0
3942,1309.1,0
3943,39.2,0
3944,0,0
3945,0,0
3946,0,68.9
3947,0,896.9
3948,0,1633.4
3949,0,38743.1
3950,0,102830.9
3951,0,143758.7
3952,0,159476.4
3953,0,257176.8
3954,0,113638.7
3955,0,37468.6
3956,0,3127.4
3957,0,0
3958,0,0
3959,0,0
3960,0,0
3961,0,0
3962,0,0
3963,543.6,0
3964,1273.4,0
3965,1197.5,0
3966,1005.5,0
3967,45.2,0
3968,0,0
3969,0,0
3970,0,0
3971,0,0
3972,0,0
3973,0,634.9
3974,0,1375.2
3975,0,2068.3
3976,0,11679.3
3977,0,4583
3978,0,76.5
3979,0,0
3980,0,0
3981,0,0
3982,0,0
3983,0,0
3984,0,0
3985,343.2,0
3986,997.3,0
3987,1528.2,0
3988,1655.8,0
3989,2075.4,0
3990,1582.1,0
3991,150,0
3992,0,0
3993,0,0
3994,0,90.5
3995,0,948
3996,0,12961
3997,0,56844.4
3998,0,103172.6
3999,0,140102.3
4000,0,163772.5
4001,0,263123
4002,0,150255.7
4003,0,71238.8
4004,0,17461.5
4005,0,0
4006,0,0
4007,0,0
4008,0,0
4009,0,0
4010,0,0
4011,0,0
4012,140.3,0
4013,698.1,0
4014,953,0
4015,176,0
4016,0,0
4017,0,0
4018,0,0
4019,0,47.8
4020,0,9187.3
4021,0,40519.5
4022,0,73688.6
4023,0,105242.3
4024,0,175510
4025,0,137757.3
4026,0,140729.4
4027,0,90773.6
4028,0,21003.6
4029,0,0
4030,0,0
4031,0,0
4032,0,0
4033,0,0
4034,0,0
4035,0,0
4036,166.9,0
4037,772.9,0
4038,981.6,0
4039,413.7,0
4040,0,0
4041,0,0
4042,0,0
4043,0,0
4044,0,0
4045,0,6320.8
4046,0,53134.7
4047,0,110684
4048,0,105191.4
4049,0,31830.7
4050,0,0
4051,0,0
4052,0,0
4053,0,0
4054,0,0
4055,0,0
4056,0,0
4057,0,0
4058,0,0
4059,0,0
4060,0,0
4061,0,0
4062,0,0
4063,0,0
4064,0,0
4065,0,164.9
4066,0,1165.1
4067,0,16355.8
4068,0,59537.1
4069,0,91290.4
4070,0,83525.5
4071,0,63817.6
4072,0,74950.1
4073,0,103495.7
4074,0,29778.9
4075,0,3556.4
4076,0,0
4077,0,0
4078,0,0
4079,0,0
4080,0,0
4081,0,0
4082,0,0
4083,362.2,0
4084,1103.3,0
4085,1306,0
4086,1215.3,0
4087,33.5,0
4088,0,0
4089,0,0
4090,0,57.8
4091,0,887.8
4092,0,4221.9
4093,0,38765.6
4094,0,83710.7
4095,0,119429.9
4096,0,144016.7
4097,0,173556.8
4098,0,53359.9
4099,0,16165.7
4100,0,0
4101,0,0
4102,0,0
4103,0,0
4104,0,0
4105,0,0
4106,0,0
4107,0,0
4108,0,0
4109,0,0
4110,0,0
4111,0,0
4112,0,0
4113,0,752.4
4114,0,3863
4115,0,35129
4116,0,69441.7
4117,0,102196.7
4118,0,142261
4119,0,188000.8
4120,0,219264.3
4121,0,544841.4
4122,0,387409.6
4123,0,258622.5
4124,0,107175.1
4125,0,35200.1
4126,0,2777.9
4127,0,0
4128,0,0
4129,0,0
4130,0,0
4131,0,0
4132,0,0
4133,0,0
4134,0,0
4135,0,0
4136,0,0
4137,0,702.9
4138,0,20041.2
4139,0,69812.8
4140,0,111011.1
4141,0,147488.7
4142,0,176907.3
4143,0,201859.9
4144,0,192775.2
4145,0,256344.5
4146,0,86142.3
4147,0,14520.2
4148,0,0
4149,0,0
4150,0,0
4151,0,0
4152,0,0
4153,0,0
4154,0,0
4155,0,0
4156,0,0
4157,0,0
4158,0,0
4159,0,0
4160,0,0
4161,0,162.6
4162,0,548.9
4163,0,1293.8
4164,0,3319.6
4165,0,39753.8
4166,0,93716.4
4167,0,132523
4168,0,145033.2
4169,0,225406
4170,0,179440.9
4171,0,84393.8
4172,0,17459.7
4173,0,0
4174,0,0
4175,0,0
4176,0,0
4177,0,0
4178,0,0
4179,0,0
4180,282.9,0
4181,1194.9,0
4182,951.6,0
4183,314.6,0
4184,0,0
4185,0,0
4186,0,0
4187,0,0
4188,0,0
4189,0,0
4190,0,0
4191,0,0
4192,0,0
4193,0,0
4194,0,0
4195,0,0
4196,0,0
4197,0,0
4198,0,0
4199,0,0
4200,0,0
4201,142.7,0
4202,964.7,0
4203,1350.4,0
4204,1661.7,0
4205,2154.7,0
4206,2088.2,0
4207,1607.8,0
4208,1179.4,0
4209,362.5,0
4210,0,0
4211,0,0
4212,0,0
4213,0,0
4214,0,0
4215,0,0
4216,0,0
4217,0,0
4218,0,0
4219,0,0
4220,0,0
4221,0,0
4222,0,0
4223,0,0
4224,80.7,0
4225,911.3,0
4226,1332.6,0
4227,1644.6,0
4228,1632.2,0
4229,1804.3,0
4230,1400.4,0
4231,72.5,0
4232,0,0
4233,0,0
4234,0,289.8
4235,0,2961.3
4236,0,23942.5
4237,0,62753.9
4238,0,109033.2
4239,0,147369.7
4240,0,172510.8
4241,0,305071.9
4242,0,145307.8
4243,0,67697.9
4244,0,16934.9
4245,0,0
4246,0,0
4247,0,0
4248,0,0
4249,0,0
4250,0,0
4251,0,0
4252,0,0
4253,0,0
4254,0,0
4255,0,0
4256,0,0
4257,0,437.6
4258,0,9420.2
4259,0,58479.4
4260,0,111480.9
4261,0,163132.9
4262,0,202717.2
4263,0,234801.8
4264,0,232852.9
4265,0,443021.6
4266,0,225557.3
4267,0,131682.8
4268,0,72750.3
4269,0,33205.4
4270,0,7087.8
4271,0,0
4272,0,0
4273,0,0
4274,0,0
4275,0,0
4276,0,0
4277,0,0
4278,0,0
4279,0,0
4280,0,116.6
4281,0,6343.2
4282,0,53217.3
4283,0,113570.9
4284,0,162184.7
4285,0,207343.9
4286,0,252512.6
4287,0,286308.9
4288,0,312223.9
4289,0,729607
4290,0,475627.3
4291,0,316913.6
4292,0,150330.6
4293,0,65323.1
4294,0,31687.9
4295,0,7976.6
4296,0,0
4297,0,0
4298,0,0
4299,0,0
4300,0,0
4301,0,0
4302,0,0
4303,0,0
4304,0,367.9
4305,0,17397.4
4306,0,73363.1
4307,0,133939.6
4308,0,178970.5
4309,0,221926.5
4310,0,261696.8
4311,0,293922.5
4312,0,316025.1
4313,0,730644.4
4314,0,581978.9
4315,0,421515.2
4316,0,240918.9
4317,0,159397.6
4318,0,98135.3
4319,0,49206.8
4320,0,28789.5
4321,0,12453.3
4322,0,247.1
4323,0,0
4324,0,0
4325,0,0
4326,0,0
4327,0,0
4328,0,1866.3
4329,0,37363.3
4330,0,83953.7
4331,0,129179.4
4332,0,162227.7
4333,0,197973.7
4334,0,236927.2
4335,0,270750.3
4336,0,292581.5
4337,0,684255.8
4338,0,478586
4339,0,337192.5
4340,0,199399.9
4341,0,125567.7
4342,0,54435.6
4343,0,29029
4344,0,8019.4
4345,0,0
4346,0,0
4347,0,0
4348,0,0
4349,0,0
4350,0,0
4351,0,0
4352,0,0
4353,0,351.4
4354,0,3470.5
4355,0,20923.8
4356,0,22194.3
4357,0,20329.3
4358,0,20120.9
4359,0,28322.6
4360,0,54653.5
4361,0,53579
4362,0,36560.8
4363,0,13426.5
4364,0,185.9
4365,0,0
4366,0,0
4367,0,0
4368,0,0
4369,0,0
4370,0,0
4371,0,0
4372,0,0
4373,0,0
4374,0,0
4375,0,0
4376,0,0
4377,0,0
4378,0,0
4379,0,592.6
4380,0,19528.4
4381,0,62864.3
4382,0,88890
4383,0,174202.7
4384,0,155295.3
4385,0,130704.7
4386,0,101981.1
4387,0,41575.4
4388,0,15362
4389,0,649.5
4390,0,0
4391,0,0
4392,0,0
4393,0,0
4394,0,0
4395,0,0
4396,0,0
4397,0,0
4398,0,0
4399,0,0
4400,0,957.3
4401,0,4058.6
4402,0,29034.3
4403,0,60127.2
4404,0,91293.5
4405,0,127683
4406,0,156223.2
4407,0,173731.1
4408,0,182569
4409,0,351912.4
4410,0,202730.4
4411,0,125178.3
4412,0,60799.3
4413,0,38476.2
4414,0,18196.7
4415,0,2288.7
4416,0,0
4417,0,0
4418,0,0
4419,0,0
4420,0,0
4421,0,0
4422,0,0
4423,0,0
4424,0,0
4425,0,0
4426,0,0
4427,0,0
4428,0,0
4429,0,0
4430,0,53.2
4431,0,4985.1
4432,0,25473.3
4433,0,32260.1
4434,0,39022.1
4435,0,25663.6
4436,0,7808.8
4437,0,0
4438,0,0
4439,0,0
4440,0,0
4441,0,0
4442,0,0
4443,0,0
4444,0,0
4445,0,0
4446,0,0
4447,0,0
4448,0,123.5
4449,0,1221.9
4450,0,3984.4
4451,0,30378.4
4452,0,60361.2
4453,0,100313.3
4454,0,130320.1
4455,0,145001.8
4456,0,152043.3
4457,0,258846.7
4458,0,135241.3
4459,0,103289.2
4460,0,60959.9
4461,0,32777.7
4462,0,14521.2
4463,0,1161.4
4464,0,0
4465,0,0
4466,0,0
4467,0,0
4468,0,0
4469,0,0
4470,0,0
4471,0,110.1
4472,0,2166.5
4473,0,37688.6
4474,0,89433.6
4475,0,143275.1
4476,0,182841.4
4477,0,226845.4
4478,0,265675.8
4479,0,301226.3
4480,0,332274.9
4481,0,804842.3
4482,0,712193.6
4483,0,523825.7
4484,0,385548.8
4485,0,284029.6
4486,0,168758.6
4487,0,117628.8
4488,0,78400.6
4489,0,45154.4
4490,0,24216
4491,0,6404.9
4492,0,0
4493,0,0
4494,0,0
4495,0,2465.9
4496,0,42344.5
4497,0,97506.7
4498,0,155718.1
4499,0,210764
4500,0,253428.6
4501,0,296558.4
4502,0,334714.4
4503,0,362513.4
4504,0,381073.6
4505,0,909563.7
4506,0,805168.9
4507,0,633299.5
4508,0,508217.7
4509,0,334266.1
4510,0,226500.6
4511,0,160860.8
4512,0,99359.9
4513,0,62415.9
4514,0,42900.5
4515,0,28618.5
4516,0,17865
4517,0,11449.8
4518,0,11079
4519,0,26708
4520,0,52092.5
4521,0,96201.8
4522,0,148840.5
4523,0,197966
4524,0,228103.4
4525,0,255463.6
4526,0,282886.2
4527,0,307968.4
4528,0,816178.1
4529,0,828803.7
4530,0,810082.2
4531,0,754964.2
4532,0,588641.9
4533,0,396424.2
4534,0,299626.1
4535,0,184129.7
4536,0,154743.3
4537,0,130453.7
4538,0,98095.1
4539,0,62456
4540,0,50306.8
4541,0,40691.1
4542,0,44382
4543,0,52077.4
4544,0,91635.1
4545,0,150880
4546,0,271510.5
4547,0,470711.7
4548,0,583137.5
4549,0,764456.5
4550,0,812501.6
4551,0,1011811.6
4552,0,933732.2
4553,0,1091424.2
4554,0,945548.4
4555,0,971666.9
4556,0,638936.3
4557,0,482976.9
4558,0,327105
4559,0,267187.5
4560,0,173117.6
4561,0,144841
4562,0,119561.6
4563,0,76756.8
4564,0,52747.2
4565,0,42882.9
4566,0,53020.5
4567,0,74654.5
4568,0,124486.8
4569,0,173159.1
4570,0,218363.1
4571,0,260127.6
4572,0,294487.6
4573,0,334709
4574,0,371040.5
4575,0,398349.2
4576,0,416899.7
4577,0,1000673.5
4578,0,901982
4579,0,803213
4580,0,570886.1
4581,0,368349.2
4582,0,210050.5
4583,0,125551.8
4584,0,77101.8
4585,0,48878.5
4586,0,25202.3
4587,0,7431.1
4588,0,0
4589,0,0
4590,0,0
4591,0,13120.4
4592,0,62654.9
4593,0,119521
4594,0,176944.8
4595,0,230448.5
4596,0,271748.5
4597,0,314008.4
4598,0,352461.6
4599,0,381448.1
4600,0,404206.6
4601,0,984553.6
4602,0,897306
4603,0,804448.2
4604,0,537141.4
4605,0,362982.6
4606,0,203179.7
4607,0,99435.7
4608,0,65848.4
4609,0,36773.3
4610,0,12957.8
4611,0,212.9
4612,0,0
4613,0,0
4614,0,0
4615,0,105.2
4616,0,19124
4617,0,85311.4
4618,0,157712.5
4619,0,224656.6
4620,0,273380.2
4621,0,324334.9
4622,0,370867.8
4623,0,405308.6
4624,0,428453.6
4625,0,1020448.1
4626,0,910997.3
4627,0,797390
4628,0,525490.4
4629,0,364262.1
4630,0,241337.6
4631,0,175454.6
4632,0,128185.9
4633,0,93455.8
4634,0,66755.4
4635,0,54999
4636,0,44947.4
4637,0,37655
4638,0,35394
4639,0,52048
4640,0,87498.2
4641,0,135537.5
4642,0,185779.1
4643,0,236671.8
4644,0,278904.3
4645,0,317737
4646,0,347741.6
4647,0,362768.5
4648,0,359858.2
4649,0,826059.7
4650,0,719418.1
4651,0,540189.8
4652,0,436263
4653,0,302812.6
4654,0,182478.9
4655,0,147362.3
4656,0,92796.8
4657,0,60970
4658,0,43152.7
4659,0,26407
4660,0,10766.9
4661,0,446.5
4662,0,72
4663,0,22181.1
4664,0,71463.7
4665,0,131048.2
4666,0,188229.8
4667,0,238945.1
4668,0,274368.4
4669,0,310049.5
4670,0,342574.1
4671,0,364376.8
4672,0,375518.1
4673,0,886673.2
4674,0,787884.7
4675,0,662440.8
4676,0,493738.2
4677,0,306089.2
4678,0,176999.5
4679,0,84621.3
4680,0,46334.6
4681,0,9446.8
4682,0,0
4683,0,0
4684,0,0
4685,0,0
4686,0,0
4687,0,0
4688,0,0
4689,0,0
4690,0,10024.4
4691,0,52163.6
4692,0,81733.6
4693,0,113998.2
4694,0,148694.2
4695,0,178452.4
4696,0,479796.3
4697,0,468299
4698,0,454711.9
4699,0,312551.4
4700,0,207075.6
4701,0,100273.2
4702,0,45481.2
4703,0,10279.1
4704,0,0
4705,0,0
4706,0,0
4707,0,0
4708,0,0
4709,0,0
4710,0,0
4711,0,0
4712,0,0
4713,0,0
4714,0,602.3
4715,0,15530.4
4716,0,37298.4
4717,0,49135.8
4718,0,64176.2
4719,0,64458
4720,0,69774.9
4721,0,78774.1
4722,0,56955.9
4723,0,38240.7
4724,0,22571.3
4725,0,6239.1
4726,0,0
4727,0,0
4728,0,0
4729,0,0
4730,0,0
4731,0,0
4732,0,0
4733,0,0
4734,0,0
4735,0,0
4736,0,429.1
4737,0,9243.9
4738,0,62201.3
4739,0,124991.6
4740,0,170714.6
4741,0,213948.5
4742,0,249656
4743,0,275235.3
4744,0,286400.4
4745,0,668226.1
4746,0,492720.8
4747,0,411663.9
4748,0,282987.1
4749,0,153698.9
4750,0,68985.7
4751,0,36319.3
4752,0,9691.3
4753,0,0
4754,0,0
4755,0,0
4756,0,0
4757,0,0
4758,0,0
4759,0,0
4760,0,1335.2
4761,0,45468.4
4762,0,116743.9
4763,0,187113.7
4764,0,238940.5
4765,0,289473.8
4766,0,334185.9
4767,0,367918.3
4768,0,391166.6
4769,0,937452.6
4770,0,838048.5
4771,0,697887.9
4772,0,511707
4773,0,292479.5
4774,0,181437.2
4775,0,106149.2
4776,0,61558.2
4777,0,35649.3
4778,0,12917.4
4779,0,119.8
4780,0,0
4781,0,0
4782,0,0
4783,0,294.9
4784,0,38344
4785,0,107927.5
4786,0,181936.6
4787,0,247380.1
4788,0,293652.8
4789,0,341242.8
4790,0,384173.8
4791,0,415637.4
4792,0,438023.6
4793,0,1039389.1
4794,0,922741.4
4795,0,800240.8
4796,0,562142.8
4797,0,377762.3
4798,0,282619.1
4799,0,195715
4800,0,170248.5
4801,0,167427.6
4802,0,137664.6
4803,0,125157.7
4804,0,102120.6
4805,0,93300
4806,0,69055.5
4807,0,81449.7
4808,0,107300.5
4809,0,140982.2
4810,0,172376
4811,0,210859.7
4812,0,258920.3
4813,0,315624.2
4814,0,367003.6
4815,0,394471.9
4816,0,399077.8
4817,0,904635.8
4818,0,691357.9
4819,0,449049.2
4820,0,238424.3
4821,0,172283.5
4822,0,144265.3
4823,0,113232.9
4824,0,76856.3
4825,0,75828
4826,0,52853.3
4827,0,38972
4828,0,25144.5
4829,0,12990
4830,0,6561.6
4831,0,22051.4
4832,0,62536.8
4833,0,116626.1
4834,0,169460.1
4835,0,209740.8
4836,0,237242.2
4837,0,277932.7
4838,0,317643.7
4839,0,341807.9
4840,0,350028.9
4841,0,819889.5
4842,0,729598.8
4843,0,548664.5
4844,0,443988.4
4845,0,313226
4846,0,188473.6
4847,0,151566.1
4848,0,95420.3
4849,0,60991.1
4850,0,40825.8
4851,0,22671.7
4852,0,6976.7
4853,0,0
4854,0,0
4855,0,0
4856,0,94.1
4857,0,18862.4
4858,0,57816
4859,0,95077.2
4860,0,118017.9
4861,0,132915.7
4862,0,148499.8
4863,0,158631.1
4864,0,333688
4865,0,361992.9
4866,0,281073.2
4867,0,224215.5
4868,0,141296.1
4869,0,66165.3
4870,0,36125.1
4871,0,9991.8
4872,0,0
4873,0,0
4874,0,0
4875,0,0
4876,0,0
4877,0,0
4878,0,0
4879,0,0
4880,0,0
4881,0,0
4882,0,0
4883,0,3631.9
4884,0,44382.5
4885,0,104603
4886,0,193237.5
4887,0,250569.4
4888,0,358843.4
4889,0,303769.8
4890,0,293105.1
4891,0,198785.7
4892,0,93186.9
4893,0,35343.7
4894,0,2715.6
4895,0,0
4896,0,0
4897,0,0
4898,0,0
4899,0,0
4900,0,0
4901,0,0
4902,0,0
4903,0,0
4904,0,101.3
4905,0,1944.5
4906,0,39045.2
4907,0,89836.9
4908,0,117972.8
4909,0,136779.4
4910,0,140701.5
4911,0,143080.6
4912,0,146940.1
4913,0,230609.9
4914,0,133481
4915,0,88830.3
4916,0,45642.1
4917,0,27045.8
4918,0,12093.7
4919,0,1420.5
4920,0,0
4921,0,0
4922,0,0
4923,0,0
4924,0,0
4925,0,0
4926,0,0
4927,0,0
4928,0,691.9
4929,0,1330.1
4930,0,1655.9
4931,0,7869.9
4932,0,18476.1
4933,0,32015.7
4934,0,44068.1
4935,0,57848.2
4936,0,73452.4
4937,0,112072.7
4938,0,40062.9
4939,0,21582.7
4940,0,6087.3
4941,0,0
4942,0,0
4943,0,0
4944,0,0
4945,0,0
4946,0,0
4947,0,0
4948,0,0
4949,0,0
4950,0,0
4951,0,152.2
4952,0,1352
4953,0,27101.9
4954,0,65544.7
4955,0,106424.5
4956,0,144911.4
4957,0,186080.1
4958,0,223524.4
4959,0,258190.7
4960,0,290232.1
4961,0,695700.6
4962,0,489350
4963,0,359903.8
4964,0,254075.5
4965,0,155883.5
4966,0,128396.9
4967,0,105514.2
4968,0,66780.7
4969,0,44370.7
4970,0,30971.8
4971,0,17903.4
4972,0,4313.5
4973,0,0
4974,0,0
4975,0,2800.6
4976,0,36415.1
4977,0,85311.3
4978,0,140755.8
4979,0,190486.6
4980,0,221610.5
4981,0,261491.4
4982,0,296799.9
4983,0,320784
4984,0,337255
4985,0,810428.9
4986,0,730662.6
4987,0,587138.1
4988,0,407169.2
4989,0,270500.1
4990,0,165196.8
4991,0,95226.8
4992,0,54424.6
4993,0,30335.4
4994,0,10044.8
4995,0,114
4996,0,0
4997,0,0
4998,0,0
4999,0,849.2
5000,0,23631
5001,0,53933.4
5002,0,77425.2
5003,0,99304.7
5004,0,109578.1
5005,0,118265.7
5006,0,129592.2
5007,0,154691.1
5008,0,182553
5009,0,373050.7
5010,0,213848.7
5011,0,112419.2
5012,0,53442.4
5013,0,29396.2
5014,0,11909.8
5015,0,1096.1
5016,0,0
5017,0,0
5018,0,0
5019,0,0
5020,0,0
5021,0,0
5022,0,0
5023,0,0
5024,0,209.8
5025,0,21195.3
5026,0,59565.2
5027,0,94541.4
5028,0,112493.5
5029,0,125426.1
5030,0,138196.6
5031,0,150426.5
5032,0,357805.9
5033,0,306531.2
5034,0,247468.5
5035,0,147442.7
5036,0,78033.5
5037,0,32058.6
5038,0,4333.3
5039,0,0
5040,0,0
5041,0,0
5042,0,0
5043,0,0
5044,0,0
5045,0,0
5046,0,0
5047,0,0
5048,0,0
5049,0,0
5050,0,0
5051,0,0
5052,0,19553.4
5053,0,72512.8
5054,0,166317.3
5055,0,235510.1
5056,0,293526.6
5057,0,303471.5
5058,0,263457
5059,0,151818.1
5060,0,68599.9
5061,0,32210.7
5062,0,3030.7
5063,0,0
5064,0,0
5065,0,0
5066,0,0
5067,0,0
5068,0,0
5069,0,0
5070,0,0
5071,0,0
5072,0,231.1
5073,0,7428.6
5074,0,57055.5
5075,0,116255.9
5076,0,166399.2
5077,0,215070.6
5078,0,256925.6
5079,0,286281.6
5080,0,303367
5081,0,763149.3
5082,0,630409.3
5083,0,395280.5
5084,0,207696.1
5085,0,109745.5
5086,0,58193.9
5087,0,32016.1
5088,0,13774.9
5089,0,1760.8
5090,0,0
5091,0,0
5092,0,157.8
5093,0,3696.8
5094,0,9231.2
5095,0,34126
5096,0,84139.3
5097,0,151824.9
5098,0,222274.8
5099,0,284697.7
5100,0,331163.9
5101,0,375583.1
5102,0,418064.1
5103,0,442496.4
5104,0,428294.8
5105,0,940911.4
5106,0,793551.3
5107,0,679726.3
5108,0,540515.9
5109,0,458779.3
5110,0,343712.7
5111,0,300343.1
5112,0,222968.4
5113,0,196550.8
5114,0,159824.8
5115,0,128743.4
5116,0,93200.2
5117,0,61289.1
5118,0,41163.1
5119,0,46443.9
5120,0,86907
5121,0,151473.5
5122,0,211484.3
5123,0,265111.4
5124,0,306803.5
5125,0,350974
5126,0,389743.2
5127,0,421590.7
5128,0,443186.4
5129,0,1088832.5
5130,0,1000608.3
5131,0,893162.7
5132,0,680525.1
5133,0,447907
5134,0,239384.5
5135,0,165102
5136,0,100467.9
5137,0,75447
5138,0,54271.7
5139,0,46851.3
5140,0,39750.4
5141,0,29949.1
5142,0,12759.2
5143,0,19795.4
5144,0,59082.6
5145,0,120847
5146,0,179915.3
5147,0,233646.4
5148,0,278165.4
5149,0,324234.1
5150,0,371126.1
5151,0,409683
5152,0,437538.2
5153,0,1078055.6
5154,0,977489
5155,0,874539.6
5156,0,653253.9
5157,0,381924.9
5158,0,223278.1
5159,0,136438.1
5160,0,87325.3
5161,0,62343.2
5162,0,34858.1
5163,0,14056.7
5164,0,481.4
5165,0,0
5166,0,0
5167,0,17.8
5168,0,19346.9
5169,0,97884
5170,0,186984.8
5171,0,255579.9
5172,0,305032.2
5173,0,348682.7
5174,0,379783.1
5175,0,399912.8
5176,0,414373.4
5177,0,1008325
5178,0,914682.1
5179,0,816445.1
5180,0,591916
5181,0,420227.5
5182,0,283598.5
5183,0,190171.3
5184,0,119456.5
5185,0,78819.7
5186,0,64134.1
5187,0,47499
5188,0,28109.2
5189,0,7894.3
5190,0,0
5191,0,0
5192,0,12071.2
5193,0,61450.4
5194,0,128735.7
5195,0,200445.3
5196,0,242925.6
5197,0,272792.4
5198,0,286402.5
5199,0,278462.1
5200,0,697304.2
5201,0,681602.8
5202,0,673708
5203,0,579104.3
5204,0,446523.2
5205,0,304361.9
5206,0,217860.6
5207,0,135307.2
5208,0,70874.6
5209,0,40466.6
5210,0,20588.1
5211,0,1210.9
5212,0,0
5213,0,0
5214,0,0
5215,0,0
5216,0,0
5217,0,18777.4
5218,0,102092.6
5219,0,249713.3
5220,0,453687.5
5221,0,580172.2
5222,0,798641
5223,0,818913.3
5224,0,958616.9
5225,0,894045.2
5226,0,967561.6
5227,0,779658
5228,0,599834.4
5229,0,339159.7
5230,0,237444.2
5231,0,167688.4
5232,0,118324.5
5233,0,59138.7
5234,0,36664.1
5235,0,16485.2
5236,0,1026.6
5237,0,0
5238,0,0
5239,0,716.2
5240,0,44958.8
5241,0,113940.4
5242,0,173410.8
5243,0,226702.7
5244,0,275484.3
5245,0,328336.5
5246,0,367112.6
5247,0,392487.7
5248,0,412203.9
5249,0,1006433
5250,0,904672.2
5251,0,802078.4
5252,0,624714.6
5253,0,509670.4
5254,0,363625.5
5255,0,324999.3
5256,0,292709.5
5257,0,245385.7
5258,0,184467.7
5259,0,183569.9
5260,0,153273.5
5261,0,143800.8
5262,0,91939.7
5263,0,104767.5
5264,0,145686.8
5265,0,190609
5266,0,209372.3
5267,0,232074.7
5268,0,265181.5
5269,0,281707.4
5270,0,287455.5
5271,0,291703.7
5272,0,277320.2
5273,0,567452.1
5274,0,389221.9
5275,0,312868.4
5276,0,281995.4
5277,0,256948
5278,0,172481.8
5279,0,151409.7
5280,0,116859
5281,0,76569
5282,0,64175.1
5283,0,50569.8
5284,0,33211.5
5285,0,14204.7
5286,0,0
5287,0,349.1
5288,0,19094.8
5289,0,60361.8
5290,0,103313.1
5291,0,154461
5292,0,195648.2
5293,0,238685
5294,0,278972.5
5295,0,315042.9
5296,0,340745.2
5297,0,846195.6
5298,0,755145.8
5299,0,548217.7
5300,0,316215.1
5301,0,166884.7
5302,0,74766.3
5303,0,31572.3
5304,0,2324.4
5305,0,0
5306,0,0
5307,0,0
5308,0,0
5309,0,0
5310,0,0
5311,0,0
5312,0,233.8
5313,0,9737.4
5314,0,61755.1
5315,0,125251.5
5316,0,189214.6
5317,0,253107.8
5318,0,297254.6
5319,0,311794.9
5320,0,328615.9
5321,0,813053.8
5322,0,739091.9
5323,0,587993.4
5324,0,405225.3
5325,0,300784.9
5326,0,213627.2
5327,0,159573.3
5328,0,112607.9
5329,0,97613.6
5330,0,64286.1
5331,0,52338.2
5332,0,42039.9
5333,0,30267.6
5334,0,12170.7
5335,0,18569.9
5336,0,56978.9
5337,0,118345.5
5338,0,193353.3
5339,0,265419.4
5340,0,314517.7
5341,0,356379.7
5342,0,400405.3
5343,0,437207.9
5344,0,441222.6
5345,0,1013091
5346,0,870238.3
5347,0,767649
5348,0,647299.1
5349,0,505722.1
5350,0,389684.9
5351,0,322393.7
5352,0,289553.6
5353,0,193633.7
5354,0,142990.9
5355,0,83998.3
5356,0,63283.2
5357,0,43276.2
5358,0,26967.1
5359,0,16379.9
5360,0,40490.7
5361,0,93200.8
5362,0,158678.7
5363,0,221706.1
5364,0,270419.6
5365,0,314042.1
5366,0,355001.6
5367,0,383697.9
5368,0,993850.5
5369,0,985930.4
5370,0,939856
5371,0,851482.9
5372,0,664344.3
5373,0,565833.6
5374,0,373693.9
5375,0,324280.3
5376,0,292651.4
5377,0,225068.5
5378,0,186192.8
5379,0,169194.9
5380,0,145709.6
5381,0,114987.9
5382,0,117620.5
5383,0,102141.8
5384,0,126357.3
5385,0,268158.8
5386,0,297858
5387,0,604686.7
5388,0,485352
5389,0,823021.7
5390,0,593802.9
5391,0,959648.5
5392,0,647097.1
5393,0,999623.9
5394,0,637833.5
5395,0,909481
5396,0,505062.5
5397,0,690146
5398,0,408062.9
5399,0,571077.9
5400,0,356515.7
5401,0,384633.5
5402,0,191986.6
5403,0,166243.7
5404,0,158450.3
5405,0,110569.9
5406,0,70125
5407,0,77643.4
5408,0,112746.1
5409,0,171202.8
5410,0,236204.6
5411,0,304096.3
5412,0,366192.2
5413,0,420473.2
5414,0,458950.2
5415,0,480347.9
5416,0,426492.1
5417,0,841127.1
5418,0,462682.7
5419,0,353717
5420,0,306104.8
5421,0,211893.4
5422,0,192016.5
5423,0,194341.9
5424,0,140136.1
5425,0,125847.3
5426,0,114200.9
5427,0,77847.2
5428,0,65424.1
5429,0,54644.6
5430,0,39804.3
5431,0,44860.4
5432,0,72034.1
5433,0,110466.9
5434,0,145323.7
5435,0,174306.1
5436,0,193339.9
5437,0,212403.4
5438,0,232327
5439,0,245875.3
5440,0,254725.7
5441,0,745818.6
5442,0,528768.3
5443,0,429577.8
5444,0,303161.3
5445,0,235709.7
5446,0,167481.8
5447,0,151068.9
5448,0,80822.7
5449,0,52647.7
5450,0,24388.5
5451,0,2936
5452,0,0
5453,0,0
5454,0,0
5455,0,15.9
5456,0,7569.9
5457,0,64210.8
5458,0,132883.7
5459,0,192953.4
5460,0,233264.4
5461,0,274487.9
5462,0,321293.2
5463,0,352178.6
5464,0,375702.3
5465,0,912167.7
5466,0,821395.3
5467,0,724114.7
5468,0,467846.5
5469,0,321961.1
5470,0,188143.8
5471,0,132265.3
5472,0,96750.5
5473,0,82134.1
5474,0,59157
5475,0,46693.4
5476,0,36251.5
5477,0,29264
5478,0,17983
5479,0,26945.1
5480,0,61109.8
5481,0,120286.2
5482,0,196121.5
5483,0,276296.8
5484,0,341908.9
5485,0,399368.3
5486,0,446919.4
5487,0,481003.8
5488,0,503738.1
5489,0,1224945
5490,0,1126141.7
5491,0,998424.2
5492,0,845035.1
5493,0,648817
5494,0,485773.9
5495,0,341887.2
5496,0,221895.4
5497,0,187961.6
5498,0,122788.8
5499,0,83453
5500,0,61642.2
5501,0,45769.4
5502,0,28483.8
5503,0,41056.4
5504,0,95239
5505,0,176834.3
5506,0,242011.2
5507,0,300318.1
5508,0,344089.6
5509,0,377062.9
5510,0,399812
5511,0,421905.4
5512,0,438078.2
5513,0,1068257.3
5514,0,966682.9
5515,0,843700.1
5516,0,607242.9
5517,0,483333.6
5518,0,354228.7
5519,0,254082
5520,0,170259.9
5521,0,118773
5522,0,74183.2
5523,0,53977.1
5524,0,35625.3
5525,0,21247.6
5526,0,11303.4
5527,0,1617.2
5528,0,9263.4
5529,0,32515.7
5530,0,69709.4
5531,0,117472.7
5532,0,166141.9
5533,0,211597.4
5534,0,251523.3
5535,0,279261
5536,0,759249.7
5537,0,743459.2
5538,0,703691
5539,0,528686.3
5540,0,357895.3
5541,0,290680.2
5542,0,210003.6
5543,0,163068.2
5544,0,143691.7
5545,0,128689.4
5546,0,103234.2
5547,0,65751
5548,0,48358.5
5549,0,35880.8
5550,0,27210.5
5551,0,18895.7
5552,0,13974.8
5553,0,17913.3
5554,0,40874.3
5555,0,109765.9
5556,0,188929.8
5557,0,369848
5558,0,482157.9
5559,0,574496.6
5560,0,552633.8
5561,0,461216.8
5562,0,382025.2
5563,0,244627.2
5564,0,159637.4
5565,0,80971.2
5566,0,54140.7
5567,0,33652.9
5568,0,18332.7
5569,0,4605
5570,0,0
5571,0,0
5572,0,0
5573,0,0
5574,0,0
5575,0,0
5576,0,559.9
5577,0,1220.9
5578,0,2742.4
5579,0,16292
5580,0,32407.8
5581,0,64171.6
5582,0,90189.4
5583,0,111304.2
5584,0,140782.6
5585,0,322847.2
5586,0,206550.7
5587,0,129313.2
5588,0,61770.8
5589,0,40217.2
5590,0,23888.3
5591,0,10269.1
5592,0,187.6
5593,0,0
5594,0,0
5595,0,0
5596,0,0
5597,0,0
5598,0,0
5599,0,0
5600,0,598.9
5601,0,5523.1
5602,0,49512.4
5603,0,103810.9
5604,0,155260.8
5605,0,214366.2
5606,0,256064.7
5607,0,278433.8
5608,0,294157
5609,0,765719
5610,0,690081.1
5611,0,434328.2
5612,0,259067.1
5613,0,111808.4
5614,0,53460.9
5615,0,20264.9
5616,0,406.4
5617,0,0
5618,0,0
5619,0,0
5620,0,0
5621,0,0
5622,0,0
5623,0,0
5624,0,223.2
5625,0,11702
5626,0,81135.2
5627,0,158091.7
5628,0,218183.1
5629,0,268126.2
5630,0,291774.6
5631,0,304451.6
5632,0,314553.6
5633,0,805260.7
5634,0,750820.7
5635,0,454270.3
5636,0,312488.7
5637,0,219349.6
5638,0,164864.6
5639,0,144393.7
5640,0,126729.5
5641,0,74421.3
5642,0,60893.2
5643,0,49276.3
5644,0,36061.2
5645,0,20074.2
5646,0,2896.8
5647,0,2693.9
5648,0,15878
5649,0,33118.8
5650,0,55821.6
5651,0,81734.8
5652,0,108742.5
5653,0,143440.4
5654,0,181945.7
5655,0,232219.7
5656,0,272139.5
5657,0,791400.2
5658,0,543122.7
5659,0,374605
5660,0,240717.6
5661,0,145988.8
5662,0,72659.9
5663,0,50804.7
5664,0,35708.9
5665,0,23582.4
5666,0,14522.4
5667,0,5559.4
5668,0,0
5669,0,0
5670,0,0
5671,0,1506.8
5672,0,29632.7
5673,0,73991.6
5674,0,110380.5
5675,0,134593.1
5676,0,138638.1
5677,0,147731.4
5678,0,148215.4
5679,0,137406.6
5680,0,127903.1
5681,0,181792.9
5682,0,94262.6
5683,0,61592.6
5684,0,40254.4
5685,0,31373.3
5686,0,23883.3
5687,0,18029.3
5688,0,13626.1
5689,0,8192.5
5690,0,1547.5
5691,0,0
5692,0,0
5693,0,0
5694,0,0
5695,0,0
5696,0,336.2
5697,0,15357.5
5698,0,48831.2
5699,0,94628
5700,0,129729.3
5701,0,159607.2
5702,0,187600
5703,0,216034.4
5704,0,592924
5705,0,559081.6
5706,0,366464.2
5707,0,250890.6
5708,0,108793.1
5709,0,65424
5710,0,49503.9
5711,0,39274
5712,0,31487.2
5713,0,25924.6
5714,0,22605.2
5715,0,16895.5
5716,0,8737.9
5717,0,1416.7
5718,0,0
5719,0,0
5720,0,113
5721,0,12703.6
5722,0,57042.8
5723,0,118887.4
5724,0,341594.8
5725,0,339597.5
5726,0,652635.7
5727,0,470492.8
5728,0,741488.9
5729,0,447070.4
5730,0,626229.9
5731,0,284707.2
5732,0,265348.7
5733,0,154810.8
5734,0,109010.4
5735,0,88725.4
5736,0,54303
5737,0,40433.3
5738,0,29484.1
5739,0,17942.6
5740,0,4731.8
5741,0,0
5742,0,0
5743,0,131.8
5744,0,5999.4
5745,0,50806.8
5746,0,115884.1
5747,0,182031.8
5748,0,234560.4
5749,0,284810.9
5750,0,330053.7
5751,0,365101.5
5752,0,385334.6
5753,0,937066.2
5754,0,835907.5
5755,0,690622.6
5756,0,501365.9
5757,0,313825.4
5758,0,185440.2
5759,0,154782.1
5760,0,115762
5761,0,83190.5
5762,0,57232.5
5763,0,42700.7
5764,0,31122.9
5765,0,20054.2
5766,0,3294.8
5767,0,4292.8
5768,0,43093.2
5769,0,110518.4
5770,0,183983
5771,0,244640.5
5772,0,293176.6
5773,0,336838.5
5774,0,373649.5
5775,0,400295.8
5776,0,412681.5
5777,0,985589.5
5778,0,866802.1
5779,0,714693.4
5780,0,564900.1
5781,0,354395.5
5782,0,211167.3
5783,0,127536.9
5784,0,82803
5785,0,60189.6
5786,0,37628
5787,0,14503.1
5788,0,281.5
5789,0,0
5790,0,0
5791,0,0
5792,0,3.1
5793,0,707.6
5794,0,1357.5
5795,0,9388.5
5796,0,35219.7
5797,0,63909.8
5798,0,78174.4
5799,0,84088.9
5800,0,85809.9
5801,0,103215.3
5802,0,62603.2
5803,0,22279.2
5804,0,3063.5
5805,0,0
5806,0,0
5807,0,0
5808,0,0
5809,0,0
5810,0,0
5811,0,0
5812,0,0
5813,0,0
5814,0,0
5815,0,0
5816,0,0
5817,0,613.9
5818,0,1331.1
5819,0,7868.7
5820,0,40836.1
5821,0,76265.6
5822,0,92289.9
5823,0,99480.7
5824,0,101362.6
5825,0,125339.2
5826,0,48182.9
5827,0,26291
5828,0,10392.3
5829,0,202.8
5830,0,0
5831,0,0
5832,0,0
5833,0,0
5834,0,0
5835,0,0
5836,0,0
5837,0,0
5838,0,0
5839,0,0
5840,0,798.5
5841,0,5331.6
5842,0,44016.6
5843,0,92642.3
5844,0,130153.8
5845,0,167709.5
5846,0,204749.2
5847,0,230901.2
5848,0,246139.1
5849,0,645394
5850,0,398423.2
5851,0,235868.2
5852,0,116808.1
5853,0,55766
5854,0,32421.9
5855,0,15406
5856,0,1927.4
5857,0,0
5858,0,0
5859,0,0
5860,0,0
5861,0,0
5862,0,0
5863,0,0
5864,0,0
5865,0,579.9
5866,0,13553.3
5867,0,49865.2
5868,0,82178
5869,0,113774.3
5870,0,144158.7
5871,0,168133.8
5872,0,435610.5
5873,0,349931
5874,0,266849.5
5875,0,155717.7
5876,0,75503.9
5877,0,38900
5878,0,17424.8
5879,0,2946
5880,0,9.4
5881,0,0
5882,0,0
5883,0,0
5884,0,0
5885,0,0
5886,0,0
5887,0,0
5888,0,0
5889,0,251.7
5890,0,6429.8
5891,0,66105.7
5892,0,106863.9
5893,0,258661
5894,0,225434.9
5895,0,374018
5896,0,254267.8
5897,0,284175.1
5898,0,144328.7
5899,0,123607.8
5900,0,63238.2
5901,0,33897.8
5902,0,17635.3
5903,0,4574.6
5904,0,72.5
5905,0,0
5906,0,0
5907,0,0
5908,0,0
5909,0,0
5910,0,0
5911,0,0
5912,0,0
5913,0,130.3
5914,0,6103.2
5915,0,44309.6
5916,0,144990
5917,0,197339
5918,0,379545.8
5919,0,327847.9
5920,0,519521.3
5921,0,321692.6
5922,0,309100.2
5923,0,130733
5924,0,89374.7
5925,0,38222.6
5926,0,15808.5
5927,0,751.9
5928,0,0
5929,0,0
5930,0,0
5931,0,0
5932,0,0
5933,0,0
5934,0,0
5935,0,303.1
5936,0,2000.1
5937,0,26173.3
5938,0,56911.5
5939,0,82247.9
5940,0,98735.5
5941,0,112956.4
5942,0,117197
5943,0,111724.9
5944,0,107228.9
5945,0,144965.5
5946,0,67648.1
5947,0,32023.8
5948,0,20738.6
5949,0,9623.8
5950,0,1835.7
5951,0,259.9
5952,0,188.1
5953,0,191.6
5954,0,60.2
5955,0,0
5956,0,0
5957,0,0
5958,0,0
5959,0,370.1
5960,0,3135.4
5961,0,30599.4
5962,0,66105.9
5963,0,108099.8
5964,0,142654.3
5965,0,183405.2
5966,0,219840.4
5967,0,248654.2
5968,0,264958.9
5969,0,702338.7
5970,0,444564.2
5971,0,250592.7
5972,0,131153.3
5973,0,55610.9
5974,0,27067.6
5975,0,3181.7
5976,0,0
5977,0,0
5978,0,0
5979,0,0
5980,0,0
5981,0,0
5982,0,0
5983,0,0
5984,0,243.8
5985,0,3935.4
5986,0,42242.9
5987,0,89120
5988,0,126966.5
5989,0,172399
5990,0,213725.2
5991,0,246198.6
5992,0,264693.3
5993,0,648832.3
5994,0,369674.7
5995,0,205731
5996,0,73629.5
5997,0,36863.1
5998,0,6857.9
5999,0,0
6000,0,0
6001,0,0
6002,0,0
6003,0,0
6004,0,0
6005,0,0
6006,0,0
6007,0,0
6008,0,0
6009,0,178
6010,0,1203.4
6011,0,1900.7
6012,0,17389.7
6013,0,46629.4
6014,0,63915.2
6015,0,83230.2
6016,0,97023.1
6017,0,117081.8
6018,0,22399.2
6019,0,0
6020,0,0
6021,0,0
6022,0,0
6023,0,0
6024,0,0
6025,0,0
6026,19.3,0
6027,695.5,0
6028,1432,0
6029,1836,0
6030,2152.5,0
6031,1705.2,0
6032,1121.3,0
6033,52.5,0
6034,0,0
6035,0,0
6036,0,0
6037,0,0
6038,0,234.6
6039,0,1253.1
6040,0,14431.4
6041,0,18589.7
6042,0,2962.1
6043,0,0
6044,0,0
6045,0,0
6046,0,0
6047,0,0
6048,83.6,0
6049,799.5,0
6050,1371.6,0
6051,1889.8,0
6052,2356.3,0
6053,2671.2,0
6054,2910.9,0
6055,2972.7,0
6056,1945.6,0
6057,252.5,0
6058,0,0
6059,0,0
6060,0,0
6061,0,0
6062,0,552.5
6063,0,4775.1
6064,0,40240.8
6065,0,40171.2
6066,0,18239.3
6067,0,0
6068,0,0
6069,0,0
6070,0,0
6071,0,0
6072,0,0
6073,0,0
6074,324.9,0
6075,983.9,0
6076,1393.6,0
6077,1668.6,0
6078,1597.4,0
6079,179.8,0
6080,0,0
6081,0,0
6082,0,742.6
6083,0,6107.5
6084,0,46297.2
6085,0,91066.2
6086,0,124906.4
6087,0,146051.9
6088,0,150527.4
6089,0,231749.9
6090,0,108621
6091,0,37341.7
6092,0,4882
6093,0,0
6094,0,0
6095,0,0
6096,0,0
6097,0,0
6098,0,0
6099,0,0
6100,0,0
6101,0,0
6102,0,0
6103,0,0
6104,0,0
6105,0,0
6106,0,733.3
6107,0,1829.6
6108,0,12232
6109,0,52691.4
6110,0,95647.7
6111,0,128601.5
6112,0,141946.3
6113,0,251045.7
6114,0,113150.1
6115,0,34030.5
6116,0,983
6117,0,0
6118,0,0
6119,0,0
6120,0,0
6121,0,0
6122,0,0
6123,0,0
6124,0,0
6125,0,0
6126,2.3,0
6127,0,0
6128,0,0
6129,0,111.7
6130,0,1271.2
6131,0,4650.5
6132,0,32694.3
6133,0,68446.3
6134,0,94114.7
6135,0,105205.2
6136,0,105732.7
6137,0,133688
6138,0,50662.7
6139,0,7298
6140,0,0
6141,0,0
6142,0,0
6143,0,0
6144,0,0
6145,0,0
6146,0,0
6147,0,0
6148,0,0
6149,0,0
6150,0,0
6151,0,493.7
6152,0,6919.5
6153,0,27472.4
6154,0,42662.6
6155,0,67316.1
6156,0,103586.8
6157,0,133987.2
6158,0,166071.3
6159,0,195756.3
6160,0,182412.4
6161,0,277392.5
6162,0,125335.3
6163,0,61705.2
6164,0,20907.9
6165,0,477.7
6166,0,0
6167,0,0
6168,0,0
6169,0,0
6170,0,0
6171,0,0
6172,0,0
6173,73.6,0
6174,626.5,0
6175,19.2,0
6176,0,0
6177,0,0
6178,0,169
6179,0,1241.7
6180,0,1656.8
6181,0,12147.1
6182,0,40470.4
6183,0,60286.5
6184,0,75860.3
6185,0,118394.3
6186,0,22013
6187,0,0
6188,0,0
6189,0,0
6190,0,0
6191,0,0
6192,415,0
6193,1131.8,0
6194,1351.7,0
6195,1579.7,0
6196,2064.3,0
6197,2790.3,0
6198,3186.5,0
6199,2424.1,0
6200,1473.4,0
6201,95.7,0
6202,0,0
6203,0,0
6204,0,0
6205,0,0
6206,0,132.9
6207,0,542.5
6208,0,1203.1
6209,0,2170.4
6210,0,129.9
6211,0,0
6212,0,0
6213,0,0
6214,0,0
6215,45.4,0
6216,827,0
6217,1434,0
6218,1839.2,0
6219,2109.2,0
6220,2793.6,0
6221,2727.5,0
6222,3848.8,0
6223,3108.1,0
6224,2258.6,0
6225,467.3,0
6226,0,0
6227,0,0
6228,0,0
6229,0,25.7
6230,0,1173
6231,0,17517.4
6232,0,47456.8
6233,0,49497
6234,0,9071.8
6235,0,0
6236,0,0
6237,0,0
6238,0,0
6239,0,0
6240,29.4,0
6241,541.2,0
6242,1337.8,0
6243,1590.3,0
6244,2055.8,0
6245,2522.4,0
6246,2218.3,0
6247,1189.6,0
6248,0,0
6249,0,0
6250,0,144.5
6251,0,1518.6
6252,0,3434.7
6253,0,36032.8
6254,0,71974.4
6255,0,104130.8
6256,0,118177.7
6257,0,204410.2
6258,0,80480.3
6259,0,8160.6
6260,0,0
6261,0,0
6262,0,0
6263,0,0
6264,0,0
6265,0,0
6266,0,0
6267,0,0
6268,0,0
6269,0,0
6270,0,0
6271,0,0
6272,0,0
6273,0,343.7
6274,0,1441
6275,0,2135.8
6276,0,8126.1
6277,0,36406.9
6278,0,65925.1
6279,0,85944
6280,0,93584.7
6281,0,132737.9
6282,0,25304.1
6283,0,0
6284,0,0
6285,0,0
6286,0,0
6287,0,0
6288,571.5,0
6289,1433.4,0
6290,1819.3,0
6291,2393.8,0
6292,3099.8,0
6293,3670,0
6294,3082.1,0
6295,2240.3,0
6296,545.5,0
6297,0,0
6298,0,0
6299,0,0
6300,0,16.2
6301,0,884.9
6302,0,1618.6
6303,0,1608.6
6304,0,1185.8
6305,0,0
6306,0,0
6307,0,0
6308,0,0
6309,0,0
6310,0,0
6311,148.2,0
6312,556.6,0
6313,921.9,0
6314,1241.7,0
6315,1219.1,0
6316,1242.4,0
6317,1225.4,0
6318,737.5,0
6319,0,0
6320,0,0
6321,0,0
6322,0,0
6323,0,0
6324,0,0
6325,0,135.3
6326,0,498.7
6327,0,718.2
6328,0,734.7
6329,0,0
6330,0,0
6331,0,0
6332,0,0
6333,0,0
6334,0,0
6335,0,0
6336,0,0
6337,0,0
6338,0,0
6339,0,0
6340,0,0
6341,0,0
6342,0,0
6343,0,0
6344,0,0
6345,0,633.6
6346,0,1148.7
6347,0,1405
6348,0,1287
6349,0,1667
6350,0,1683.2
6351,0,1740.9
6352,0,1527.2
6353,0,143.9
6354,0,0
6355,0,0
6356,0,0
6357,0,0
6358,0,0
6359,0,0
6360,0,0
6361,0,0
6362,0,0
6363,43.6,0
6364,546.4,0
6365,1152.9,0
6366,1270.4,0
6367,1060.9,0
6368,399.5,0
6369,0,0
6370,0,0
6371,0,0
6372,0,0
6373,0,0
6374,0,0
6375,0,152.8
6376,0,281.6
6377,0,18.6
6378,0,0
6379,0,0
6380,0,0
6381,0,0
6382,169,0
6383,993.6,0
6384,1559.4,0
6385,2289.6,0
6386,2527.1,0
6387,3517,0
6388,3637,0
6389,4681.5,0
6390,4122.9,0
6391,4868.2,0
6392,3137.5,0
6393,2210.7,0
6394,789,0
6395,32.3,0
6396,0,0
6397,0,0
6398,0,0
6399,0,0
6400,0,0
6401,0,0
6402,0,0
6403,2.1,0
6404,417.4,0
6405,1022.2,0
6406,1260.7,0
6407,1287.5,0
6408,1332.5,0
6409,1510.7,0
6410,1795.6,0
6411,1759.7,0
6412,1765,0
6413,1931.4,0
6414,1689.1,0
6415,699.3,0
6416,0,0
6417,0,0
6418,0,0
6419,0,0
6420,0,0
6421,0,0
6422,0,334.8
6423,0,701.9
6424,0,687.1
6425,0,0
6426,0,0
6427,0,0
6428,0,0
6429,0,0
6430,0,0
6431,0,0
6432,52.4,0
6433,650.9,0
6434,1352.2,0
6435,1616.4,0
6436,2290.4,0
6437,2364.1,0
6438,1990.7,0
6439,879.7,0
6440,0,0
6441,0,0
6442,0,0
6443,0,452.9
6444,0,1509.7
6445,0,8396.7
6446,0,52073
6447,0,79335.3
6448,0,79154.6
6449,0,66899.9
6450,0,4824
6451,0,0
6452,0,0
6453,0,0
6454,0,0
6455,0,0
6456,0,0
6457,0,0
6458,0,0
6459,179.7,0
6460,867.7,0
6461,1338.7,0
6462,1094.3,0
6463,86.7,0
6464,0,0
6465,0,0
6466,0,0
6467,0,140.8
6468,0,819.9
6469,0,1839.4
6470,0,5283.2
6471,0,22485.7
6472,0,29934.8
6473,0,11806.6
6474,0,2.6
6475,0,0
6476,0,0
6477,0,0
6478,0,0
6479,0,0
6480,0,0
6481,0,0
6482,0,0
6483,0,0
6484,0,0
6485,0,0
6486,1.9,0
6487,0,0
6488,0,0
6489,0,0
6490,0,7.6
6491,0,498.4
6492,0,807.1
6493,0,1482.9
6494,0,1527.8
6495,0,1570.7
6496,0,1823
6497,0,570.1
6498,0,0
6499,0,0
6500,0,0
6501,0,0
6502,0,0
6503,0,0
6504,0,0
6505,0,0
6506,0,0
6507,0,0
6508,0,0
6509,0,0
6510,0,0
6511,0,0
6512,0,0
6513,0,699.1
6514,0,1598.4
6515,0,8260.1
6516,0,39868.5
6517,0,76017.7
6518,0,98364
6519,0,108010.4
6520,0,113650.1
6521,0,130286
6522,0,40887
6523,0,11492.7
6524,0,0
6525,0,0
6526,0,0
6527,0,0
6528,0,0
6529,0,0
6530,0,0
6531,0,0
6532,0,0
6533,0,0
6534,0,0
6535,0,0
6536,0,0
6537,0,0
6538,0,0
6539,0,0
6540,0,0
6541,0,0
6542,0,0
6543,0,0
6544,0,0
6545,0,0
6546,0,0
6547,0,0
6548,0,0
6549,0,0
6550,0,0
6551,0,0
6552,0,0
6553,0,0
6554,0,0
6555,139.1,0
6556,913.2,0
6557,1257.8,0
6558,1693.9,0
6559,1705.6,0
6560,1676.2,0
6561,1304.3,0
6562,549.9,0
6563,0,0
6564,0,0
6565,0,0
6566,0,0
6567,0,0
6568,0,0
6569,0,0
6570,0,0
6571,0,0
6572,57.2,0
6573,872.2,0
6574,1392.1,0
6575,1795.5,0
6576,2289.3,0
6577,2751.9,0
6578,3319.8,0
6579,3756.3,0
6580,4493.5,0
6581,4471.4,0
6582,3567,0
6583,2558,0
6584,984.8,0
6585,0,0
6586,0,0
6587,0,0
6588,0,0
6589,0,1048.8
6590,0,1861
6591,0,2106.5
6592,0,1911
6593,0,199.6
6594,0,0
6595,0,0
6596,289.5,0
6597,1227.9,0
6598,1765.1,0
6599,2281.3,0
6600,2931.7,0
6601,3378,0
6602,4395.2,0
6603,4523.1,0
6604,5611.9,0
6605,5530.9,0
6606,4269.9,0
6607,3277,0
6608,2082.2,0
6609,1355.5,0
6610,1079.6,0
6611,641.7,0
6612,554.9,0
6613,42,0
6614,0,0
6615,0,0
6616,0,0
6617,2237.7,0
6618,3749.8,0
6619,5646,0
6620,5509.5,0
6621,7385.8,0
6622,6745.1,0
6623,8647.4,0
6624,7522.6,0
6625,9239.5,0
6626,7829.9,0
6627,9628.6,0
6628,8260.9,0
6629,12700.2,0
6630,7854.6,0
6631,5926.7,0
6632,4457.3,0
6633,2762.8,0
6634,1046.5,0
6635,21.4,0
6636,0,0
6637,0,0
6638,0,0
6639,0,0
6640,0,0
6641,232,0
6642,2396.7,0
6643,3895.2,0
6644,4649,0
6645,6227.8,0
6646,6082.8,0
6647,7400.1,0
6648,6977.9,0
6649,8330.5,0
6650,7737.2,0
6651,9221.8,0
6652,8511.7,0
6653,15058.8,0
6654,7829.7,0
6655,5609.5,0
6656,4134.9,0
6657,2686.5,0
6658,1513.3,0
6659,333.9,0
6660,0,0
6661,0,0
6662,0,0
6663,0,0
6664,0,0
6665,87.6,0
6666,2200.3,0
6667,3065.8,0
6668,4375.7,0
6669,4627.3,0
6670,6045.9,0
6671,5819,0
6672,7085.1,0
6673,6701.4,0
6674,8123.7,0
6675,7768.4,0
6676,9599.9,0
6677,16784.1,0
6678,13721.5,0
6679,11046.8,0
6680,4839.7,0
6681,2720.9,0
6682,1130.6,0
6683,31.2,0
6684,0,0
6685,0,0
6686,0,0
6687,0,0
6688,0,0
6689,0,0
6690,708.2,0
6691,2382.7,0
6692,4847.4,0
6693,5679.9,0
6694,8485.6,0
6695,8092.5,0
6696,32291.2,0
6697,23756.1,0
6698,31943,0
6699,29055.7,0
6700,34593.8,0
6701,27318.3,0
6702,32940.2,0
6703,17634.7,0
6704,12570.3,0
6705,4931.4,0
6706,3167.6,0
6707,1714.3,0
6708,1256.1,0
6709,345.6,0
6710,0,0
6711,0,0
6712,0,0
6713,292.2,0
6714,2091.9,0
6715,3510.3,0
6716,5800.7,0
6717,5857.5,0
6718,7929.2,0
6719,7213.8,0
6720,9449.4,0
6721,11822,0
6722,35301.5,0
6723,28206.3,0
6724,39221.8,0
6725,31704.4,0
6726,37903.4,0
6727,31445.7,0
6728,33629.8,0
6729,15586.4,0
6730,5426.6,0
6731,1968.7,0
6732,781.1,0
6733,6.6,0
6734,0,0
6735,0,0
6736,0,0
6737,0,0
6738,260.7,0
6739,2004.5,0
6740,2962.7,0
6741,4756.8,0
6742,5036.3,0
6743,6893.8,0
6744,6362.9,0
6745,8401.1,0
6746,7500.2,0
6747,9428.9,0
6748,9358.4,0
6749,19920.9,0
6750,16749.9,0
6751,19817.4,0
6752,6926.3,0
6753,5584.6,0
6754,1951.7,0
6755,343.7,0
6756,0,0
6757,0,0
6758,0,0
6759,0,0
6760,0,0
6761,0,0
6762,510.3,0
6763,1585.4,0
6764,2391.7,0
6765,3042.9,0
6766,3410.2,0
6767,4388.3,0
6768,4465.7,0
6769,5209.6,0
6770,5385.1,0
6771,6507.8,0
6772,6246.1,0
6773,7521.1,0
6774,5532,0
6775,4314.6,0
6776,3112.9,0
6777,2175.9,0
6778,1611.5,0
6779,1035.6,0
6780,1195.6,0
6781,741.1,0
6782,535,0
6783,362.6,0
6784,759.5,0
6785,3026.7,0
6786,5218.4,0
6787,5529.3,0
6788,6717.3,0
6789,6262,0
6790,7295.8,0
6791,6747.8,0
6792,7982.1,0
6793,7505.4,0
6794,8873.4,0
6795,8198.2,0
6796,9567.4,0
6797,8659.3,0
6798,6413.5,0
6799,5070.2,0
6800,3426.1,0
6801,2125.3,0
6802,1267.4,0
6803,264.3,0
6804,0,0
6805,0,0
6806,0,0
6807,0,0
6808,0,0
6809,0,0
6810,777.3,0
6811,1930.8,0
6812,3473.1,0
6813,3785.2,0
6814,4845.2,0
6815,4621.8,0
6816,6838.6,0
6817,6672.3,0
6818,9196.8,0
6819,8468.6,0
6820,25984.3,0
6821,24273.7,0
6822,17392.9,0
6823,13138.8,0
6824,5456.1,0
6825,2929.8,0
6826,1422.7,0
6827,242.9,0
6828,0,0
6829,0,0
6830,0,0
6831,0,0
6832,0,0
6833,1067.9,0
6834,3831.9,0
6835,5373.2,0
6836,7231.3,0
6837,7217.6,0
6838,8778.6,0
6839,8393.9,0
6840,18866.7,0
6841,32015.7,0
6842,33645.9,0
6843,35462.9,0
6844,38167.7,0
6845,37987.2,0
6846,27502.3,0
6847,24033.4,0
6848,15370.9,0
6849,5075.6,0
6850,2552.6,0
6851,1277.9,0
6852,1181.8,0
6853,428.3,0
6854,0,0
6855,0,0
6856,0,0
6857,1255.6,0
6858,4972.3,0
6859,6482.4,0
6860,8791,0
6861,16875.9,0
6862,33453.1,0
6863,36385.7,0
6864,41762.4,0
6865,43492.3,0
6866,53148.2,0
6867,51299.4,0
6868,59081.5,0
6869,56198.3,0
6870,64578,0
6871,45397.6,0
6872,35071.4,0
6873,22740.8,0
6874,11183.8,0
6875,4157.2,0
6876,3555,0
6877,2629.3,0
6878,1845.1,0
6879,1447.7,0
6880,1967.3,0
6881,2952.2,0
6882,5764.5,0
6883,7053.9,0
6884,11586.6,0
6885,33797.1,0
6886,24673.8,0
6887,27159.6,0
6888,37166.1,0
6889,26811.4,0
6890,35015,0
6891,27733.2,0
6892,35683.9,0
6893,28020.8,0
6894,35202.8,0
6895,27490.6,0
6896,32052.3,0
6897,32800.6,0
6898,7143.8,0
6899,4064.4,0
6900,2176.4,0
6901,1050.5,0
6902,152.7,0
6903,0,0
6904,0,0
6905,999.8,0
6906,2207.5,0
6907,4160,0
6908,4688.5,0
6909,6895.7,0
6910,6323.1,0
6911,8336.3,0
6912,7550.5,0
6913,10063.1,0
6914,22325.8,0
6915,43526,0
6916,25148.2,0
6917,31300.5,0
6918,22196.6,0
6919,19209.9,0
6920,9719.1,0
6921,2922.7,0
6922,887.1,0
6923,0,0
6924,0,0
6925,0,0
6926,0,309.5
6927,0,913.4
6928,0,725.7
6929,0,0
6930,0,0
6931,307.8,0
6932,1583.5,0
6933,2513.8,0
6934,3758.4,0
6935,4464.3,0
6936,5777.2,0
6937,5971.9,0
6938,7295.6,0
6939,6929.8,0
6940,8252.5,0
6941,7670.4,0
6942,6034.8,0
6943,5099.2,0
6944,3278.8,0
6945,1093.7,0
6946,0,0
6947,0,0
6948,0,0
6949,0,83.1
6950,0,809.3
6951,0,1181.2
6952,0,597.5
6953,0,0
6954,0,0
6955,0,0
6956,677.3,0
6957,1350.8,0
6958,1784.3,0
6959,1845.8,0
6960,2179.1,0
6961,2012.3,0
6962,2161,0
6963,1886.5,0
6964,1978.1,0
6965,1760.1,0
6966,1563.3,0
6967,455.4,0
6968,0,0
6969,0,0
6970,0,0
6971,0,0
6972,0,0
6973,0,423.4
6974,0,383.2
6975,0,199.8
6976,0,0
6977,0,0
6978,118.1,0
6979,1113.2,0
6980,1499.6,0
6981,1977.7,0
6982,2272.2,0
6983,3029.7,0
6984,2956.9,0
6985,3878.9,0
6986,3715.6,0
6987,4645.7,0
6988,4109.6,0
6989,5091.1,0
6990,3698.5,0
6991,2846,0
6992,1682,0
6993,755.5,0
6994,85.9,0
6995,0,0
6996,0,0
6997,0,0
6998,0,0
6999,0,136.4
7000,0,116.2
7001,0,0
7002,0,0
7003,1273.1,0
7004,2482.2,0
7005,3532.4,0
7006,4719.7,0
7007,5253.9,0
7008,6386,0
7009,6009.1,0
7010,7210.9,0
7011,7046.4,0
7012,8832.1,0
7013,8700.7,0
7014,8629.2,0
7015,10809,0
7016,5558.4,0
7017,3073.4,0
7018,1548,0
7019,318.9,0
7020,0,0
7021,0,0
7022,0,0
7023,0,0
7024,0,0
7025,1303.8,0
7026,3865.4,0
7027,4743.9,0
7028,6419.5,0
7029,6311.2,0
7030,7693.2,0
7031,7461.9,0
7032,9315.9,0
7033,19507.2,0
7034,33280.9,0
7035,33400.8,0
7036,31065.7,0
7037,28809.3,0
7038,34450.7,0
7039,21177.1,0
7040,15002.1,0
7041,5258.2,0
7042,3017,0
7043,1445.3,0
7044,768.1,0
7045,0,0
7046,0,0
7047,0,0
7048,0,0
7049,53.7,0
7050,1433.6,0
7051,3075.2,0
7052,3938.6,0
7053,5859.5,0
7054,5804.8,0
7055,7801.9,0
7056,7064.7,0
7057,9117.4,0
7058,8116.4,0
7059,22519.9,0
7060,32564.3,0
7061,34094.2,0
7062,28039.9,0
7063,27495.1,0
7064,24041,0
7065,18448,0
7066,5372,0
7067,3991.3,0
7068,2210.7,0
7069,1249,0
7070,488.2,0
7071,16.4,0
7072,1,0
7073,991.6,0
7074,2897.7,0
7075,6329.5,0
7076,6860.9,0
7077,9200.8,0
7078,8019.7,0
7079,17858.1,0
7080,32890.2,0
7081,25172.2,0
7082,29403,0
7083,37203.5,0
7084,41082.4,0
7085,48366.3,0
7086,36170.5,0
7087,32920.1,0
7088,24448.6,0
7089,12425.9,0
7090,3768.1,0
7091,2123.1,0
7092,1514.8,0
7093,609.6,0
7094,322.9,0
7095,803.1,0
7096,1615.3,0
7097,5147.3,0
7098,8218.2,0
7099,8523.4,0
7100,27745.9,0
7101,27517.4,0
7102,33688.6,0
7103,27963.1,0
7104,34310.8,0
7105,34067.4,0
7106,45140,0
7107,42580.6,0
7108,56149.6,0
7109,50177.7,0
7110,36121.3,0
7111,29548.4,0
7112,19747.6,0
7113,8257.3,0
7114,3058.6,0
7115,1688.1,0
7116,1067.7,0
7117,42.2,0
7118,0,0
7119,0,0
7120,296.2,0
7121,3307.4,0
7122,5089,0
7123,7308.4,0
7124,6674.1,0
7125,8535.8,0
7126,7401,0
7127,9184.5,0
7128,7819.4,0
7129,9589.5,0
7130,8112.5,0
7131,12308.2,0
7132,13236.3,0
7133,19121.5,0
7134,6695.5,0
7135,4917,0
7136,3388,0
7137,2268.4,0
7138,1695.6,0
7139,1145.3,0
7140,1236.1,0
7141,1049.6,0
7142,1038.4,0
7143,1194.3,0
7144,1829.6,0
7145,5138.1,0
7146,8147.4,0
7147,8480.7,0
7148,15379.3,0
7149,34134,0
7150,26772.2,0
7151,38258,0
7152,29606.3,0
7153,29792.7,0
7154,34941.1,0
7155,34521.6,0
7156,43485.7,0
7157,39135.3,0
7158,30580.6,0
7159,26032.8,0
7160,19047.1,0
7161,11668.9,0
7162,6351.5,0
7163,3822.8,0
7164,4021.5,0
7165,3140.3,0
7166,2586.4,0
7167,1962.9,0
7168,2194,0
7169,6001.9,0
7170,22312.7,0
7171,28249.4,0
7172,36658.7,0
7173,37372.2,0
7174,48915.1,0
7175,45104.2,0
7176,58628.2,0
7177,49933.9,0
7178,61527,0
7179,52860.4,0
7180,66294.4,0
7181,57423.9,0
7182,44159.3,0
7183,41496,0
7184,33705.3,0
7185,22389.5,0
7186,12115,0
7187,4103.3,0
7188,2815.2,0
7189,1727.9,0
7190,1137.1,0
7191,1349.2,0
7192,1946.4,0
7193,5656.6,0
7194,8971,0
7195,29776,0
7196,24353.6,0
7197,27305,0
7198,33677.3,0
7199,27258.4,0
7200,34049.6,0
7201,26593.3,0
7202,33395.2,0
7203,27290.7,0
7204,35415.5,0
7205,28475.3,0
7206,34938.4,0
7207,19200.4,0
7208,16070.8,0
7209,9904,0
7210,5491.8,0
7211,4837.5,0
7212,4612.2,0
7213,4079.2,0
7214,3697.1,0
7215,3396.3,0
7216,4414.5,0
7217,5088.9,0
7218,5581,0
7219,6943.4,0
7220,6757.4,0
7221,8258.9,0
7222,7938.5,0
7223,9622.6,0
7224,17525.7,0
7225,34643.9,0
7226,22975.2,0
7227,34591.9,0
7228,29218.8,0
7229,39198.4,0
7230,39082.8,0
7231,50880.3,0
7232,43572.7,0
7233,43201.4,0
7234,28699.6,0
7235,33321.8,0
7236,25176.7,0
7237,30090.4,0
7238,9113.8,0
7239,7850.8,0
7240,7605.5,0
7241,18120.7,0
7242,27255.7,0
7243,33940.9,0
7244,27945.3,0
7245,36819.4,0
7246,34900.6,0
7247,43513.6,0
7248,40201.3,0
7249,50846.2,0
7250,48013.6,0
7251,58645,0
7252,48944.8,0
7253,58625.5,0
7254,37646.2,0
7255,32604.6,0
7256,24928.3,0
7257,14863.4,0
7258,6167.7,0
7259,2702,0
7260,1930.8,0
7261,634.6,0
7262,0,0
7263,0,0
7264,0,0
7265,1303.1,0
7266,6331.1,0
7267,9701.6,0
7268,42325.9,0
7269,32964,0
7270,51872.6,0
7271,47904,0
7272,68012.6,0
7273,58522.6,0
7274,78650.9,0
7275,63645.5,0
7276,82241.8,0
7277,65910.4,0
7278,47789.8,0
7279,44270.6,0
7280,34089,0
7281,17928.4,0
7282,4452.3,0
7283,1379.4,0
7284,397.6,0
7285,0,0
7286,0,0
7287,0,0
7288,0,0
7289,14.2,0
7290,2986.1,0
7291,5004,0
7292,8057.4,0
7293,8242.6,0
7294,35948.2,0
7295,21247.6,0
7296,33136.1,0
7297,28811,0
7298,33472.3,0
7299,29614.4,0
7300,33556.5,0
7301,35352.4,0
7302,29259.3,0
7303,23656.3,0
7304,18428.9,0
7305,14021.4,0
7306,11705.1,0
7307,7992.4,0
7308,5597.8,0
7309,4692.3,0
7310,4384.2,0
7311,4367.1,0
7312,4667.7,0
7313,9153.8,0
7314,36219,0
7315,28869.2,0
7316,39298.8,0
7317,40681,0
7318,54741.9,0
7319,51670.4,0
7320,64691.8,0
7321,53833,0
7322,66219.7,0
7323,56344.9,0
7324,67550.6,0
7325,53766,0
7326,39916.3,0
7327,36999.5,0
7328,29912.6,0
7329,20394.6,0
7330,12805.7,0
7331,6478.2,0
7332,4523.2,0
7333,3849.3,0
7334,3465.7,0
7335,3556,0
7336,3288.5,0
7337,11477.1,0
7338,30484.8,0
7339,28689.7,0
7340,34130.4,0
7341,33528.4,0
7342,40455.9,0
7343,35986.1,0
7344,43504.9,0
7345,39040.7,0
7346,48807.1,0
7347,44830,0
7348,59501.4,0
7349,52665.6,0
7350,41453.9,0
7351,38495.3,0
7352,30423.1,0
7353,18987.7,0
7354,9074.2,0
7355,3279.6,0
7356,2289.5,0
7357,716.1,0
7358,0,0
7359,0,0
7360,0,0
7361,1223.6,0
7362,6263.2,0
7363,8583,0
7364,32290.7,0
7365,25755.6,0
7366,33757,0
7367,30247.4,0
7368,38504.8,0
7369,36475.8,0
7370,44816.8,0
7371,40579.9,0
7372,48003.2,0
7373,39542.4,0
7374,45681.2,0
7375,31639,0
7376,28140.7,0
7377,19405.1,0
7378,8623.2,0
7379,4148.7,0
7380,3393.1,0
7381,2420.9,0
7382,2088.6,0
7383,1719.6,0
7384,2759.5,0
7385,3970,0
7386,7157.3,0
7387,7064.5,0
7388,9177.4,0
7389,7821.7,0
7390,9612.2,0
7391,8209.6,0
7392,10075.1,0
7393,8477.6,0
7394,10198.4,0
7395,8662.2,0
7396,10726.3,0
7397,10570.9,0
7398,27617.6,0
7399,25799.9,0
7400,35974.4,0
7401,18341.9,0
7402,11499.2,0
7403,8311.8,0
7404,9160.3,0
7405,7007.5,0
7406,8172.1,0
7407,6013.8,0
7408,6567.8,0
7409,6135.4,0
7410,8579.8,0
7411,7864.7,0
7412,10184.1,0
7413,9049.2,0
7414,24435.5,0
7415,25897.7,0
7416,36089.6,0
7417,24927.7,0
7418,36870.6,0
7419,31042.9,0
7420,35761.3,0
7421,38411.7,0
7422,43121.2,0
7423,31229.2,0
7424,24724.9,0
7425,12904.6,0
7426,3772.4,0
7427,2220.3,0
7428,903.8,0
7429,225.3,0
7430,0,0
7431,0,0
7432,0,0
7433,401.3,0
7434,4384.5,0
7435,7614.9,0
7436,7789.3,0
7437,9639.7,0
7438,9564.2,0
7439,21223.1,0
7440,29428,0
7441,33172.1,0
7442,30634.5,0
7443,32650.5,0
7444,28729,0
7445,33219,0
7446,31703.8,0
7447,26299.3,0
7448,20617.6,0
7449,13179.9,0
7450,6271.5,0
7451,3790.3,0
7452,3761.4,0
7453,4384.5,0
7454,4109.7,0
7455,4211.9,0
7456,4447.3,0
7457,4981.2,0
7458,17019.2,0
7459,32053.1,0
7460,28896.8,0
7461,33691.9,0
7462,32568.2,0
7463,45801.8,0
7464,48725.5,0
7465,67719.3,0
7466,60876.4,0
7467,84588.2,0
7468,73002.3,0
7469,93786.8,0
7470,77698.6,0
7471,55846.5,0
7472,47537,0
7473,30828.4,0
7474,14440.1,0
7475,4828.2,0
7476,3824.5,0
7477,3963.6,0
7478,3246.4,0
7479,2860.8,0
7480,1569.5,0
7481,1883.7,0
7482,6420.1,0
7483,10977.3,0
7484,23437.5,0
7485,35139.6,0
7486,29324,0
7487,35779.3,0
7488,30291.4,0
7489,39120.8,0
7490,37762.3,0
7491,47754.8,0
7492,44501.5,0
7493,59600.2,0
7494,52316.5,0
7495,39430.9,0
7496,30713.5,0
7497,17813.6,0
7498,5771.2,0
7499,2929.9,0
7500,1736,0
7501,1054.4,0
7502,28.6,0
7503,0,0
7504,0,0
7505,1018.4,0
7506,6426.1,0
7507,22422.3,0
7508,28075.3,0
7509,37730.5,0
7510,40056.4,0
7511,51364.4,0
7512,45854.5,0
7513,62115.8,0
7514,55197.8,0
7515,69563.5,0
7516,59952.6,0
7517,78579,0
7518,66917.4,0
7519,46884.4,0
7520,38400.8,0
7521,24346.4,0
7522,12722.3,0
7523,6640,0
7524,4775,0
7525,4309,0
7526,3346.6,0
7527,2820.2,0
7528,2578.2,0
7529,2666.2,0
7530,5716.2,0
7531,8239.9,0
7532,8093.3,0
7533,9760.4,0
7534,9703.7,0
7535,28840.5,0
7536,27732.4,0
7537,33306.2,0
7538,35932,0
7539,39301,0
7540,35179.1,0
7541,41328.1,0
7542,39019.4,0
7543,43487.1,0
7544,38667.6,0
7545,38563.9,0
7546,34072.7,0
7547,29821.4,0
7548,30599.2,0
7549,16152.9,0
7550,17452,0
7551,32440.7,0
7552,31333,0
7553,34433.4,0
7554,36619.9,0
7555,41834.8,0
7556,44468.1,0
7557,56855.4,0
7558,58032.5,0
7559,71358.6,0
7560,69014,0
7561,77064,0
7562,75641.2,0
7563,87055.3,0
7564,84986,0
7565,94860.7,0
7566,91524.7,0
7567,100511.7,0
7568,90387.8,0
7569,77623.7,0
7570,49984.1,0
7571,38634.4,0
7572,33022.8,0
7573,28296.9,0
7574,27133.4,0
7575,35361.1,0
7576,22912,0
7577,34897.9,0
7578,40138.1,0
7579,55934.9,0
7580,51382.4,0
7581,67389.9,0
7582,59914.7,0
7583,71545.8,0
7584,55964,0
7585,63399.1,0
7586,50521,0
7587,60259.6,0
7588,50174.9,0
7589,59321.6,0
7590,46757.1,0
7591,35324.5,0
7592,29387.5,0
7593,22252.2,0
7594,16205.1,0
7595,12819.3,0
7596,7328.1,0
7597,4412.5,0
7598,1828.5,0
7599,444.6,0
7600,14.2,0
7601,1423.6,0
7602,5792.9,0
7603,8814.4,0
7604,10379.8,0
7605,33389.6,0
7606,21914.8,0
7607,34776.1,0
7608,30575.1,0
7609,41959.5,0
7610,40199.5,0
7611,54329.3,0
7612,52316.7,0
7613,69702.1,0
7614,62817.4,0
7615,48777.1,0
7616,43755.4,0
7617,28451.5,0
7618,9481.3,0
7619,2867.8,0
7620,1322.7,0
7621,359.1,0
7622,0,0
7623,0,0
7624,0,0
7625,293.8,0
7626,5123.8,0
7627,9027.1,0
7628,27678.5,0
7629,27161.4,0
7630,29892,0
7631,39384.9,0
7632,40234.1,0
7633,54767.6,0
7634,52511.6,0
7635,66531.7,0
7636,56592.8,0
7637,71606.1,0
7638,62266,0
7639,47780.3,0
7640,40611.3,0
7641,24010.5,0
7642,7320.9,0
7643,2911.1,0
7644,1780.4,0
7645,1255,0
7646,124.5,0
7647,0,0
7648,0,0
7649,1163,0
7650,6031.6,0
7651,13474.8,0
7652,27536.3,0
7653,33824.1,0
7654,29658.6,0
7655,40727.6,0
7656,37181.9,0
7657,42987.6,0
7658,35755.5,0
7659,41397.4,0
7660,34482.2,0
7661,36510.6,0
7662,31291.9,0
7663,24180.5,0
7664,18955.9,0
7665,13263,0
7666,6744.9,0
7667,4940.2,0
7668,4225.6,0
7669,3847.1,0
7670,2605.6,0
7671,1638.3,0
7672,977.6,0
7673,1690.9,0
7674,5488.8,0
7675,8451.3,0
7676,8410.4,0
7677,10113.7,0
7678,9330.8,0
7679,14070.2,0
7680,17603.9,0
7681,12149.1,0
7682,8920.8,0
7683,10019.6,0
7684,9097.3,0
7685,10249.4,0
7686,9208.2,0
7687,7183.8,0
7688,6598.1,0
7689,5674.2,0
7690,4762.8,0
7691,3832.3,0
7692,2770.3,0
7693,2311.6,0
7694,1301.9,0
7695,1022,0
7696,1255.2,0
7697,2595.6,0
7698,8042.4,0
7699,33043.2,0
7700,34163.6,0
7701,45866.1,0
7702,46740.2,0
7703,66713.1,0
7704,58426,0
7705,77929.6,0
7706,68306.1,0
7707,86590.6,0
7708,72522.4,0
7709,96738.6,0
7710,81908.3,0
7711,105243.4,0
7712,57698.1,0
7713,45439.4,0
7714,30461.4,0
7715,20091.9,0
7716,13423.3,0
7717,9382,0
7718,4998.1,0
7719,4756.6,0
7720,5198.9,0
7721,24084.4,0
7722,38583.3,0
7723,43287.4,0
7724,55740.2,0
7725,57994.7,0
7726,73218,0
7727,73678.4,0
7728,86528.2,0
7729,85923.4,0
7730,93769.6,0
7731,87546.7,0
7732,91774.3,0
7733,82526.6,0
7734,86496.1,0
7735,76224,0
7736,75509.5,0
7737,63636.4,0
7738,60528.9,0
7739,46620.9,0
7740,46953.6,0
7741,42465,0
7742,50304,0
7743,49121.2,0
7744,57520.6,0
7745,54099.2,0
7746,61807.3,0
7747,56736.3,0
7748,62842.9,0
7749,57529.3,0
7750,62422.2,0
7751,55199.6,0
7752,57656.4,0
7753,52459.6,0
7754,60287.1,0
7755,54699.5,0
7756,59602.6,0
7757,54081.3,0
7758,59447,0
7759,40982.9,0
7760,32367.8,0
7761,25392.6,0
7762,18530.1,0
7763,14276.3,0
7764,10855.1,0
7765,7818.4,0
7766,5379.5,0
7767,4769.1,0
7768,4233.3,0
7769,4274.8,0
7770,7852.8,0
7771,10224.8,0
7772,13672,0
7773,19404,0
7774,28368.7,0
7775,41573.4,0
7776,39716.9,0
7777,42505.7,0
7778,25638.1,0
7779,25650.7,0
7780,27861.6,0
7781,35861.9,0
7782,28916.6,0
7783,24862.9,0
7784,20773.5,0
7785,14215.6,0
7786,7157.7,0
7787,5223.2,0
7788,4828.4,0
7789,4499.5,0
7790,4017.9,0
7791,3401.4,0
7792,3544.8,0
7793,4518.6,0
7794,24073.1,0
7795,36148.2,0
7796,38032.3,0
7797,49234.5,0
7798,45102.5,0
7799,62708.4,0
7800,60018.1,0
7801,86376,0
7802,75022.7,0
7803,99258.3,0
7804,84419.5,0
7805,113237.1,0
7806,95687.8,0
7807,63927.8,0
7808,54348.9,0
7809,40686.2,0
7810,26622.8,0
7811,18216.5,0
7812,11521.7,0
7813,7553.2,0
7814,3748.6,0
7815,3382.6,0
7816,3746.1,0
7817,9040.7,0
7818,42827.2,0
7819,51854.6,0
7820,71115.4,0
7821,68561.8,0
7822,89930.7,0
7823,80669.8,0
7824,103873.2,0
7825,90552.4,0
7826,116095.3,0
7827,99629.3,0
7828,127127.7,0
7829,106692.8,0
7830,131286.7,0
7831,107162,0
7832,129304.9,0
7833,87646.1,0
7834,74392.3,0
7835,42090.7,0
7836,31132.3,0
7837,24468.2,0
7838,33023.3,0
7839,21519.7,0
7840,24679.4,0
7841,27725.6,0
7842,33728.6,0
7843,50631.6,0
7844,51026.2,0
7845,65685.6,0
7846,57975.7,0
7847,73948,0
7848,67150.4,0
7849,88599,0
7850,75006.3,0
7851,97813.7,0
7852,81448.7,0
7853,105711.3,0
7854,86650.2,0
7855,60120.5,0
7856,53086.1,0
7857,41728.3,0
7858,29662.7,0
7859,20208.9,0
7860,12866.4,0
7861,9208,0
7862,3794.3,0
7863,2753,0
7864,2614.5,0
7865,4127.7,0
7866,35208,0
7867,48462.2,0
7868,69402.9,0
7869,67124.5,0
7870,85139.9,0
7871,74586.3,0
7872,94918.6,0
7873,80496,0
7874,100934.4,0
7875,85580.5,0
7876,103969.8,0
7877,92424.6,0
7878,120805,0
7879,102630,0
7880,68991.3,0
7881,57035.3,0
7882,39532.6,0
7883,25918.8,0
7884,15749.7,0
7885,8437,0
7886,5456.6,0
7887,5743.2,0
7888,6394.2,0
7889,24041.2,0
7890,34248.4,0
7891,35461.3,0
7892,47961.9,0
7893,46177.3,0
7894,63854.1,0
7895,58268.2,0
7896,80925.7,0
7897,74255.7,0
7898,100333.6,0
7899,85141.1,0
7900,113315.5,0
7901,92274.4,0
7902,118863,0
7903,96252.7,0
7904,118187.3,0
7905,81344.7,0
7906,71729.3,0
7907,34101.1,0
7908,26732.6,0
7909,11408,0
7910,6930.3,0
7911,6289.2,0
7912,8610.4,0
7913,16209.6,0
7914,29672.1,0
7915,31769.9,0
7916,36588.5,0
7917,35468.9,0
7918,39107.8,0
7919,35564.3,0
7920,39326.4,0
7921,35561.3,0
7922,38557.6,0
7923,35949.6,0
7924,41521.9,0
7925,37622.3,0
7926,38777.6,0
7927,23419.9,0
7928,14631.2,0
7929,6827.7,0
7930,4622.5,0
7931,3791.5,0
7932,3272.9,0
7933,2888.8,0
7934,2108.8,0
7935,2022,0
7936,2242,0
7937,2685.2,0
7938,5940.4,0
7939,8250.1,0
7940,7893.4,0
7941,9340,0
7942,8665.3,0
7943,9978.6,0
7944,9074.7,0
7945,10337.2,0
7946,9342.4,0
7947,10811.3,0
7948,18557.8,0
7949,38246.1,0
7950,27809.6,0
7951,17851.2,0
7952,13564.3,0
7953,10298.6,0
7954,7973.9,0
7955,7319.9,0
7956,6202.2,0
7957,5756.3,0
7958,5327,0
7959,4421.5,0
7960,4300.8,0
7961,5114.9,0
7962,25972.9,0
7963,40222.7,0
7964,49070,0
7965,53979.6,0
7966,57005.8,0
7967,57963.1,0
7968,62546.3,0
7969,65635.7,0
7970,75913.7,0
7971,79997.8,0
7972,89571.7,0
7973,88630.2,0
7974,91144.6,0
7975,63245.4,0
7976,49258,0
7977,37572.2,0
7978,25837.1,0
7979,18004.1,0
7980,12293.6,0
7981,9512.1,0
7982,3896,0
7983,2681.5,0
7984,2805.6,0
7985,5199.1,0
7986,39367.6,0
7987,50210.7,0
7988,71676.5,0
7989,67472.5,0
7990,87815.8,0
7991,77446.4,0
7992,97410,0
7993,84966.5,0
7994,107123,0
7995,92016.1,0
7996,116952.9,0
7997,97650.8,0
7998,116515,0
7999,64483.7,0
8000,57485.1,0
8001,45249,0
8002,32653.6,0
8003,23418.3,0
8004,17732.2,0
8005,15621.6,0
8006,8919.1,0
8007,3676.6,0
8008,3118.1,0
8009,4525.2,0
8010,25669.7,0
8011,41303.3,0
8012,46544,0
8013,48282.6,0
8014,47109,0
8015,49131.7,0
8016,51374.2,0
8017,55334.2,0
8018,60761.2,0
8019,64731.3,0
8020,75624,0
8021,77891.2,0
8022,83103.1,0
8023,58555.5,0
8024,45340.9,0
8025,33322.6,0
8026,21303.9,0
8027,11231.9,0
8028,4178.9,0
8029,2954.6,0
8030,1814.1,0
8031,2045.3,0
8032,2630.5,0
8033,3725.1,0
8034,8296,0
8035,24014.7,0
8036,32407.4,0
8037,40218.1,0
8038,41701.9,0
8039,52747,0
8040,51310.9,0
8041,59892.2,0
8042,58296.1,0
8043,71107.2,0
8044,72706.4,0
8045,87266.4,0
8046,87917.9,0
8047,101364.7,0
8048,69845.9,0
8049,48869.3,0
8050,33288.6,0
8051,21292.4,0
8052,11151.7,0
8053,5529.2,0
8054,4797.5,0
8055,4638.1,0
8056,5240.9,0
8057,8306.7,0
8058,15087.6,0
8059,33925.5,0
8060,29508.8,0
8061,33184.8,0
8062,46707.1,0
8063,52075.5,0
8064,66855.8,0
8065,68606.8,0
8066,81596.3,0
8067,80174.7,0
8068,90601.5,0
8069,88220.7,0
8070,98901.7,0
8071,97008.6,0
8072,104636.2,0
8073,93502.2,0
8074,91713.4,0
8075,77719,0
8076,75987.9,0
8077,64537.9,0
8078,66085.5,0
8079,59373.6,0
8080,67246.3,0
8081,69930.8,0
8082,89827.1,0
8083,93527,0
8084,107200.4,0
8085,106197,0
8086,115412.5,0
8087,113254.4,0
8088,121279.3,0
8089,118573.8,0
8090,126094.3,0
8091,124026.8,0
8092,132150.1,0
8093,131756.2,0
8094,139334.2,0
8095,100198,0
8096,75825.4,0
8097,64623.4,0
8098,54188.6,0
8099,46587.3,0
8100,38379,0
8101,31472.9,0
8102,24496.9,0
8103,21933.3,0
8104,22148.3,0
8105,27843.3,0
8106,68342.2,0
8107,95443.3,0
8108,101392.8,0
8109,114688.7,0
8110,114575.1,0
8111,124889.9,0
8112,125969.1,0
8113,136835.7,0
8114,137767.8,0
8115,144118.1,0
8116,144877.6,0
8117,148908.2,0
8118,143551.7,0
8119,83823.7,0
8120,71958.7,0
8121,62040.5,0
8122,52708.9,0
8123,44437,0
8124,35892.2,0
8125,29533,0
8126,23085,0
8127,21042.3,0
8128,22148.2,0
8129,27632.9,0
8130,64949.7,0
8131,89090.4,0
8132,92428.1,0
8133,105005,0
8134,103515,0
8135,112660.9,0
8136,109800.2,0
8137,117739.6,0
8138,115420.8,0
8139,124391.4,0
8140,123373.5,0
8141,131259.5,0
8142,127986.4,0
8143,77259.3,0
8144,68246,0
8145,53628.6,0
8146,37818.8,0
8147,25088.5,0
8148,15499.9,0
8149,9441.3,0
8150,4561.9,0
8151,4575.2,0
8152,5425.2,0
8153,6318.5,0
8154,27510.3,0
8155,39969.1,0
8156,44136.7,0
8157,48157.6,0
8158,49181.4,0
8159,51521.6,0
8160,54918.5,0
8161,54889.3,0
8162,56684.6,0
8163,56928.1,0
8164,58809,0
8165,58801.2,0
8166,60280.6,0
8167,44280.1,0
8168,35117.8,0
8169,26096,0
8170,17693.3,0
8171,10680.9,0
8172,5844.1,0
8173,5255.8,0
8174,4532.1,0
8175,4275.2,0
8176,4111.9,0
8177,4834.9,0
8178,9976.1,0
8179,37451.7,0
8180,31119.6,0
8181,42645.4,0
8182,39540.9,0
8183,47712.4,0
8184,41827,0
8185,49253.2,0
8186,43462.6,0
8187,53301.1,0
8188,51072.3,0
8189,65457.4,0
8190,57624.3,0
8191,44229.7,0
8192,37789,0
8193,25509.9,0
8194,11433.9,0
8195,4268.8,0
8196,2971.7,0
8197,2324.3,0
8198,770.9,0
8199,503,0
8200,1196.9,0
8201,2262,0
8202,5975.1,0
8203,8833.1,0
8204,8644.5,0
8205,10175.1,0
8206,9368.3,0
8207,10835.2,0
8208,10023.4,0
8209,11685.8,0
8210,13102.7,0
8211,18518.2,0
8212,16054.3,0
8213,15683.7,0
8214,17822,0
8215,25919.8,0
8216,9936.5,0
8217,7998.4,0
8218,7612.2,0
8219,7424.4,0
8220,7636.2,0
8221,12636.5,0
8222,17880.3,0
8223,19519.3,0
8224,22656.6,0
8225,41477.9,0
8226,40917.9,0
8227,47651,0
8228,42135.6,0
8229,47370,0
8230,41195.6,0
8231,46155.7,0
8232,41323,0
8233,47627.4,0
8234,43873.3,0
8235,53575.3,0
8236,50838,0
8237,62661.2,0
8238,57620.2,0
8239,69979.2,0
8240,62270,0
8241,70267.6,0
8242,57784.6,0
8243,62009.2,0
8244,50603.6,0
8245,55893.8,0
8246,48927.7,0
8247,57356.2,0
8248,52975.2,0
8249,67076.1,0
8250,66541.4,0
8251,89295.7,0
8252,82141.5,0
8253,103367.9,0
8254,89307.9,0
8255,110037.6,0
8256,93099.9,0
8257,113876.9,0
8258,95872.3,0
8259,120152.5,0
8260,103079.7,0
8261,128005.6,0
8262,103404.9,0
8263,68697.6,0
8264,60037.1,0
8265,51726.4,0
8266,43897.9,0
8267,39138.1,0
8268,36194,0
8269,36336.5,0
8270,35246,0
8271,35204.3,0
8272,36612.6,0
8273,39956.4,0
8274,74945.2,0
8275,96378,0
8276,94898.5,0
8277,103744.8,0
8278,99459.1,0
8279,107560.4,0
8280,104611.3,0
8281,113769.2,0
8282,111411.5,0
8283,119494.8,0
8284,116500.7,0
8285,123327.1,0
8286,119242.4,0
8287,73365.1,0
8288,66777.4,0
8289,57558.7,0
8290,48048.9,0
8291,40209.5,0
8292,32206,0
8293,25670.7,0
8294,19087.4,0
8295,17553.5,0
8296,19520.1,0
8297,24260.1,0
8298,53740.5,0
8299,69943.1,0
8300,67278.6,0
8301,75286,0
8302,70971.5,0
8303,79090,0
8304,75415.9,0
8305,84266,0
8306,81006,0
8307,90684.1,0
8308,87199.4,0
8309,94829.8,0
8310,88164.1,0
8311,56755.9,0
8312,50145.8,0
8313,40768.6,0
8314,30962.2,0
8315,24026.3,0
8316,18662.6,0
8317,15248,0
8318,8157,0
8319,6254.6,0
8320,6169.7,0
8321,6604.4,0
8322,28475.3,0
8323,44377.7,0
8324,56698.8,0
8325,65085.3,0
8326,82024.7,0
8327,88813.9,0
8328,100327.1,0
8329,106365.9,0
8330,116123.9,0
8331,120366.7,0
8332,127223.4,0
8333,133058.4,0
8334,142456.1,0
8335,105473.8,0
8336,82270.9,0
8337,68423.3,0
8338,52771.4,0
8339,40299.4,0
8340,29936.5,0
8341,22518,0
8342,16155.4,0
8343,14285,0
8344,14725,0
8345,20139,0
8346,54766.2,0
8347,81471.8,0
8348,87954.6,0
8349,104082.6,0
8350,106433.3,0
8351,119422.6,0
8352,120934.9,0
8353,132733.2,0
8354,135020.7,0
8355,143141.7,0
8356,143316.3,0
8357,151457.3,0
8358,153470.5,0
8359,96208.4,0
8360,85108.5,0
8361,72990.7,0
8362,63938.8,0
8363,57307.5,0
8364,52398.2,0
8365,50621.4,0
8366,47725.1,0
8367,47302.2,0
8368,48842.3,0
8369,51673.7,0
8370,93199.2,0
8371,116305.3,0
8372,115213.9,0
8373,122485.3,0
8374,118638,0
8375,124030.1,0
8376,118551.6,0
8377,122642.5,0
8378,116006.5,0
8379,119534.5,0
8380,112447.3,0
8381,116067.8,0
8382,108899.7,0
8383,113077,0
8384,77477.9,0
8385,60442.6,0
8386,52997.7,0
8387,46537.3,0
8388,40290.1,0
8389,38030.7,0
8390,36386.9,0
8391,37129.2,0
8392,40206.7,0
8393,67947.3,0
8394,84096.9,0
8395,84724.7,0
8396,95922.5,0
8397,92556.7,0
8398,101569.6,0
8399,97531.6,0
8400,105749.1,0
8401,101449.7,0
8402,110693.3,0
8403,110811,0
8404,123445,0
8405,125220.3,0
8406,137351.9,0
8407,142035.2,0
8408,152945.9,0
8409,143293.9,0
8410,130627,0
8411,112199.9,0
8412,105222.3,0
8413,90065.5,0
8414,89426.5,0
8415,80340.7,0
8416,87712.1,0
8417,90923.1,0
8418,114013.5,0
8419,121589.4,0
8420,136950.4,0
8421,147744.6,0
8422,166105.5,0
8423,177439.6,0
8424,189133.3,0
8425,198093.7,0
8426,202095.3,0
8427,203382.9,0
8428,200472.3,0
8429,197890.4,0
8430,192516.5,0
8431,140285.2,0
8432,96936.5,0
8433,71793.7,0
8434,57382.1,0
8435,47219.5,0
8436,39059,0
8437,33353.3,0
8438,25928.3,0
8439,21456.2,0
8440,19134.3,0
8441,22200,0
8442,55541,0
8443,78805.8,0
8444,81448.5,0
8445,93262.8,0
8446,90564.9,0
8447,98630.6,0
8448,92793,0
8449,99059.4,0
8450,92183.2,0
8451,97502.8,0
8452,89899.5,0
8453,95363.5,0
8454,88686.2,0
8455,57163,0
8456,50820.5,0
8457,42042.4,0
8458,33582,0
8459,28613.7,0
8460,25939.4,0
8461,26481.3,0
8462,26519.6,0
8463,28388.1,0
8464,31396.2,0
8465,37611.6,0
8466,79052,0
8467,110064.1,0
8468,117842.5,0
8469,132971.4,0
8470,137611.5,0
8471,148378.6,0
8472,151909.9,0
8473,164657.4,0
8474,174703.5,0
8475,185268.4,0
8476,196309.4,0
8477,205113.4,0
8478,218769.9,0
8479,139029.9,0
8480,127922.8,0
8481,108181.7,0
8482,85947.3,0
8483,70336.6,0
8484,63674.5,0
8485,60967.6,0
8486,56924.1,0
8487,55202.6,0
8488,55506,0
8489,60687.9,0
8490,120282.1,0
8491,166990.1,0
8492,186836.4,0
8493,204403.3,0
8494,223735.5,0
8495,233609.6,0
8496,249332.9,0
8497,249290.2,0
8498,263154.2,0
8499,259486.4,0
8500,273500.4,0
8501,268107.8,0
8502,285338.3,0
8503,172569.6,0
8504,155626.8,0
8505,129550.3,0
8506,100698.1,0
8507,77545.9,0
8508,62419.6,0
8509,56799,0
8510,50584.6,0
8511,48257.5,0
8512,48848.6,0
8513,55044.6,0
8514,112822.6,0
8515,162501.6,0
8516,186290.8,0
8517,201762.9,0
8518,215052.6,0
8519,222507.4,0
8520,236661.6,0
8521,242002.4,0
8522,258927.7,0
8523,259524.4,0
8524,277065.9,0
8525,275650.7,0
8526,296481.5,0
8527,180482.5,0
8528,162381,0
8529,133496.9,0
8530,100871.4,0
8531,74338.1,0
8532,59588.9,0
8533,54034.6,0
8534,48845.6,0
8535,48306.8,0
8536,50819,0
8537,55822.3,0
8538,104947,0
8539,135214.9,0
8540,146593.7,0
8541,159972,0
8542,166534,0
8543,174263.9,0
8544,173234.2,0
8545,171630.6,0
8546,163545.8,0
8547,160093.1,0
8548,152644.4,0
8549,151546.3,0
8550,144223.7,0
8551,143942.3,0
8552,100563.9,0
8553,77957.4,0
8554,66911.7,0
8555,60374.1,0
8556,53908.2,0
8557,49887.7,0
8558,46090.3,0
8559,43744.4,0
8560,43020.9,0
8561,70129.6,0
8562,97134.5,0
8563,106105.2,0
8564,121910,0
8565,122259.8,0
8566,130769.5,0
8567,129945.6,0
8568,138560,0
8569,137486.7,0
8570,143522.3,0
8571,141757.9,0
8572,147298.3,0
8573,144294.6,0
8574,147329.6,0
8575,142601.5,0
8576,143130.9,0
8577,129211.4,0
8578,118471.4,0
8579,103056.6,0
8580,101003,0
8581,91733,0
8582,96473,0
8583,87733.8,0
8584,96040.9,0
8585,95171.2,0
8586,108786.3,0
8587,107060.7,0
8588,115156,0
8589,111093.3,0
8590,117526.1,0
8591,116303.1,0
8592,132568.8,0
8593,148126.5,0
8594,174658.6,0
8595,194686.8,0
8596,213852.5,0
8597,235635.5,0
8598,245970.1,0
8599,267558.3,0
8600,266462.9,0
8601,267921.6,0
8602,241339.1,0
8603,224813.9,0
8604,202177,0
8605,189197.6,0
8606,178647.3,0
8607,171468.5,0
8608,173059.3,0
8609,187849.6,0
8610,214460.2,0
8611,241931.6,0
8612,253002,0
8613,274150.1,0
8614,274888.8,0
8615,296885.6,0
8616,290925.7,0
8617,313873.3,0
8618,303498.3,0
8619,323984.7,0
8620,309509.2,0
8621,331424.3,0
8622,320957.6,0
8623,260076,0
8624,180880.9,0
8625,154200.8,0
8626,125145.2,0
8627,99554.7,0
8628,76871.8,0
8629,65254,0
8630,59139,0
8631,56332.6,0
8632,56682.5,0
8633,60826,0
8634,117189.5,0
8635,160845.4,0
8636,171030.8,0
8637,177285.6,0
8638,177779.2,0
8639,183849.6,0
8640,194481.6,0
8641,207349.6,0
8642,219837.4,0
8643,223626.1,0
8644,233191,0
8645,230663.5,0
8646,229926.9,0
8647,135671.8,0
8648,115773.9,0
8649,94958.1,0
8650,75716.6,0
8651,64500.9,0
8652,57157.4,0
8653,53603.2,0
8654,50637.7,0
8655,49828.2,0
8656,49994.5,0
8657,52216.2,0
8658,94688.3,0
8659,118608.6,0
8660,118078.5,0
8661,124908.4,0
8662,120904.3,0
8663,125851.1,0
8664,120863.2,0
8665,125183.4,0
8666,119916.8,0
8667,124801.2,0
8668,119950.2,0
8669,124931.1,0
8670,119802.6,0
8671,73051.5,0
8672,66792.7,0
8673,59144.1,0
8674,51566.9,0
8675,45845.6,0
8676,39868.1,0
8677,35948.3,0
8678,31329.3,0
8679,30122.1,0
8680,31269.3,0
8681,34364.2,0
8682,66205.3,0
8683,86641.5,0
8684,84452.3,0
8685,92409.1,0
8686,86723,0
8687,93647,0
8688,88407.1,0
8689,96183.6,0
8690,90835.9,0
8691,98072.4,0
8692,92170.4,0
8693,98786.6,0
8694,91975.3,0
8695,58773.3,0
8696,52454.6,0
8697,44131.4,0
8698,35805.3,0
8699,28976.7,0
8700,21837.3,0
8701,15991.3,0
8702,9562.8,0
8703,6699.9,0
8704,8939.2,0
8705,14955.5,0
8706,43753.8,0
8707,51315.5,0
8708,66835.9,0
8709,61551.4,0
8710,74915.7,0
8711,66060.1,0
8712,78131.7,0
8713,67148.9,0
8714,79027,0
8715,68553.9,0
8716,81674,0
8717,72157.5,0
8718,88322.5,0
8719,77205.9,0
8720,54911.5,0
8721,50694,0
8722,45135.9,0
8723,40752.5,0
8724,35270.8,0
8725,32044.5,0
8726,29142,0
8727,28519.2,0
8728,30131.1,0
8729,53802.7,0
8730,75383.2,0
8731,82074.6,0
8732,98487.4,0
8733,100845.8,0
8734,114650.5,0
8735,115975.3,0
8736,127521.1,0
8737,128913.1,0
8738,139466.4,0
8739,142616.1,0
8740,154677,0
8741,164777.5,0
8742,174373.6,0
8743,179633.8,0
8744,181760,0
8745,172816.2,0
8746,158287.9,0
8747,135225.4,0
8748,120624.3,0
8749,102979,0
8750,103095.4,0
8751,99243.9,0
8752,114178.2,0
8753,118532,0
8754,130526.3,0
8755,131284.2,0
8756,141764.9,0
8757,143242.9,0
8758,151450,0
8759,152359.2,0
8760,159117.6,0
