{
    "Domain": {
        "nbh": [
            1,
            2,
            4,
            6,
            9,
            12,
            16,
            20,
            25,
            30,
            36,
            42,
            49,
            56,
            64,
            72,
            81,
            90,
            100,
            110,
            121,
            132,
            144,
            156,
            169,
            182,
            196,
            210,
            225,
            240,
            256,
            272,
            289,
            306,
            324,
            342,
            361,
            380,
            400,
            420,
            441,
            462,
            484,
            506,
            529,
            552,
            576,
            600,
            625,
            650,
            676,
            702,
            729,
            756,
            784,
            812,
            841,
            870,
            900,
            930,
            961,
            992
        ],
        "T_excess": [
            849.9448275509873,
            447.4257890094364,
            242.6079786549115,
            169.92395837794027,
            120.21588484286855,
            93.35187676293478,
            72.56892129858079,
            59.034633046071406,
            47.8382515639063,
            39.77129686413416,
            32.830700872746306,
            27.570346211559922,
            22.852445539012955,
            19.080191982865948,
            15.700461910464384,
            12.920701178391532,
            10.359051217697548,
            8.322866115697565,
            6.2909293763894425,
            4.667571169708218,
            3.1581496581321886,
            1.8847152791115391,
            0.6373581585293024,
            -0.4521880041737347,
            -1.4346380417919349,
            -2.333096483291385,
            -3.1769859352718903,
            -3.931735288955082,
            -4.639993010311013,
            -5.274241829358445,
            -5.877137929206221,
            -6.379360154126779,
            -6.894276703477921,
            -7.3601243445090105,
            -7.8147407213169515,
            -8.198237901724113,
            -8.591528172875485,
            -8.917263237539487,
            -9.265265476246057,
            -9.572755704152993,
            -9.833723710326115,
            -10.137041998621566,
            -10.397462382815167,
            -10.600587741175278,
            -10.833222408873453,
            -11.043694396132604,
            -11.276137465816895,
            -11.468338034938888,
            -11.635224581222733,
            -11.816887894251881,
            -11.97584566300192,
            -12.134225201867462,
            -12.291642871109225,
            -12.432015019493068,
            -12.545788290951478,
            -12.684022982031976,
            -12.808715733403947,
            -12.934599103435975,
            -13.041283793653356,
            -13.120725340675609,
            -13.12650839399329,
            -13.131930006491263
        ]
    },
    "Searched": {
        "nbh": [
            1,
            992,
            272,
            81,
            169,
            121,
            144,
            156
        ],
        "T_excess": [
            849.9448275509873,
            -13.131930006491263,
            -6.379360154126779,
            10.359051217697548,
            -1.4346380418144307,
            3.1581496581321886,
            0.6373581585293024,
            -0.4521880041737347
        ]
    }
}