{
    "g": {
        "5.0_96.0_0.075_2.0": [
            2.209527670119757,
            2.55558513212164,
            2.8521985211428924,
            3.2038167711783223,
            3.5611805612893117,
            4.235400871001344,
            5.5123205284917685,
            7.209888311318483,
            10.913173982578428,
            14.22828814948665,
            17.220560636043434,
            22.45063753068801,
            26.904381535311185,
            39.54497746643806,
            53.46171519263121,
            57.82936306582889,
            61.8411347350394,
            65.79695737846247,
            68.81074644095699,
            71.37516122812146,
            73.51547336741844,
            75.24464147076961,
            76.51206637106529,
            77.92420586016028,
            78.88242396790723,
            79.35935399870971,
            80.16991130616954
        ]
    },
    "bore_locations": [
        [
            0.0,
            0.0
        ],
        [
            0.0,
            5.0
        ],
        [
            0.0,
            10.0
        ],
        [
            0.0,
            15.0
        ],
        [
            0.0,
            20.0
        ],
        [
            0.0,
            25.0
        ],
        [
            0.0,
            30.0
        ],
        [
            0.0,
            35.0
        ],
        [
            0.0,
            40.0
        ],
        [
            0.0,
            45.0
        ],
        [
            0.0,
            50.0
        ],
        [
            0.0,
            55.0
        ],
        [
            0.0,
            60.0
        ],
        [
            0.0,
            65.0
        ],
        [
            0.0,
            70.0
        ],
        [
            5.0,
            0.0
        ],
        [
            5.0,
            5.0
        ],
        [
            5.0,
            10.0
        ],
        [
            5.0,
            15.0
        ],
        [
            5.0,
            20.0
        ],
        [
            5.0,
            25.0
        ],
        [
            5.0,
            30.0
        ],
        [
            5.0,
            35.0
        ],
        [
            5.0,
            40.0
        ],
        [
            5.0,
            45.0
        ],
        [
            5.0,
            50.0
        ],
        [
            5.0,
            55.0
        ],
        [
            5.0,
            60.0
        ],
        [
            5.0,
            65.0
        ],
        [
            5.0,
            70.0
        ],
        [
            10.0,
            0.0
        ],
        [
            10.0,
            5.0
        ],
        [
            10.0,
            10.0
        ],
        [
            10.0,
            15.0
        ],
        [
            10.0,
            20.0
        ],
        [
            10.0,
            25.0
        ],
        [
            10.0,
            30.0
        ],
        [
            10.0,
            35.0
        ],
        [
            10.0,
            40.0
        ],
        [
            10.0,
            45.0
        ],
        [
            10.0,
            50.0
        ],
        [
            10.0,
            55.0
        ],
        [
            10.0,
            60.0
        ],
        [
            10.0,
            65.0
        ],
        [
            10.0,
            70.0
        ],
        [
            15.0,
            0.0
        ],
        [
            15.0,
            5.0
        ],
        [
            15.0,
            10.0
        ],
        [
            15.0,
            15.0
        ],
        [
            15.0,
            20.0
        ],
        [
            15.0,
            25.0
        ],
        [
            15.0,
            30.0
        ],
        [
            15.0,
            35.0
        ],
        [
            15.0,
            40.0
        ],
        [
            15.0,
            45.0
        ],
        [
            15.0,
            50.0
        ],
        [
            15.0,
            55.0
        ],
        [
            15.0,
            60.0
        ],
        [
            15.0,
            65.0
        ],
        [
            15.0,
            70.0
        ],
        [
            20.0,
            0.0
        ],
        [
            20.0,
            5.0
        ],
        [
            20.0,
            10.0
        ],
        [
            20.0,
            15.0
        ],
        [
            20.0,
            20.0
        ],
        [
            20.0,
            25.0
        ],
        [
            20.0,
            30.0
        ],
        [
            20.0,
            35.0
        ],
        [
            20.0,
            40.0
        ],
        [
            20.0,
            45.0
        ],
        [
            20.0,
            50.0
        ],
        [
            20.0,
            55.0
        ],
        [
            20.0,
            60.0
        ],
        [
            20.0,
            65.0
        ],
        [
            20.0,
            70.0
        ],
        [
            25.0,
            0.0
        ],
        [
            25.0,
            5.0
        ],
        [
            25.0,
            10.0
        ],
        [
            25.0,
            15.0
        ],
        [
            25.0,
            20.0
        ],
        [
            25.0,
            25.0
        ],
        [
            25.0,
            30.0
        ],
        [
            25.0,
            35.0
        ],
        [
            25.0,
            40.0
        ],
        [
            25.0,
            45.0
        ],
        [
            25.0,
            50.0
        ],
        [
            25.0,
            55.0
        ],
        [
            25.0,
            60.0
        ],
        [
            25.0,
            65.0
        ],
        [
            25.0,
            70.0
        ],
        [
            30.0,
            0.0
        ],
        [
            30.0,
            5.0
        ],
        [
            30.0,
            10.0
        ],
        [
            30.0,
            15.0
        ],
        [
            30.0,
            20.0
        ],
        [
            30.0,
            25.0
        ],
        [
            30.0,
            30.0
        ],
        [
            30.0,
            35.0
        ],
        [
            30.0,
            40.0
        ],
        [
            30.0,
            45.0
        ],
        [
            30.0,
            50.0
        ],
        [
            30.0,
            55.0
        ],
        [
            30.0,
            60.0
        ],
        [
            30.0,
            65.0
        ],
        [
            30.0,
            70.0
        ],
        [
            35.0,
            0.0
        ],
        [
            35.0,
            5.0
        ],
        [
            35.0,
            10.0
        ],
        [
            35.0,
            15.0
        ],
        [
            35.0,
            20.0
        ],
        [
            35.0,
            25.0
        ],
        [
            35.0,
            30.0
        ],
        [
            35.0,
            35.0
        ],
        [
            35.0,
            40.0
        ],
        [
            35.0,
            45.0
        ],
        [
            35.0,
            50.0
        ],
        [
            35.0,
            55.0
        ],
        [
            35.0,
            60.0
        ],
        [
            35.0,
            65.0
        ],
        [
            35.0,
            70.0
        ],
        [
            40.0,
            0.0
        ],
        [
            40.0,
            5.0
        ],
        [
            40.0,
            10.0
        ],
        [
            40.0,
            15.0
        ],
        [
            40.0,
            20.0
        ],
        [
            40.0,
            25.0
        ],
        [
            40.0,
            30.0
        ],
