{
    "g": {
        "5.0_96.0_0.075_2.0": [
            2.20952767011986,
            2.5555850924283425,
            2.8521412265121993,
            3.197286772451853,
            3.4917782799363244,
            3.8326995766325047,
            4.169020711602137,
            4.422308227035957,
            4.74022640419509,
            4.920264430043284,
            5.04403064212768,
            5.213057733573095,
            5.327627044784149,
            5.5829300232261705,
            5.800263652185222,
            5.860043712604197,
            5.914175964868132,
            5.967256967278706,
            6.008816002366711,
            6.0444544598272625,
            6.0753637070659,
            6.101410435016442,
            6.12088627824232,
            6.14324792322785,
            6.158527910928395,
            6.166013758448049,
            6.178085334765953
        ]
    },
    "bore_locations": [
        [
            0.0,
            0.0
        ]
    ],
    "logtime": [
        -8.5,
        -7.8,
        -7.2,
        -6.5,
        -5.9,
        -5.2,
        -4.5,
        -3.963,
        -3.27,
        -2.864,
        -2.577,
        -2.171,
        -1.884,
        -1.191,
        -0.497,
        -0.274,
        -0.051,
        0.196,
        0.419,
        0.642,
        0.873,
        1.112,
        1.335,
        1.679,
        2.028,
        2.275,
        3.003
    ]
}