{
    "g": {
        "5.0_96.0_0.075_2.0": [
            2.209527670119859,
            2.555585113692557,
            2.8521719180988474,
            3.2007708940725403,
            3.5280153889130736,
            4.029983990712315,
            4.745280370090571,
            5.438815775526869,
            6.4585676901516536,
            7.087885185007693,
            7.535051928720607,
            8.158188666669039,
            8.586216155579375,
            9.544586032762794,
            10.359814805484541,
            10.583863048625776,
            10.786025865410979,
            10.983780569782194,
            11.138053477608171,
            11.270239317850267,
            11.384578484333456,
            11.480673938039489,
            11.552472524189515,
            11.63473306687924,
            11.690944037714129,
            11.718509684378276,
            11.763043787822072
        ]
    },
    "bore_locations": [
        [
            0.0,
            0.0
        ],
        [
            0.0,
            5.0
        ],
        [
            5.0,
            0.0
        ],
        [
            5.0,
            5.0
        ]
    ],
    "logtime": [
        -8.5,
        -7.8,
        -7.2,
        -6.5,
        -5.9,
        -5.2,
        -4.5,
        -3.963,
        -3.27,
        -2.864,
        -2.577,
        -2.171,
        -1.884,
        -1.191,
        -0.497,
        -0.274,
        -0.051,
        0.196,
        0.419,
        0.642,
        0.873,
        1.112,
        1.335,
        1.679,
        2.028,
        2.275,
        3.003
    ]
}