{
    "g": {
        "5.0_96.0_0.075_2.0": [
            2.2095276701198605,
            2.5555851207806324,
            2.852182149635686,
            3.2019394905701377,
            3.5405783268793254,
            4.1054478453487855,
            5.013565341683176,
            6.017523820889208,
            7.708199448294064,
            8.861376099296903,
            9.720982425410917,
            10.960194885475536,
            11.83275131791234,
            13.81768475426765,
            15.518764909624386,
            15.987005314293809,
            16.40797127197903,
            16.81869910482157,
            17.13778056138562,
            17.41088768800146,
            17.646358752448478,
            17.843637216890187,
            17.990910292008344,
            18.15925270275691,
            18.274297918132298,
            18.330779130088786,
            18.422236517905198
        ]
    },
    "bore_locations": [
        [
            0.0,
            0.0
        ],
        [
            0.0,
            5.0
        ],
        [
            0.0,
            10.0
        ],
        [
            5.0,
            0.0
        ],
        [
            5.0,
            5.0
        ],
        [
            5.0,
            10.0
        ],
        [
            10.0,
            0.0
        ],
        [
            10.0,
            5.0
        ],
        [
            10.0,
            10.0
        ]
    ],
    "logtime": [
        -8.5,
        -7.8,
        -7.2,
        -6.5,
        -5.9,
        -5.2,
        -4.5,
        -3.963,
        -3.27,
        -2.864,
        -2.577,
        -2.171,
        -1.884,
        -1.191,
        -0.497,
        -0.274,
        -0.051,
        0.196,
        0.419,
        0.642,
        0.873,
        1.112,
        1.335,
        1.679,
        2.028,
        2.275,
        3.003
    ]
}