{
    "g": {
        "5.0_96.0_0.075_2.0": [
            2.209527670119862,
            2.555585124324669,
            2.852187265593104,
            3.202525145696782,
            3.5469501938784176,
            4.144832552949662,
            5.1600764295160335,
            6.355024136016587,
            8.541334275789021,
            10.153719590041788,
            11.41198805948041,
            13.295471765017009,
            14.663733241882836,
            17.85696078270794,
            20.640569996606363,
            21.4105845897404,
            22.100859161020065,
            22.772859004585907,
            23.292676611404854,
            23.73705717285505,
            24.11883281081695,
            24.437584008104526,
            24.675307535227088,
            24.946378404701672,
            25.131648137662896,
            25.222714232998616,
            25.370558150310398
        ]
    },
    "bore_locations": [
        [
            0.0,
            0.0
        ],
        [
            0.0,
            5.0
        ],
        [
            0.0,
            10.0
        ],
        [
            0.0,
            15.0
        ],
        [
            5.0,
            0.0
        ],
        [
            5.0,
            5.0
        ],
        [
            5.0,
            10.0
        ],
        [
            5.0,
            15.0
        ],
        [
            10.0,
            0.0
        ],
        [
            10.0,
            5.0
        ],
        [
            10.0,
            10.0
        ],
        [
            10.0,
            15.0
        ],
        [
            15.0,
            0.0
        ],
        [
            15.0,
            5.0
        ],
        [
            15.0,
            10.0
        ],
        [
            15.0,
            15.0
        ]
    ],
    "logtime": [
        -8.5,
        -7.8,
        -7.2,
        -6.5,
        -5.9,
        -5.2,
        -4.5,
        -3.963,
        -3.27,
        -2.864,
        -2.577,
        -2.171,
        -1.884,
        -1.191,
        -0.497,
        -0.274,
        -0.051,
        0.196,
        0.419,
        0.642,
        0.873,
        1.112,
        1.335,
        1.679,
        2.028,
        2.275,
        3.003
    ]
}