{
    "g": {
        "5.0_96.0_0.075_2.0": [
            2.2095276701198623,
            2.5555851264510947,
            2.8521903352280313,
            3.2028769729796123,
            3.5508022534345214,
            4.16899657844215,
            5.2519884563200465,
            6.572283258551461,
            9.110816859906159,
            11.085257034606727,
            12.682530196976053,
            15.1544928107336,
            17.006130658384414,
            21.45838584932786,
            25.436364566502334,
            26.546021393033946,
            27.539213801120987,
            28.504658005246696,
            29.248422313386236,
            29.883443010278746,
            30.426969298760746,
            30.879124168097057,
            31.21596000701262,
            31.599072955694773,
            31.860937831608844,
            31.989812652891565,
            32.19964777331422
        ]
    },
    "bore_locations": [
        [
            0.0,
            0.0
        ],
        [
            0.0,
            5.0
        ],
        [
            0.0,
            10.0
        ],
        [
            0.0,
            15.0
        ],
        [
            0.0,
            20.0
        ],
        [
            5.0,
            0.0
        ],
        [
            5.0,
            5.0
        ],
        [
            5.0,
            10.0
        ],
        [
            5.0,
            15.0
        ],
        [
            5.0,
            20.0
        ],
        [
            10.0,
            0.0
        ],
        [
            10.0,
            5.0
        ],
        [
            10.0,
            10.0
        ],
        [
            10.0,
            15.0
        ],
        [
            10.0,
            20.0
        ],
        [
            15.0,
            0.0
        ],
        [
            15.0,
            5.0
        ],
        [
            15.0,
            10.0
        ],
        [
            15.0,
            15.0
        ],
        [
            15.0,
            20.0
        ],
        [
            20.0,
            0.0
        ],
        [
            20.0,
            5.0
        ],
        [
            20.0,
            10.0
        ],
        [
            20.0,
            15.0
        ],
        [
            20.0,
            20.0
        ]
    ],
    "logtime": [
        -8.5,
        -7.8,
        -7.2,
        -6.5,
        -5.9,
        -5.2,
        -4.5,
        -3.963,
        -3.27,
        -2.864,
        -2.577,
        -2.171,
        -1.884,
        -1.191,
        -0.497,
        -0.274,
        -0.051,
        0.196,
        0.419,
        0.642,
        0.873,
        1.112,
        1.335,
        1.679,
        2.028,
        2.275,
        3.003
    ]
}