{
    "g": {
        "5.0_96.0_0.075_2.0": [
            2.209527670119984,
            2.5555852603712825,
            2.852235719860479,
            3.2043877729256387,
            3.559468043287989,
            4.206277340785009,
            5.375242946234243,
            6.855947198323815,
            9.88307867911184,
            12.425596341702079,
            14.622524415284612,
            18.311014951963532,
            21.361430685968873,
            30.062321612960982,
            40.347221496787256,
            43.833435205456155,
            47.18474102269343,
            50.62770481835905,
            53.37807578312487,
            55.78646115549938,
            57.86081715810461,
            59.578869855438654,
            60.8550400967202,
            62.28940527574635,
            63.270577638333805,
            63.761714399692025,
            64.59900860591789
        ]
    },
    "bore_locations": [
        [
            0.0,
            0.0
        ],
        [
            4.583333333333334,
            0.0
        ],
        [
            9.166666666666668,
            0.0
        ],
        [
            13.750000000000002,
            0.0
        ],
        [
            18.333333333333336,
            0.0
        ],
        [
            22.91666666666667,
            0.0
        ],
        [
            27.500000000000007,
            0.0
        ],
        [
            32.08333333333334,
            0.0
        ],
        [
            36.66666666666668,
            0.0
        ],
        [
            41.250000000000014,
            0.0
        ],
        [
            45.83333333333335,
            0.0
        ],
        [
            50.416666666666686,
            0.0
        ],
        [
            55.00000000000002,
            0.0
        ],
        [
            59.58333333333336,
            0.0
        ],
        [
            64.16666666666669,
            0.0
        ],
        [
            68.75000000000001,
            0.0
        ],
        [
            73.33333333333334,
            0.0
        ],
        [
            77.91666666666667,
            0.0
        ],
        [
            82.5,
            0.0
        ],
        [
            87.08333333333333,
            0.0
        ],
        [
            91.66666666666666,
            0.0
        ],
        [
            3.1250000000000004,
            5.208333333333334
        ],
        [
            7.734375,
            5.208333333333334
        ],
        [
            12.34375,
            5.208333333333334
        ],
        [
            16.953125,
            5.208333333333334
        ],
        [
            21.5625,
            5.208333333333334
        ],
        [
            26.171875,
            5.208333333333334
        ],
        [
            30.78125,
            5.208333333333334
        ],
        [
            35.390625,
            5.208333333333334
        ],
        [
            40.0,
            5.208333333333334
        ],
        [
            44.609375,
            5.208333333333334
        ],
        [
            49.21875,
            5.208333333333334
        ],
        [
            53.828125,
            5.208333333333334
        ],
        [
            58.4375,
            5.208333333333334
        ],
        [
            63.046875,
            5.208333333333334
        ],
        [
            67.65625,
            5.208333333333334
        ],
        [
            72.265625,
            5.208333333333334
        ],
        [
            76.875,
            5.208333333333334
        ],
        [
            81.484375,
            5.208333333333334
        ],
        [
            86.09375,
            5.208333333333334
        ],
        [
            90.703125,
            5.208333333333334
        ],
        [
            95.3125,
            5.208333333333334
        ],
        [
            6.250000000000001,
            10.416666666666668
        ],
        [
            11.078954608825487,
            10.416666666666668
        ],
        [
            15.907909217650978,
            10.416666666666668
        ],
        [
            20.736863826476466,
            10.416666666666668
        ],
        [
            25.565818435301956,
            10.416666666666668
        ],
        [
            97.9878715489896,
            10.416666666666668
        ],
        [
            97.20342586140816,
            15.625000000000002
        ],
        [
            102.60416666666669,
            15.625000000000002
        ],
        [
            97.3894419581704,
            20.833333333333336
        ],
        [
            106.25,
            20.833333333333336
        ],
        [
            97.57545805493268,
            26.04166666666667
        ],
        [
            103.735645694133,
            26.04166666666667
        ],
        [
            109.89583333333334,
            26.04166666666667
        ],
        [
            97.76147415169494,
            31.250000000000004
        ],
        [
            103.0215383233522,
            31.250000000000004
        ],
        [
            108.28160249500944,
            31.250000000000004
        ],
        [
            113.54166666666669,
            31.250000000000004
        ],
        [
            97.9474902484572,
            36.458333333333336
        ],
        [
            102.7574926863429,
            36.458333333333336
        ],
        [
            107.5674951242286,
            36.458333333333336
        ],
        [
            112.3774975621143,
            36.458333333333336
        ],
        [
            117.1875,
            36.458333333333336
        ],
        [
            25.000000000000004,
            41.66666666666667
        ],
        [
            29.790486547492154,
            41.66666666666667
        ],
        [
            34.5809730949843,
            41.66666666666667
        ],
        [
            39.37145964247645,
            41.66666666666667
        ],
        [
            44.1619461899686,
            41.66666666666667
        ],
        [
            48.952432737460754,
            41.66666666666667
        ],
        [
            53.7429192849529,
            41.66666666666667
        ],
        [
            58.533405832445055,
            41.66666666666667
        ],
        [
            63.323892379937206,
            41.66666666666667
        ],
        [
            68.11437892742936,
            41.66666666666667
        ],
        [
            98.13350634521947,
            41.66666666666667
        ],
        [
            102.67347174284224,
            41.66666666666667
        ],
        [
            107.21343714046505,
            41.66666666666667
        ],
        [
            111.7534025380878,
            41.66666666666667
        ],
        [
            116.2933679357106,
            41.66666666666667
        ],
        [
            120.83333333333336,
            41.66666666666667
        ],
        [
            28.125000000000004,
            46.87500000000001
        ],
        [
            33.146924378023954,
            46.87500000000001
        ],
        [
            38.16884875604791,
            46.87500000000001
        ],
        [
            43.19077313407186,
            46.87500000000001
        ],
        [
            48.212697512095815,
            46.87500000000001
        ],
        [
            53.23462189011977,
            46.87500000000001
        ],
        [
            58.25654626814372,
            46.87500000000001
        ],
        [
            63.27847064616768,
            46.87500000000001
        ],
        [
            68.30039502419163,
            46.87500000000001
        ],
        [
            98.31952244198172,
            46.87500000000001
        ],
        [
            103.55145128691872,
            46.87500000000001
        ],
        [
            108.78338013185572,
            46.87500000000001
        ],
