{
    "g": {
        "5.0_24_0.075_5.0": [
            0.3281261078,
            0.8191445789,
            1.4854185363,
            1.8314185363,
            2.1284185363,
            2.4734185363,
            2.8133178471,
            2.9983178475,
            3.3906673649,
            3.6862325262,
            3.9552299362,
            4.4626359924,
            4.9360810754,
            6.727569546,
            9.1003886438,
            10.0227351423,
            11.0111892569,
            12.1702686127,
            13.1840055153,
            14.1594380525,
            15.118078339,
            16.0032118315,
            16.7127514569,
            17.5900283118,
            18.2163343226,
            18.5318266201,
            19.0937801109
        ],
        "5.0_48_0.075_5.0": [
            1.3150058701,
            1.6774538667,
            2.1785657168,
            2.5245657168,
            2.822465026,
            3.1783560516,
            3.6091960797,
            3.9667058166,
            5.0597725718,
            6.063792368,
            7.0011758617,
            8.7162961911,
            10.2360641554,
            15.0127672548,
            21.1820636079,
            23.2496984924,
            25.3262361618,
            27.4607981605,
            29.2729520284,
            30.8616458957,
            32.2950000113,
            33.5303259619,
            34.4600090141,
            35.5213610837,
            36.2374536965,
            36.5846560359,
            37.1736140331
        ],
        "5.0_96_0.075_5.0": [
            1.9206883484,
            2.2465307026,
            2.8735950766,
            3.2337095224,
            3.6182111781,
            4.3501388675,
            5.7069725769,
            7.2503908148,
            10.943272864,
            14.0438846887,
            16.7646872575,
            21.3757491185,
            25.2019669179,
            35.7799554553,
            47.2873500835,
            50.6846643504,
            53.8447404892,
            56.979544972,
            59.4694885741,
            61.6167725725,
            63.485093854,
            65.0524133443,
            66.2122372468,
            67.5170745179,
            68.3957185334,
            68.821580681,
            69.5375588682
        ],
        "5.0_192_0.075_5.0": [
            1.956985645,
            2.2749894207,
            3.7200022223,
            4.5361974358,
            5.7330881015,
            8.165089967,
            12.4261293812,
            17.4004093575,
            27.1102250608,
            34.5784481291,
            40.6813557334,
            50.2624488616,
            57.5973456403,
            75.912757431,
            92.8361441162,
            97.5619818337,
            101.795314736,
            105.9408608164,
            109.1736668721,
            111.9258632757,
            114.3127332757,
            116.3229457071,
            117.8311327823,
            119.5458736318,
            120.7049179096,
            121.2676931602,
            122.2186901931
        ],
        "5.0_384_0.075_5.0": [
            0.2825240295,
            0.5677373377,
            4.9541777683,
            7.1750387462,
            10.6663727952,
            18.0102274956,
            30.3256968993,
            43.6788942782,
            65.8770563992,
            81.0676274012,
            92.3678397951,
            108.6465370395,
            120.2338207742,
            145.862835385,
            167.4025425822,
            172.9364022034,
            178.0421693829,
            183.0073285382,
            186.8611786357,
            190.2828495896,
            193.2051025552,
            195.6681940181,
            197.5058796891,
            199.6644023857,
            201.1644433954,
            201.8951868706,
            203.1991314403
        ]
    },
    "bore_locations": [
        [
            0.0,
            0.0
        ],
        [
            0.0,
            5.0
        ],
        [
            0.0,
            10.0
        ],
        [
            0.0,
            15.0
        ],
        [
            0.0,
            20.0
        ],
        [
            0.0,
            25.0
        ],
        [
            0.0,
            30.0
        ],
        [
            0.0,
            35.0
        ],
        [
            0.0,
            40.0
        ],
        [
            0.0,
            45.0
        ],
        [
            0.0,
            50.0
        ],
        [
            0.0,
            55.0
        ],
        [
            5.0,
            0.0
        ],
        [
            5.0,
            5.0
        ],
        [
            5.0,
            10.0
        ],
        [
            5.0,
            15.0
        ],
        [
            5.0,
            20.0
        ],
        [
            5.0,
            25.0
        ],
        [
            5.0,
            30.0
        ],
        [
            5.0,
            35.0
        ],
        [
            5.0,
            40.0
        ],
        [
            5.0,
            45.0
        ],
        [
            5.0,
            50.0
        ],
        [
            5.0,
            55.0
        ],
        [
            10.0,
            0.0
        ],
        [
            10.0,
            5.0
        ],
        [
            10.0,
            10.0
        ],
        [
            10.0,
            15.0
        ],
        [
            10.0,
            20.0
        ],
        [
            10.0,
            25.0
        ],
        [
            10.0,
            30.0
        ],
        [
            10.0,
            35.0
        ],
        [
            10.0,
            40.0
        ],
        [
            10.0,
            45.0
        ],
        [
            10.0,
            50.0
        ],
        [
            10.0,
            55.0
        ],
        [
            15.0,
            0.0
        ],
        [
            15.0,
            5.0
        ],
        [
            15.0,
            10.0
        ],
        [
            15.0,
            15.0
        ],
        [
            15.0,
            20.0
        ],
        [
            15.0,
            25.0
        ],
        [
            15.0,
            30.0
        ],
        [
            15.0,
            35.0
        ],
        [
            15.0,
            40.0
        ],
        [
            15.0,
            45.0
        ],
        [
            15.0,
            50.0
        ],
        [
            15.0,
            55.0
        ],
        [
            20.0,
            0.0
        ],
        [
            20.0,
            5.0
        ],
        [
            20.0,
            10.0
        ],
        [
            20.0,
            15.0
        ],
        [
            20.0,
            20.0
        ],
        [
            20.0,
            25.0
        ],
        [
            20.0,
            30.0
        ],
        [
            20.0,
            35.0
        ],
        [
            20.0,
            40.0
        ],
        [
            20.0,
            45.0
        ],
        [
            20.0,
            50.0
        ],
        [
            20.0,
            55.0
        ],
        [
            25.0,
            0.0
        ],
        [
            25.0,
            5.0
        ],
        [
            25.0,
            10.0
        ],
        [
            25.0,
            15.0
        ],
        [
            25.0,
            20.0
        ],
        [
            25.0,
            25.0
        ],
        [
            25.0,
            30.0
        ],
        [
            25.0,
            35.0
        ],
        [
            25.0,
            40.0
        ],
        [
            25.0,
            45.0
        ],
        [
            25.0,
            50.0
        ],
        [
            25.0,
            55.0
        ],
        [
            30.0,
            0.0
        ],
        [
            30.0,
            5.0
        ],
        [
            30.0,
