{
    "Outer_Domain": {
        "Domain": {
            "nbh": [
                1,
                100,
                120,
                140,
                160,
                180
            ],
            "T_excess": [
                849.9448275509873,
                2.5070308235582743,
                1.111813468085849,
                0.192890970276828,
                -0.6528998557267585,
                -1.2157981621344263
            ]
        },
        "Searched": {
            "nbh": [
                1,
                180,
                140,
                160
            ],
            "T_excess": [
                849.9448275509873,
                -1.2157981621344263,
                0.192890970276828,
                -0.6528998557267585
            ]
        }
    },
    "Selected_Domain": {
        "Domain": {
            "nbh": [
                1,
                2,
                3,
                4,
                5,
                6,
                7,
                8,
                9,
                10,
                20,
                30,
                40,
                50,
                60,
                70,
                80,
                88,
                96,
                104,
                112,
                120,
                128,
                136,
                144,
                152,
                160
            ],
            "T_excess": [
                849.9448275509873,
                436.717779135124,
                294.41048551582037,
                221.1977252351407,
                176.22347017779632,
                145.66611354272527,
                123.50650298588857,
                106.6846384901965,
                93.47302143687608,
                82.81967911942881,
                41.66055274342784,
                26.884284280959086,
                18.863470880848027,
                13.66081502604397,
                9.836469742374334,
                6.967515353792912,
                4.689028281289346,
                3.722527256600749,
                2.9126363824149166,
                2.268414046510287,
                1.6827600686484274,
                1.1860256317590228,
                0.7854648909524826,
                0.32373956104371615,
                0.03139844761734878,
                -0.24277697957010247,
                -0.6528998557267585
            ]
        },
        "Searched": {
            "nbh": [
                1,
                160,
                50,
                112,
                136,
                152,
                144
            ],
            "T_excess": [
                849.9448275509873,
                -0.6528998557267585,
                13.66081502604397,
                1.6827600686484274,
                0.32373956104371615,
                -0.24277697957010247,
                0.03139844761734878
            ]
        }
    },
    "Entire_Domain": {
        "0": {
            "nbh": [
                1,
                2,
                3,
                4,
                5,
                6,
                7,
                8,
                9,
                10,
                20,
                30,
                40,
                50,
                55,
                60,
                65,
                70,
                75,
                80,
                85,
                90,
                95,
                100
            ],
            "T_excess": [
                849.9448275509873,
                436.717779135124,
                294.41048551582037,
                221.1977252351407,
                176.22347017779632,
                145.66611354272527,
                123.50650298588857,
                106.6846384901965,
                93.47302143687608,
                82.81967911942881,
                40.07345025888739,
                24.533235455434443,
                16.040191906464827,
                10.533665842869894,
                9.11131693405273,
                7.880649373080814,
                6.82846659647101,
                5.935904021471046,
                5.18562192514981,
                4.548253436087776,
                3.9443442509029865,
                3.3379080671202104,
                2.862435128335669,
                2.5070308235582743
            ]
        },
        "1": {
            "nbh": [
                1,
                2,
                3,
                4,
                5,
                6,
                7,
                8,
                9,
                10,
                20,
                30,
                40,
                50,
                60,
                66,
                72,
                78,
                84,
                90,
                96,
                102,
                108,
                114,
                120
            ],
            "T_excess": [
                849.9448275509873,
                436.717779135124,
                294.41048551582037,
                221.1977252351407,
                176.22347017779632,
                145.66611354272527,
                123.50650298588857,
                106.6846384901965,
                93.47302143687608,
                82.81967911942881,
                40.72782179063057,
                25.49991458107329,
                17.22946734732693,
                11.811869422596217,
                7.934230658867342,
                6.689314606673761,
                5.647298747706053,
                4.804846387300515,
                4.045827798685536,
                3.3850996000466296,
                2.8026508900744886,
                2.3285333079741832,
                1.8976632620975238,
                1.4838781292919805,
                1.111813468085849
            ]
        },
        "2": {
            "nbh": [
                1,
                2,
                3,
                4,
                5,
                6,
                7,
                8,
                9,
                10,
                20,
                30,
                40,
                50,
                60,
                70,
                77,
                84,
                91,
                98,
                105,
                112,
                119,
                126,
                133,
                140
            ],
            "T_excess": [
                849.9448275509873,
                436.717779135124,
                294.41048551582037,
                221.1977252351407,
                176.22347017779632,
                145.66611354272527,
                123.50650298588857,
                106.6846384901965,
                93.47302143687608,
                82.81967911942881,
                41.23265178498707,
                26.251614238606486,
                18.127362650242404,
                12.778095177881028,
                8.968344580961997,
                6.074371005194365,
                4.990973436714448,
                4.081494996728821,
                3.3305802072816704,
                2.735087781600278,
                2.1378544001398936,
                1.6829152441046134,
                1.2478877409062434,
                0.7729033780394161,
                0.5028848504923502,
                0.192890970276828
            ]
        },
        "3": {
            "nbh": [
                1,
                2,
                3,
                4,
                5,
                6,
                7,
                8,
                9,
                10,
                20,
                30,
                40,
                50,
                60,
                70,
                80,
                88,
                96,
                104,
                112,
                120,
                128,
                136,
                144,
                152,
                160
            ],