AvgH,fieldSpecifier,Total Drilling
164.9145963225285,10X9,14842.313669027564
