Load Multiplier,Field,Field Depth,Excess Temperature,Field Length,Calculation Time
1,6X1_26.0420434_24.27341772,134.7401096176725,8.423674408675197e-06,17.0,22.82384753227234
