{
    "g": {
        "5.0_96.0_0.075_2.0": [
            2.209410414888004,
            2.555378962729505,
            2.851852966363581,
            3.203148921154148,
            3.5597364888137255,
            4.23077702963577,
            5.498276837524679,
            7.179904808340887,
            10.838797981157363,
            14.101711988644471,
            17.03538226219374,
            22.13111361326659,
            26.437364138926615,
            38.45697289430661,
            51.36107696405969,
            55.33937779806533,
            58.961621782136994,
            62.50630007658889,
            65.1865529203634,
            67.45931039840728,
            69.35091049007998,
            70.87750943489118,
            71.99755506542002,
            73.24779630895121,
            74.09781341968097,
            74.52093985130962,
            75.23881303850679
        ]
    },
    "bore_locations": [
        [
            0.0,
            0.0
        ],
        [
            0.0,
            5.0
        ],
        [
            0.0,
            10.0
        ],
        [
            0.0,
            15.0
        ],
        [
            0.0,
            20.0
        ],
        [
            0.0,
            25.0
        ],
        [
            0.0,
            30.0
        ],
        [
            0.0,
            35.0
        ],
        [
            0.0,
            40.0
        ],
        [
            0.0,
            45.0
        ],
        [
            0.0,
            50.0
        ],
        [
            0.0,
            55.0
        ],
        [
            0.0,
            60.0
        ],
        [
            0.0,
            65.0
        ],
        [
            5.0,
            0.0
        ],
        [
            5.0,
            5.0
        ],
        [
            5.0,
            10.0
        ],
        [
            5.0,
            15.0
        ],
        [
            5.0,
            20.0
        ],
        [
            5.0,
            25.0
        ],
        [
            5.0,
            30.0
        ],
        [
            5.0,
            35.0
        ],
        [
            5.0,
            40.0
        ],
        [
            5.0,
            45.0
        ],
        [
            5.0,
            50.0
        ],
        [
            5.0,
            55.0
        ],
        [
            5.0,
            60.0
        ],
        [
            5.0,
            65.0
        ],
        [
            10.0,
            0.0
        ],
        [
            10.0,
            5.0
        ],
        [
            10.0,
            10.0
        ],
        [
            10.0,
            15.0
        ],
        [
            10.0,
            20.0
        ],
        [
            10.0,
            25.0
        ],
        [
            10.0,
            30.0
        ],
        [
            10.0,
            35.0
        ],
        [
            10.0,
            40.0
        ],
        [
            10.0,
            45.0
        ],
        [
            10.0,
            50.0
        ],
        [
            10.0,
            55.0
        ],
        [
            10.0,
            60.0
        ],
        [
            10.0,
            65.0
        ],
        [
            15.0,
            0.0
        ],
        [
            15.0,
            5.0
        ],
        [
            15.0,
            10.0
        ],
        [
            15.0,
            15.0
        ],
        [
            15.0,
            20.0
        ],
        [
            15.0,
            25.0
        ],
        [
            15.0,
            30.0
        ],
        [
            15.0,
            35.0
        ],
        [
            15.0,
            40.0
        ],
        [
            15.0,
            45.0
        ],
        [
            15.0,
            50.0
        ],
        [
            15.0,
            55.0
        ],
        [
            15.0,
            60.0
        ],
        [
            15.0,
            65.0
        ],
        [
            20.0,
            0.0
        ],
        [
            20.0,
            5.0
        ],
        [
            20.0,
            10.0
        ],
        [
            20.0,
            15.0
        ],
        [
            20.0,
            20.0
        ],
        [
            20.0,
            25.0
        ],
        [
            20.0,
            30.0
        ],
        [
            20.0,
            35.0
        ],
        [
            20.0,
            40.0
        ],
        [
            20.0,
            45.0
        ],
        [
            20.0,
            50.0
        ],
        [
            20.0,
            55.0
        ],
        [
            20.0,
            60.0
        ],
        [
            20.0,
            65.0
        ],
        [
            25.0,
            0.0
        ],
        [
            25.0,
            5.0
        ],
        [
            25.0,
            10.0
        ],
        [
            25.0,
            15.0
        ],
        [
            25.0,
            20.0
        ],
        [
            25.0,
            25.0
        ],
        [
            25.0,
            30.0
        ],
        [
            25.0,
            35.0
        ],
        [
            25.0,
            40.0
        ],
        [
            25.0,
            45.0
        ],
        [
            25.0,
            50.0
        ],
        [
            25.0,
            55.0
        ],
        [
            25.0,
            60.0
        ],
        [
            25.0,
            65.0
        ],
        [
            30.0,
            0.0
        ],
        [
            30.0,
            5.0
        ],
        [
            30.0,
            10.0
        ],
        [
            30.0,
            15.0
        ],
        [
            30.0,
            20.0
        ],
        [
            30.0,
            25.0
        ],
        [
            30.0,
            30.0
        ],
        [
            30.0,
            35.0
        ],
        [
            30.0,
            40.0
        ],
        [
            30.0,
            45.0
        ],
        [
            30.0,
            50.0
        ],
        [
            30.0,
            55.0
        ],
        [
            30.0,
            60.0
        ],
        [
            30.0,
            65.0
        ],
        [
            35.0,
            0.0
        ],
        [
            35.0,
            5.0
        ],
        [
            35.0,
            10.0
        ],
        [
            35.0,
            15.0
        ],
        [
            35.0,
            20.0
        ],
        [
            35.0,
            25.0
        ],
        [
            35.0,
            30.0
        ],
        [
            35.0,
            35.0
        ],
        [
            35.0,
            40.0
        ],
        [
            35.0,
            45.0
        ],
        [
            35.0,
            50.0
        ],
        [
            35.0,
            55.0
        ],
        [
            35.0,
            60.0
        ],
        [
            35.0,
            65.0
        ],
        [
            40.0,
            0.0
        ],
        [
            40.0,
            5.0
        ],
        [
            40.0,
            10.0
        ],
        [
            40.0,
            15.0
        ],
        [
            40.0,
            20.0
        ],
        [
            40.0,
            25.0
        ],
        [
            40.0,
            30.0
        ],
        [
            40.0,
            35.0
        ],
        [
            40.0,
            40.0
        ],
        [
            40.0,
            45.0
        ],
        [
            40.0,
            50.0
        ],
        [
            40.0,
            55.0
        ],
        [
            40.0,
            60.0
        ],
        [
            40.0,
            65.0
        ],
        [
            45.0,
            0.0
        ],
        [
