{
    "g": {
        "5.0_96.0_0.075_2.0": [
            2.2094104148879947,
            2.5553789232505264,
            2.851795989731985,
            3.196657420173636,
            3.490780135970097,
            3.8310834343760063,
            4.166601394794284,
            4.41918924715268,
            4.73614597942184,
            4.915652055004198,
            5.039071716247021,
            5.207646523772944,
            5.321935377364845,
            5.576703809044554,
            5.793740842675549,
            5.853465744307153,
            5.907564873388269,
            5.960625203987123,
            6.002178111501729,
            6.037816958435235,
            6.068731999048621,
            6.094787918455127,
            6.114272825448813,
            6.136648259941174,
            6.151939311746689,
            6.159431025734202,
            6.171512743432325
        ]
    },
    "bore_locations": [
        [
            0.0,
            0.0
        ]
    ],
    "logtime": [
        -8.5,
        -7.8,
        -7.2,
        -6.5,
        -5.9,
        -5.2,
        -4.5,
        -3.963,
        -3.27,
        -2.864,
        -2.577,
        -2.171,
        -1.884,
        -1.191,
        -0.497,
        -0.274,
        -0.051,
        0.196,
        0.419,
        0.642,
        0.873,
        1.112,
        1.335,
        1.679,
        2.028,
        2.275,
        3.003
    ]
}