{
    "g": {
        "5.0_96.0_0.075_2.0": [
            2.2094104148879983,
            2.5553789445084356,
            2.8518266675136323,
            3.200138916604184,
            3.5269787780921935,
            4.0280490404126805,
            4.741515124747194,
            5.4327006620138345,
            6.44784403444074,
            7.073979557208483,
            7.518818265563963,
            8.13853770375997,
            8.56427073820514,
            9.517600008987108,
            10.329301544265418,
            10.5525418280549,
            10.754081998815225,
            10.951296760154895,
            11.105205947933202,
            11.237119589280072,
            11.35125578447179,
            11.447205573683496,
            11.518909315050683,
            11.601081744259895,
            11.657242778211904,
            11.68478691853206,
            11.729291510191443
        ]
    },
    "bore_locations": [
        [
            0.0,
            0.0
        ],
        [
            0.0,
            5.0
        ],
        [
            5.0,
            0.0
        ],
        [
            5.0,
            5.0
        ]
    ],
    "logtime": [
        -8.5,
        -7.8,
        -7.2,
        -6.5,
        -5.9,
        -5.2,
        -4.5,
        -3.963,
        -3.27,
        -2.864,
        -2.577,
        -2.171,
        -1.884,
        -1.191,
        -0.497,
        -0.274,
        -0.051,
        0.196,
        0.419,
        0.642,
        0.873,
        1.112,
        1.335,
        1.679,
        2.028,
        2.275,
        3.003
    ]
}