{
    "g": {
        "5.0_96.0_0.075_2.0": [
            2.2094104148880014,
            2.555378951594406,
            2.8518368944483523,
            3.2013066324338126,
            3.539528348625865,
            4.103387804566375,
            5.009111518936192,
            6.009413349095139,
            7.691159528972415,
            8.837004079498742,
            9.690635958547594,
            10.920095631842601,
            11.785539524018349,
            13.752891240362866,
            15.439605893139499,
            15.90419585363473,
            16.32208843032702,
            16.729938630365773,
            17.046877635897708,
            17.31825637840413,
            17.552303571281413,
            17.748440178773514,
            17.894899886431944,
            18.062364299392165,
            18.176840635609935,
            18.233053087200005,
            18.324097622739494
        ]
    },
    "bore_locations": [
        [
            0.0,
            0.0
        ],
        [
            0.0,
            5.0
        ],
        [
            0.0,
            10.0
        ],
        [
            5.0,
            0.0
        ],
        [
            5.0,
            5.0
        ],
        [
            5.0,
            10.0
        ],
        [
            10.0,
            0.0
        ],
        [
            10.0,
            5.0
        ],
        [
            10.0,
            10.0
        ]
    ],
    "logtime": [
        -8.5,
        -7.8,
        -7.2,
        -6.5,
        -5.9,
        -5.2,
        -4.5,
        -3.963,
        -3.27,
        -2.864,
        -2.577,
        -2.171,
        -1.884,
        -1.191,
        -0.497,
        -0.274,
        -0.051,
        0.196,
        0.419,
        0.642,
        0.873,
        1.112,
        1.335,
        1.679,
        2.028,
        2.275,
        3.003
    ]
}