{
    "g": {
        "5.0_96.0_0.075_2.0": [
            2.209410414888,
            2.555378955137392,
            2.8518420081046174,
            3.20189184617927,
            3.5458934327210474,
            4.142706857209648,
            5.155235011172815,
            6.345674744045537,
            8.519529678336825,
            10.120479873264555,
            11.36865147807253,
            13.234205854370861,
            14.588378589317918,
            17.74309411987583,
            20.49151145265404,
            21.252013230704893,
            21.93395085367565,
            22.597898924736423,
            23.11150898072749,
            23.550763463930625,
            23.92820540522001,
            24.243395868474803,
            24.478538593179298,
            24.74675758135518,
            24.930143996802162,
            25.02030929805834,
            25.166751866734973
        ]
    },
    "bore_locations": [
        [
            0.0,
            0.0
        ],
        [
            0.0,
            5.0
        ],
        [
            0.0,
            10.0
        ],
        [
            0.0,
            15.0
        ],
        [
            5.0,
            0.0
        ],
        [
            5.0,
            5.0
        ],
        [
            5.0,
            10.0
        ],
        [
            5.0,
            15.0
        ],
        [
            10.0,
            0.0
        ],
        [
            10.0,
            5.0
        ],
        [
            10.0,
            10.0
        ],
        [
            10.0,
            15.0
        ],
        [
            15.0,
            0.0
        ],
        [
            15.0,
            5.0
        ],
        [
            15.0,
            10.0
        ],
        [
            15.0,
            15.0
        ]
    ],
    "logtime": [
        -8.5,
        -7.8,
        -7.2,
        -6.5,
        -5.9,
        -5.2,
        -4.5,
        -3.963,
        -3.27,
        -2.864,
        -2.577,
        -2.171,
        -1.884,
        -1.191,
        -0.497,
        -0.274,
        -0.051,
        0.196,
        0.419,
        0.642,
        0.873,
        1.112,
        1.335,
        1.679,
        2.028,
        2.275,
        3.003
    ]
}