{
    "g": {
        "5.0_96.0_0.075_2.0": [
            2.209410414888,
            2.555378957263183,
            2.8518450763588334,
            3.2022434082982643,
            3.5497413907721582,
            4.166830484291946,
            5.246901033087109,
            6.562170562892499,
            9.086497196869681,
            11.04773145104035,
            12.632841457979334,
            15.081431815563887,
            16.91314182274903,
            21.303676387292487,
            25.217724753163143,
            26.30903936373831,
            27.28566470053953,
            28.23476108723491,
            28.965656731234777,
            29.589908071317478,
            30.124217097045932,
            30.56872201539859,
            30.89997371010711,
            31.276869342552434,
            31.534597284281862,
            31.661482453146032,
            31.86820620449131
        ]
    },
    "bore_locations": [
        [
            0.0,
            0.0
        ],
        [
            0.0,
            5.0
        ],
        [
            0.0,
            10.0
        ],
        [
            0.0,
            15.0
        ],
        [
            0.0,
            20.0
        ],
        [
            5.0,
            0.0
        ],
        [
            5.0,
            5.0
        ],
        [
            5.0,
            10.0
        ],
        [
            5.0,
            15.0
        ],
        [
            5.0,
            20.0
        ],
        [
            10.0,
            0.0
        ],
        [
            10.0,
            5.0
        ],
        [
            10.0,
            10.0
        ],
        [
            10.0,
            15.0
        ],
        [
            10.0,
            20.0
        ],
        [
            15.0,
            0.0
        ],
        [
            15.0,
            5.0
        ],
        [
            15.0,
            10.0
        ],
        [
            15.0,
            15.0
        ],
        [
            15.0,
            20.0
        ],
        [
            20.0,
            0.0
        ],
        [
            20.0,
            5.0
        ],
        [
            20.0,
            10.0
        ],
        [
            20.0,
            15.0
        ],
        [
            20.0,
            20.0
        ]
    ],
    "logtime": [
        -8.5,
        -7.8,
        -7.2,
        -6.5,
        -5.9,
        -5.2,
        -4.5,
        -3.963,
        -3.27,
        -2.864,
        -2.577,
        -2.171,
        -1.884,
        -1.191,
        -0.497,
        -0.274,
        -0.051,
        0.196,
        0.419,
        0.642,
        0.873,
        1.112,
        1.335,
        1.679,
        2.028,
        2.275,
        3.003
    ]
}