{
    "g": {
        "5.0_384_0.075_2.0": [
            3.7549298412285106,
            4.478000917885913,
            5.578415429362389,
            7.851860718115466,
            11.172300742327929,
            17.499700073216943,
            27.48591881090345,
            38.28389652735174,
            57.07691697619,
            71.09531134363644,
            82.37311176025338,
            99.84180613720378,
            113.03811714435318,
            144.4915502750812,
            172.1334661797915,
            179.72715550758826,
            186.38019633478987,
            192.71377046249896,
            197.43797642739688,
            201.42838183288293,
            204.76688543347566,
            207.4897747796081,
            209.50736828041735,
            211.7847365445497,
            213.3420075454185,
            214.11247777994876,
            215.3885387340563
        ]
    },
    "bore_locations": [
        [
            0.0,
            0.0
        ],
        [
            5.172030752145993,
            0.0
        ],
        [
            10.344061504291986,
            0.0
        ],
        [
            15.51609225643798,
            0.0
        ],
        [
            20.68812300858397,
            0.0
        ],
        [
            25.860153760729965,
            0.0
        ],
        [
            31.03218451287596,
            0.0
        ],
        [
            36.20421526502195,
            0.0
        ],
        [
            41.37624601716794,
            0.0
        ],
        [
            46.54827676931394,
            0.0
        ],
        [
            85.98528076861048,
            0.0
        ],
        [
            91.23620072057231,
            0.0
        ],
        [
            96.48712067253418,
            0.0
        ],
        [
            101.73804062449602,
            0.0
        ],
        [
            106.98896057645788,
            0.0
        ],
        [
            112.23988052841972,
            0.0
        ],
        [
            117.49080048038157,
            0.0
        ],
        [
            122.7417204323434,
            0.0
        ],
        [
            127.99264038430526,
            0.0
        ],
        [
            133.2435603362671,
            0.0
        ],
        [
            138.49448028822894,
            0.0
        ],
        [
            143.74540024019078,
            0.0
        ],
        [
            148.9963201921526,
            0.0
        ],
        [
            154.24724014411444,
            0.0
        ],
        [
            159.49816009607628,
            0.0
        ],
        [
            164.7490800480381,
            0.0
        ],
        [
            169.99999999999994,
            0.0
        ],
        [
            0.0,
            5.0
        ],
        [
            5.314877765069299,
            5.0
        ],
        [
            10.629755530138596,
            5.0
        ],
        [
            15.944633295207897,
            5.0
        ],
        [
            21.259511060277195,
            5.0
        ],
        [
            26.57438882534649,
            5.0
        ],
        [
            31.88926659041579,
            5.0
        ],
        [
            37.20414435548509,
            5.0
        ],
        [
            42.51902212055439,
            5.0
        ],
        [
            92.18990226298452,
            5.0
        ],
        [
            97.24181400610468,
            5.0
        ],
        [
            102.29372574922483,
            5.0
        ],
        [
            107.345637492345,
            5.0
        ],
        [
            112.39754923546516,
            5.0
        ],
        [
            117.44946097858532,
            5.0
        ],
        [
            122.50137272170548,
            5.0
        ],
        [
            127.55328446482562,
            5.0
        ],
        [
            132.60519620794577,
            5.0
        ],
        [
            137.6571079510659,
            5.0
        ],
        [
            142.70901969418605,
            5.0
        ],
        [
            147.7609314373062,
            5.0
        ],
        [
            152.81284318042634,
            5.0
        ],
        [
            157.86475492354649,
            5.0
        ],
        [
            162.91666666666663,
            5.0
        ],
        [
            0.0,
            10.0
        ],
        [
            5.498538210256406,
            10.0
        ],
        [
            10.997076420512812,
            10.0
        ],
        [
            16.495614630769218,
            10.0
        ],
        [
            21.994152841025624,
            10.0
        ],
        [
            27.49269105128203,
            10.0
        ],
        [
            32.99122926153844,
            10.0
        ],
        [
            38.48976747179484,
            10.0
        ],
        [
            89.86128831331975,
            10.0
        ],
        [
            94.93606100716694,
            10.0
        ],
        [
            100.01083370101414,
            10.0
        ],
        [
            105.08560639486132,
            10.0
        ],
        [
            110.16037908870852,
            10.0
        ],
        [
            115.23515178255572,
            10.0
        ],
        [
            120.30992447640293,
            10.0
        ],
        [
            125.3846971702501,
            10.0
        ],
        [
            130.45946986409731,
            10.0
        ],
        [
            135.5342425579445,
            10.0
        ],
        [
            140.6090152517917,
            10.0
        ],
        [
            145.6837879456389,
            10.0
        ],
        [
            150.7585606394861,
            10.0
        ],
        [
            155.8333333333333,
            10.0
        ],
        [
            0.0,
            15.0
        ],
        [
            5.743418803839216,
            15.0
        ],
        [
            11.486837607678432,
            15.0
        ],
        [
            17.230256411517647,
            15.0
        ],
        [
            22.973675215356863,
            15.0
        ],
        [
            28.71709401919608,
            15.0
        ],
        [
            34.460512823035295,
            15.0
        ],
        [
            85.8320336645602,
            15.0
        ],
        [
            91.07519752584685,
            15.0
        ],
        [
            96.31836138713348,
            15.0
        ],
        [
            101.56152524842014,
            15.0
        ],
        [
            106.8046891097068,
            15.0
        ],
        [
            112.04785297099345,
            15.0
        ],
        [
            117.29101683228008,
            15.0
        ],
        [
            122.53418069356673,
            15.0
        ],
        [
            127.77734455485336,
            15.0
        ],
        [
            133.02050841614002,
            15.0
        ],
        [
            138.26367227742668,
            15.0
        ],
        [
            143.50683613871334,
            15.0
        ],
        [
            148.75,
            15.0
        ],
        [
            0.0,
            20.0
        ],
        [
            5.07187636237929,
            20.0
        ],
        [
            10.14375272475858,
            20.0
        ],
        [
            15.21562908713787,
            20.0
        ],
        [
            20.28750544951716,
            20.0
        ],
        [
            25.359381811896448,
            20.0
        ],
        [
            30.431258174275737,
            20.0
        ],
        [
            81.80277901580065,
            20.0
        ],
        [
            87.24495062042483,
            20.0
        ],
        [
            92.687122225049,
            20.0
        ],
        [
            98.1292938296732,
