{
    "g": {
        "5.0_24.0_0.075_2.0": [
            0.873963672694895,
            1.1957130067382231,
            1.481216408046314,
            1.8194813535580112,
            2.1108604897826613,
            2.4500020533815157,
            2.786140849729565,
            3.0421877211243524,
            3.4022208319055918,
            3.6804640005197524,
            3.937957472847985,
            4.426020567546292,
            4.8837011270503865,
            6.484968977390008,
            8.932749188641944,
            9.910983785414121,
            10.953400479955738,
            12.153548194663404,
            13.244451026365946,
            14.309616485189261,
            15.345775105261403,
            16.312137677296715,
            17.100338521796186,
            18.069559196670596,
            18.78617798485259,
            19.162723754407654,
            19.82294833033422
        ],
        "5.0_48.0_0.075_2.0": [
            1.5268040874637878,
            1.8678231209985432,
            2.1621023685229495,
            2.505809948503757,
            2.7996757988333765,
            3.144440578075993,
            3.5471149395786714,
            4.012899083838167,
            5.047235273252222,
            6.009700084519564,
            6.909265004161983,
            8.560185433639607,
            10.040649414960612,
            14.69717544989444,
            20.670994955532127,
            22.77644846031265,
            24.830769004411597,
            26.9833266251433,
            28.74001957559777,
            30.303526085855204,
            31.67122552936641,
            32.81768564321476,
            33.67390464135083,
            34.63720643962665,
            35.292565261789974,
            35.61978356278193,
            36.1805932626077
        ],
        "5.0_96.0_0.075_2.0": [
            2.2092418848027813,
            2.555268990965112,
            2.8518500524099513,
            3.2033196624186187,
            3.5596329561661575,
            4.227624207101408,
            5.48031938042669,
            7.123280170354422,
            10.624251905086702,
            13.681377347555161,
            16.38492682166152,
            20.992511420366498,
            24.819034329623097,
            35.23076189062267,
            46.04413607693374,
            49.300953006381135,
            52.2433356212587,
            55.09991798319267,
            57.24205548761063,
            59.052048279075755,
            60.5528744092883,
            61.76189206197839,
            62.649274851206684,
            63.64074288233348,
            64.3155033919087,
            64.65141292934888,
            65.22100035709633
        ],
        "5.0_192.0_0.075_2.0": [
            2.899626137716777,
            3.256574656064855,
            3.6334970470626162,
            4.364660598639972,
            5.494692685039488,
            7.856674255197714,
            12.08655281769335,
            17.2469186659683,
            27.148452701882825,
            34.94526103064187,
            41.32208637861339,
            51.259788835585596,
            58.78737054842463,
            76.68448569762182,
            92.28395506507287,
            96.5322675249258,
            100.24626916107049,
            103.7690659288539,
            106.38035854020353,
            108.58307925218735,
            110.41929110457102,
            111.91300137281696,
            113.01972368753596,
            114.26855577911608,
            115.12296609486773,
            115.54623619634428,
            116.24980606564716
        ],
        "5.0_384.0_0.075_2.0": [
            3.707091589689416,
            4.503066530809104,
            5.738784829316388,
            8.327523625047027,
            12.156516792614397,
            19.549633065086258,
            31.43716970253986,
            44.405393915494095,
            66.15100028886091,
            81.17665414651769,
            92.47333574841153,
            108.66678742974491,
            120.004194237341,
            144.8140878601336,
            164.95787870526996,
            170.332136513722,
            175.0485068525047,
            179.55156811340137,
            182.95119486256564,
            185.83635148915064,
            188.27751159748615,
            190.2897693873453,
            191.78625066208343,
            193.48471098476423,
            194.64591204984706,
            195.218169308051,
            196.15548541101944
        ]
    },
    "logtime": [
        -8.5,
        -7.8,
        -7.2,
        -6.5,
        -5.9,
        -5.2,
        -4.5,
        -3.963,
        -3.27,
        -2.864,
        -2.577,
        -2.171,
        -1.884,
        -1.191,
        -0.497,
        -0.274,
        -0.051,
        0.196,
        0.419,
        0.642,
        0.873,
        1.112,
        1.335,
        1.679,
        2.028,
        2.275,
        3.003
    ],