{
    "g": {
        "5.0_24.0_0.075_2.0": [
            0.8739976017808573,
            1.195782481072329,
            1.4813395980500976,
            1.8197129231074136,
            2.1112529470945205,
            2.4507265748247704,
            2.7874706983316413,
            3.0442640745194867,
            3.405932893231074,
            3.6858425168079956,
            3.945200403698797,
            4.43800449606369,
            4.901626493561494,
            6.542674634563838,
            9.108407389849503,
            10.14813581375904,
            11.269799692517228,
            12.579426098446405,
            13.788639374114762,
            14.987550456419125,
            16.175594630107636,
            17.30678541574774,
            18.247991259944357,
            19.437099485008655,
            20.340804921624475,
            20.823957515344038,
            21.678108745026808
        ],
        "5.0_48.0_0.075_2.0": [
            1.526843516711902,
            1.86788787550263,
            2.162204170119768,
            2.5059868936907437,
            2.799964692399451,
            3.1449665991264864,
            3.54816376909491,
            4.015027314223418,
            5.055276651330824,
            6.028554157808691,
            6.943739436231787,
            8.640799796725837,
            10.17985395449923,
            15.149941624829978,
            21.758915917701312,
            24.137496580346003,
            26.495156920430897,
            29.00703144594306,
            31.097309749213508,
            32.98413149329106,
            34.66445875881632,
            36.097136682331374,
            37.17921651192458,
            38.40799292565937,
            39.25065383282389,
            39.671853997253585,
            40.38250938946266
        ],
        "5.0_96.0_0.075_2.0": [
            2.2095248199822475,
            2.555582101874375,
            2.8521945625605083,
            3.2037185920245292,
            3.5601230608769683,
            4.228611305954749,
            5.485945473563214,
            7.145935783180804,
            10.732354055024782,
            13.90563349681437,
            16.74178937827534,
            21.640132694060007,
            25.753036501511893,
            37.18183043611337,
            49.346489186200266,
            53.06493710960793,
            56.447678282884844,
            59.76107806007354,
            62.27805131882006,
            64.41462467572791,
            66.201793951838,
            67.65178636164886,
            68.71835525409311,
            69.91048137113982,
            70.72217041907102,
            71.12526631410566,
            71.80168980444682
        ],
        "5.0_192.0_0.075_2.0": [
            2.9046106332018136,
            3.2618174969663256,
            3.6389675241880814,
            4.370762350085514,
            5.504357514159335,
            7.891368696606185,
            12.224842028406439,
            17.584567813139042,
            28.02012139790929,
            36.302445546472654,
            43.10418332257702,
            53.74565179777591,
            61.821567870475825,
            81.10280868927978,
            97.96755075832657,
            102.57500349471553,
            106.60845186208715,
            110.44506559506854,
            113.30481032432769,
            115.7193282754725,
            117.73909952092518,
            119.38666918659264,
            120.60760646236332,
            121.98554912006095,
            122.92767844932152,
            123.3937199234598,
            124.16517305193358
        ],
        "5.0_384.0_0.075_2.0": [
            3.784263266985341,
            4.587555710963333,
            5.836051920029034,
            8.468697594611378,
            12.409318858491648,
            20.145567053588593,
            32.76505935035088,
            46.61030158437632,
            69.79178827248374,
            85.68749873069758,
            97.55605351748572,
            114.46886631628469,
            126.238527963186,
            151.87757421184406,
            172.63201416914328,
            178.16645324231652,
            183.02781004042274,
            187.67409284817154,
            191.1888520276689,
            194.1721094607071,
            196.69948932323382,
            198.78501857074627,
            200.33584534702226,
            202.09629917412772,
            203.2993110605707,
            203.89175812957436,
            204.86060564031493
        ]
    },
    "logtime": [
        -8.5,
        -7.8,
        -7.2,
        -6.5,
        -5.9,
        -5.2,
        -4.5,
        -3.963,
        -3.27,
        -2.864,
        -2.577,
        -2.171,
        -1.884,
        -1.191,
        -0.497,
        -0.274,
        -0.051,
        0.196,
        0.419,
        0.642,
        0.873,
        1.112,
        1.335,
        1.679,
        2.028,
        2.275,
        3.003
    ],