{
    "g": {
        "5.0_24.0_0.075_2.0": [
            0.8739976017808746,
            1.1957824810723117,
            1.4813395980500927,
            1.8197129231074647,
            2.1112529470945005,
            2.4507265748247478,
            2.7874706983316506,
            3.044264074499701,
            3.4059328400040276,
            3.6858414784462163,
            3.9451949244226285,
            4.437961638928236,
            4.901485648412544,
            6.541356072417457,
            9.103644997587525,
            10.141885405867875,
            11.261791853011674,
            12.569244365732482,
            13.776292992595007,
            14.97294731005018,
            16.15859680442342,
            17.287350723302584,
            18.22642060401038,
            19.41286000902383,
            20.31454656899357,
            20.796726646449052,
            21.649872520369634
        ],
        "5.0_48.0_0.075_2.0": [
            1.526843516711868,
            1.8678878755026598,
            2.162204170119779,
            2.5059868936907406,
            2.799964692399423,
            3.1449665986585775,
            3.5481631619074325,
            4.015005440593713,
            5.054748168643089,
            6.026691950594371,
            6.93975459166986,
            8.630168578637948,
            10.16084277747922,
            15.087888659423756,
            21.625124006420762,
            23.976771712844656,
            26.307605781688242,
            28.7915707739393,
            30.859443749364743,
            32.72816281423959,
            34.394569739020035,
            35.81789143417462,
            36.89494924495975,
            38.12097604159492,
            38.96349203255389,
            39.38520178968613,
            40.09749562258843
        ],
        "5.0_96.0_0.075_2.0": [
            2.2095248199822466,
            2.5555821018743865,
            2.852194562560448,
            3.2037185907623957,
            3.56012252157133,
            4.228562540129955,
            5.485001314666228,
            7.1414457774767985,
            10.709984465061268,
            13.860446579992626,
            16.67201188637389,
            21.51856166469408,
            25.583904774465417,
            36.8678378084677,
            48.89439801369396,
            52.57677677521575,
            55.93502363943924,
            59.230625704000516,
            61.738621730133474,
            63.8710447089897,
            65.65728466962449,
            67.10818660415747,
            68.17603741069024,
            69.37007600863652,
            70.18321789386422,
            70.58711009760039,
            71.26489133885576
        ],
        "5.0_192.0_0.075_2.0": [
            2.9046106331874073,
            3.261817493375042,
            3.6389665846083945,
            4.370695211803375,
            5.503571734353561,
            7.885058510360282,
            12.195870864316792,
            17.513445306764655,
            27.835161329686738,
            36.01633792261528,
            42.73146136057038,
            53.23455036257314,
            61.21081975625406,
            80.29937711922715,
            97.06840376043984,
            101.66091369496765,
            105.68709185226399,
            109.51970775666246,
            112.37785982118533,
            114.79142512351861,
            116.81057405649308,
            118.45760476975053,
            119.6780053576939,
            121.05512748960848,
            121.99664419365928,
            122.4623967569756,
            123.23342459669756
        ],
        "5.0_384.0_0.075_2.0": [
            3.784252716312954,
            4.5874538356036645,
            5.8351830180919,
            8.462359539817786,
            12.38647628375762,
            20.0676407945493,
            32.56151464749869,
            46.244791472368824,
            69.13440021481105,
            84.84718991673992,
            96.59765928937381,
            113.37017617222511,
            125.06317000802589,
            150.58940523315363,
            171.2879202962232,
            176.81038490006193,
            181.6614647945912,
            186.29776208286202,
            189.80437117302958,
            192.78046143251274,
            195.3013333698987,
            197.3811399627161,
            198.92758897785615,
            200.68285415747613,
            201.8822782708587,
            202.47297021624004,
            203.4390319762814
        ]
    },
    "logtime": [
        -8.5,
        -7.8,
        -7.2,
        -6.5,
        -5.9,
        -5.2,
        -4.5,
        -3.963,
        -3.27,
        -2.864,
        -2.577,
        -2.171,
        -1.884,
        -1.191,
        -0.497,
        -0.274,
        -0.051,
        0.196,
        0.419,
        0.642,
        0.873,
        1.112,
        1.335,
        1.679,
        2.028,
        2.275,
        3.003
    ],