{
    "g": {
        "5.0_24.0_0.075_2.0": [
            0.8739505146140552,
            1.1956691578305518,
            1.4811013524801684,
            1.8191862700615697,
            2.1103312743580496,
            2.44914475851799,
            2.7850903285764623,
            3.0412459674986074,
            3.402034325933416,
            3.6813203118229314,
            3.940123823534824,
            4.431870499414439,
            4.8945196374488,
            6.5321914808637676,
            9.09440638597758,
            10.133637487099675,
            11.25530126841069,
            12.565768496660228,
            13.776599818175779,
            14.977964465944801,
            16.16936100033621,
            17.304679302873303,
            18.250090581627173,
            19.44585360849557,
            20.355622863929376,
            20.842354699191837,
            21.703328023837013
        ],
        "5.0_48.0_0.075_2.0": [
            1.5267626613036684,
            1.8677236241300532,
            2.161901032324926,
            2.5053885820727304,
            2.798979965438119,
            3.143348875340851,
            3.5456618764311836,
            4.011428546817606,
            5.048810343958217,
            6.019128081849408,
            6.931307950090765,
            8.621950809430444,
            10.154720760512994,
            15.098600353873152,
            21.666262192475163,
            24.03057162468635,
            26.373183185395934,
            28.868160891643587,
            30.94336761907759,
            32.816288529610354,
            34.48375458788416,
            35.90500990148055,
            36.97834394423332,
            38.197190753002815,
            39.03304174714435,
            39.45085428051422,
            40.15610344347448
        ],
        "5.0_96.0_0.075_2.0": [
            2.2094077877624123,
            2.5553761911480466,
            2.851849592423143,
            3.2030847267954536,
            3.5590526565566547,
            4.226345816839584,
            5.480222728940835,
            7.133535128233604,
            10.69636592692039,
            13.842209776008822,
            16.648931280024275,
            21.480686102039858,
            25.527288777002415,
            36.68862179202882,
            48.46478793573238,
            52.045341686302024,
            55.29281438270243,
            58.46274492747544,
            60.85989282008423,
            62.89186121251741,
            64.5874135891604,
            65.96056880610162,
            66.97049665943172,
            68.0999640067313,
            68.86937525625012,
            69.25180640918084,
            69.89540119513455
        ],
        "5.0_192.0_0.075_2.0": [
            2.9041833285447582,
            3.261274940394613,
            3.6382263945838424,
            4.369343789325428,
            5.501030761394689,
            7.879517029673095,
            12.17999771967014,
            17.470480371582507,
            27.666322959774153,
            35.68813308059023,
            42.22796114734492,
            52.33472762964988,
            59.928846566880004,
            77.66335775472413,
            92.82095933122024,
            96.9037976495246,
            100.46626486918991,
            103.83602781050634,
            106.32759198237422,
            108.43099594607183,
            110.18446088714491,
            111.61146841494262,
            112.67003215224484,
            113.86643293228278,
            114.68565100041917,
            115.09166481526054,
            115.76715011297595
        ],
        "5.0_384.0_0.075_2.0": [
            3.7791908182413567,
            4.581612251448696,
            5.828361736445554,
            8.454622077364611,
            12.375756573698087,
            20.02650118657546,
            32.356493577607466,
            45.685356076405995,
            67.44334101278012,
            82.05303749050445,
            92.795744189713,
            107.75288085762621,
            117.9926461265495,
            139.63687054456452,
            156.71238747836307,
            161.20052467449074,
            165.13735139865503,
            168.87833843245906,
            171.6847653266534,
            174.0682755848738,
            176.0800981323475,
            177.73582017552937,
            178.96873247988395,
            180.3700990519859,
            181.32980353404582,
            181.80359267905982,
            182.58280801715773
        ]
    },
    "logtime": [
        -8.5,
        -7.8,
        -7.2,
        -6.5,
        -5.9,
        -5.2,
        -4.5,
        -3.963,
        -3.27,
        -2.864,
        -2.577,
        -2.171,
        -1.884,
        -1.191,
        -0.497,
        -0.274,
        -0.051,
        0.196,
        0.419,
        0.642,
        0.873,
        1.112,
        1.335,
        1.679,
        2.028,
        2.275,
        3.003
    ],