{
    "g": {
        "5.0_24.0_0.075_2.0": [
            0.8738944777382094,
            1.1955486979861076,
            1.4808902299566395,
            1.8188380270279825,
            2.109863940165766,
            2.448540774604877,
            2.7843492801392,
            3.0403977499310657,
            3.401026936692378,
            3.6801831619032392,
            3.938852800453746,
            4.430264080962502,
            4.892477716118865,
            6.526874888760023,
            9.078530478963167,
            10.112130221020916,
            11.226494793813991,
            12.526813322284752,
            13.7265952218535,
            14.915460227212947,
            16.092679908180294,
            17.2126917434914,
            18.14402564171721,
            19.319880076090968,
            20.213118226948875,
            20.690682676865393,
            21.53566935491907
        ],
        "5.0_48.0_0.075_2.0": [
            1.5266666350509372,
            1.8675449270251296,
            2.161619258250741,
            2.504962151306667,
            2.798432493197588,
            3.142664473495739,
            3.544816585334957,
            4.010365769332365,
            5.046685434769865,
            6.014988360202924,
            6.924215386866459,
            8.605980223332578,
            10.127598299472329,
            15.012465838392005,
            21.47020675122117,
            23.789212264285936,
            26.08311078650772,
            28.52270795464809,
            30.548753902793543,
            32.37663881509277,
            34.003228328030204,
            35.38982080146603,
            36.43794137671955,
            37.630077431872515,
            38.44906109380866,
            38.859090983225805,
            39.55296642276783
        ],
        "5.0_96.0_0.075_2.0": [
            2.20931116960182,
            2.5551961191078894,
            2.8515696992197785,
            3.20266596773033,
            3.5584968785183877,
            4.225477413039243,
            5.477822698705456,
            7.126401136382926,
            10.66708939812177,
            13.784709081354556,
            16.560502842903755,
            21.325164285839637,
            25.307559931861665,
            36.251065127439574,
            47.77312680682675,
            51.274228206336915,
            54.45237378582122,
            57.55552809043003,
            59.901727342670895,
            61.892040387822135,
            63.55305266423099,
            64.89851746975901,
            65.88852240705707,
            66.99631475986125,
            67.75128232650249,
            68.12676497594703,
            68.75951249771447
        ],
        "5.0_192.0_0.075_2.0": [
            2.9044074324201974,
            3.261435770929814,
            3.6382850269604203,
            4.369076151921175,
            5.499528399084961,
            7.870843773961533,
            12.14354337801947,
            17.382008759623506,
            27.432714438544455,
            35.320308168188014,
            41.74047609107302,
            51.64213751917677,
            59.075689875230445,
            76.41678988390727,
            91.24449237153988,
            95.23683278520895,
            98.72228130423423,
            102.01774075956169,
            104.45142311752987,
            106.5057308025096,
            108.21701078194747,
            109.60894794706647,
            110.64155254203916,
            111.8087328183652,
            112.60815092291912,
            113.00452290037732,
            113.66466994875539
        ],
        "5.0_384.0_0.075_2.0": [
            3.784597366418477,
            4.587293443122183,
            5.833431929618653,
            8.45294714885005,
            12.35284761595642,
            19.93155616169893,
            32.09221171446802,
            45.19199126733565,
            66.49167455738609,
            80.7725709541633,
            91.2700038033652,
            105.86727645081041,
            115.85528151060056,
            136.92208300780374,
            153.4993958259303,
            157.84608923933345,
            161.65713586339965,
            165.2744946196554,
            167.98348828345755,
            170.2838703371044,
            172.22381499435502,
            173.81937224411823,
            175.00764170496745,
            176.3583705229972,
            177.28369087320237,
            177.74070025353913,
            178.49307502218053
        ]
    },
    "logtime": [
        -8.5,
        -7.8,
        -7.2,
        -6.5,
        -5.9,
        -5.2,
        -4.5,
        -3.963,
        -3.27,
        -2.864,
        -2.577,
        -2.171,
        -1.884,
        -1.191,
        -0.497,
        -0.274,
        -0.051,
        0.196,
        0.419,
        0.642,
        0.873,
        1.112,
        1.335,
        1.679,
        2.028,
        2.275,
        3.003
    ],