Time,building1_htg_clg:EFT [C],building1_htg_clg:ExFT [C],building1_htg_clg:Q_htg [W],building1_htg_clg:Q_clg [W],building1_htg_clg:Q_net [W],building1_htg_clg:M_flow [kg/s],building1_htg_clg:P_hp_htg [W],building1_htg_clg:P_hp_clg [W],building1_htg_clg:P_hp_tot [W],building1_htg_clg:P_pump [W],building1_htg_clg:Q_src_clg [W],building1_htg_clg:Q_src_htg [W],building1_htg_clg:Q_src_het [W],building1_dhw:EFT [C],building1_dhw:ExFT [C],building1_dhw:Q_htg [W],building1_dhw:Q_clg [W],building1_dhw:Q_net [W],building1_dhw:M_flow [kg/s],building1_dhw:P_hp_htg [W],building1_dhw:P_hp_clg [W],building1_dhw:P_hp_tot [W],building1_dhw:P_pump [W],building1_dhw:Q_src_clg [W],building1_dhw:Q_src_htg [W],building1_dhw:Q_src_het [W],building2_htg_clg:EFT [C],building2_htg_clg:ExFT [C],building2_htg_clg:Q_htg [W],building2_htg_clg:Q_clg [W],building2_htg_clg:Q_net [W],building2_htg_clg:M_flow [kg/s],building2_htg_clg:P_hp_htg [W],building2_htg_clg:P_hp_clg [W],building2_htg_clg:P_hp_tot [W],building2_htg_clg:P_pump [W],building2_htg_clg:Q_src_clg [W],building2_htg_clg:Q_src_htg [W],building2_htg_clg:Q_src_het [W],building2_dhw:EFT [C],building2_dhw:ExFT [C],building2_dhw:Q_htg [W],building2_dhw:Q_clg [W],building2_dhw:Q_net [W],building2_dhw:M_flow [kg/s],building2_dhw:P_hp_htg [W],building2_dhw:P_hp_clg [W],building2_dhw:P_hp_tot [W],building2_dhw:P_pump [W],building2_dhw:Q_src_clg [W],building2_dhw:Q_src_htg [W],building2_dhw:Q_src_het [W],building3_htg_clg:EFT [C],building3_htg_clg:ExFT [C],building3_htg_clg:Q_htg [W],building3_htg_clg:Q_clg [W],building3_htg_clg:Q_net [W],building3_htg_clg:M_flow [kg/s],building3_htg_clg:P_hp_htg [W],building3_htg_clg:P_hp_clg [W],building3_htg_clg:P_hp_tot [W],building3_htg_clg:P_pump [W],building3_htg_clg:Q_src_clg [W],building3_htg_clg:Q_src_htg [W],building3_htg_clg:Q_src_het [W],building3_dhw:EFT [C],building3_dhw:ExFT [C],building3_dhw:Q_htg [W],building3_dhw:Q_clg [W],building3_dhw:Q_net [W],building3_dhw:M_flow [kg/s],building3_dhw:P_hp_htg [W],building3_dhw:P_hp_clg [W],building3_dhw:P_hp_tot [W],building3_dhw:P_pump [W],building3_dhw:Q_src_clg [W],building3_dhw:Q_src_htg [W],building3_dhw:Q_src_het [W],ghe1:EFT [C],ghe1:ExFT [C],ghe1:ExFT Mixed Loop [C],ghe1:MFT [C],ghe1:Q [W/m],ghe1:Q_tot [W],ghe2:EFT [C],ghe2:ExFT [C],ghe2:ExFT Mixed Loop [C],ghe2:MFT [C],ghe2:Q [W/m],ghe2:Q_tot [W],ghe3:EFT [C],ghe3:ExFT [C],ghe3:ExFT Mixed Loop [C],ghe3:MFT [C],ghe3:Q [W/m],ghe3:Q_tot [W],Network:M_flow [kg/s],Network:P_pump [W],Network:Q_net_bldg [W],Network:Q_net_ghe [W]
0.0000,6.1000,6.1000,-0.0000,0.0000,-0.0000,0.0000,-0.0000,0.0000,0.0000,0.0000,0.0000,0.0000,0.0000,6.1000,6.1000,-0.0000,0.0000,-0.0000,0.0000,-0.0000,0.0000,0.0000,0.0000,0.0000,0.0000,0.0000,6.1000,6.1000,-0.0000,0.0000,-0.0000,0.0000,-0.0000,0.0000,0.0000,0.0000,0.0000,0.0000,0.0000,6.1000,6.1000,-0.0000,0.0000,-0.0000,0.0000,-0.0000,0.0000,0.0000,0.0000,0.0000,0.0000,0.0000,6.1000,6.1000,-0.0000,0.0000,-0.0000,0.0000,-0.0000,0.0000,0.0000,0.0000,0.0000,0.0000,0.0000,6.1000,6.1000,-0.0000,0.0000,-0.0000,0.0000,-0.0000,0.0000,0.0000,0.0000,0.0000,0.0000,0.0000,6.1000,6.1000,6.1000,6.1000,0.0000,0.0000,6.1000,6.1000,6.1000,6.1000,0.0000,0.0000,6.1000,6.1000,6.1000,6.1000,0.0000,0.0000,0.0000,0.0000,0.0000,0.0000
10.2969,5.3545,5.2263,139565.0000,80538.2032,59026.7968,12.2442,33418.9833,11183.8717,44602.8550,597.9854,91722.0749,106146.0167,14423.9417,5.2263,5.0686,24767.8281,0.0000,24767.8281,1.0339,7009.3208,0.0000,7009.3208,50.4953,0.0000,17758.5073,17758.5073,5.0686,4.6559,65609.2807,2927.3366,62681.9440,4.3790,15792.1349,440.5376,16232.6725,213.8648,3367.8742,49817.1458,46449.2715,4.6559,4.6488,1122.1471,0.0000,1122.1471,0.0468,320.4499,0.0000,320.4499,2.2878,0.0000,801.6972,801.6972,4.6488,4.5100,20571.6236,5.0385,20566.5851,1.3213,4944.7005,0.7974,4945.4979,64.5299,5.8359,15626.9231,15621.0872,4.5100,4.4442,10372.4817,0.0000,10372.4817,0.4330,2968.9323,0.0000,2968.9323,21.1469,0.0000,7403.5494,7403.5494,4.4442,5.5819,5.0130,5.0130,-4.2691,-64036.6547,5.0130,5.7599,5.2122,5.3865,-2.8025,-22419.7801,5.2122,5.8222,5.3545,5.5172,-2.2890,-16023.2467,29.1874,2280.7441,178537.7829,-102479.6815
13.0000,5.3233,5.1976,139565.0000,80538.2032,59026.7968,12.3808,33438.9494,11178.3664,44617.3158,604.6576,91716.5696,106126.0506,14409.4810,5.1976,5.0426,24767.8281,0.0000,24767.8281,1.0518,7012.5046,0.0000,7012.5046,51.3705,0.0000,17755.3236,17755.3236,5.0426,4.6374,65609.2807,2927.3366,62681.9440,4.4715,15799.9572,440.4919,16240.4492,218.3824,3367.8286,49809.3234,46441.4949,4.6374,4.6304,1122.1471,0.0000,1122.1471,0.0482,320.5443,0.0000,320.5443,2.3543,0.0000,801.6028,801.6028,4.6304,4.5025,20571.6236,841.7000,19729.9236,1.4086,4946.3442,133.2028,5079.5470,68.7958,974.9028,15625.2794,14650.3766,4.5025,4.4379,10372.4817,0.0000,10372.4817,0.4469,2969.2851,0.0000,2969.2851,21.8265,0.0000,7403.1967,7403.1967,4.4379,5.5313,4.9846,4.9846,-4.1766,-62648.9045,4.9846,5.7221,5.1813,5.3534,-2.8172,-22537.7770,5.1813,5.7899,5.3233,5.4856,-2.3250,-16274.8170,29.7119,2321.7289,177701.1214,-101461.4985
16.3658,5.2844,5.1585,139565.0000,80538.2032,59026.7968,12.3866,33463.8531,11171.5291,44635.3822,604.9435,91709.7323,106101.1469,14391.4146,5.1585,5.0034,24767.8281,0.0000,24767.8281,1.0525,7016.8252,0.0000,7016.8252,51.4000,0.0000,17751.0030,17751.0030,5.0034,4.5975,65609.2807,2927.3366,62681.9440,4.4739,15811.8052,440.4236,16252.2288,218.4985,3367.7602,49797.4755,46429.7152,4.5975,4.5905,1122.1471,0.0000,1122.1471,0.0482,320.7476,0.0000,320.7476,2.3552,0.0000,801.3995,801.3995,4.5905,4.4539,20571.6236,5.0385,20566.5851,1.3630,4949.9102,0.7974,4950.7076,66.5690,5.8359,15621.7134,15615.8776,4.4539,4.3892,10372.4817,0.0000,10372.4817,0.4470,2971.5820,0.0000,2971.5820,21.8298,0.0000,7400.8998,7400.8998,4.3892,5.4891,4.9392,4.9392,-4.1937,-62905.9807,4.9392,5.6893,5.1392,5.3142,-2.8600,-22880.1948,5.1392,5.7613,5.2844,5.4503,-2.3720,-16604.1759,29.6569,2317.4304,178537.7829,-102390.3514
199.7537,5.8323,6.6822,35175.8189,80538.2032,-45362.3843,5.8230,8346.5532,11270.0065,19616.5596,284.3854,91808.2097,26829.2657,-64978.9440,6.6822,6.4478,24767.8281,0.0000,24767.8281,1.0533,6851.4417,0.0000,6851.4417,51.4400,0.0000,17916.3864,17916.3864,6.4478,5.8348,65609.2807,2927.3366,62681.9440,4.4775,15386.3015,443.5319,15829.8334,218.6744,3370.8686,50222.9792,46852.1106,5.8348,5.8242,1122.1471,0.0000,1122.1471,0.0483,314.5442,0.0000,314.5442,2.3571,0.0000,807.6029,807.6029,5.8242,5.6185,20571.6236,5.0385,20566.5851,1.3642,4841.7435,0.7986,4842.5421,66.6261,5.8371,15729.8801,15724.0430,5.6185,5.5210,10372.4817,0.0000,10372.4817,0.4474,2917.3498,0.0000,2917.3498,21.8515,0.0000,7455.1319,7455.1319,5.5210,5.9074,5.7142,5.7142,-0.9848,-14772.0017,5.7142,5.9717,5.7829,5.8430,-0.6562,-5249.5309,5.7829,5.9946,5.8323,5.8887,-0.5394,-3775.9100,19.8205,1548.8028,74148.6018,-23797.4427
210.2463,4.9060,5.3872,35175.8189,80538.2032,-45362.3843,5.8052,8495.5913,11106.3521,19601.9434,283.5175,91644.5554,26680.2276,-64964.3277,5.3872,5.2555,24767.8281,0.0000,24767.8281,1.0224,6991.5572,0.0000,6991.5572,49.9334,0.0000,17776.2709,17776.2709,5.2555,4.0004,227276.3000,2927.3366,224348.9634,14.6903,54510.7829,440.8782,54951.6611,717.4522,3368.2149,172765.5171,169397.3022,4.0004,3.9945,1122.1471,0.0000,1122.1471,0.0471,323.8156,0.0000,323.8156,2.2996,0.0000,798.3315,798.3315,3.9945,3.8791,20571.6236,5.0385,20566.5851,1.3289,5003.6878,0.7973,5004.4850,64.9031,5.8358,15567.9359,15562.1001,3.8791,3.8245,10372.4817,0.0000,10372.4817,0.4371,2998.9779,0.0000,2998.9779,21.3468,0.0000,7373.5038,7373.5038,3.8245,5.1218,4.4731,4.4731,-5.8370,-87555.2659,4.4731,5.4046,4.7215,4.9389,-4.1912,-33529.3163,4.7215,5.5122,4.9060,5.1169,-3.5575,-24902.8021,34.9966,2734.6865,235815.6211,-145987.3843
441.6276,5.8059,6.6552,35175.8189,80538.2032,-45362.3843,5.8358,8350.7417,11265.1504,19615.8921,285.0119,91803.3537,26825.0772,-64978.2764,6.6552,6.4210,24767.8281,0.0000,24767.8281,1.0485,6854.3156,0.0000,6854.3156,51.2063,0.0000,17913.5125,17913.5125,6.4210,5.8085,65609.2807,2927.3366,62681.9440,4.4545,15394.0093,443.4631,15837.4724,217.5495,3370.7997,50215.2714,46844.4717,5.8085,5.7979,1122.1471,0.0000,1122.1471,0.0489,314.6738,0.0000,314.6738,2.3862,0.0000,807.4733,807.4733,5.7979,5.5924,20571.6236,5.0385,20566.5851,1.3819,4844.0024,0.7986,4844.8010,67.4910,5.8371,15727.6212,15721.7842,5.5924,5.4949,10372.4817,0.0000,10372.4817,0.4528,2918.5484,0.0000,2918.5484,22.1122,0.0000,7453.9334,7453.9334,5.4949,5.8760,5.6855,5.6855,-0.9719,-14577.9636,5.6855,5.9467,5.7551,5.8161,-0.6662,-5329.4572,5.7551,5.9725,5.8059,5.8638,-0.5544,-3880.4634,19.8335,1549.8169,74148.6018,-23787.8842
448.3724,5.6651,6.4229,35175.8189,80538.2032,-45362.3843,5.8061,8373.1281,11239.4541,19612.5822,283.5583,91777.6574,26802.6908,-64974.9665,6.4229,6.2143,24767.8281,0.0000,24767.8281,1.0229,6879.0919,0.0000,6879.0919,49.9591,0.0000,17888.7363,17888.7363,6.2143,5.6686,65609.2807,2927.3366,62681.9440,4.3510,15453.6284,442.9467,15896.5751,212.4969,3370.2833,50155.6523,46785.3689,5.6686,5.6592,1122.1471,0.0000,1122.1471,0.0471,315.3651,0.0000,315.3651,2.3008,0.0000,806.7820,806.7820,5.6592,5.2243,48826.1000,5.0385,48821.0615,3.1555,11525.4730,0.7983,11526.2713,154.1118,5.8369,37300.6270,37294.7902,5.2243,5.1375,10372.4817,0.0000,10372.4817,0.4373,2935.5186,0.0000,2935.5186,21.3578,0.0000,7436.9631,7436.9631,5.1375,5.7999,5.4687,5.4687,-1.8931,-28396.5780,5.4687,5.8987,5.5834,5.6837,-1.2288,-9830.6817,5.5834,5.9338,5.6651,5.7586,-1.0016,-7011.0876,22.2300,1737.0834,102403.0782,-45238.3473
465.9618,5.7964,6.6584,35175.8189,80538.2032,-45362.3843,5.8105,8352.2461,11263.4099,19615.6561,283.7774,91801.6132,26823.5728,-64978.0404,6.6584,6.4208,24767.8281,0.0000,24767.8281,1.0275,6853.9674,0.0000,6853.9674,50.1816,0.0000,17913.8607,17913.8607,6.4208,5.7993,65609.2807,2927.3366,62681.9440,4.3690,15394.0628,443.4626,15837.5253,213.3757,3370.7992,50215.2179,46844.4187,5.7993,5.7886,1122.1471,0.0000,1122.1471,0.0472,314.7193,0.0000,314.7193,2.3071,0.0000,807.4279,807.4279,5.7886,5.5800,20571.6236,5.0385,20566.5851,1.3336,4844.8078,0.7985,4845.6064,65.1285,5.8371,15726.8158,15720.9788,5.5800,5.4811,10372.4817,0.0000,10372.4817,0.4405,2919.1150,0.0000,2919.1150,21.5142,0.0000,7453.3667,7453.3667,5.4811,5.8656,5.6734,5.6734,-0.9660,-14490.6124,5.6734,5.9399,5.7445,5.8067,-0.6697,-5357.7084,5.7445,5.9670,5.7964,5.8557,-0.5592,-3914.2932,19.5426,1527.0828,74148.6018,-23762.6140
467.7691,6.5193,8.5298,35175.8189,219744.9000,-184569.0811,12.0608,8238.7827,31105.2800,39344.0627,589.0289,250850.1800,26937.0362,-223913.1438,8.5298,8.3672,24767.8281,0.0000,24767.8281,1.0229,6660.2455,0.0000,6660.2455,49.9560,0.0000,18107.5826,18107.5826,8.3672,7.9415,65609.2807,2927.3366,62681.9440,4.3510,14854.1876,449.5523,15303.7398,212.4976,3376.8889,50755.0931,47378.2042,7.9415,7.9342,1122.1471,0.0000,1122.1471,0.0471,304.4610,0.0000,304.4610,2.3012,0.0000,817.6861,817.6861,7.9342,7.7914,20571.6236,5.0385,20566.5851,1.3299,4666.6262,0.8043,4667.4305,64.9517,5.8428,15904.9975,15899.1546,7.7914,7.7235,10372.4817,0.0000,10372.4817,0.4374,2820.7210,0.0000,2820.7210,21.3630,0.0000,7551.7607,7551.7607,7.7235,6.0651,6.8943,6.8943,6.1566,92349.3893,6.8943,6.0382,6.6660,6.4663,3.1780,25423.8273,6.6660,6.0373,6.5193,6.3517,2.3339,16337.0142,28.8738,2256.2363,-65058.0950,134110.2309
470.2309,6.9477,8.8075,35175.8189,219744.9000,-184569.0811,12.0629,8172.7858,31337.4789,39510.2647,589.1319,251082.3789,27003.0331,-224079.3458,8.8075,8.6570,24767.8281,0.0000,24767.8281,0.9880,6632.3940,0.0000,6632.3940,48.2543,0.0000,18135.4342,18135.4342,8.6570,8.6030,65609.2807,38418.4000,27190.8807,6.0368,14777.1418,5914.3191,20691.4609,294.8261,44332.7191,50832.1389,6499.4198,8.6030,8.5962,1122.1471,0.0000,1122.1471,0.0452,301.4196,0.0000,301.4196,2.2097,0.0000,820.7275,820.7275,8.5962,8.4638,20571.6236,5.0385,20566.5851,1.2726,4614.2497,0.8070,4615.0568,62.1507,5.8455,15957.3739,15951.5284,8.4638,8.4009,10372.4817,0.0000,10372.4817,0.4194,2792.0202,0.0000,2792.0202,20.4817,0.0000,7580.4615,7580.4615,8.4009,6.5187,7.4598,7.4598,7.5589,113382.8364,7.4598,6.3213,7.1562,6.8906,4.5722,36577.6904,7.1562,6.2625,6.9477,6.7094,3.5893,25124.9560,31.2374,2440.9307,-100549.1583,175085.4829
472.0382,6.8637,8.9095,35175.8189,219744.9000,-184569.0811,12.0652,8185.6568,31291.3034,39476.9602,589.2425,251036.2034,26990.1621,-224046.0413,8.9095,8.7438,24767.8281,0.0000,24767.8281,0.9831,6622.2174,0.0000,6622.2174,48.0148,0.0000,18145.6107,18145.6107,8.7438,8.3103,65609.2807,2927.3366,62681.9440,4.1654,14754.2155,450.9870,15205.2025,203.4320,3378.3236,50855.0652,47476.7416,8.3103,8.3028,1122.1471,0.0000,1122.1471,0.0447,302.7581,0.0000,302.7581,2.1834,0.0000,819.3890,819.3890,8.3028,8.1574,20571.6236,5.0385,20566.5851,1.2559,4637.3097,0.8058,4638.1154,61.3337,5.8443,15934.3140,15928.4697,8.1574,8.0883,10372.4817,0.0000,10372.4817,0.4143,2805.0287,0.0000,2805.0287,20.2324,0.0000,7567.4530,7567.4530,8.0883,6.5172,7.3028,7.3028,5.7349,86023.4769,7.3028,6.3305,7.0435,6.8166,3.5492,28393.7541,7.0435,6.2729,6.8637,6.6582,2.8130,19690.7314,28.3928,2218.6531,-65058.0950,134107.9624
731.1786,5.7984,6.6869,35175.8189,80538.2032,-45362.3843,5.7743,8351.9204,11263.7866,19615.7070,282.0064,91801.9899,26823.8985,-64978.0913,6.6869,6.4418,24767.8281,0.0000,24767.8281,0.9814,6850.9429,0.0000,6850.9429,47.9276,0.0000,17916.8852,17916.8852,6.4418,5.8007,65609.2807,2927.3366,62681.9440,4.1585,15388.0320,443.5164,15831.5484,203.0954,3370.8531,50221.2487,46850.3956,5.8007,5.7896,1122.1471,0.0000,1122.1471,0.0449,314.7125,0.0000,314.7125,2.1949,0.0000,807.4346,807.4346,5.7896,5.5745,20571.6236,5.0385,20566.5851,1.2632,4844.7192,0.7985,4845.5178,61.6931,5.8371,15726.9044,15721.0673,5.5745,5.4725,10372.4817,0.0000,10372.4817,0.4166,2919.3683,0.0000,2919.3683,20.3450,0.0000,7453.1134,7453.1134,5.4725,5.8735,5.6730,5.6730,-0.9774,-14661.1777,5.6730,5.9456,5.7457,5.8093,-0.6643,-5314.5370,5.7457,5.9717,5.7984,5.8587,-0.5510,-3856.8309,18.9583,1481.4299,74148.6018,-23832.5457
731.5890,5.7593,6.5666,35175.8189,80538.2032,-45362.3843,5.8063,8358.1298,11256.6220,19614.7518,283.5698,91794.8252,26817.6890,-64977.1362,6.5666,6.1438,47081.2000,0.0000,47081.2000,1.9433,13047.3112,0.0000,13047.3112,94.9100,0.0000,34033.8888,34033.8888,6.1438,5.5628,65609.2807,2927.3366,62681.9440,4.3492,15474.0776,442.7762,15916.8538,212.4088,3370.1128,50135.2031,46765.0903,5.5628,5.5528,1122.1471,0.0000,1122.1471,0.0471,315.8901,0.0000,315.8901,2.3012,0.0000,806.2571,806.2571,5.5528,5.3577,20571.6236,5.0385,20566.5851,1.3299,4865.1764,0.7982,4865.9745,64.9503,5.8367,15706.4473,15700.6106,5.3577,5.2653,10372.4817,0.0000,10372.4817,0.4375,2929.3460,0.0000,2929.3460,21.3653,0.0000,7443.1357,7443.1357,5.2653,5.9233,5.5943,5.5943,-1.7657,-26484.9771,5.5943,5.9606,5.6920,5.7775,-0.9830,-7863.7785,5.6920,5.9807,5.7593,5.8364,-0.7748,-5423.7440,20.8700,1630.8127,96461.9737,-39772.4996
731.7343,5.7509,6.5505,35175.8189,80538.2032,-45362.3843,5.8075,8359.4711,11255.0788,19614.5499,283.6304,91793.2820,26816.3478,-64976.9342,6.5505,6.1317,47081.2000,0.0000,47081.2000,1.9478,13050.5592,0.0000,13050.5592,95.1281,0.0000,34030.6408,34030.6408,6.1317,5.5563,65609.2807,2927.3366,62681.9440,4.3752,15477.5648,442.7474,15920.3122,213.6773,3370.0841,50131.7159,46761.6318,5.5563,5.5272,3292.3000,0.0000,3292.3000,0.1389,926.8938,0.0000,926.8938,6.7831,0.0000,2365.4062,2365.4062,5.5272,5.3340,20571.6236,5.0385,20566.5851,1.3365,4867.3967,0.7982,4868.1948,65.2747,5.8367,15704.2270,15698.3903,5.3340,5.2424,10372.4817,0.0000,10372.4817,0.4394,2930.4421,0.0000,2930.4421,21.4572,0.0000,7442.0396,7442.0396,5.2424,5.9162,5.5793,5.5793,-1.8252,-27378.0412,5.5793,5.9604,5.6810,5.7699,-1.0323,-8258.1125,5.6810,5.9808,5.7509,5.8309,-0.8121,-5685.0245,21.0680,1646.2818,98632.1266,-41321.1782
734.2657,5.6699,6.4467,35175.8189,80538.2032,-45362.3843,5.8078,8372.3693,11240.3180,19612.6873,283.6435,91778.5213,26803.4496,-64975.0717,6.4467,6.0401,47081.2000,0.0000,47081.2000,1.9484,13071.6353,0.0000,13071.6353,95.1573,0.0000,34009.5647,34009.5647,6.0401,5.4813,65609.2807,2927.3366,62681.9440,4.3762,15504.2178,442.5309,15946.7487,213.7287,3369.8675,50105.0628,46735.1953,5.4813,5.4531,3292.3000,0.0000,3292.3000,0.1389,927.9870,0.0000,927.9870,6.7839,0.0000,2364.3130,2364.3130,5.4531,5.2655,20571.6236,5.0385,20566.5851,1.3373,4873.8341,0.7981,4874.6321,65.3099,5.8366,15697.7896,15691.9530,5.2655,5.0938,20016.3000,0.0000,20016.3000,0.8482,5661.1352,0.0000,5661.1352,41.4265,0.0000,14355.1648,14355.1648,5.0938,5.8309,5.4624,5.4624,-2.0548,-30822.7426,5.4624,5.9197,5.5843,5.6910,-1.2752,-10201.5820,5.5843,5.9510,5.6699,5.7677,-1.0224,-7156.9549,21.6853,1694.5198,108275.9448,-48181.2795
734.4110,5.6778,6.4763,35175.8189,80538.2032,-45362.3843,5.8104,8371.1081,11241.7550,19612.8631,283.7699,91779.9582,26804.7108,-64975.2475,6.4763,6.0583,47081.2000,0.0000,47081.2000,1.9523,13065.6345,0.0000,13065.6345,95.3467,0.0000,34015.5655,34015.5655,6.0583,5.4839,65609.2807,2927.3366,62681.9440,4.3843,15498.9344,442.5734,15941.5078,214.1220,3369.9100,50110.3463,46740.4363,5.4839,5.4548,3292.3000,0.0000,3292.3000,0.1391,927.9500,0.0000,927.9500,6.7940,0.0000,2364.3500,2364.3500,5.4548,5.2620,20571.6236,5.0385,20566.5851,1.3394,4873.6821,0.7981,4874.4802,65.4122,5.8366,15697.9415,15692.1050,5.2620,5.1706,10372.4817,0.0000,10372.4817,0.4402,2933.7709,0.0000,2933.7709,21.4966,0.0000,7438.7108,7438.7108,5.1706,5.7933,5.4819,5.4819,-1.6890,-25335.4697,5.4819,5.9107,5.5963,5.6963,-1.1631,-9304.5924,5.5963,5.9457,5.6778,5.7710,-0.9480,-6635.8630,21.0984,1648.6594,98632.1266,-41275.9251
734.8214,5.6871,6.4910,35175.8189,80538.2032,-45362.3843,5.8101,8369.6273,11243.4440,19613.0713,283.7575,91781.6472,26806.1916,-64975.4556,6.4910,6.0701,47081.2000,0.0000,47081.2000,1.9512,13062.6472,0.0000,13062.6472,95.2927,0.0000,34018.5528,34018.5528,6.0701,5.4918,65609.2807,2927.3366,62681.9440,4.3827,15495.4886,442.6012,15938.0898,214.0441,3369.9378,50113.7921,46743.8542,5.4918,5.4818,1122.1471,0.0000,1122.1471,0.0474,316.2430,0.0000,316.2430,2.3155,0.0000,805.9041,805.9041,5.4818,5.2876,20571.6236,5.0385,20566.5851,1.3393,4871.3358,0.7981,4872.1339,65.4098,5.8366,15700.2878,15694.4512,5.2876,5.1956,10372.4817,0.0000,10372.4817,0.4402,2932.5841,0.0000,2932.5841,21.4981,0.0000,7439.8976,7439.8976,5.1956,5.8040,5.4998,5.4998,-1.6392,-24588.0415,5.4998,5.9090,5.6089,5.7044,-1.1026,-8820.5290,5.6089,5.9440,5.6871,5.7764,-0.9027,-6318.6377,20.9564,1637.5624,96461.9737,-39727.2081
744.0000,5.7869,6.6479,35175.8189,80538.2032,-45362.3843,5.8098,8353.7550,11261.6663,19615.4213,283.7430,91799.8696,26822.0639,-64977.8057,6.6479,6.4106,24767.8281,0.0000,24767.8281,1.0262,6855.0851,0.0000,6855.0851,50.1161,0.0000,17912.7431,17912.7431,6.4106,5.7898,65609.2807,2927.3366,62681.9440,4.3817,15396.9998,443.4365,15840.4363,213.9932,3370.7731,50212.2809,46841.5078,5.7898,5.7791,1122.1471,0.0000,1122.1471,0.0474,314.7659,0.0000,314.7659,2.3152,0.0000,807.3812,807.3812,5.7791,5.5708,20571.6236,5.0385,20566.5851,1.3385,4845.6207,0.7985,4846.4193,65.3725,5.8370,15726.0029,15720.1658,5.5708,5.4721,10372.4817,0.0000,10372.4817,0.4400,2919.5369,0.0000,2919.5369,21.4871,0.0000,7452.9448,7452.9448,5.4721,5.8525,5.6623,5.6623,-0.9569,-14353.0017,5.6623,5.9316,5.7341,5.7970,-0.6776,-5421.0473,5.7341,5.9603,5.7869,5.8472,-0.5691,-3983.8420,19.5654,1528.8651,74148.6018,-23757.8911
872.5530,6.1938,7.5343,21015.3231,89873.9246,-68858.6014,5.3451,4952.4776,12651.8596,17604.3372,261.0479,102525.7841,16062.8455,-86462.9387,7.5343,7.2483,25373.9659,0.0000,25373.9659,1.0481,6927.4789,0.0000,6927.4789,51.1888,0.0000,18446.4871,18446.4871,7.2483,6.7501,47788.0492,4006.3046,43781.7446,3.2670,11041.9688,610.0879,11652.0566,159.5536,4616.3925,36746.0805,32129.6880,6.7501,6.7371,1154.0577,0.0000,1154.0577,0.0485,318.9073,0.0000,318.9073,2.3671,0.0000,835.1504,835.1504,6.7371,6.5559,15286.7021,46.5618,15240.1403,0.9908,3540.4436,7.3977,3547.8413,48.3900,53.9596,11746.2585,11692.2989,6.5559,6.4365,10653.4185,0.0000,10653.4185,0.4494,2952.8043,0.0000,2952.8043,21.9456,0.0000,7700.6142,7700.6142,6.4365,6.1093,6.2729,6.2729,0.7034,10551.5548,6.2729,6.0939,6.2252,6.1834,0.3848,3078.6214,6.2252,6.0909,6.1938,6.1580,0.2887,2021.0132,16.7233,1306.7830,27344.7255,15651.1895
873.7827,5.7982,6.5731,21015.3231,89873.9246,-68858.6014,5.3416,4989.7656,12569.3992,17559.1648,260.8773,102443.3238,16025.5576,-86417.7662,6.5731,6.4086,25373.9659,0.0000,25373.9659,1.0308,7031.0076,0.0000,7031.0076,50.3426,0.0000,18342.9583,18342.9583,6.4086,5.2246,178544.2000,4006.3046,174537.8954,11.4428,41901.7603,606.8731,42508.6334,558.8502,4613.1777,136642.4397,132029.2620,5.2246,5.2172,1154.0577,0.0000,1154.0577,0.0476,326.6084,0.0000,326.6084,2.3236,0.0000,827.4492,827.4492,5.2172,5.1132,15286.7021,46.5618,15240.1403,0.9713,3637.0363,7.3726,3644.4089,47.4378,53.9344,11649.6658,11595.7314,5.1132,5.0447,10653.4185,0.0000,10653.4185,0.4408,3020.3213,0.0000,3020.3213,21.5298,0.0000,7633.0972,7633.0972,5.0447,6.0971,5.5709,5.5709,-3.9121,-58681.5855,5.5709,6.0909,5.7096,5.8309,-1.9330,-15464.1275,5.7096,6.0894,5.7982,5.8995,-1.4117,-9882.1754,28.9125,2259.2673,158100.8763,-84027.8884
880.2173,5.1019,5.2782,101721.8000,89873.9246,11847.8754,10.3646,24475.4471,12431.1030,36906.5501,506.1888,102305.0275,77246.3529,-25058.6747,5.2782,5.1501,25373.9659,0.0000,25373.9659,1.0496,7174.9774,0.0000,7174.9774,51.2620,0.0000,18198.9885,18198.9885,5.1501,4.2278,178544.2000,4006.3046,174537.8954,11.6382,42908.7326,603.1124,43511.8450,568.3905,4609.4171,135635.4674,131026.0504,4.2278,4.2220,1154.0577,0.0000,1154.0577,0.0490,331.8165,0.0000,331.8165,2.3937,0.0000,822.2412,822.2412,4.2220,4.1408,15286.7021,46.5618,15240.1403,1.0026,3702.8811,7.3678,3710.2489,48.9662,53.9296,11583.8210,11529.8914,4.1408,4.0874,10653.4185,0.0000,10653.4185,0.4535,3067.3421,0.0000,3067.3421,22.1461,0.0000,7586.0763,7586.0763,4.0874,5.3277,4.7076,4.7076,-5.8741,-88111.6001,4.7076,5.5622,4.9355,5.1349,-4.0473,-32378.2088,4.9355,5.6489,5.1019,5.2922,-3.3785,-23649.7906,36.8362,2878.4334,238807.3532,-144139.5995
881.4470,5.3320,6.0818,21015.3231,89873.9246,-68858.6014,5.3518,5034.3133,12475.8274,17510.1406,261.3750,102349.7519,15981.0099,-86368.7421,6.0818,5.9230,25373.9659,0.0000,25373.9659,1.0765,7085.0277,0.0000,7085.0277,52.5732,0.0000,18288.9382,18288.9382,5.9230,4.7800,178544.2000,4006.3046,174537.8954,11.9434,42285.0557,605.2716,42890.3273,583.2983,4611.5762,136259.1443,131647.5681,4.7800,4.7728,1154.0577,0.0000,1154.0577,0.0500,328.9142,0.0000,328.9142,2.4425,0.0000,825.1435,825.1435,4.7728,4.6724,15286.7021,46.5618,15240.1403,1.0242,3666.1819,7.3693,3673.5512,50.0205,53.9311,11620.5202,11566.5891,4.6724,4.6063,10653.4185,0.0000,10653.4185,0.4625,3041.4852,0.0000,3041.4852,22.5882,0.0000,7611.9333,7611.9333,4.6063,5.4807,5.0435,5.0435,-3.3571,-50356.2785,5.0435,5.6656,5.2094,5.3546,-2.3886,-19108.9060,5.2094,5.7347,5.3320,5.4720,-2.0167,-14116.9359,29.8627,2333.5146,158100.8763,-83582.1204
896.9305,6.1139,7.4449,21015.3231,89873.9246,-68858.6014,5.3495,4959.9754,12634.9681,17594.9436,261.2595,102508.8927,16055.3477,-86453.5450,7.4449,7.1610,25373.9659,0.0000,25373.9659,1.0596,6936.9882,0.0000,6936.9882,51.7493,0.0000,18436.9777,18436.9777,7.1610,6.6664,47788.0492,4006.3046,43781.7446,3.2980,11059.7314,609.7273,11669.4587,161.0681,4616.0319,36728.3178,32112.2859,6.6664,6.6536,1154.0577,0.0000,1154.0577,0.0495,319.3212,0.0000,319.3212,2.4152,0.0000,834.7365,834.7365,6.6536,6.4736,15286.7021,46.5618,15240.1403,1.0121,3545.6295,7.3958,3553.0252,49.4315,53.9576,11741.0727,11687.1150,6.4736,6.3550,10653.4185,0.0000,10653.4185,0.4575,2956.5827,0.0000,2956.5827,22.3437,0.0000,7696.8357,7696.8357,6.3550,6.0073,6.1812,6.1812,0.7528,11292.3579,6.1812,6.0229,6.1390,6.1020,0.3427,2741.6772,6.1390,6.0314,6.1139,6.0852,0.2328,1629.8841,16.8392,1315.8414,27344.7255,15663.9191
905.0695,6.0002,7.1593,21015.3231,89873.9246,-68858.6014,5.3423,4970.6660,12611.1559,17581.8219,260.9094,102485.0804,16044.6571,-86440.4233,7.1593,6.9125,25373.9659,0.0000,25373.9659,1.0325,6967.5284,0.0000,6967.5284,50.4263,0.0000,18406.4375,18406.4375,6.9125,6.4826,47788.0492,4006.3046,43781.7446,3.2204,11110.5946,608.7345,11719.3291,157.2800,4615.0391,36677.4546,32062.4155,6.4826,6.4714,1154.0577,0.0000,1154.0577,0.0477,320.2343,0.0000,320.2343,2.3273,0.0000,833.8234,833.8234,6.4714,6.0178,44156.4000,46.5618,44109.8382,2.8057,10274.5309,7.3918,10281.9227,137.0262,53.9536,33881.8691,33827.9154,6.0178,5.9149,10653.4185,0.0000,10653.4185,0.4415,2977.6717,0.0000,2977.6717,21.5637,0.0000,7675.7468,7675.7468,5.9149,6.0249,5.9699,5.9699,-0.2736,-4104.0717,5.9699,6.0358,5.9875,6.0028,-0.1638,-1310.4734,5.9875,6.0422,6.0002,6.0148,-0.1360,-952.1239,19.3352,1510.8790,56214.4234,-6366.6690
970.0459,6.1963,7.5443,21015.3231,89873.9246,-68858.6014,5.3433,4952.2412,12652.3948,17604.6360,260.9563,102526.3194,16063.0820,-86463.2375,7.5443,7.2567,25373.9659,0.0000,25373.9659,1.0380,6926.4119,0.0000,6926.4119,50.6960,0.0000,18447.5540,18447.5540,7.2567,6.7558,47788.0492,4006.3046,43781.7446,3.2357,11040.2538,610.1231,11650.3768,158.0252,4616.4277,36747.7954,32131.3678,6.7558,6.7427,1154.0577,0.0000,1154.0577,0.0478,318.8793,0.0000,318.8793,2.3355,0.0000,835.1784,835.1784,6.7427,6.5605,15286.7021,46.5618,15240.1403,0.9767,3540.0967,7.3979,3547.4946,47.6982,53.9597,11746.6054,11692.6457,6.5605,6.4404,10653.4185,0.0000,10653.4185,0.4454,2952.5936,0.0000,2952.5936,21.7543,0.0000,7700.8249,7700.8249,6.4404,6.1126,6.2765,6.2765,0.7009,10513.2167,6.2765,6.0953,6.2282,6.1859,0.3873,3098.5675,6.2282,6.0917,6.1963,6.1600,0.2918,2042.4865,16.6303,1299.5174,27344.7255,15654.2707
971.0768,6.9121,9.4889,21015.3231,255680.2000,-234664.8769,12.8070,4885.9781,36439.3418,41325.3199,625.4737,292119.5418,16129.3450,-275990.1968,9.4889,9.3147,25373.9659,0.0000,25373.9659,1.0306,6725.7002,0.0000,6725.7002,50.3332,0.0000,18648.2658,18648.2658,9.3147,9.0109,47788.0492,4006.3046,43781.7446,3.2146,10638.2566,620.4058,11258.6623,156.9947,4626.7104,37149.7927,32523.0823,9.0109,9.0030,1154.0577,0.0000,1154.0577,0.0476,308.0930,0.0000,308.0930,2.3234,0.0000,845.9647,845.9647,9.0030,8.8925,15286.7021,46.5618,15240.1403,0.9712,3405.3703,7.4752,3412.8455,47.4324,54.0370,11881.3318,11827.2948,8.8925,8.8196,10653.4185,0.0000,10653.4185,0.4408,2849.1534,0.0000,2849.1534,21.5279,0.0000,7804.2650,7804.2650,8.8196,6.2088,7.5142,7.5142,9.3204,139805.8367,7.5142,6.1477,7.1498,6.8309,4.8786,39028.4505,7.1498,6.1310,6.9121,6.6404,3.6372,25460.5504,27.7677,2169.8047,-138461.5499,204294.8377
974.9232,7.6364,9.9884,21015.3231,255680.2000,-234664.8769,12.8307,4820.4807,36916.2086,41736.6893,626.6287,292596.4086,16194.8424,-276401.5662,9.9884,9.8293,25373.9659,0.0000,25373.9659,0.9951,6676.0162,0.0000,6676.0162,48.6015,0.0000,18697.9497,18697.9497,9.8293,9.9276,47788.0492,42223.0000,5565.0492,5.0895,10542.7102,6571.2301,17113.9403,248.5643,48794.2301,37245.3390,-11548.8911,9.9276,9.9203,1154.0577,0.0000,1154.0577,0.0456,303.9117,0.0000,303.9117,2.2292,0.0000,850.1460,850.1460,9.9203,9.8193,15286.7021,46.5618,15240.1403,0.9281,3353.7188,7.5201,3361.2389,45.3261,54.0820,11932.9834,11878.9014,9.8193,9.7525,10653.4185,0.0000,10653.4185,0.4222,2809.9961,0.0000,2809.9961,20.6214,0.0000,7843.4224,7843.4224,9.7525,7.0793,8.4159,8.4159,10.4709,157064.0892,8.4159,6.7019,7.9588,7.5589,6.7138,53710.1864,7.9588,6.5771,7.6364,7.2680,5.4125,37887.5725,30.4670,2380.7308,-176678.2453,248661.8481
975.9541,7.5215,10.1342,21015.3231,255680.2000,-234664.8769,12.8564,4830.7723,36838.7227,41669.4951,627.8852,292518.9227,16184.5508,-276334.3719,10.1342,9.9573,25373.9659,0.0000,25373.9659,0.9866,6661.6600,0.0000,6661.6600,48.1821,0.0000,18712.3059,18712.3059,9.9573,9.6487,47788.0492,4006.3046,43781.7446,3.0656,10519.2551,624.3117,11143.5668,149.7194,4630.6163,37268.7941,32638.1778,9.6487,9.6407,1154.0577,0.0000,1154.0577,0.0449,305.1713,0.0000,305.1713,2.1937,0.0000,848.8864,848.8864,9.6407,9.5285,15286.7021,46.5618,15240.1403,0.9116,3369.2795,7.5056,3376.7851,44.5229,54.0674,11917.4226,11863.3552,9.5285,9.4545,10653.4185,0.0000,10653.4185,0.4154,2822.1610,0.0000,2822.1610,20.2887,0.0000,7831.2574,7831.2574,9.4545,7.0180,8.2362,8.2362,8.5895,128843.2089,8.2362,6.6658,7.8175,7.4510,5.5364,44290.9013,7.8175,6.5489,7.5215,7.1832,4.4722,31305.6787,27.4208,2142.7008,-138461.5499,204439.7890
1283.2057,6.2427,7.6322,21015.3231,89873.9246,-68858.6014,5.3327,4947.8991,12662.2524,17610.1515,260.4405,102536.1770,16067.4241,-86468.7529,7.6322,7.3354,25373.9659,0.0000,25373.9659,0.9841,6917.0923,0.0000,6917.0923,48.0615,0.0000,18456.8737,18456.8737,7.3354,6.8183,47788.0492,4006.3046,43781.7446,3.0586,11024.3008,610.4538,11634.7545,149.3760,4616.7584,36763.7485,32146.9901,6.8183,6.8048,1154.0577,0.0000,1154.0577,0.0451,318.5708,0.0000,318.5708,2.2043,0.0000,835.4869,835.4869,6.8048,6.6167,15286.7021,46.5618,15240.1403,0.9166,3536.2543,7.3994,3543.6537,44.7648,53.9612,11750.4478,11696.4866,6.6167,6.4928,10653.4185,0.0000,10653.4185,0.4175,2950.0157,0.0000,2950.0157,20.3915,0.0000,7703.4028,7703.4028,6.4928,6.1678,6.3303,6.3303,0.6742,10112.7453,6.3303,6.1355,6.2783,6.2329,0.4040,3232.1020,6.2783,6.1258,6.2427,6.2021,0.3164,2214.8871,16.1319,1260.5730,27344.7255,15559.7344
1284.0906,6.1919,7.4438,21015.3231,89873.9246,-68858.6014,5.3412,4952.6581,12651.4511,17604.1092,260.8580,102525.3757,16062.6650,-86462.7107,7.4438,6.9433,47572.7000,0.0000,47572.7000,1.9291,13006.1221,0.0000,13006.1221,94.2145,0.0000,34566.5779,34566.5779,6.9433,6.4790,47788.0492,4006.3046,43781.7446,3.2098,11104.2686,608.8548,11713.1235,156.7612,4615.1594,36683.7806,32068.6211,6.4790,6.4669,1154.0577,0.0000,1154.0577,0.0475,320.2523,0.0000,320.2523,2.3206,0.0000,833.8054,833.8054,6.4669,6.2978,15286.7021,46.5618,15240.1403,0.9700,3557.2673,7.3917,3564.6590,47.3719,53.9535,11729.4348,11675.4813,6.2978,6.1865,10653.4185,0.0000,10653.4185,0.4403,2964.6822,0.0000,2964.6822,21.5048,0.0000,7688.7363,7688.7363,6.1865,6.2503,6.2184,6.2184,-0.1469,-2203.8725,6.2184,6.1686,6.2051,6.1935,0.1148,918.1756,6.2051,6.1484,6.1919,6.1768,0.1306,914.2241,17.9069,1399.2743,49543.4596,-371.4728
1285.9094,6.1787,7.4131,21015.3231,89873.9246,-68858.6014,5.3417,4953.8985,12648.6464,17602.5449,260.8781,102522.5710,16061.4246,-86461.1464,7.4131,6.9197,47572.7000,0.0000,47572.7000,1.9359,13012.2411,0.0000,13012.2411,94.5443,0.0000,34560.4589,34560.4589,6.9197,6.4619,47788.0492,4006.3046,43781.7446,3.2338,11109.1178,608.7625,11717.8803,157.9325,4615.0671,36678.9314,32063.8643,6.4619,6.4500,1154.0577,0.0000,1154.0577,0.0478,320.3374,0.0000,320.3374,2.3357,0.0000,833.7203,833.7203,6.4500,6.3215,15286.7021,2357.3000,12929.4021,1.1037,3558.3249,374.2031,3932.5280,53.9050,2731.5031,11728.3772,8996.8741,6.3215,6.2117,10653.4185,0.0000,10653.4185,0.4430,2963.5884,0.0000,2963.5884,21.6367,0.0000,7689.8300,7689.8300,6.2117,6.1972,6.2045,6.2045,0.0339,508.9363,6.2045,6.1529,6.1907,6.1787,0.1205,963.7776,6.1907,6.1391,6.1787,6.1649,0.1205,843.6772,18.1588,1418.9573,47232.7214,2316.3910
1286.7943,6.1649,7.4121,21015.3231,89873.9246,-68858.6014,5.3418,4955.1915,12645.7273,17600.9189,260.8833,102519.6519,16060.1316,-86459.5203,7.4121,6.9135,47572.7000,0.0000,47572.7000,1.9370,13012.4460,0.0000,13012.4460,94.5982,0.0000,34560.2540,34560.2540,6.9135,6.4510,47788.0492,4006.3046,43781.7446,3.2352,11110.3795,608.7386,11719.1181,158.0035,4615.0432,36677.6697,32062.6265,6.4510,6.4390,1154.0577,0.0000,1154.0577,0.0478,320.3915,0.0000,320.3915,2.3365,0.0000,833.6662,833.6662,6.4390,6.2706,15286.7021,46.5618,15240.1403,0.9771,3559.0124,7.3911,3566.4035,47.7193,53.9529,11727.6897,11673.7368,6.2706,6.1597,10653.4185,0.0000,10653.4185,0.4428,2965.9417,0.0000,2965.9417,21.6268,0.0000,7687.4768,7687.4768,6.1597,6.1992,6.1795,6.1795,-0.0914,-1370.9545,6.1795,6.1535,6.1725,6.1665,0.0599,479.4835,6.1725,6.1396,6.1649,6.1561,0.0762,533.2270,17.9726,1404.4025,49543.4596,-358.2440
1331.7495,6.2455,7.5945,21015.3231,89873.9246,-68858.6014,5.3419,4947.6450,12662.8307,17610.4758,260.8889,102536.7553,16067.6781,-86469.0772,7.5945,7.3066,25373.9659,0.0000,25373.9659,1.0331,6921.0880,0.0000,6921.0880,50.4570,0.0000,18452.8779,18452.8779,7.3066,6.8051,47788.0492,4006.3046,43781.7446,3.2356,11030.1342,610.3321,11640.4664,158.0220,4616.6368,36757.9150,32141.2782,6.8051,6.7921,1154.0577,0.0000,1154.0577,0.0479,318.6355,0.0000,318.6355,2.3370,0.0000,835.4221,835.4221,6.7921,6.6096,15286.7021,46.5618,15240.1403,0.9773,3537.0412,7.3990,3544.4403,47.7302,53.9609,11749.6609,11695.7000,6.6096,6.4895,10653.4185,0.0000,10653.4185,0.4433,2950.3397,0.0000,2950.3397,21.6481,0.0000,7703.0788,7703.0788,6.4895,6.1740,6.3317,6.3317,0.6741,10111.6232,6.3317,6.1402,6.2806,6.2360,0.4091,3272.5483,6.2806,6.1298,6.2455,6.2052,0.3222,2255.5742,16.6186,1298.5995,27344.7255,15639.7456
1334.2505,6.2135,7.5201,21015.3231,89873.9246,-68858.6014,5.3412,4950.6393,12656.0253,17606.6646,260.8569,102529.9498,16064.6838,-86465.2660,7.5201,7.2414,25373.9659,0.0000,25373.9659,1.0297,6928.9794,0.0000,6928.9794,50.2865,0.0000,18444.9865,18444.9865,7.2414,6.7559,47788.0492,4006.3046,43781.7446,3.2115,11043.3635,610.0593,11653.4228,156.8466,4616.3639,36744.6857,32128.3218,6.7559,6.7432,1154.0577,0.0000,1154.0577,0.0475,318.8788,0.0000,318.8788,2.3212,0.0000,835.1789,835.1789,6.7432,6.5665,15286.7021,46.5618,15240.1403,0.9702,3540.0660,7.3979,3547.4639,47.3843,53.9597,11746.6361,11692.6764,6.5665,6.3453,20253.8000,0.0000,20253.8000,0.8372,5612.8078,0.0000,5612.8078,40.8894,0.0000,14640.9922,14640.9922,6.3453,6.1925,6.2689,6.2689,0.3371,5056.1959,6.2689,6.1491,6.2369,6.2090,0.2641,2112.8495,6.2369,6.1363,6.2135,6.1866,0.2220,1554.0230,17.1561,1340.6037,36945.1070,8723.0683
1379.7989,6.2484,7.6013,21015.3231,89873.9246,-68858.6014,5.3415,4947.3663,12663.4655,17610.8318,260.8695,102537.3901,16067.9568,-86469.4333,7.6013,7.3126,25373.9659,0.0000,25373.9659,1.0311,6920.3637,0.0000,6920.3637,50.3558,0.0000,18453.6022,18453.6022,7.3126,6.8097,47788.0492,4006.3046,43781.7446,3.2155,11028.9183,610.3574,11639.2758,157.0403,4616.6621,36759.1309,32142.4688,6.8097,6.7966,1154.0577,0.0000,1154.0577,0.0476,318.6130,0.0000,318.6130,2.3234,0.0000,835.4447,835.4447,6.7966,6.6136,15286.7021,46.5618,15240.1403,0.9712,3536.7614,7.3992,3544.1605,47.4319,53.9610,11749.9407,11695.9797,6.6136,6.4931,10653.4185,0.0000,10653.4185,0.4407,2950.1564,0.0000,2950.1564,21.5254,0.0000,7703.2621,7703.2621,6.4931,6.1774,6.3353,6.3353,0.6727,10089.8617,6.3353,6.1427,6.2839,6.2390,0.4102,3281.9485,6.2839,6.1319,6.2484,6.2079,0.3238,2266.8170,16.5714,1294.9109,27344.7255,15638.6272
1382.2011,6.2414,7.5843,21015.3231,89873.9246,-68858.6014,5.3412,4948.0216,12661.9734,17609.9950,260.8557,102535.8980,16067.3015,-86468.5965,7.5843,7.2978,25373.9659,0.0000,25373.9659,1.0295,6922.1647,0.0000,6922.1647,50.2801,0.0000,18451.8012,18451.8012,7.2978,6.7986,47788.0492,4006.3046,43781.7446,3.2112,11031.9238,610.2950,11642.2188,156.8288,4616.5996,36756.1254,32139.5258,6.7986,6.7612,3330.0000,0.0000,3330.0000,0.1371,919.5064,0.0000,919.5064,6.6972,0.0000,2410.4936,2410.4936,6.7612,6.5796,15286.7021,46.5618,15240.1403,0.9701,3538.9547,7.3983,3546.3530,47.3799,53.9601,11747.7474,11693.7873,6.5796,6.4600,10653.4185,0.0000,10653.4185,0.4404,2951.7170,0.0000,2951.7170,21.5060,0.0000,7701.7015,7701.7015,6.4600,6.1824,6.3212,6.3212,0.5956,8934.6423,6.3212,6.1451,6.2742,6.2331,0.3780,3024.1328,6.2742,6.1336,6.2414,6.2039,0.3018,2112.5080,16.6943,1304.5146,29520.6678,14071.2831
1416.0000,6.2506,7.6041,21015.3231,89873.9246,-68858.6014,5.3413,4947.1672,12663.9191,17611.0863,260.8585,102537.8437,16068.1559,-86469.6878,7.6041,7.3152,25373.9659,0.0000,25373.9659,1.0298,6920.0675,0.0000,6920.0675,50.2959,0.0000,18453.8984,18453.8984,7.3152,6.8121,47788.0492,4006.3046,43781.7446,3.2121,11028.3816,610.3686,11638.7502,156.8728,4616.6732,36759.6676,32142.9943,6.8121,6.7990,1154.0577,0.0000,1154.0577,0.0475,318.6012,0.0000,318.6012,2.3215,0.0000,835.4565,835.4565,6.7990,6.6159,15286.7021,46.5618,15240.1403,0.9708,3536.6137,7.3992,3544.0129,47.4144,53.9611,11750.0884,11696.1274,6.6159,6.4954,10653.4185,0.0000,10653.4185,0.4406,2950.0512,0.0000,2950.0512,21.5200,0.0000,7703.3673,7703.3673,6.4954,6.1801,6.3377,6.3377,0.6714,10071.0700,6.3377,6.1446,6.2862,6.2411,0.4113,3290.2234,6.2862,6.1335,6.2506,6.2098,0.3252,2276.5453,16.5633,1294.2794,27344.7255,15637.8388
1431.5104,6.3391,7.9438,10248.6033,107990.6505,-97742.0472,5.4944,2408.5697,15239.4416,17648.0114,268.3400,123230.0921,7840.0336,-115390.0586,7.9438,7.4618,47564.0000,0.0000,47564.0000,1.9298,12904.6299,0.0000,12904.6299,94.2462,0.0000,34659.3701,34659.3701,7.4618,7.2381,30066.3887,6129.7056,23936.6831,2.2077,6920.0010,934.8320,7854.8331,107.8207,7064.5376,23146.3877,16081.8500,7.2381,7.2045,3328.8000,0.0000,3328.8000,0.1371,912.9582,0.0000,912.9582,6.6945,0.0000,2415.8418,2415.8418,7.2045,6.9214,27936.3000,999.7934,26936.5066,1.8231,6417.6127,159.1058,6576.7185,89.0361,1158.8993,21518.6873,20359.7881,6.9214,6.7174,20249.0000,0.0000,20249.0000,0.8369,5580.7060,0.0000,5580.7060,40.8748,0.0000,14668.2940,14668.2940,6.7174,6.2302,6.4738,6.4738,1.1677,17515.0514,6.4738,6.1753,6.3942,6.3246,0.7154,5723.3189,6.3942,6.1579,6.3391,6.2761,0.5665,3965.5775,18.6435,1456.8294,24272.9425,27203.9478
1431.7668,6.3507,8.0134,10248.6033,107990.6505,-97742.0472,5.4955,2408.0417,15242.4385,17650.4802,268.3903,123233.0890,7840.5616,-115392.5274,8.0134,7.5138,47564.0000,0.0000,47564.0000,1.9177,12890.9469,0.0000,12890.9469,93.6585,0.0000,34673.0531,34673.0531,7.5138,7.2820,30066.3887,6129.7056,23936.6831,2.2022,6913.4137,935.1787,7848.5924,107.5512,7064.8843,23152.9750,16088.0907,7.2820,7.2471,3328.8000,0.0000,3328.8000,0.1360,912.3423,0.0000,912.3423,6.6410,0.0000,2416.4577,2416.4577,7.2471,6.9537,27936.3000,999.7934,26936.5066,1.8084,6412.8655,159.1316,6571.9971,88.3202,1158.9250,21523.4345,20364.5095,6.9537,6.8429,10610.0546,0.0000,10610.0546,0.4360,2922.7128,0.0000,2922.7128,21.2936,0.0000,7687.3418,7687.3418,6.8429,6.1673,6.5051,6.5051,1.5630,23445.3422,6.5051,6.1582,6.4126,6.3316,0.8026,6421.1477,6.4126,6.1473,6.3507,6.2799,0.6138,4296.5566,17.9937,1406.0516,14633.9971,34163.0465
1432.5508,6.3682,8.0439,10248.6033,107990.6505,-97742.0472,5.4956,2407.2476,15246.9533,17654.2009,268.3970,123237.6038,7841.3557,-115396.2481,8.0439,7.5403,47564.0000,0.0000,47564.0000,1.9153,12884.9611,0.0000,12884.9611,93.5393,0.0000,34679.0389,34679.0389,7.5403,7.3066,30066.3887,6129.7056,23936.6831,2.2002,6910.0603,935.3567,7845.4170,107.4559,7065.0624,23156.3284,16091.2661,7.3066,7.2939,1206.3306,0.0000,1206.3306,0.0492,330.5002,0.0000,330.5002,2.4047,0.0000,875.8304,875.8304,7.2939,6.9981,27936.3000,999.7934,26936.5066,1.8069,6407.6648,159.1603,6566.8251,88.2456,1158.9537,21528.6352,20369.6814,6.9981,6.8864,10610.0546,0.0000,10610.0546,0.4357,2920.7087,0.0000,2920.7087,21.2806,0.0000,7689.3459,7689.3459,6.8864,6.1884,6.5374,6.5374,1.6023,24034.8880,6.5374,6.1571,6.4360,6.3473,0.8730,6983.7871,6.4360,6.1452,6.3682,6.2906,0.6675,4672.3962,17.8545,1395.1755,12511.5277,35691.0714
1437.0820,6.4786,8.2896,10248.6033,107990.6505,-97742.0472,5.4958,2402.2430,15275.6170,17677.8600,268.4070,123266.2675,7846.3604,-115419.9072,8.2896,7.9963,25605.7218,0.0000,25605.7218,1.0305,6910.6553,0.0000,6910.6553,50.3281,0.0000,18695.0666,18695.0666,7.9963,7.7429,30066.3887,6129.7056,23936.6831,2.1992,6852.9037,938.5535,7791.4572,107.4074,7068.2591,23213.4850,16145.2259,7.7429,7.7292,1206.3306,0.0000,1206.3306,0.0492,328.2958,0.0000,328.2958,2.4036,0.0000,878.0348,878.0348,7.7292,7.4088,27936.3000,999.7934,26936.5066,1.8052,6359.6534,159.4486,6519.1020,88.1640,1159.2420,21576.6466,20417.4046,7.4088,7.2878,10610.0546,0.0000,10610.0546,0.4354,2902.2908,0.0000,2902.2908,21.2628,0.0000,7707.7637,7707.7637,7.2878,6.1880,6.7379,6.7379,2.3365,35047.2118,6.7379,6.1518,6.5816,6.4449,1.2450,9959.9984,6.5816,6.1399,6.4786,6.3608,0.9383,6567.8471,16.5231,1291.1349,-9446.7505,51575.0573
1545.2137,6.7654,8.8321,10248.6033,107990.6505,-97742.0472,5.4971,2389.3224,15351.3254,17740.6478,268.4708,123341.9759,7859.2809,-115482.6950,8.8321,8.4965,25605.7218,0.0000,25605.7218,1.0259,6854.2329,0.0000,6854.2329,50.1036,0.0000,18751.4889,18751.4889,8.4965,8.2065,30066.3887,6129.7056,23936.6831,2.1823,6791.3415,942.3530,7733.6945,106.5817,7072.0586,23275.0472,16202.9886,8.2065,8.1907,1206.3306,0.0000,1206.3306,0.0488,325.9845,0.0000,325.9845,2.3842,0.0000,880.3461,880.3461,8.1907,8.1184,6716.3535,999.7934,5716.5601,0.4720,1516.9159,159.7956,1676.7115,23.0502,1159.5890,5199.4375,4039.8485,8.1184,7.9799,10610.0546,0.0000,10610.0546,0.4320,2870.9760,0.0000,2870.9760,21.0998,0.0000,7739.0786,7739.0786,7.9799,6.3762,7.1781,7.1781,2.9871,44805.7982,7.1781,6.2550,6.9319,6.7165,1.7193,13754.7764,6.9319,6.2182,6.7654,6.5750,1.3294,9305.7621,14.4873,1132.0569,-30666.6970,67866.3367
1552.7863,6.5250,7.5058,64990.1000,107990.6505,-43000.5505,8.8305,15220.1794,15287.7493,30507.9287,431.2684,123278.3998,49769.9206,-73508.4792,7.5058,7.2574,25605.7218,0.0000,25605.7218,1.0160,6993.8026,0.0000,6993.8026,49.6174,0.0000,18611.9193,18611.9193,7.2574,7.0431,30066.3887,6129.7056,23936.6831,2.1642,6946.0068,933.5020,7879.5088,105.6938,7063.2076,23120.3819,16057.1743,7.0431,7.0314,1206.3306,0.0000,1206.3306,0.0484,331.8449,0.0000,331.8449,2.3640,0.0000,874.4857,874.4857,7.0314,6.9779,6716.3535,999.7934,5716.5601,0.4681,1547.5534,159.0049,1706.5583,22.8608,1158.7983,5168.8000,4010.0018,6.9779,6.8753,10610.0546,0.0000,10610.0546,0.4264,2921.6194,0.0000,2921.6194,20.8258,0.0000,7688.4352,7688.4352,6.8753,6.5036,6.6895,6.6895,0.9285,13927.8366,6.6895,6.3417,6.5967,6.5156,0.8687,6949.7410,6.5967,6.2891,6.5250,6.4429,0.7684,5379.0119,19.4303,1518.3123,24074.7997,26256.5895
1856.9669,6.8637,8.9194,10248.6033,107990.6505,-97742.0472,5.4977,2384.9217,15377.6828,17762.6044,268.4980,123368.3333,7863.6817,-115504.6516,8.9194,8.5855,25605.7218,0.0000,25605.7218,1.0408,6845.2289,0.0000,6845.2289,50.8292,0.0000,18760.4929,18760.4929,8.5855,8.2968,30066.3887,6129.7056,23936.6831,2.2099,6780.5101,943.0613,7723.5714,107.9274,7072.7669,23285.8786,16213.1117,8.2968,8.2811,1206.3306,0.0000,1206.3306,0.0495,325.5377,0.0000,325.5377,2.4155,0.0000,880.7929,880.7929,8.2811,8.2092,6716.3535,999.7934,5716.5601,0.4780,1514.5782,159.8685,1674.4467,23.3436,1159.6619,5201.7753,4042.1134,8.2092,8.0713,10610.0546,0.0000,10610.0546,0.4355,2867.0180,0.0000,2867.0180,21.2709,0.0000,7743.0366,7743.0366,8.0713,6.5097,7.2905,7.2905,2.9247,43871.1152,7.2905,6.3438,7.0380,6.8171,1.7731,14184.8876,7.0380,6.2907,6.8637,6.6644,1.3996,9797.4699,14.5670,1138.2829,-30666.6970,67853.4727
1865.0331,6.4259,7.7294,10248.6033,107990.6505,-97742.0472,5.5018,2404.6295,15261.9027,17666.5322,268.7008,123252.5532,7843.9738,-115408.5794,7.7294,7.5189,25605.7218,0.0000,25605.7218,1.0144,6969.8884,0.0000,6969.8884,49.5403,0.0000,18635.8334,18635.8334,7.5189,6.5299,122863.3000,6129.7056,116733.5944,7.8448,28248.3231,935.2131,29183.5362,383.1260,7064.9187,94614.9769,87550.0582,6.5299,6.5200,1206.3306,0.0000,1206.3306,0.0483,334.4933,0.0000,334.4933,2.3602,0.0000,871.8373,871.8373,6.5200,6.4748,6716.3535,999.7934,5716.5601,0.4673,1561.4600,158.7414,1720.2014,22.8241,1158.5349,5154.8935,3996.3586,6.4748,6.3882,10610.0546,0.0000,10610.0546,0.4257,2944.4901,0.0000,2944.4901,20.7914,0.0000,7665.5645,7665.5645,6.3882,6.5465,6.4674,6.4674,-0.4671,-7006.6668,6.4674,6.4014,6.4498,6.4344,0.1947,1557.2399,6.4498,6.3472,6.4259,6.3985,0.3026,2118.3753,22.9535,1793.6226,62130.2142,-3331.0516
2075.4746,6.8987,8.9559,10248.6033,107990.6505,-97742.0472,5.4965,2383.3549,15387.1374,17770.4923,268.4403,123377.7879,7865.2484,-115512.5395,8.9559,8.6217,25605.7218,0.0000,25605.7218,1.0365,6841.4757,0.0000,6841.4757,50.6194,0.0000,18764.2461,18764.2461,8.6217,8.3328,30066.3887,6129.7056,23936.6831,2.2000,6776.1124,943.3523,7719.4647,107.4465,7073.0579,23290.2764,16217.2184,8.3328,8.3171,1206.3306,0.0000,1206.3306,0.0499,325.3600,0.0000,325.3600,2.4391,0.0000,880.9706,880.9706,8.3171,8.2451,6716.3535,999.7934,5716.5601,0.4825,1513.6498,159.8980,1673.5478,23.5641,1159.6914,5202.7037,4043.0123,8.2451,8.1071,10610.0546,0.0000,10610.0546,0.4397,2865.4549,0.0000,2865.4549,21.4754,0.0000,7744.5997,7744.5997,8.1071,6.5545,7.3308,7.3308,2.9060,43590.4307,7.3308,6.3749,7.0759,6.8529,1.7890,14312.1346,7.0759,6.3166,6.8987,6.6963,1.4210,9947.3449,14.5578,1137.5635,-30666.6970,67849.9102
2078.5254,7.0112,8.8925,10248.6033,107990.6505,-97742.0472,5.5023,2378.3409,15417.6472,17795.9881,268.7223,123408.2977,7870.2624,-115538.0353,8.8925,8.5871,25605.7218,0.0000,25605.7218,1.0137,6847.9995,0.0000,6847.9995,49.5082,0.0000,18757.7223,18757.7223,8.5871,8.3231,30066.3887,6129.7056,23936.6831,2.1597,6780.3130,943.0743,7723.3873,105.4743,7072.7799,23286.0757,16213.2958,8.3231,8.3088,1206.3306,0.0000,1206.3306,0.0483,325.4079,0.0000,325.4079,2.3586,0.0000,880.9227,880.9227,8.3088,8.5869,6716.3535,19213.5000,-12497.1465,1.4659,1513.8654,3072.7033,4586.5688,71.5910,22286.2033,5202.4880,-17083.7153,8.5869,8.4606,10610.0546,0.0000,10610.0546,0.4254,2850.6570,0.0000,2850.6570,20.7778,0.0000,7759.3976,7759.3976,8.4606,6.5770,7.5188,7.5188,3.8560,57839.4012,7.5188,6.3920,7.2183,6.9554,2.3068,18454.2458,7.2183,6.3309,7.0112,6.7746,1.8166,12716.5340,15.9229,1244.2372,-48880.4036,89010.1810
2145.7527,6.9100,8.9860,10248.6033,107990.6505,-97742.0472,5.5037,2382.8505,15390.1889,17773.0395,268.7919,123380.8395,7865.7528,-115515.0867,8.9860,8.6487,25605.7218,0.0000,25605.7218,1.0149,6838.3830,0.0000,6838.3830,49.5640,0.0000,18767.3388,18767.3388,8.6487,8.3572,30066.3887,6129.7056,23936.6831,2.1609,6772.8332,943.5707,7716.4039,105.5348,7073.2763,23293.5555,16220.2792,8.3572,8.3414,1206.3306,0.0000,1206.3306,0.0483,325.2395,0.0000,325.2395,2.3590,0.0000,881.0911,881.0911,8.3414,8.2687,6716.3535,999.7934,5716.5601,0.4671,1513.0238,159.9181,1672.9419,22.8129,1159.7115,5203.3297,4043.6182,8.2687,8.1295,10610.0546,0.0000,10610.0546,0.4228,2864.4261,0.0000,2864.4261,20.6500,0.0000,7745.6285,7745.6285,8.1295,6.5639,7.3467,7.3467,2.9039,43558.9104,7.3467,6.3809,7.0892,6.8638,1.7913,14330.6046,7.0892,6.3215,6.9100,6.7053,1.4239,9967.4072,14.4265,1127.3103,-30666.6970,67856.9222
2147.5239,7.9976,11.1886,10248.6033,306645.8000,-296397.1967,14.4814,2335.1769,44572.0508,46907.2277,707.2468,351217.8508,7913.4264,-343304.4244,11.1886,11.0121,25605.7218,0.0000,25605.7218,1.0132,6619.6997,0.0000,6619.6997,49.4817,0.0000,18986.0221,18986.0221,11.0121,10.8588,30066.3887,6129.7056,23936.6831,2.1587,6499.6452,966.1128,7465.7579,105.4270,7095.8184,23566.7435,16470.9252,10.8588,10.8505,1206.3306,0.0000,1206.3306,0.0483,313.3633,0.0000,313.3633,2.3576,0.0000,892.9673,892.9673,10.8505,10.8123,6716.3535,999.7934,5716.5601,0.4668,1451.2624,162.6253,1613.8877,22.7997,1162.4187,5265.0911,4102.6724,10.8123,10.7393,10610.0546,0.0000,10610.0546,0.4253,2757.9955,0.0000,2757.9955,20.7689,0.0000,7852.0591,7852.0591,10.7393,7.2395,8.9894,8.9894,12.5495,188242.0202,8.9894,6.8010,8.4058,7.8952,7.8471,62777.1253,8.4058,6.6564,7.9976,7.5311,6.2730,43911.2239,27.8904,2179.3963,-229321.8465,294930.3693
2150.4761,8.7589,11.5088,10248.6033,306645.8000,-296397.1967,14.5502,2302.8343,45224.6980,47527.5323,710.6093,351870.4980,7945.7690,-343924.7290,11.5088,11.3567,25605.7218,0.0000,25605.7218,0.9756,6589.1642,0.0000,6589.1642,47.6450,0.0000,19016.5576,19016.5576,11.3567,11.7740,30066.3887,65433.4000,-35367.0113,5.1906,6462.0070,10354.2669,16816.2739,253.4999,75787.6669,23604.3818,-52183.2851,11.7740,11.7668,1206.3306,0.0000,1206.3306,0.0462,309.2470,0.0000,309.2470,2.2570,0.0000,897.0837,897.0837,11.7668,11.7339,6716.3535,999.7934,5716.5601,0.4471,1430.1402,163.9278,1594.0680,21.8362,1163.7212,5286.2133,4122.4920,11.7339,11.6708,10610.0546,0.0000,10610.0546,0.4068,2721.4889,0.0000,2721.4889,19.8668,0.0000,7888.5656,7888.5656,11.6708,8.1198,9.8953,9.8953,14.8031,222046.4806,9.8953,7.4299,9.2379,8.6626,10.2776,82220.7651,9.2379,7.1853,8.7589,8.2116,8.5565,59895.5814,32.4247,2533.7140,-288625.5409,364162.8271
2152.2473,8.5587,11.7662,10248.6033,306645.8000,-296397.1967,14.6007,2311.2575,45049.6244,47360.8819,713.0723,351695.4244,7937.3458,-343758.0786,11.7662,11.5885,25605.7218,0.0000,25605.7218,0.9704,6564.8488,0.0000,6564.8488,47.3933,0.0000,19040.8730,19040.8730,11.5885,11.4343,30066.3887,6129.7056,23936.6831,2.0670,6437.0142,972.6500,7409.6641,100.9483,7102.3556,23629.3746,16527.0190,11.4343,11.4260,1206.3306,0.0000,1206.3306,0.0455,310.7605,0.0000,310.7605,2.2231,0.0000,895.5701,895.5701,11.4260,11.3876,6716.3535,999.7934,5716.5601,0.4404,1437.9079,163.4237,1601.3316,21.5077,1163.2171,5278.4456,4115.2285,11.3876,11.3141,10610.0546,0.0000,10610.0546,0.4006,2735.0794,0.0000,2735.0794,19.5656,0.0000,7874.9752,7874.9752,11.3141,7.9347,9.6244,9.6244,12.0729,181093.5778,9.6244,7.3084,9.0068,8.4664,8.2735,66188.2875,9.0068,7.0865,8.5587,8.0467,6.8601,48020.8762,27.7869,2171.3047,-229321.8465,295302.7416
2160.0000,7.1378,9.2528,10248.6033,107990.6505,-97742.0472,5.5253,2372.7245,15452.2837,17825.0082,269.8449,123442.9342,7875.8788,-115567.0554,9.2528,8.9086,25605.7218,0.0000,25605.7218,0.9663,6811.0988,0.0000,6811.0988,47.1937,0.0000,18794.6231,18794.6231,8.9086,8.6107,30066.3887,6129.7056,23936.6831,2.0596,6741.5088,945.7138,7687.2227,100.5871,7075.4195,23324.8799,16249.4604,8.6107,8.5946,1206.3306,0.0000,1206.3306,0.0458,323.9944,0.0000,323.9944,2.2355,0.0000,882.3362,882.3362,8.5946,8.5203,6716.3535,999.7934,5716.5601,0.4429,1506.5315,160.1341,1666.6656,21.6285,1159.9275,5209.8220,4049.8944,8.5203,8.3783,10610.0546,0.0000,10610.0546,0.4029,2853.5271,0.0000,2853.5271,19.6773,0.0000,7756.5275,7756.5275,8.3783,6.8509,7.6146,7.6146,2.7813,41719.9368,7.6146,6.5751,7.3374,7.0949,1.8930,15143.6974,7.3374,6.4819,7.1378,6.9096,1.5580,10905.7901,14.1641,1106.8008,-30666.6970,67769.4243
2175.5486,7.2426,9.8417,3426.6376,119695.4590,-116268.8214,5.6235,791.7747,17159.2077,17950.9824,274.6438,136854.6667,2634.8629,-134219.8037,9.8417,9.4930,24452.9100,0.0000,24452.9100,0.9630,6447.6730,0.0000,6447.6730,47.0317,0.0000,18005.2369,18005.2369,9.4930,9.4808,13333.4288,8435.4809,4897.9479,1.2514,2958.9005,1308.5082,4267.4086,61.1146,9743.9891,10374.5283,630.5392,9.4808,9.4649,1112.6360,0.0000,1112.6360,0.0443,294.9543,0.0000,294.9543,2.1646,0.0000,817.6817,817.6817,9.4649,9.5259,1067.7379,3426.7745,-2359.0366,0.2531,236.0246,551.7380,787.7625,12.3586,3978.5125,831.7133,-3146.7992,9.5259,9.2437,19818.1000,0.0000,19818.1000,0.7907,5250.1526,0.0000,5250.1526,38.6175,0.0000,14567.9474,14567.9474,9.2437,6.5874,7.9156,7.9156,4.5726,68589.5117,7.9156,6.4108,7.5143,7.1632,2.5903,20722.2980,7.5143,6.3499,7.2426,6.9321,2.0044,14030.5139,13.3890,1046.2338,-68346.2641,103342.3235
2219.4267,7.3163,10.0400,3426.6376,119695.4590,-116268.8214,5.6262,790.6886,17181.9241,17972.6127,274.7726,136877.3831,2635.9490,-134241.4340,10.0400,9.6743,24452.9100,0.0000,24452.9100,0.9532,6428.7793,0.0000,6428.7793,46.5509,0.0000,18024.1307,18024.1307,9.6743,9.6614,13333.4288,8435.4809,4897.9479,1.2428,2949.5117,1310.8128,4260.3245,60.6961,9746.2937,10383.9171,637.6234,9.6614,9.6448,1112.6360,0.0000,1112.6360,0.0436,294.1626,0.0000,294.1626,2.1315,0.0000,818.4734,818.4734,9.6448,9.7086,1067.7379,3426.7745,-2359.0366,0.2518,235.3198,552.3979,787.7177,12.2996,3979.1724,832.4181,-3146.7544,9.7086,9.5558,10235.1026,0.0000,10235.1026,0.4012,2704.0940,0.0000,2704.0940,19.5917,0.0000,7531.0086,7531.0086,9.5558,6.5751,8.0655,8.0655,4.8968,73452.3907,8.0655,6.3864,7.6177,7.2259,2.7585,22067.6452,7.6177,6.3258,7.3163,6.9718,2.1224,14856.6932,12.7781,998.5016,-77929.2616,110376.7291
2219.7787,7.2911,9.7667,3426.6376,119695.4590,-116268.8214,5.6280,791.0600,17174.1349,17965.1949,274.8635,136869.5939,2635.5776,-134234.0163,9.7667,9.1347,46560.8000,0.0000,46560.8000,1.8087,12290.6672,0.0000,12290.6672,88.3349,0.0000,34270.1328,34270.1328,9.1347,9.1233,13333.4288,8435.4809,4897.9479,1.2402,2977.6567,1304.1170,4281.7738,60.5687,9739.5980,10355.7721,616.1741,9.1233,9.1083,1112.6360,0.0000,1112.6360,0.0435,296.5344,0.0000,296.5344,2.1248,0.0000,816.1016,816.1016,9.1083,9.1663,1067.7379,3426.7745,-2359.0366,0.2516,237.4364,550.4945,787.9309,12.2879,3977.2690,830.3015,-3146.9675,9.1663,9.0278,10235.1026,0.0000,10235.1026,0.3999,2726.0540,0.0000,2726.0540,19.5295,0.0000,7509.0486,7509.0486,9.0278,6.9057,7.9668,7.9668,3.8354,57530.5414,7.9668,6.4734,7.5685,7.2201,2.6991,21592.8631,7.5685,6.3794,7.2911,6.9739,2.1493,15045.0313,14.0579,1098.5021,-55821.3715,94168.4359
2222.2213,7.2424,9.6903,3426.6376,119695.4590,-116268.8214,5.6274,791.7781,17159.1366,17950.9147,274.8324,136854.5956,2634.8595,-134219.7360,9.6903,9.0655,46560.8000,0.0000,46560.8000,1.8173,12304.6154,0.0000,12304.6154,88.7526,0.0000,34256.1846,34256.1846,9.0655,9.0544,13333.4288,8435.4809,4897.9479,1.2480,2981.3067,1303.2947,4284.6014,60.9512,9738.7756,10352.1221,613.3464,9.0544,9.0109,3250.2000,0.0000,3250.2000,0.1283,867.1237,0.0000,867.1237,6.2656,0.0000,2383.0763,2383.0763,9.0109,9.0683,1067.7379,3426.7745,-2359.0366,0.2523,237.8250,550.1702,787.9952,12.3233,3976.9447,829.9129,-3147.0318,9.0683,8.9314,10235.1026,0.0000,10235.1026,0.4037,2730.0612,0.0000,2730.0612,19.7158,0.0000,7505.0414,7505.0414,8.9314,6.8027,7.8670,7.8670,3.8906,58358.2894,7.8670,6.4883,7.4994,7.1777,2.5198,20158.2934,7.4994,6.3978,7.2424,6.9486,2.0132,14092.4710,14.2155,1110.8182,-53683.8076,92609.0538
2222.5733,7.2417,9.7108,3426.6376,119695.4590,-116268.8214,5.6262,791.7877,17158.9367,17950.7244,274.7723,136854.3957,2634.8499,-134219.5458,9.7108,9.0806,46560.8000,0.0000,46560.8000,1.8197,12300.8651,0.0000,12300.8651,88.8704,0.0000,34259.9349,34259.9349,9.0806,9.0693,13333.4288,8435.4809,4897.9479,1.2490,2980.5112,1303.4731,4283.9843,61.0010,9738.9540,10352.9175,613.9636,9.0693,9.0543,1112.6360,0.0000,1112.6360,0.0440,296.7746,0.0000,296.7746,2.1475,0.0000,815.8614,815.8614,9.0543,9.1122,1067.7379,3426.7745,-2359.0366,0.2525,237.6516,550.3140,787.9656,12.3299,3977.0885,830.0863,-3147.0022,9.1122,8.9741,10235.1026,0.0000,10235.1026,0.4044,2728.2649,0.0000,2728.2649,19.7500,0.0000,7506.8377,7506.8377,8.9741,6.7671,7.8706,7.8706,3.9989,59983.6043,7.8706,6.4805,7.4999,7.1755,2.5189,20151.3460,7.4999,6.3934,7.2417,6.9466,2.0050,14034.9965,14.0936,1101.2905,-55821.3715,94169.9468
2385.9952,7.3745,10.0948,3426.6376,119695.4590,-116268.8214,5.6261,789.8319,17199.9729,17989.8048,274.7715,136895.4319,2636.8057,-134258.6262,10.0948,9.7295,24452.9100,0.0000,24452.9100,0.9553,6423.5835,0.0000,6423.5835,46.6565,0.0000,18029.3265,18029.3265,9.7295,9.7165,13333.4288,8435.4809,4897.9479,1.2488,2946.6687,1311.5250,4258.1937,60.9901,9747.0059,10386.7601,639.7542,9.7165,9.6999,1112.6360,0.0000,1112.6360,0.0440,293.9218,0.0000,293.9218,2.1469,0.0000,818.7142,818.7142,9.6999,9.7637,1067.7379,3426.7745,-2359.0366,0.2524,235.1046,552.6048,787.7094,12.3269,3979.3793,832.6333,-3146.7460,9.7637,9.6110,10235.1026,0.0000,10235.1026,0.4041,2701.8851,0.0000,2701.8851,19.7346,0.0000,7533.2175,7533.2175,9.6110,6.6679,8.1395,8.1395,4.8418,72627.5806,8.1395,6.4314,7.6840,7.2854,2.8101,22480.8209,7.6840,6.3576,7.3745,7.0208,2.1820,15274.2634,12.7961,999.9041,-77929.2616,110382.6649
2386.3093,7.3087,9.1905,3426.6376,119695.4590,-116268.8214,5.6295,790.8007,17179.5713,17970.3720,274.9356,136875.0303,2635.8370,-134239.1934,9.1905,8.9389,24452.9100,0.0000,24452.9100,0.9490,6510.5176,0.0000,6510.5176,46.3483,0.0000,17942.3924,17942.3924,8.9389,8.2370,77083.1000,8435.4809,68647.6191,5.0569,17274.2953,1301.8097,18576.1050,246.9719,9737.2907,59808.8047,50071.5141,8.2370,8.2256,1112.6360,0.0000,1112.6360,0.0435,300.5264,0.0000,300.5264,2.1227,0.0000,812.1096,812.1096,8.2256,8.2697,1067.7379,3426.7745,-2359.0366,0.2515,241.0096,547.7922,788.8018,12.2844,3974.5667,826.7283,-3147.8385,8.2697,8.1649,10235.1026,0.0000,10235.1026,0.3995,2763.1596,0.0000,2763.1596,19.5108,0.0000,7471.9430,7471.9430,8.1649,7.5324,7.8487,7.8487,1.5039,22558.7078,7.8487,6.7061,7.5440,7.2774,2.7169,21735.2009,7.5440,6.5354,7.3087,7.0397,2.3982,16787.1509,18.4949,1445.2169,-14179.5903,61081.0595
2391.6907,6.9850,8.2621,38346.1000,119695.4590,-81349.3590,7.7261,8903.1530,17080.8083,25983.9613,377.3322,136776.2673,29442.9470,-107333.3203,8.2621,8.0497,24452.9100,0.0000,24452.9100,0.9641,6602.2884,0.0000,6602.2884,47.0833,0.0000,17850.6215,17850.6215,8.0497,7.4570,77083.1000,8435.4809,68647.6191,5.1283,17552.2361,1292.1414,18844.3775,250.4559,9727.6224,59530.8639,49803.2416,7.4570,7.4474,1112.6360,0.0000,1112.6360,0.0446,304.1268,0.0000,304.1268,2.1792,0.0000,808.5092,808.5092,7.4474,7.4849,1067.7379,3426.7745,-2359.0366,0.2536,244.2535,545.8528,790.1064,12.3849,3972.6273,823.4843,-3149.1430,7.4849,7.3964,10235.1026,0.0000,10235.1026,0.4102,2796.4571,0.0000,2796.4571,20.0346,0.0000,7438.6455,7438.6455,7.3964,7.0861,7.2412,7.2412,0.8693,13039.0427,7.2412,6.7225,7.1029,6.9819,1.4532,11625.5205,7.1029,6.5977,6.9850,6.8503,1.4154,9907.9317,21.7903,1702.7285,20739.8720,34572.4950
2392.0048,7.0264,8.8774,3426.6376,119695.4590,-116268.8214,5.6197,794.9768,17093.3032,17888.2801,274.4572,136788.7622,2631.6608,-134157.1014,8.8774,8.6303,24452.9100,0.0000,24452.9100,0.9802,6541.1750,0.0000,6541.1750,47.8718,0.0000,17911.7350,17911.7350,8.6303,7.9407,77083.1000,8435.4809,68647.6191,5.2112,17369.6745,1298.3030,18667.9775,254.5062,9733.7839,59713.4255,49979.6416,7.9407,7.9295,1112.6360,0.0000,1112.6360,0.0453,301.8845,0.0000,301.8845,2.2107,0.0000,810.7515,810.7515,7.9295,7.9729,1067.7379,3426.7745,-2359.0366,0.2548,242.2335,547.0054,789.2389,12.4430,3973.7799,825.5043,-3148.2756,7.9729,7.8700,10235.1026,0.0000,10235.1026,0.4162,2775.6606,0.0000,2775.6606,20.3253,0.0000,7459.4420,7459.4420,7.8700,6.8646,7.3673,7.3673,2.4289,36432.9737,7.3673,6.6417,7.1738,7.0045,1.7530,14023.9513,7.1738,6.5421,7.0264,6.8579,1.5262,10683.7127,18.7910,1468.3541,-14179.5903,61140.6378
2554.9382,7.4208,10.1330,3426.6376,119695.4590,-116268.8214,5.6207,789.1518,17214.3858,18003.5376,274.5077,136909.8448,2637.4858,-134272.3590,10.1330,9.7687,24452.9100,0.0000,24452.9100,0.9694,6419.9646,0.0000,6419.9646,47.3453,0.0000,18032.9453,18032.9453,9.7687,9.7557,13333.4288,8435.4809,4897.9479,1.2555,2944.6522,1312.0342,4256.6864,61.3180,9747.5152,10388.7766,641.2615,9.7557,9.7391,1112.6360,0.0000,1112.6360,0.0449,293.7509,0.0000,293.7509,2.1910,0.0000,818.8851,818.8851,9.7391,9.8027,1067.7379,3426.7745,-2359.0366,0.2540,234.9518,552.7532,787.7049,12.4066,3979.5277,832.7861,-3146.7416,9.8027,9.6504,10235.1026,0.0000,10235.1026,0.4124,2700.3224,0.0000,2700.3224,20.1432,0.0000,7534.7802,7534.7802,9.6504,6.7354,8.1929,8.1929,4.8104,72156.6426,8.1929,6.4732,7.7343,7.3330,2.8380,22704.1856,7.7343,6.3908,7.4208,7.0626,2.2172,15520.0541,12.8356,1002.9883,-77929.2616,110380.8822
2559.0618,7.3687,9.8142,3426.6376,119695.4590,-116268.8214,5.6307,789.9179,17198.1560,17988.0739,274.9931,136893.6150,2636.7197,-134256.8953,9.8142,9.4863,24452.9100,0.0000,24452.9100,0.9484,6450.2955,0.0000,6450.2955,46.3179,0.0000,18002.6145,18002.6145,9.4863,9.4748,13333.4288,8435.4809,4897.9479,1.2388,2959.2486,1308.4241,4267.6727,60.5028,9743.9050,10374.1802,630.2751,9.4748,9.4599,1112.6360,0.0000,1112.6360,0.0434,294.9805,0.0000,294.9805,2.1213,0.0000,817.6555,817.6555,9.4599,9.2850,17436.0000,3426.7745,14009.2255,1.2283,3854.5682,551.7199,4406.2881,59.9889,3978.4944,13581.4318,9602.9374,9.2850,9.1481,10235.1026,0.0000,10235.1026,0.3992,2721.2162,0.0000,2721.2162,19.4977,0.0000,7513.8864,7513.8864,9.1481,6.9256,8.0369,8.0369,4.0671,61006.4605,8.0369,6.5676,7.6451,7.3022,2.6886,21508.4227,7.6451,6.4605,7.3687,7.0528,2.1677,15174.0178,14.2333,1112.2119,-61560.9994,97688.9010
2650.7616,7.4435,10.1663,3426.6376,119695.4590,-116268.8214,5.6294,788.8196,17221.4512,18010.2709,274.9283,136916.9102,2637.8180,-134279.0922,10.1663,9.8005,24452.9100,0.0000,24452.9100,0.9536,6416.8166,0.0000,6416.8166,46.5730,0.0000,18036.0934,18036.0934,9.8005,9.7875,13333.4288,8435.4809,4897.9479,1.2429,2943.0167,1312.4498,4255.4665,60.7008,9747.9307,10390.4121,642.4814,9.7875,9.7709,1112.6360,0.0000,1112.6360,0.0436,293.6123,0.0000,293.6123,2.1317,0.0000,819.0237,819.0237,9.7709,9.8347,1067.7379,3426.7745,-2359.0366,0.2518,234.8283,552.8741,787.7023,12.2999,3979.6486,832.9096,-3146.7389,9.8347,9.6819,10235.1026,0.0000,10235.1026,0.4029,2699.0408,0.0000,2699.0408,19.6746,0.0000,7536.0618,7536.0618,9.6819,6.7619,8.2219,8.2219,4.8001,72001.2889,8.2219,6.4895,7.7599,7.3557,2.8479,22783.5561,7.7599,6.4037,7.4435,7.0818,2.2295,15606.6529,12.7863,999.1401,-77929.2616,110391.4980
2655.2384,7.5625,10.0274,3426.6376,119695.4590,-116268.8214,5.6313,787.0780,17258.7871,18045.8651,275.0212,136954.2461,2639.5596,-134314.6865,10.0274,9.6967,24452.9100,0.0000,24452.9100,0.9479,6429.9767,0.0000,6429.9767,46.2915,0.0000,18022.9332,18022.9332,9.6967,9.6849,13333.4288,8435.4809,4897.9479,1.2384,2948.3593,1311.1006,4259.4599,60.4806,9746.5816,10385.0695,638.4879,9.6849,9.6699,1112.6360,0.0000,1112.6360,0.0434,294.0596,0.0000,294.0596,2.1201,0.0000,818.5764,818.5764,9.6699,10.0805,1067.7379,19982.7000,-18914.9621,1.1586,235.2216,3221.7709,3456.9925,56.5819,23204.4709,832.5163,-22371.9546,10.0805,9.9420,10235.1026,0.0000,10235.1026,0.3990,2689.2470,0.0000,2689.2470,19.4869,0.0000,7545.8556,7545.8556,9.9420,6.8541,8.3981,8.3981,5.6087,84130.6266,8.3981,6.5415,7.9030,7.4698,3.3721,26977.1151,7.9030,6.4438,7.5625,7.1734,2.6504,18552.7650,14.1277,1103.9573,-94485.1871,129660.5067
2817.9121,7.4848,10.2102,3426.6376,119695.4590,-116268.8214,5.6343,788.2149,17234.3595,18022.5745,275.1697,136929.8185,2638.4227,-134291.3958,10.2102,9.8441,24452.9100,0.0000,24452.9100,0.9501,6412.6636,0.0000,6412.6636,46.4020,0.0000,18040.2463,18040.2463,9.8441,9.8310,13333.4288,8435.4809,4897.9479,1.2399,2940.7843,1313.0206,4253.8049,60.5530,9748.5015,10392.6445,644.1429,9.8310,9.8144,1112.6360,0.0000,1112.6360,0.0435,293.4231,0.0000,293.4231,2.1239,0.0000,819.2130,819.2130,9.8144,9.8782,1067.7379,3426.7745,-2359.0366,0.2516,234.6594,553.0407,787.7001,12.2863,3979.8152,833.0785,-3146.7367,9.8782,9.7253,10235.1026,0.0000,10235.1026,0.3973,2697.3008,0.0000,2697.3008,19.4045,0.0000,7537.8018,7537.8018,9.7253,6.8172,8.2712,8.2712,4.7763,71643.7672,8.2712,6.5241,7.8053,7.3977,2.8695,22956.1608,7.8053,6.4314,7.4848,7.1184,2.2567,15796.6006,12.7750,998.2544,-77929.2616,110396.5286
2819.4393,8.6029,12.1962,3426.6376,326779.4000,-323352.7624,15.0219,772.1499,48048.3970,48820.5469,733.6432,374827.7970,2654.4877,-372173.3093,12.1962,12.0202,24452.9100,0.0000,24452.9100,0.9471,6230.9295,0.0000,6230.9295,46.2567,0.0000,18221.9805,18221.9805,12.0202,12.0132,13333.4288,8435.4809,4897.9479,1.2378,2834.2555,1345.6300,4179.8855,60.4504,9781.1109,10499.1733,718.0623,12.0132,12.0052,1112.6360,0.0000,1112.6360,0.0434,284.2544,0.0000,284.2544,2.1185,0.0000,828.3816,828.3816,12.0052,12.0356,1067.7379,3426.7745,-2359.0366,0.2514,226.5043,563.1153,789.6196,12.2771,3989.8898,841.2336,-3148.6562,12.0356,11.9619,10235.1026,0.0000,10235.1026,0.3987,2614.0126,0.0000,2614.0126,19.4722,0.0000,7621.0900,7621.0900,11.9619,7.7563,9.8591,9.8591,14.5182,217773.7406,9.8591,7.1027,9.1241,8.4809,9.5153,76122.5888,9.1241,6.8904,8.6029,8.0072,7.7107,53974.9584,26.8503,2098.1234,-285013.2026,347871.2878
2822.5607,9.5788,12.5174,3426.6376,326779.4000,-323352.7624,15.1104,758.6272,48985.4262,49744.0534,737.9678,375764.8262,2668.0104,-373096.8158,12.5174,12.3736,24452.9100,0.0000,24452.9100,0.9164,6202.6365,0.0000,6202.6365,44.7554,0.0000,18250.2734,18250.2734,12.3736,13.0678,13333.4288,85013.8000,-71680.3712,5.2415,2817.8903,13622.4005,16440.2908,255.9859,98636.2005,10515.5384,-88120.6620,13.0678,13.0612,1112.6360,0.0000,1112.6360,0.0418,280.0537,0.0000,280.0537,2.0425,0.0000,832.5823,832.5823,13.0612,13.0860,1067.7379,3426.7745,-2359.0366,0.2488,222.8223,569.1464,791.9687,12.1507,3995.9209,844.9156,-3151.0053,13.0860,13.0257,10235.1026,0.0000,10235.1026,0.3846,2575.5481,0.0000,2575.5481,18.7817,0.0000,7659.5545,7659.5545,13.0257,8.9108,10.9682,10.9682,17.4134,261200.9995,10.9682,7.9744,10.1699,9.4713,12.6695,101355.6773,10.1699,7.6368,9.5788,8.9033,10.7194,75035.4709,32.9152,2572.0415,-361591.5216,437592.1477
2824.0879,9.2822,12.8674,3426.6376,326779.4000,-323352.7624,15.1907,762.6880,48694.0477,49456.7358,741.8909,375473.4477,2663.9496,-372809.4981,12.8674,12.6916,24452.9100,0.0000,24452.9100,0.9117,6172.1551,0.0000,6172.1551,44.5251,0.0000,18280.7549,18280.7549,12.6916,12.6845,13333.4288,8435.4809,4897.9479,1.2040,2803.3928,1357.3033,4160.6961,58.7992,9792.7843,10530.0360,737.2517,12.6845,12.6765,1112.6360,0.0000,1112.6360,0.0411,281.5630,0.0000,281.5630,2.0083,0.0000,831.0730,831.0730,12.6765,12.7068,1067.7379,3426.7745,-2359.0366,0.2477,224.1448,566.8608,791.0057,12.0987,3993.6353,843.5930,-3150.0423,12.7068,12.6333,10235.1026,0.0000,10235.1026,0.3782,2589.2761,0.0000,2589.2761,18.4694,0.0000,7645.8265,7645.8265,12.6333,8.5785,10.6059,10.6059,14.0544,210815.7520,10.6059,7.7415,9.8421,9.1737,9.9285,79427.9438,9.8421,7.4426,9.2822,8.6424,8.3168,58217.5086,26.9601,2106.6999,-285013.2026,348461.2044
2880.0000,7.5357,10.2801,3426.6376,119695.4590,-116268.8214,5.6801,787.4693,17250.3564,18037.8257,277.4076,136945.8154,2639.1683,-134306.6471,10.2801,9.9110,24452.9100,0.0000,24452.9100,0.9066,6406.0729,0.0000,6406.0729,44.2780,0.0000,18046.8371,18046.8371,9.9110,9.8975,13333.4288,8435.4809,4897.9479,1.2000,2937.3603,1313.9044,4251.2647,58.6059,9749.3853,10396.0685,646.6832,9.8975,9.8807,1112.6360,0.0000,1112.6360,0.0414,293.1342,0.0000,293.1342,2.0206,0.0000,819.5018,819.5018,9.8807,9.9450,1067.7379,3426.7745,-2359.0366,0.2481,234.4022,553.2975,787.6997,12.1170,3980.0720,833.3357,-3146.7363,9.9450,9.7908,10235.1026,0.0000,10235.1026,0.3804,2694.6379,0.0000,2694.6379,18.5804,0.0000,7540.4646,7540.4646,9.7908,6.8732,8.3320,8.3320,4.7582,71372.5427,8.3320,6.5659,7.8610,7.4489,2.8803,23042.2944,7.8610,6.4669,7.5357,7.1640,2.2735,15914.7594,12.6850,991.2226,-77929.2616,110329.5966
2895.4426,7.6250,9.6618,1507.3854,148955.0965,-147447.7111,6.8459,345.8366,21502.2541,21848.0907,334.3436,170457.3506,1161.5488,-169295.8018,9.6618,9.2668,44633.6000,0.0000,44633.6000,1.7267,11800.3093,0.0000,11800.3093,84.3311,0.0000,32833.2907,32833.2907,9.2668,9.0360,55650.2000,20846.2909,34803.9091,4.4110,12398.9584,3226.7545,15625.7129,215.4272,24073.0454,43251.2416,19178.1962,9.0360,9.0086,3104.8000,0.0000,3104.8000,0.1209,828.5603,0.0000,828.5603,5.9049,0.0000,2276.2397,2276.2397,9.0086,9.1381,209.0028,9415.8331,-9206.8303,0.5283,46.5545,1511.6958,1558.2503,25.8024,10927.5289,162.4483,-10765.0806,9.1381,8.9718,18844.4000,0.0000,18844.4000,0.7332,5021.2028,0.0000,5021.2028,35.8100,0.0000,13823.1972,13823.1972,8.9718,7.4258,8.1988,8.1988,4.2832,64247.4661,8.1988,6.9739,7.8722,7.5864,3.3936,27148.5955,7.8722,6.8126,7.6250,7.3424,2.9355,20548.4535,21.5492,1683.8863,-55267.8323,111944.5151
2895.5730,7.6265,9.6642,1507.3854,148955.0965,-147447.7111,6.8491,345.8266,21502.8716,21848.6982,334.4986,170457.9681,1161.5588,-169296.4092,9.6642,9.2690,44633.6000,0.0000,44633.6000,1.7452,11799.8981,0.0000,11799.8981,85.2342,0.0000,32833.7019,32833.7019,9.2690,9.0382,55650.2000,20846.2909,34803.9091,4.4511,12398.4761,3226.8208,15625.2969,217.3856,24073.1117,43251.7239,19178.6122,9.0382,9.0286,1085.0241,0.0000,1085.0241,0.0429,289.5449,0.0000,289.5449,2.0949,0.0000,795.4792,795.4792,9.0286,9.1581,209.0028,9415.8331,-9206.8303,0.5287,46.5389,1511.8769,1558.4158,25.8233,10927.7100,162.4639,-10765.2461,9.1581,8.9918,18844.4000,0.0000,18844.4000,0.7436,5019.6973,0.0000,5019.6973,36.3179,0.0000,13824.7027,13824.7027,8.9918,7.4144,8.2031,8.2031,4.3683,65524.6140,8.2031,6.9714,7.8746,7.5873,3.4111,27288.7797,7.8746,6.8112,7.6265,7.3429,2.9451,20615.7647,21.5411,1683.2505,-57287.6082,113429.1584
2896.1625,7.6446,9.7353,1507.3854,148955.0965,-147447.7111,6.8491,345.7107,21510.0008,21855.7115,334.5013,170465.0973,1161.6747,-169303.4226,9.7353,9.3297,44633.6000,0.0000,44633.6000,1.7452,11787.4342,0.0000,11787.4342,85.2307,0.0000,32846.1658,32846.1658,9.3297,9.0927,55650.2000,20846.2909,34803.9091,4.4510,12385.2013,3228.6562,15613.8575,217.3788,24074.9471,43264.9987,19190.0516,9.0927,9.0829,1085.0241,0.0000,1085.0241,0.0429,289.3079,0.0000,289.3079,2.0948,0.0000,795.7162,795.7162,9.0829,9.2159,209.0028,9415.8331,-9206.8303,0.5287,46.4964,1512.3737,1558.8701,25.8227,10928.2068,162.5063,-10765.7005,9.2159,9.1286,9628.1657,0.0000,9628.1657,0.3798,2562.4981,0.0000,2562.4981,18.5493,0.0000,7065.6676,7065.6676,9.1286,7.3717,8.2501,8.2501,4.7424,71135.5531,8.2501,6.9492,7.9032,7.5997,3.5115,28091.8929,7.9032,6.7948,7.6446,7.3490,2.9920,20944.0286,20.9951,1640.5864,-66503.8425,120171.4745
2897.0614,7.6986,9.9226,1507.3854,148955.0965,-147447.7111,6.8498,345.3649,21531.3636,21876.7285,334.5327,170486.4601,1162.0205,-169324.4396,9.9226,9.6966,23357.2151,0.0000,23357.2151,0.9121,6151.3904,0.0000,6151.3904,44.5470,0.0000,17205.8248,17205.8248,9.6966,9.4436,55650.2000,20846.2909,34803.9091,4.4472,12305.6907,3240.0714,15545.7621,217.1919,24086.3623,43344.5093,19258.1470,9.4436,9.4332,1085.0241,0.0000,1085.0241,0.0429,287.7939,0.0000,287.7939,2.0928,0.0000,797.2302,797.2302,9.4332,9.5746,209.0028,9415.8331,-9206.8303,0.5287,46.2248,1515.7098,1561.9346,25.8212,10931.5429,162.7780,-10768.7649,9.5746,9.4816,9628.1657,0.0000,9628.1657,0.3794,2548.8159,0.0000,2548.8159,18.5305,0.0000,7079.3498,7079.3498,9.4816,7.2823,8.3820,8.3820,5.5816,83724.0495,8.3820,6.8973,7.9861,7.6397,3.7679,30142.8718,7.9861,6.7542,7.6986,7.3701,3.1264,21884.5682,19.7401,1542.5186,-87780.2274,135751.4896
2987.0618,8.1969,11.1354,1507.3854,148955.0965,-147447.7111,6.8517,342.2054,21732.4596,22074.6651,334.6269,170687.5561,1165.1800,-169522.3761,11.1354,10.8353,23357.2151,0.0000,23357.2151,0.9092,6043.0629,0.0000,6043.0629,44.4029,0.0000,17314.1522,17314.1522,10.8353,11.2143,2878.5929,20846.2909,-17967.6980,1.2621,624.1533,3279.0760,3903.2293,61.6382,24125.3669,2254.4396,-21870.9274,11.2143,11.2004,1085.0241,0.0000,1085.0241,0.0426,280.4007,0.0000,280.4007,2.0799,0.0000,804.6234,804.6234,11.2004,11.3873,209.0028,9415.8331,-9206.8303,0.5285,44.9073,1536.0663,1580.9736,25.8122,10951.8994,164.0955,-10787.8039,11.3873,11.2634,9628.1657,0.0000,9628.1657,0.3770,2481.9748,0.0000,2481.9748,18.4143,0.0000,7146.1909,7146.1909,11.2634,7.3406,9.3020,9.3020,7.5434,113150.2812,9.3020,6.8614,8.6512,8.0817,4.6931,37544.6086,8.6512,6.7042,8.1969,7.6777,3.7439,26207.3395,14.9567,1168.7388,-140551.8345,176902.2293
2990.9382,8.1745,10.9740,1507.3854,148955.0965,-147447.7111,6.8697,342.3460,21723.2825,22065.6285,335.5039,170678.3790,1165.0394,-169513.3395,10.9740,10.6883,23357.2151,0.0000,23357.2151,0.8907,6057.2390,0.0000,6057.2390,43.4996,0.0000,17299.9761,17299.9761,10.6883,11.0494,2878.5929,20846.2909,-17967.6980,1.2622,625.7177,3273.7387,3899.4564,61.6431,24120.0296,2252.8752,-21867.1544,11.0494,11.0362,1085.0241,0.0000,1085.0241,0.0413,281.0717,0.0000,281.0717,2.0181,0.0000,803.9524,803.9524,11.0362,11.1007,8975.3000,9415.8331,-440.5331,1.0366,1933.5711,1533.9268,3467.4979,50.6280,10949.7599,7041.7289,-3908.0310,11.1007,10.9829,9628.1657,0.0000,9628.1657,0.3656,2492.2883,0.0000,2492.2883,17.8564,0.0000,7135.8774,7135.8774,10.9829,7.4552,9.2190,9.2190,7.1203,106804.2401,9.2190,6.9248,8.6072,8.0719,4.6306,37044.4662,8.6072,6.7529,8.1745,7.6800,3.7428,26199.8269,15.6992,1226.7576,-131785.5373,170048.5332
3297.9582,8.3784,11.3213,1507.3854,148955.0965,-147447.7111,6.8689,341.0679,21807.5414,22148.6094,335.4642,170762.6379,1166.3175,-169596.3204,11.3213,11.0205,23357.2151,0.0000,23357.2151,0.8931,6026.8319,0.0000,6026.8319,43.6169,0.0000,17330.3832,17330.3832,11.0205,11.4001,2878.5929,20846.2909,-17967.6980,1.2621,622.1947,3285.9343,3908.1290,61.6410,24132.2252,2256.3982,-21875.8270,11.4001,11.3862,1085.0241,0.0000,1085.0241,0.0414,279.6488,0.0000,279.6488,2.0236,0.0000,805.3754,805.3754,11.3862,11.5734,209.0028,9415.8331,-9206.8303,0.5280,44.7740,1538.5480,1583.3219,25.7854,10954.3811,164.2288,-10790.1523,11.5734,11.4493,9628.1657,0.0000,9628.1657,0.3674,2475.3308,0.0000,2475.3308,17.9415,0.0000,7152.8349,7152.8349,11.4493,7.5714,9.5103,9.5103,7.4492,111737.7514,9.5103,7.0227,8.8470,8.2665,4.7786,38228.7819,8.8470,6.8386,8.3784,7.8428,3.8580,27005.8684,14.9413,1167.5341,-140551.8345,176972.4017
3298.6083,9.3645,13.0485,1507.3854,386642.7000,-385135.3146,17.7076,335.0103,57709.4265,58044.4368,864.8127,444352.1265,1172.3751,-443179.7514,13.0485,12.9032,23357.2151,0.0000,23357.2151,0.8879,5880.6584,0.0000,5880.6584,43.3656,0.0000,17476.5567,17476.5567,12.9032,13.0855,2878.5929,20846.2909,-17967.6980,1.2623,603.1748,3363.7355,3966.9103,61.6464,24210.0264,2275.4181,-21934.6083,13.0855,13.0787,1085.0241,0.0000,1085.0241,0.0412,273.0361,0.0000,273.0361,2.0119,0.0000,811.9880,811.9880,13.0787,13.1686,209.0028,9415.8331,-9206.8303,0.5279,43.6043,1564.1505,1607.7548,25.7826,10979.9836,165.3984,-10814.5852,13.1686,13.1087,9628.1657,0.0000,9628.1657,0.3645,2420.0286,0.0000,2420.0286,17.8017,0.0000,7208.1371,7208.1371,13.1087,8.5490,10.8288,10.8288,18.2828,274241.7558,10.8288,7.6467,9.9803,9.2378,12.7589,102071.5403,9.9803,7.3415,9.3645,8.6609,10.5806,74064.4357,31.1872,2437.0102,-378239.4380,450377.7317
3303.3917,11.1943,14.0852,1507.3854,386642.7000,-385135.3146,17.8061,324.3251,59956.1788,60280.5039,869.6191,446598.8788,1183.0603,-445415.8185,14.0852,13.9712,23357.2151,0.0000,23357.2151,0.8635,5796.9829,0.0000,5796.9829,42.1732,0.0000,17560.2322,17560.2322,13.9712,14.9383,2878.5929,129980.5000,-127101.9071,7.0302,593.0983,21289.6622,21882.7605,343.3415,151270.1622,2285.4946,-148984.6676,14.9383,14.9330,1085.0241,0.0000,1085.0241,0.0401,266.1972,0.0000,266.1972,1.9580,0.0000,818.8269,818.8269,14.9330,15.0034,209.0028,9415.8331,-9206.8303,0.5280,42.4164,1598.3920,1640.8084,25.7847,11014.2251,166.5864,-10847.6388,15.0034,14.9562,9628.1657,0.0000,9628.1657,0.3553,2360.0922,0.0000,2360.0922,17.3516,0.0000,7268.0735,7268.0735,14.9562,10.6412,12.7987,12.7987,22.1545,332317.2957,12.7987,9.3951,11.8911,11.0969,17.4748,139798.4383,11.8911,8.9046,11.1943,10.3979,15.3333,107333.3763,39.9346,3120.5475,-487373.6471,579449.1103
3304.0418,10.7724,14.4296,1507.3854,386642.7000,-385135.3146,17.9976,326.7247,59415.2374,59741.9621,878.9733,446057.9374,1180.6607,-444877.2767,14.4296,14.2850,23357.2151,0.0000,23357.2151,0.8498,5769.8597,0.0000,5769.8597,41.5007,0.0000,17587.3554,17587.3554,14.2850,14.4657,2878.5929,20846.2909,-17967.6980,1.2653,590.2356,3430.2414,4020.4770,61.7935,24276.5323,2288.3573,-21988.1750,14.4657,14.4590,1085.0241,0.0000,1085.0241,0.0390,267.8987,0.0000,267.8987,1.9032,0.0000,817.1255,817.1255,14.4590,14.5481,209.0028,9415.8331,-9206.8303,0.5286,42.7107,1589.0232,1631.7339,25.8167,11004.8563,166.2920,-10838.5643,14.5481,14.4885,9628.1657,0.0000,9628.1657,0.3455,2374.5986,0.0000,2374.5986,16.8719,0.0000,7253.5671,7253.5671,14.4885,10.1543,12.3214,12.3214,17.5742,263612.9857,12.3214,9.0187,11.4407,10.6700,13.3920,107135.7536,11.4407,8.5767,10.7724,10.0087,11.6128,81289.5838,31.5385,2464.4621,-378239.4380,452038.3232
3562.7849,8.4925,11.4250,1507.3854,148955.0965,-147447.7111,6.9679,340.3561,21855.2682,22195.6243,340.3007,170810.3647,1167.0293,-169643.3354,11.4250,11.1249,23357.2151,0.0000,23357.2151,0.8453,6017.8158,0.0000,6017.8158,41.2839,0.0000,17339.3993,17339.3993,11.1249,11.5029,2878.5929,20846.2909,-17967.6980,1.2658,621.0984,3289.8601,3910.9585,61.8196,24136.1510,2257.4945,-21878.6565,11.5029,11.4889,1085.0241,0.0000,1085.0241,0.0392,279.2350,0.0000,279.2350,1.9167,0.0000,805.7892,805.7892,11.4889,11.6754,209.0028,9415.8331,-9206.8303,0.5284,44.7006,1539.9486,1584.6493,25.8055,10955.7817,164.3021,-10791.4796,11.6754,11.5516,9628.1657,0.0000,9628.1657,0.3478,2471.7052,0.0000,2471.7052,16.9874,0.0000,7156.4605,7156.4605,11.5516,7.7193,9.6354,9.6354,7.3864,110796.7343,9.6354,7.1314,8.9677,8.3834,4.8263,38610.4085,8.9677,6.9312,8.4925,7.9494,3.9253,27477.0152,14.9917,1171.4735,-140551.8345,176884.1581
3567.2151,8.7425,11.2406,1507.3854,148955.0965,-147447.7111,6.8805,338.8071,21961.1374,22299.9445,336.0319,170916.2338,1168.5783,-169747.6555,11.2406,10.9856,23357.2151,0.0000,23357.2151,0.8864,6033.8677,0.0000,6033.8677,43.2913,0.0000,17323.3474,17323.3474,10.9856,11.3076,2878.5929,20846.2909,-17967.6980,1.2623,622.5626,3284.6311,3907.1937,61.6486,24130.9220,2256.0303,-21874.8917,11.3076,11.2957,1085.0241,0.0000,1085.0241,0.0411,280.0229,0.0000,280.0229,2.0085,0.0000,805.0013,805.0013,11.2957,12.0116,209.0028,41957.0000,-41747.9972,2.3107,44.8388,6850.3573,6895.1960,112.8486,48807.3573,164.1640,-48643.1933,12.0116,11.9061,9628.1657,0.0000,9628.1657,0.3639,2459.8445,0.0000,2459.8445,17.7720,0.0000,7168.3212,7168.3212,11.9061,7.9992,9.9526,9.9526,8.8491,132736.1873,9.9526,7.3133,9.2488,8.6330,5.9782,47825.4884,9.2488,7.0788,8.7425,8.1638,4.9152,34406.1390,17.6173,1376.6420,-173093.0014,214967.8147
3583.8944,8.5125,11.4530,1507.3854,148955.0965,-147447.7111,6.8897,340.2320,21863.6522,22203.8841,336.4828,170818.7486,1167.1534,-169651.5952,11.4530,11.1524,23357.2151,0.0000,23357.2151,0.8891,6015.3877,0.0000,6015.3877,43.4237,0.0000,17341.8274,17341.8274,11.1524,11.5316,2878.5929,20846.2909,-17967.6980,1.2622,620.8104,3290.9022,3911.7125,61.6457,24137.1931,2257.7825,-21879.4105,11.5316,11.5177,1085.0241,0.0000,1085.0241,0.0413,279.1194,0.0000,279.1194,2.0149,0.0000,805.9047,805.9047,11.5177,11.7047,209.0028,9415.8331,-9206.8303,0.5279,44.6802,1540.3438,1585.0240,25.7832,10956.1769,164.3226,-10791.8543,11.7047,11.5807,9628.1657,0.0000,9628.1657,0.3619,2470.6661,0.0000,2470.6661,17.6748,0.0000,7157.4996,7157.4996,11.5807,7.7395,9.6601,9.6601,7.3871,110807.1199,9.6601,7.1466,8.9898,8.4033,4.8337,38669.8020,8.9898,6.9441,8.5125,7.9669,3.9342,27539.6793,14.9583,1168.8604,-140551.8345,177016.6013
3594.1056,8.4226,10.7492,24251.3000,148955.0965,-124703.7965,8.2121,5482.7638,21826.0048,27308.7686,401.0663,170781.1013,18768.5362,-152012.5651,10.7492,10.4847,23357.2151,0.0000,23357.2151,0.8860,6077.1037,0.0000,6077.1037,43.2714,0.0000,17280.1114,17280.1114,10.4847,10.8193,2878.5929,20846.2909,-17967.6980,1.2623,627.9009,3266.4937,3894.3946,61.6492,24112.7846,2250.6920,-21862.0926,10.8193,10.8070,1085.0241,0.0000,1085.0241,0.0411,282.0142,0.0000,282.0142,2.0075,0.0000,803.0100,803.0100,10.8070,10.9721,209.0028,9415.8331,-9206.8303,0.5279,45.1928,1531.0267,1576.2196,25.7818,10946.8598,163.8099,-10783.0499,10.9721,10.8629,9628.1657,0.0000,9628.1657,0.3637,2496.9477,0.0000,2496.9477,17.7634,0.0000,7131.2180,7131.2180,10.8629,7.9384,9.4007,9.4007,6.3692,95538.2455,9.4007,7.2869,8.8370,8.3438,4.6035,36828.3069,8.8370,7.0611,8.4226,7.9491,3.8677,27074.1212,16.9397,1323.6952,-117807.9199,159440.6737
3624.0000,8.5115,11.4515,1507.3854,148955.0965,-147447.7111,6.8779,340.2377,21863.2642,22203.5019,335.9066,170818.3606,1167.1477,-169651.2129,11.4515,11.1509,23357.2151,0.0000,23357.2151,0.8965,6015.5202,0.0000,6015.5202,43.7817,0.0000,17341.6949,17341.6949,11.1509,11.5301,2878.5929,20846.2909,-17967.6980,1.2621,620.8258,3290.8462,3911.6720,61.6388,24137.1371,2257.7671,-21879.3700,11.5301,11.5161,1085.0241,0.0000,1085.0241,0.0416,279.1257,0.0000,279.1257,2.0314,0.0000,805.8984,805.8984,11.5161,11.7031,209.0028,9415.8331,-9206.8303,0.5280,44.6813,1540.3222,1585.0035,25.7878,10956.1553,164.3215,-10791.8338,11.7031,11.5791,9628.1657,0.0000,9628.1657,0.3682,2470.7233,0.0000,2470.7233,17.9801,0.0000,7157.4423,7157.4423,11.5791,7.7353,9.6572,9.6572,7.3936,110903.3831,9.6572,7.1476,8.9880,8.4024,4.8272,38617.6902,8.9880,6.9461,8.5115,7.9670,3.9277,27493.6401,14.9614,1169.1031,-140551.8345,177014.7135
3639.5759,8.7474,11.3828,396.6197,167722.5585,-167325.9388,7.6721,89.1381,24730.4849,24819.6231,374.6912,192453.0435,307.4816,-192145.5619,11.3828,10.9562,41905.4000,0.0000,41905.4000,1.5896,10803.1967,0.0000,10803.1967,77.6355,0.0000,31102.2033,31102.2033,10.9562,11.4108,667.3038,29085.5252,-28418.2213,1.5661,144.3920,4581.3127,4725.7046,76.4857,33666.8379,522.9119,-33143.9260,11.4108,11.3812,2905.2000,0.0000,2905.2000,0.1101,748.6570,0.0000,748.6570,5.3753,0.0000,2156.5430,2156.5430,11.3812,11.6730,-0.0000,18286.0503,-18286.0503,1.0018,-0.0000,2987.8120,2987.8120,48.9262,21273.8623,0.0000,-21273.8623,11.6730,11.4942,17535.2000,0.0000,17535.2000,0.6624,4501.7250,0.0000,4501.7250,32.3523,0.0000,13033.4750,13033.4750,11.4942,8.1896,9.8419,9.8419,8.0313,120470.0406,9.8419,7.4766,9.2111,8.6592,5.7485,45987.7838,9.2111,7.2236,8.7474,8.2174,4.8303,33812.2088,18.9032,1477.1189,-151684.4105,200270.0333
3639.8034,8.7550,11.4576,396.6197,167722.5585,-167325.9388,7.6823,89.1257,24734.1669,24823.2926,375.1894,192456.7254,307.4940,-192149.2314,11.4576,11.0200,41905.4000,0.0000,41905.4000,1.5914,10791.5507,0.0000,10791.5507,77.7236,0.0000,31113.8493,31113.8493,11.0200,11.4862,667.3038,29085.5252,-28418.2213,1.5653,144.2361,4584.6283,4728.8644,76.4447,33670.1534,523.0677,-33147.0857,11.4862,11.4558,2905.2000,0.0000,2905.2000,0.1103,747.8439,0.0000,747.8439,5.3859,0.0000,2157.3561,2157.3561,11.4558,11.7551,-0.0000,18286.0503,-18286.0503,1.0018,-0.0000,2989.7819,2989.7819,48.9248,21275.8322,0.0000,-21275.8322,11.7551,11.6615,8950.3442,0.0000,8950.3442,0.3383,2295.0740,0.0000,2295.0740,16.5215,0.0000,6655.2702,6655.2702,11.6615,8.0884,9.8749,9.8749,8.4682,127022.7546,9.8749,7.4460,9.2272,8.6605,5.7565,46051.9410,9.2272,7.2036,8.7550,8.2154,4.7958,33570.9361,18.4340,1440.4556,-160269.2662,206645.6317
3640.6729,8.7713,11.4900,396.6197,167722.5585,-167325.9388,7.6826,89.0994,24741.9851,24831.0845,375.2057,192464.5436,307.5203,-192157.0233,11.4900,11.0497,41905.4000,0.0000,41905.4000,1.5895,10786.5113,0.0000,10786.5113,77.6277,0.0000,31118.8887,31118.8887,11.0497,11.5187,667.3038,29085.5252,-28418.2213,1.5655,144.1635,4586.1829,4730.3464,76.4580,33671.7080,523.1403,-33148.5677,11.5187,11.5078,1038.6458,0.0000,1038.6458,0.0394,267.2384,0.0000,267.2384,1.9231,0.0000,771.4074,771.4074,11.5078,11.8088,-0.0000,18286.0503,-18286.0503,1.0018,-0.0000,2991.1659,2991.1659,48.9255,21277.2162,0.0000,-21277.2162,11.8088,11.7146,8950.3442,0.0000,8950.3442,0.3378,2293.3069,0.0000,2293.3069,16.4993,0.0000,6657.0374,6657.0374,11.7146,8.1090,9.9118,9.9118,8.4948,127422.6906,9.9118,7.4358,9.2515,8.6738,5.8335,46668.1854,9.2515,7.1933,8.7713,8.2224,4.8492,33944.5816,18.3249,1431.9344,-162135.8204,208035.4575
3707.1947,9.0121,11.9117,396.6197,167722.5585,-167325.9388,7.6833,88.7105,24859.0332,24947.7437,375.2401,192581.5917,307.9092,-192273.6825,11.9117,11.6650,21986.3135,0.0000,21986.3135,0.8335,5625.1701,0.0000,5625.1701,40.7068,0.0000,16361.1434,16361.1434,11.6650,12.1653,667.3038,29085.5252,-28418.2213,1.5657,142.6836,4619.4945,4762.1781,76.4643,33705.0197,524.6202,-33180.3994,12.1653,12.1537,1038.6458,0.0000,1038.6458,0.0394,264.7771,0.0000,264.7771,1.9221,0.0000,773.8687,773.8687,12.1537,12.4748,-0.0000,18286.0503,-18286.0503,1.0018,-0.0000,3009.1908,3009.1908,48.9261,21295.2411,0.0000,-21295.2411,12.4748,12.3741,8950.3442,0.0000,8950.3442,0.3375,2271.6785,0.0000,2271.6785,16.4848,0.0000,6678.6658,6678.6658,12.3741,8.2284,10.3012,10.3012,9.1632,137447.9333,10.3012,7.4939,9.5526,8.8976,6.2051,49640.5655,9.5526,7.2359,9.0121,8.3943,5.1205,35843.7846,17.1917,1343.3861,-182054.9069,222932.2835
3710.8053,8.9601,11.6051,396.6197,167722.5585,-167325.9388,7.6938,88.7941,24833.6369,24922.4309,375.7533,192556.1954,307.8256,-192248.3698,11.6051,11.3803,21986.3135,0.0000,21986.3135,0.8278,5649.9446,0.0000,5649.9446,40.4267,0.0000,16336.3689,16336.3689,11.3803,11.6310,19705.8000,29085.5252,-9379.7252,2.6669,4233.5871,4603.8100,8837.3971,130.2454,33689.3352,15472.2129,-18217.1222,11.6310,11.6203,1038.6458,0.0000,1038.6458,0.0389,266.8074,0.0000,266.8074,1.9019,0.0000,771.8384,771.8384,11.6203,11.9131,-0.0000,18286.0503,-18286.0503,1.0020,-0.0000,2994.1971,2994.1971,48.9368,21280.2474,0.0000,-21280.2474,11.9131,11.8215,8950.3442,0.0000,8950.3442,0.3339,2289.8886,0.0000,2289.8886,16.3084,0.0000,6660.4556,6660.4556,11.8215,8.4170,10.1192,10.1192,8.2486,123728.3764,10.1192,7.6210,9.4530,8.8701,6.0528,48422.3157,9.4530,7.3407,8.9601,8.3969,5.1179,35825.1434,18.8450,1472.5741,-163016.4108,207975.8356
3731.2225,9.0344,11.9324,396.6197,167722.5585,-167325.9388,7.6915,88.6746,24869.9989,24958.6735,375.6423,192592.5575,307.9451,-192284.6123,11.9324,11.6857,21986.3135,0.0000,21986.3135,0.8319,5623.5116,0.0000,5623.5116,40.6298,0.0000,16362.8019,16362.8019,11.6857,12.1858,667.3038,29085.5252,-28418.2213,1.5671,142.6343,4620.6578,4763.2921,76.5351,33706.1830,524.6695,-33181.5134,12.1858,12.1742,1038.6458,0.0000,1038.6458,0.0393,264.7000,0.0000,264.7000,1.9186,0.0000,773.9458,773.9458,12.1742,12.4951,-0.0000,18286.0503,-18286.0503,1.0018,-0.0000,3009.7874,3009.7874,48.9275,21295.8377,0.0000,-21295.8377,12.4951,12.3944,8950.3442,0.0000,8950.3442,0.3370,2271.0272,0.0000,2271.0272,16.4568,0.0000,6679.3171,6679.3171,12.3944,8.2552,10.3248,10.3248,9.1549,137322.7875,10.3248,7.5161,9.5758,8.9204,6.2122,49697.9639,9.5758,7.2555,9.0344,8.4156,5.1320,35923.8718,17.2030,1344.2643,-182054.9069,222944.6232
3734.7775,9.0114,11.6749,9744.9000,167722.5585,-157977.6585,8.2357,2179.6320,24858.7221,27038.3541,402.2177,192581.2806,7565.2680,-185016.0126,11.6749,11.4397,21986.3135,0.0000,21986.3135,0.8275,5644.2805,0.0000,5644.2805,40.4132,0.0000,16342.0330,16342.0330,11.4397,11.9172,667.3038,29085.5252,-28418.2213,1.5685,143.2209,4607.0401,4750.2611,76.6027,33692.5653,524.0829,-33168.4824,11.9172,11.9060,1038.6458,0.0000,1038.6458,0.0389,265.7156,0.0000,265.7156,1.9013,0.0000,772.9302,772.9302,11.9060,12.2125,-0.0000,18286.0503,-18286.0503,1.0020,-0.0000,3002.0992,3002.0992,48.9373,21288.1495,0.0000,-21288.1495,12.2125,12.1165,8950.3442,0.0000,8950.3442,0.3338,2280.1403,0.0000,2280.1403,16.3031,0.0000,6670.2039,6670.2039,12.1165,8.3578,10.2372,10.2372,8.7029,130543.2445,10.2372,7.5827,9.5293,8.9099,6.1462,49169.7462,9.5293,7.3098,9.0114,8.4195,5.1391,35974.0305,18.0097,1407.3007,-172706.6266,215687.0212
4281.7898,9.3285,12.2287,396.6197,167722.5585,-167325.9388,7.6938,88.2044,25015.8269,25104.0313,375.7519,192738.3854,308.4153,-192429.9701,12.2287,11.9817,21986.3135,0.0000,21986.3135,0.8310,5599.8247,0.0000,5599.8247,40.5833,0.0000,16386.4888,16386.4888,11.9817,12.4820,667.3038,29085.5252,-28418.2213,1.5674,141.9372,4637.5011,4779.4383,76.5481,33723.0262,525.3666,-33197.6596,12.4820,12.4703,1038.6458,0.0000,1038.6458,0.0391,263.5909,0.0000,263.5909,1.9096,0.0000,775.0549,775.0549,12.4703,12.7914,-0.0000,18286.0503,-18286.0503,1.0019,-0.0000,3018.5852,3018.5852,48.9319,21304.6355,0.0000,-21304.6355,12.7914,12.6906,8950.3442,0.0000,8950.3442,0.3353,2261.5655,0.0000,2261.5655,16.3772,0.0000,6688.7787,6688.7787,12.6906,8.6055,10.6480,10.6480,9.0351,135525.9628,10.6480,7.7909,9.8862,9.2195,6.3190,50552.2556,9.8862,7.4963,9.3285,8.6912,5.2857,36999.9724,17.2027,1344.2450,-182054.9069,223078.1909
4288.2102,11.2281,14.8227,396.6197,391818.6000,-391421.9803,17.9757,85.2855,60803.3370,60888.6225,877.9038,452621.9370,311.3342,-452310.6027,14.8227,14.6908,21986.3135,0.0000,21986.3135,0.8235,5402.4509,0.0000,5402.4509,40.2198,0.0000,16583.8625,16583.8625,14.6908,14.9559,667.3038,29085.5252,-28418.2213,1.5699,135.9832,4815.3617,4951.3449,76.6702,33900.8869,531.3206,-33369.5663,14.9559,14.9497,1038.6458,0.0000,1038.6458,0.0387,254.7589,0.0000,254.7589,1.8923,0.0000,783.8869,783.8869,14.9497,15.1196,-0.0000,18286.0503,-18286.0503,1.0022,-0.0000,3104.8162,3104.8162,48.9447,21390.8665,0.0000,-21390.8665,15.1196,15.0659,8950.3442,0.0000,8950.3442,0.3322,2190.5365,0.0000,2190.5365,16.2263,0.0000,6759.8077,6759.8077,15.0659,10.6499,12.8579,12.8579,18.5162,277743.3475,12.8579,9.3976,11.9351,11.1277,14.5088,116070.3933,11.9351,8.9048,11.2281,10.4200,12.7061,88942.9933,32.6134,2548.4570,-406150.9484,482756.7341
4306.1212,9.4525,12.3368,396.6197,167722.5585,-167325.9388,7.7946,88.0076,25078.1949,25166.2025,380.6746,192800.7534,308.6121,-192492.1413,12.3368,12.0909,21986.3135,0.0000,21986.3135,0.7910,5591.2420,0.0000,5591.2420,38.6317,0.0000,16395.0715,16395.0715,12.0909,12.5883,667.3038,29085.5252,-28418.2213,1.5844,141.6823,4643.8457,4785.5280,77.3795,33729.3709,525.6215,-33203.7494,12.5883,12.5766,1038.6458,0.0000,1038.6458,0.0373,263.1958,0.0000,263.1958,1.8214,0.0000,775.4500,775.4500,12.5766,12.8958,-0.0000,18286.0503,-18286.0503,1.0046,-0.0000,3021.8210,3021.8210,49.0642,21307.8713,0.0000,-21307.8713,12.8958,12.7955,8950.3442,0.0000,8950.3442,0.3206,2258.2539,0.0000,2258.2539,15.6571,0.0000,6692.0903,6692.0903,12.7955,8.7533,10.7744,10.7744,8.9901,134851.3230,10.7744,7.9183,10.0128,9.3464,6.3520,50816.0939,10.0128,7.6118,9.4525,8.8123,5.3399,37379.1893,17.2987,1351.7485,-182054.9069,223046.6062
4306.1845,9.5778,11.5452,396.6197,167722.5585,-167325.9388,7.7133,87.8097,25141.6992,25229.5089,376.7028,192864.2577,308.8100,-192555.4477,11.5452,11.3783,21986.3135,0.0000,21986.3135,0.8221,5654.8156,0.0000,5654.8156,40.1499,0.0000,16331.4979,16331.4979,11.3783,12.9389,667.3038,132328.2000,-131660.8962,7.0091,143.3682,20945.1005,21088.4687,342.3148,153273.3005,523.9356,-152749.3649,12.9389,12.9310,1038.6458,0.0000,1038.6458,0.0387,261.9018,0.0000,261.9018,1.8891,0.0000,776.7440,776.7440,12.9310,13.1488,-0.0000,18286.0503,-18286.0503,1.0022,-0.0000,3032.9055,3032.9055,48.9477,21318.9558,0.0000,-21318.9558,13.1488,13.0803,8950.3442,0.0000,8950.3442,0.3317,2250.2810,0.0000,2250.2810,16.1995,0.0000,6700.0632,6700.0632,13.0803,8.8222,10.9513,10.9513,13.8919,208378.8273,10.9513,7.9820,10.1595,9.4666,9.6871,77496.5195,10.1595,7.6665,9.5778,8.9130,8.1331,56931.9995,25.3756,1982.8890,-285297.5817,342807.3463
4311.8155,10.5247,12.3352,396.6197,167722.5585,-167325.9388,7.7188,86.3425,25638.8579,25725.2004,376.9754,193361.4165,310.2773,-193051.1392,12.3352,12.1814,21986.3135,0.0000,21986.3135,0.8327,5591.3663,0.0000,5591.3663,40.6699,0.0000,16394.9471,16394.9471,12.1814,13.6159,667.3038,132328.2000,-131660.8962,6.9923,141.4720,21151.9107,21293.3827,341.4931,153480.1107,525.8319,-152954.2788,13.6159,13.6086,1038.6458,0.0000,1038.6458,0.0385,259.4473,0.0000,259.4473,1.8786,0.0000,779.1985,779.1985,13.6086,14.1110,-0.0000,45903.7000,-45903.7000,2.5165,-0.0000,7669.9630,7669.9630,122.9026,53573.6630,0.0000,-53573.6630,14.1110,14.0479,8950.3442,0.0000,8950.3442,0.3304,2220.5853,0.0000,2220.5853,16.1351,0.0000,6729.7589,6729.7589,14.0479,9.9632,12.0055,12.0055,14.5173,217759.5551,12.0055,8.8516,11.1645,10.4286,11.2096,89676.5011,11.1645,8.4227,10.5247,9.7936,9.7446,68212.0157,27.6439,2160.1310,-312915.2314,375648.0719
4311.8788,10.4919,12.4589,396.6197,167722.5585,-167325.9388,7.7618,86.3925,25621.1088,25707.5013,379.0733,193343.6673,310.2272,-193033.4401,12.4589,12.2918,21986.3135,0.0000,21986.3135,0.8221,5581.5781,0.0000,5581.5781,40.1509,0.0000,16404.7354,16404.7354,12.2918,13.8507,667.3038,132328.2000,-131660.8962,7.0113,141.2167,21181.6625,21322.8792,342.4226,153509.8625,526.0871,-152983.7754,13.8507,13.8428,1038.6458,0.0000,1038.6458,0.0381,258.6093,0.0000,258.6093,1.8588,0.0000,780.0365,780.0365,13.8428,14.0603,-0.0000,18286.0503,-18286.0503,1.0030,-0.0000,3063.5408,3063.5408,48.9867,21349.5911,0.0000,-21349.5911,14.0603,13.9918,8950.3442,0.0000,8950.3442,0.3255,2222.1244,0.0000,2222.1244,15.8965,0.0000,6728.2198,6728.2198,13.9918,9.9345,11.9631,11.9631,13.2716,199074.7412,11.9631,8.8293,11.1274,10.3962,10.2511,82008.8431,11.1274,8.4036,10.4919,9.7655,8.9100,62369.9251,25.4428,1988.1332,-285297.5817,343453.5093
4344.0000,9.4321,12.3201,396.6197,167722.5585,-167325.9388,7.7603,88.0399,25067.8860,25155.9259,378.9994,192790.4445,308.5798,-192481.8647,12.3201,12.0741,21986.3135,0.0000,21986.3135,0.8205,5592.5668,0.0000,5592.5668,40.0713,0.0000,16393.7467,16393.7467,12.0741,12.5723,667.3038,29085.5252,-28418.2213,1.5714,141.7216,4642.8622,4784.5837,76.7430,33728.3873,525.5823,-33202.8051,12.5723,12.5606,1038.6458,0.0000,1038.6458,0.0379,263.2551,0.0000,263.2551,1.8521,0.0000,775.3907,775.3907,12.5606,12.8803,-0.0000,18286.0503,-18286.0503,1.0033,-0.0000,3021.3314,3021.3314,48.9981,21307.3817,0.0000,-21307.3817,12.8803,12.7799,8950.3442,0.0000,8950.3442,0.3257,2258.7455,0.0000,2258.7455,15.9088,0.0000,6691.5987,6691.5987,12.7799,8.7283,10.7541,10.7541,9.0004,135006.4070,10.7541,7.8966,9.9921,9.3254,6.3477,50781.7063,9.9921,7.5921,9.4321,8.7921,5.3315,37320.3029,17.2786,1350.1742,-182054.9069,223108.4162
4359.5608,9.4690,12.2209,455.4845,167411.8997,-166956.4152,7.7015,101.0395,25040.0354,25141.0748,376.1278,192451.9351,354.4451,-192097.4900,12.2209,12.0027,20432.5358,0.0000,20432.5358,0.7642,5204.6588,0.0000,5204.6588,37.3225,0.0000,15227.8770,15227.8770,12.0027,12.5339,277.5694,32164.5409,-31886.9715,1.7102,59.0193,5129.7766,5188.7958,83.5230,37294.3175,218.5502,-37075.7673,12.5339,12.5240,925.3494,0.0000,925.3494,0.0345,234.6662,0.0000,234.6662,1.6834,0.0000,690.6832,690.6832,12.5240,12.9048,-0.0000,22814.3920,-22814.3920,1.2504,-0.0000,3768.1360,3768.1360,61.0685,26582.5279,0.0000,-26582.5279,12.9048,12.7300,16314.4000,0.0000,16314.4000,0.6048,4115.7561,0.0000,4115.7561,29.5352,0.0000,12198.6439,12198.6439,12.7300,8.8153,10.7727,10.7727,9.1090,136635.6737,10.7727,7.9620,10.0232,9.3673,6.5398,52318.6645,10.0232,7.6481,9.4690,8.8356,5.5263,38684.1877,18.0983,1414.2249,-183985.4934,227638.5259
4379.2548,9.5090,12.3293,455.4845,167411.8997,-166956.4152,7.7031,100.9668,25060.2416,25161.2084,376.2076,192472.1413,354.5177,-192117.6236,12.3293,12.1056,20432.5358,0.0000,20432.5358,0.7654,5196.6562,0.0000,5196.6562,37.3821,0.0000,15235.8796,15235.8796,12.1056,12.6500,277.5694,32164.5409,-31886.9715,1.7098,58.9194,5136.3992,5195.3186,83.5029,37300.9402,218.6500,-37082.2902,12.6500,12.6399,925.3494,0.0000,925.3494,0.0345,234.2821,0.0000,234.2821,1.6845,0.0000,691.0674,691.0674,12.6399,13.0302,-0.0000,22814.3920,-22814.3920,1.2504,-0.0000,3772.5687,3772.5687,61.0672,26586.9607,0.0000,-26586.9607,13.0302,12.9381,8387.8007,0.0000,8387.8007,0.3108,2112.3424,0.0000,2112.3424,15.1792,0.0000,6275.4583,6275.4583,12.9381,8.7874,10.8627,10.8627,9.4246,141369.3727,10.8627,7.9365,10.0824,9.3996,6.6443,53154.7655,10.0824,7.6249,9.5090,8.8536,5.5800,39060.2159,17.6610,1380.0563,-191912.0927,233584.3541
4382.7452,9.4531,12.0408,455.4845,167411.8997,-166956.4152,7.7049,101.0684,25032.0030,25133.0714,376.2943,192443.9027,354.4161,-192089.4866,12.0408,11.8358,20432.5358,0.0000,20432.5358,0.7641,5218.0168,0.0000,5218.0168,37.3169,0.0000,15214.5190,15214.5190,11.8358,12.1395,18733.6000,32164.5409,-13430.9409,2.7664,3994.2987,5119.1786,9113.4773,135.1081,37283.7196,14739.3013,-22544.4183,12.1395,12.1302,925.3494,0.0000,925.3494,0.0344,235.9816,0.0000,235.9816,1.6814,0.0000,689.3678,689.3678,12.1302,12.4881,-0.0000,22814.3920,-22814.3920,1.2505,-0.0000,3753.5345,3753.5345,61.0714,26567.9265,0.0000,-26567.9265,12.4881,12.4038,8387.8007,0.0000,8387.8007,0.3102,2128.4993,0.0000,2128.4993,15.1492,0.0000,6259.3014,6259.3014,12.4038,8.9550,10.6794,10.6794,8.5336,128004.3881,10.6794,8.0543,9.9794,9.3669,6.4954,51963.1584,9.9794,7.7237,9.4531,8.8515,5.5814,39069.8431,19.2458,1503.8910,-173456.0622,219037.3897
4403.4082,9.5093,12.3291,455.4845,167411.8997,-166956.4152,7.7024,100.9662,25060.4266,25161.3927,376.1731,192472.3263,354.5184,-192117.8079,12.3291,12.1054,20432.5358,0.0000,20432.5358,0.7677,5196.6751,0.0000,5196.6751,37.4911,0.0000,15235.8607,15235.8607,12.1054,12.6497,277.5694,32164.5409,-31886.9715,1.7088,58.9196,5136.3858,5195.3054,83.4564,37300.9267,218.6498,-37082.2769,12.6497,12.6396,925.3494,0.0000,925.3494,0.0347,234.2832,0.0000,234.2832,1.6952,0.0000,691.0663,691.0663,12.6396,13.0298,-0.0000,22814.3920,-22814.3920,1.2501,-0.0000,3772.5560,3772.5560,61.0549,26586.9480,0.0000,-26586.9480,13.0298,12.9377,8387.8007,0.0000,8387.8007,0.3129,2112.3549,0.0000,2112.3549,15.2801,0.0000,6275.4458,6275.4458,12.9377,8.7887,10.8632,10.8632,9.4229,141343.4430,10.8632,7.9370,10.0828,9.4001,6.6457,53165.6946,10.0828,7.6250,9.5093,8.8539,5.5821,39074.3755,17.6649,1380.3620,-191912.0927,233583.5130
4403.7756,9.4899,12.1513,455.4845,167411.8997,-166956.4152,7.7049,101.0015,25050.5918,25151.5933,376.2951,192462.4915,354.4831,-192108.0085,12.1513,11.7466,39207.3000,0.0000,39207.3000,1.4662,9996.9313,0.0000,9996.9313,71.6065,0.0000,29210.3687,29210.3687,11.7466,12.2600,277.5694,32164.5409,-31886.9715,1.7104,59.2697,5113.5887,5172.8585,83.5318,37278.1297,218.2997,-37059.8300,12.2600,12.2505,925.3494,0.0000,925.3494,0.0344,235.5778,0.0000,235.5778,1.6814,0.0000,689.7716,689.7716,12.2505,12.6186,-0.0000,22814.3920,-22814.3920,1.2505,-0.0000,3757.9181,3757.9181,61.0714,26572.3100,0.0000,-26572.3100,12.6186,12.5318,8387.8007,0.0000,8387.8007,0.3102,2124.5837,0.0000,2124.5837,15.1493,0.0000,6263.2170,6263.2170,12.5318,9.0138,10.7728,10.7728,8.4647,126971.0527,10.7728,8.0223,10.0393,9.3976,6.6179,52943.4244,10.0393,7.6845,9.4899,8.8619,5.6659,39661.3758,18.7149,1462.4050,-173137.3286,219575.8530
4406.2244,9.4517,12.0981,455.4845,167411.8997,-166956.4152,7.7040,101.0708,25031.3400,25132.4108,376.2529,192443.2398,354.4137,-192088.8260,12.0981,11.6957,39207.3000,0.0000,39207.3000,1.4704,10004.5064,0.0000,10004.5064,71.8119,0.0000,29202.7936,29202.7936,11.6957,12.2063,277.5694,32164.5409,-31886.9715,1.7083,59.3198,5110.4244,5169.7442,83.4318,37274.9653,218.2496,-37056.7157,12.2063,12.1785,2701.8000,0.0000,2701.8000,0.1011,688.3566,0.0000,688.3566,4.9399,0.0000,2013.4434,2013.4434,12.1785,12.5446,-0.0000,22814.3920,-22814.3920,1.2502,-0.0000,3755.2874,3755.2874,61.0583,26569.6794,0.0000,-26569.6794,12.5446,12.4583,8387.8007,0.0000,8387.8007,0.3122,2126.8032,0.0000,2126.8032,15.2483,0.0000,6260.9974,6260.9974,12.4583,8.9295,10.6939,10.6939,8.5382,128073.6622,10.6939,8.0317,9.9840,9.3628,6.4413,51530.6958,9.9840,7.7030,9.4517,8.8435,5.5191,38633.5741,18.8195,1470.5837,-171360.8780,218237.9321
4406.5918,9.4514,12.1119,455.4845,167411.8997,-166956.4152,7.7023,101.0714,25031.1805,25132.2519,376.1703,192443.0802,354.4131,-192088.6671,12.1119,11.7074,39207.3000,0.0000,39207.3000,1.4717,10002.5323,0.0000,10002.5323,71.8737,0.0000,29204.7677,29204.7677,11.7074,12.2207,277.5694,32164.5409,-31886.9715,1.7080,59.3083,5111.1494,5170.4577,83.4179,37275.6903,218.2611,-37057.4292,12.2207,12.2111,925.3494,0.0000,925.3494,0.0347,235.7095,0.0000,235.7095,1.6934,0.0000,689.6400,689.6400,12.2111,12.5792,-0.0000,22814.3920,-22814.3920,1.2502,-0.0000,3756.4769,3756.4769,61.0562,26570.8689,0.0000,-26570.8689,12.5792,12.4924,8387.8007,0.0000,8387.8007,0.3126,2125.7654,0.0000,2125.7654,15.2663,0.0000,6262.0353,6262.0353,12.4924,8.9039,10.6981,10.6981,8.6364,129546.6495,10.6981,8.0239,9.9850,9.3610,6.4360,51487.9731,9.9850,7.6982,9.4514,8.8416,5.5037,38525.8957,18.7192,1462.7468,-173137.3286,219560.5183
4546.5017,9.5668,12.3875,455.4845,167411.8997,-166956.4152,7.7023,100.8619,25089.5667,25190.4287,376.1696,192501.4665,354.6226,-192146.8439,12.3875,12.1638,20432.5358,0.0000,20432.5358,0.7668,5192.3749,0.0000,5192.3749,37.4480,0.0000,15240.1610,15240.1610,12.1638,12.7082,277.5694,32164.5409,-31886.9715,1.7081,58.8632,5140.1693,5199.0326,83.4211,37304.7103,218.7062,-37086.0041,12.7082,12.6980,925.3494,0.0000,925.3494,0.0347,234.0904,0.0000,234.0904,1.6930,0.0000,691.2591,691.2591,12.6980,13.0883,-0.0000,22814.3920,-22814.3920,1.2502,-0.0000,3774.8152,3774.8152,61.0571,26589.2072,0.0000,-26589.2072,13.0883,12.9962,8387.8007,0.0000,8387.8007,0.3124,2110.6270,0.0000,2110.6270,15.2579,0.0000,6277.1737,6277.1737,12.9962,8.8605,10.9283,10.9283,9.3909,140864.1714,10.9283,7.9888,10.1445,9.4586,6.6749,53399.1813,10.1445,7.6689,9.5668,8.9067,5.6212,39348.4311,17.6617,1380.1120,-191912.0927,233611.7837
4551.4983,9.8040,12.2907,455.4845,167411.8997,-166956.4152,7.7075,100.4343,25210.9335,25311.3678,376.4198,192622.8332,355.0502,-192267.7830,12.2907,12.0936,20432.5358,0.0000,20432.5358,0.7634,5199.5058,0.0000,5199.5058,37.2821,0.0000,15233.0301,15233.0301,12.0936,12.5732,277.5694,32164.5409,-31886.9715,1.7107,58.9310,5135.6232,5194.5543,83.5484,37300.1642,218.6384,-37081.5258,12.5732,12.5643,925.3494,0.0000,925.3494,0.0344,234.5358,0.0000,234.5358,1.6798,0.0000,690.8136,690.8136,12.5643,13.3447,-0.0000,51781.7000,-51781.7000,2.8383,-0.0000,8556.0022,8556.0022,138.6184,60337.7022,0.0000,-60337.7022,13.3447,13.2634,8387.8007,0.0000,8387.8007,0.3099,2103.1051,0.0000,2103.1051,15.1353,0.0000,6284.6956,6284.6956,13.2634,9.1421,11.2028,11.2028,10.6216,159324.6814,11.2028,8.1945,10.4006,9.6986,7.7532,62025.8855,10.4006,7.8438,9.8040,9.1222,6.5895,46126.8071,20.0462,1566.4413,-220879.4008,267477.3740
4762.5957,9.6517,12.4701,455.4845,167411.8997,-166956.4152,7.7180,100.7085,25132.7785,25233.4870,376.9370,192544.6782,354.7760,-192189.9022,12.4701,12.2465,20432.5358,0.0000,20432.5358,0.7646,5186.3087,0.0000,5186.3087,37.3401,0.0000,15246.2271,15246.2271,12.2465,12.7905,277.5694,32164.5409,-31886.9715,1.7103,58.7835,5145.5754,5204.3589,83.5285,37310.1163,218.7859,-37091.3304,12.7905,12.7803,925.3494,0.0000,925.3494,0.0345,233.8197,0.0000,233.8197,1.6834,0.0000,691.5297,691.5297,12.7803,13.1703,-0.0000,22814.3920,-22814.3920,1.2504,-0.0000,3778.0216,3778.0216,61.0686,26592.4136,0.0000,-26592.4136,13.1703,13.0782,8387.8007,0.0000,8387.8007,0.3087,2108.2152,0.0000,2108.2152,15.0747,0.0000,6279.5855,6279.5855,13.0782,8.9619,11.0201,11.0201,9.3563,140344.9647,11.0201,8.0699,10.2334,9.5450,6.7058,53646.4209,10.2334,7.7405,9.6517,8.9869,5.6663,39664.2892,17.6797,1381.5176,-191912.0927,233655.6748
4767.4043,10.5099,12.4261,455.4845,167411.8997,-166956.4152,7.7112,99.1831,25583.3432,25682.5263,376.6044,192995.2429,356.3014,-192638.9415,12.4261,12.2745,20432.5358,0.0000,20432.5358,0.7624,5189.5367,0.0000,5189.5367,37.2328,0.0000,15242.9992,15242.9992,12.2745,13.8686,277.5694,138326.1000,-138048.5306,7.3068,58.7566,22136.8424,22195.5991,356.8543,160462.9424,218.8128,-160244.1296,13.8686,13.8617,925.3494,0.0000,925.3494,0.0344,230.3434,0.0000,230.3434,1.6776,0.0000,695.0060,695.0060,13.8617,14.1266,-0.0000,22814.3920,-22814.3920,1.2506,-0.0000,3823.0256,3823.0256,61.0769,26637.4175,0.0000,-26637.4175,14.1266,14.0639,8387.8007,0.0000,8387.8007,0.3095,2080.5740,0.0000,2080.5740,15.1159,0.0000,6307.2267,6307.2267,14.0639,9.9392,12.0016,12.0016,13.8207,207310.4154,12.0016,8.8227,11.1538,10.4121,10.6517,85213.6333,11.1538,8.3939,10.5099,9.7739,9.2479,64735.6439,26.0623,2036.5485,-298073.6518,357259.6926
4785.5815,9.7020,12.5139,455.4845,167411.8997,-166956.4152,7.7501,100.6178,25158.5112,25259.1289,378.5010,192570.4109,354.8668,-192215.5441,12.5139,12.2908,20432.5358,0.0000,20432.5358,0.7629,5183.1019,0.0000,5183.1019,37.2590,0.0000,15249.4339,15249.4339,12.2908,12.8334,277.5694,32164.5409,-31886.9715,1.7114,58.7410,5148.4847,5207.2257,83.5800,37313.0256,218.8284,-37094.1972,12.8334,12.8233,925.3494,0.0000,925.3494,0.0338,233.6786,0.0000,233.6786,1.6496,0.0000,691.6709,691.6709,12.8233,13.2124,-0.0000,22814.3920,-22814.3920,1.2517,-0.0000,3779.7100,3779.7100,61.1331,26594.1019,0.0000,-26594.1019,13.2124,13.1205,8387.8007,0.0000,8387.8007,0.3050,2106.9796,0.0000,2106.9796,14.8939,0.0000,6280.8210,6280.8210,13.1205,9.0218,11.0711,11.0711,9.3388,140082.6741,11.0711,8.1219,10.2846,9.5965,6.7199,53758.8182,10.2846,7.7876,9.7020,9.0361,5.6895,39826.5229,17.7222,1384.8397,-191912.0927,233668.0151
4792.4185,11.7215,15.2820,455.4845,402226.3000,-401770.8155,18.4961,97.1109,63096.1489,63193.2598,903.3190,465322.4489,358.3736,-464964.0752,15.2820,15.1636,20432.5358,0.0000,20432.5358,0.7618,4989.9177,0.0000,4989.9177,37.2067,0.0000,15442.6182,15442.6182,15.1636,15.4492,277.5694,32164.5409,-31886.9715,1.7115,56.1637,5364.2886,5420.4522,83.5847,37528.8295,221.4058,-37307.4238,15.4492,15.4438,925.3494,0.0000,925.3494,0.0343,225.4826,0.0000,225.4826,1.6765,0.0000,699.8668,699.8668,15.4438,15.6484,-0.0000,22814.3920,-22814.3920,1.2506,-0.0000,3898.4870,3898.4870,61.0787,26712.8789,0.0000,-26712.8789,15.6484,15.5997,8387.8007,0.0000,8387.8007,0.3093,2038.5087,0.0000,2038.5087,15.1059,0.0000,6349.2919,6349.2919,15.5997,11.1828,13.3913,13.3913,19.2196,288293.5014,13.3913,9.8606,12.4497,11.6259,15.3634,122907.4176,12.4497,9.3285,11.7215,10.8891,13.5817,95072.2316,33.8455,2644.7314,-426726.4930,506273.1506
5052.4941,9.7895,12.5922,455.4845,167411.8997,-166956.4152,7.8068,100.4604,25203.4592,25303.9195,381.2725,192615.3589,355.0242,-192260.3347,12.5922,12.3697,20432.5358,0.0000,20432.5358,0.7301,5177.3712,0.0000,5177.3712,35.6574,0.0000,15255.1647,15255.1647,12.3697,12.9103,277.5694,32164.5409,-31886.9715,1.7304,58.6654,5153.7008,5212.3663,84.5106,37318.2418,218.9040,-37099.3378,12.9103,12.9002,925.3494,0.0000,925.3494,0.0330,233.4268,0.0000,233.4268,1.6109,0.0000,691.9226,691.9226,12.9002,13.2878,-0.0000,22814.3920,-22814.3920,1.2543,-0.0000,3782.7480,3782.7480,61.2597,26597.1400,0.0000,-26597.1400,13.2878,13.1962,8387.8007,0.0000,8387.8007,0.2981,2104.7673,0.0000,2104.7673,14.5592,0.0000,6283.0334,6283.0334,13.1962,9.1309,11.1635,11.1635,9.2924,139386.2703,11.1635,8.2084,10.3755,9.6860,6.7549,54039.4722,10.3755,7.8640,9.7895,9.1197,5.7409,40186.1486,17.7792,1389.2885,-191912.0927,233611.8911
5053.5059,9.7588,12.1570,18770.7000,167411.8997,-148641.1997,8.7603,4142.2814,25187.6888,29329.9702,427.8365,192599.5885,14628.4186,-177971.1699,12.1570,11.9519,20432.5358,0.0000,20432.5358,0.7609,5209.3857,0.0000,5209.3857,37.1602,0.0000,15223.1502,15223.1502,11.9519,12.4514,277.5694,32164.5409,-31886.9715,1.7119,59.0688,5126.5294,5185.5981,83.6074,37291.0703,218.5007,-37072.5696,12.4514,12.4421,925.3494,0.0000,925.3494,0.0343,234.9397,0.0000,234.9397,1.6744,0.0000,690.4097,690.4097,12.4421,12.8003,-0.0000,22814.3920,-22814.3920,1.2507,-0.0000,3765.0430,3765.0430,61.0819,26579.4349,0.0000,-26579.4349,12.8003,12.7158,8387.8007,0.0000,8387.8007,0.3089,2119.1580,0.0000,2119.1580,15.0881,0.0000,6268.6426,6268.6426,12.7158,9.3421,11.0290,11.0290,8.3456,125183.3779,11.0290,8.3249,10.3079,9.6769,6.6891,53512.6467,10.3079,7.9549,9.7588,9.1314,5.8205,40743.5194,19.2405,1503.4763,-173596.8773,219439.5440
5088.0000,9.8019,12.6211,455.4845,167411.8997,-166956.4152,7.7160,100.4381,25209.8584,25310.2965,376.8383,192621.7581,355.0465,-192266.7117,12.6211,12.3974,20432.5358,0.0000,20432.5358,0.7662,5175.2659,0.0000,5175.2659,37.4207,0.0000,15257.2699,15257.2699,12.3974,12.9414,277.5694,32164.5409,-31886.9715,1.7095,58.6389,5155.5433,5214.1822,83.4887,37320.0842,218.9305,-37101.1537,12.9414,12.9312,925.3494,0.0000,925.3494,0.0345,233.3252,0.0000,233.3252,1.6867,0.0000,692.0242,692.0242,12.9312,13.3212,-0.0000,22814.3920,-22814.3920,1.2503,-0.0000,3783.9819,3783.9819,61.0643,26598.3739,0.0000,-26598.3739,13.3212,13.2291,8387.8007,0.0000,8387.8007,0.3113,2103.7906,0.0000,2103.7906,15.2043,0.0000,6284.0100,6284.0100,13.2291,9.1367,11.1829,11.1829,9.3032,139548.6330,11.1829,8.2123,10.3907,9.6976,6.7531,54025.0676,10.3907,7.8672,9.8019,9.1289,5.7368,40157.5971,17.6819,1381.6871,-191912.0927,233731.2977
5103.5194,9.7139,12.4114,241.0800,173833.4195,-173592.3395,8.0008,53.2439,26129.8698,26183.1137,390.7461,199963.2894,187.8361,-199775.4532,12.4114,12.0333,37542.5000,0.0000,37542.5000,1.3974,9537.1786,0.0000,9537.1786,68.2463,0.0000,28005.3214,28005.3214,12.0333,12.5023,16.0396,29967.4398,-29951.4002,1.5813,3.4088,4781.1937,4784.6025,77.2296,34748.6335,12.6309,-34736.0027,12.5023,12.4763,2575.9000,0.0000,2575.9000,0.0954,653.5331,0.0000,653.5331,4.6588,0.0000,1922.3669,1922.3669,12.4763,12.8085,-0.0000,21114.1265,-21114.1265,1.1575,-0.0000,3485.6413,3485.6413,56.5310,24599.7678,0.0000,-24599.7678,12.8085,12.6526,15441.9000,0.0000,15441.9000,0.5685,3900.9117,0.0000,3900.9117,27.7626,0.0000,11540.9883,11540.9883,12.6526,9.2436,10.9481,10.9481,8.4158,126236.9618,10.9481,8.3169,10.2464,9.6325,6.4957,51965.2111,10.2464,7.9642,9.7139,9.1053,5.6341,39439.0290,19.2013,1500.4184,-169097.5662,217641.2019
5103.7879,9.7200,12.4756,241.0800,173833.4195,-173592.3395,7.9967,53.2380,26133.1389,26186.3769,390.5451,199966.5584,187.8420,-199778.7164,12.4756,12.0892,37542.5000,0.0000,37542.5000,1.4021,9528.5209,0.0000,9528.5209,68.4754,0.0000,28013.9791,28013.9791,12.0892,12.5684,16.0396,29967.4398,-29951.4002,1.5793,3.4056,4784.5510,4787.9566,77.1282,34751.9908,12.6340,-34739.3568,12.5684,12.5418,2575.9000,0.0000,2575.9000,0.0961,652.9235,0.0000,652.9235,4.6915,0.0000,1922.9765,1922.9765,12.5418,12.8812,-0.0000,21114.1265,-21114.1265,1.1572,-0.0000,3487.9405,3487.9405,56.5145,24602.0670,0.0000,-24602.0670,12.8812,12.7978,8086.5638,0.0000,8086.5638,0.3001,2040.7335,0.0000,2040.7335,14.6564,0.0000,6045.8303,6045.8303,12.7978,9.1579,10.9779,10.9779,8.7963,131944.7661,10.9779,8.2877,10.2605,9.6328,6.5012,52009.3427,10.2605,7.9443,9.7200,9.1024,5.5976,39183.2138,18.7970,1468.8266,-176452.9025,223137.3225
5104.5743,9.7303,12.4995,241.0800,173833.4195,-173592.3395,7.9970,53.2282,26138.6207,26191.8489,390.5591,199972.0402,187.8518,-199784.1884,12.4995,12.1112,37542.5000,0.0000,37542.5000,1.4006,9525.2990,0.0000,9525.2990,68.4050,0.0000,28017.2010,28017.2010,12.1112,12.5927,16.0396,29967.4398,-29951.4002,1.5796,3.4044,4785.8751,4789.2795,77.1436,34753.3149,12.6352,-34740.6797,12.5927,12.5828,961.5177,0.0000,961.5177,0.0358,243.6359,0.0000,243.6359,1.7494,0.0000,717.8818,717.8818,12.5828,12.9238,-0.0000,21114.1265,-21114.1265,1.1572,-0.0000,3489.3859,3489.3859,56.5167,24603.5124,0.0000,-24603.5124,12.9238,12.8400,8086.5638,0.0000,8086.5638,0.2998,2039.5146,0.0000,2039.5146,14.6395,0.0000,6047.0491,6047.0491,12.8400,9.1698,11.0049,11.0049,8.8263,132394.0636,11.0049,8.2765,10.2773,9.6407,6.5612,52489.9550,10.2773,7.9331,9.7303,9.1052,5.6375,39462.2209,18.7050,1461.6318,-178067.2847,224346.2395
5388.2840,9.9631,12.8859,241.0800,173833.4195,-173592.3395,7.9975,53.0074,26263.6122,26316.6196,390.5826,200097.0317,188.0726,-199908.9591,12.8859,12.6654,20168.7135,0.0000,20168.7135,0.7522,5089.4610,0.0000,5089.4610,36.7347,0.0000,15079.2525,15079.2525,12.6654,13.1738,16.0396,29967.4398,-29951.4002,1.5797,3.3738,4820.2166,4823.5904,77.1496,34787.6564,12.6658,-34774.9906,13.1738,13.1633,961.5177,0.0000,961.5177,0.0358,241.6588,0.0000,241.6588,1.7487,0.0000,719.8590,719.8590,13.1633,13.5233,-0.0000,21114.1265,-21114.1265,1.1572,-0.0000,3510.6480,3510.6480,56.5180,24624.7745,0.0000,-24624.7745,13.5233,13.4347,8086.5638,0.0000,8086.5638,0.2996,2022.5591,0.0000,2022.5591,14.6296,0.0000,6064.0047,6064.0047,13.4347,9.3086,11.3716,11.3716,9.4070,141104.6040,11.3716,8.3468,10.5650,9.8592,6.8961,55168.4044,10.5650,7.9853,9.9631,9.2752,5.8814,41169.6463,17.7329,1385.6719,-195441.0712,237442.6546
5389.7160,9.9508,12.7035,7087.3000,173833.4195,-166746.1195,8.3968,1558.6573,26256.9930,27815.6503,410.0843,200090.4125,5528.6427,-194561.7698,12.7035,12.4903,20168.7135,0.0000,20168.7135,0.7476,5102.5205,0.0000,5102.5205,36.5097,0.0000,15066.1930,15066.1930,12.4903,12.9821,16.0396,29967.4398,-29951.4002,1.5829,3.3834,4809.1670,4812.5504,77.3062,34776.6068,12.6562,-34763.9506,12.9821,12.9720,961.5177,0.0000,961.5177,0.0355,242.3067,0.0000,242.3067,1.7327,0.0000,719.2111,719.2111,12.9720,13.3202,-0.0000,21114.1265,-21114.1265,1.1577,-0.0000,3503.4823,3503.4823,56.5409,24617.6088,0.0000,-24617.6088,13.3202,13.2345,8086.5638,0.0000,8086.5638,0.2968,2028.2635,0.0000,2028.2635,14.4929,0.0000,6058.3003,6058.3003,13.2345,9.3949,11.3147,11.3147,9.0465,135697.4204,11.3147,8.3975,10.5368,9.8561,6.8733,54986.2370,10.5368,8.0256,9.9508,9.2812,5.9165,41415.7324,18.3258,1432.0001,-188594.8512,232099.3899
5482.6964,10.0006,12.9216,241.0800,173833.4195,-173592.3395,8.0078,52.9720,26283.9171,26336.8891,391.0875,200117.3366,188.1080,-199929.2286,12.9216,12.7013,20168.7135,0.0000,20168.7135,0.7497,5086.9119,0.0000,5086.9119,36.6155,0.0000,15081.8016,15081.8016,12.7013,13.2094,16.0396,29967.4398,-29951.4002,1.5819,3.3719,4822.5020,4825.8738,77.2560,34789.9418,12.6678,-34777.2740,13.2094,13.1989,961.5177,0.0000,961.5177,0.0356,241.5391,0.0000,241.5391,1.7379,0.0000,719.9786,719.9786,13.1989,13.5587,-0.0000,21114.1265,-21114.1265,1.1575,-0.0000,3511.9965,3511.9965,56.5326,24626.1230,0.0000,-24626.1230,13.5587,13.4701,8086.5638,0.0000,8086.5638,0.2977,2021.5709,0.0000,2021.5709,14.5388,0.0000,6064.9929,6064.9929,13.4701,9.3539,11.4120,11.4120,9.3909,140863.4993,11.4120,8.3829,10.6042,9.8974,6.9106,55285.1552,10.6042,8.0171,10.0006,9.3107,5.9024,41316.8238,17.7453,1386.6441,-195441.0712,237465.4783
5487.3036,10.2149,12.8185,241.0800,173833.4195,-173592.3395,8.0101,52.7705,26400.9828,26453.7532,391.2019,200234.4023,188.3095,-200046.0928,12.8185,12.6223,20168.7135,0.0000,20168.7135,0.7471,5094.2783,0.0000,5094.2783,36.4891,0.0000,15074.4352,15074.4352,12.6223,13.0748,16.0396,29967.4398,-29951.4002,1.5831,3.3762,4817.4771,4820.8533,77.3165,34784.9169,12.6635,-34772.2535,13.0748,13.0655,961.5177,0.0000,961.5177,0.0355,241.9929,0.0000,241.9929,1.7317,0.0000,719.5249,719.5249,13.0655,13.7874,-0.0000,47568.8000,-47568.8000,2.6083,-0.0000,7900.9702,7900.9702,127.3867,55469.7702,0.0000,-55469.7702,13.7874,13.7084,8086.5638,0.0000,8086.5638,0.2966,2015.2033,0.0000,2015.2033,14.4850,0.0000,6071.3604,6071.3604,13.7084,9.6057,11.6570,11.6570,10.5077,157615.1056,11.6570,8.5720,10.8344,10.1145,7.9015,63212.3260,10.8344,8.1797,10.2149,9.5070,6.7992,47594.4218,19.9211,1556.6663,-221895.7447,268421.8533
5532.3783,10.0254,12.9443,241.0800,173833.4195,-173592.3395,8.0203,52.9485,26297.4271,26350.3756,391.6971,200130.8466,188.1315,-199942.7151,12.9443,12.7241,20168.7135,0.0000,20168.7135,0.7484,5085.2970,0.0000,5085.2970,36.5487,0.0000,15083.4165,15083.4165,12.7241,13.2318,16.0396,29967.4398,-29951.4002,1.5826,3.3706,4823.9608,4827.3314,77.2938,34791.4006,12.6690,-34778.7316,13.2318,13.2213,961.5177,0.0000,961.5177,0.0355,241.4637,0.0000,241.4637,1.7354,0.0000,720.0541,720.0541,13.2213,13.5808,-0.0000,21114.1265,-21114.1265,1.1576,-0.0000,3512.8502,3512.8502,56.5366,24626.9767,0.0000,-24626.9767,13.5808,13.4923,8086.5638,0.0000,8086.5638,0.2955,2020.9518,0.0000,2020.9518,14.4339,0.0000,6065.6120,6065.6120,13.4923,9.3845,11.4384,11.4384,9.3796,140693.6015,11.4384,8.4074,10.6301,9.9229,6.9207,55365.9478,10.6301,8.0387,10.0254,9.3344,5.9170,41419.0427,17.7600,1387.7889,-195441.0712,237478.5920
5533.6217,10.0194,12.8920,241.0800,173833.4195,-173592.3395,8.0113,52.9542,26294.1378,26347.0920,391.2592,200127.5573,188.1258,-199939.4315,12.8920,12.6754,20168.7135,0.0000,20168.7135,0.7469,5089.0243,0.0000,5089.0243,36.4760,0.0000,15079.6892,15079.6892,12.6754,13.1350,3538.7000,29967.4398,-26428.7398,1.7825,744.2172,4820.8490,5565.0662,87.0544,34788.2888,2794.4828,-31993.8060,13.1350,13.1247,961.5177,0.0000,961.5177,0.0354,241.7896,0.0000,241.7896,1.7311,0.0000,719.7281,719.7281,13.1247,13.4785,-0.0000,21114.1265,-21114.1265,1.1578,-0.0000,3509.1888,3509.1888,56.5435,24623.3153,0.0000,-24623.3153,13.4785,13.3913,8086.5638,0.0000,8086.5638,0.2965,2023.8163,0.0000,2023.8163,14.4800,0.0000,6062.7475,6062.7475,13.3913,9.4292,11.4103,11.4103,9.1924,137886.4339,11.4103,8.4325,10.6162,9.9214,6.9086,55269.1179,10.6162,8.0585,10.0194,9.3373,5.9341,41538.7991,18.0456,1410.1063,-191918.4108,234694.3509
5673.8649,10.0805,13.0019,241.0800,173833.4195,-173592.3395,8.0110,52.8966,26327.3966,26380.2932,391.2453,200160.8161,188.1833,-199972.6328,13.0019,12.7815,20168.7135,0.0000,20168.7135,0.7475,5081.2001,0.0000,5081.2001,36.5062,0.0000,15087.5134,15087.5134,12.7815,13.2896,16.0396,29967.4398,-29951.4002,1.5830,3.3675,4827.6406,4831.0081,77.3091,34795.0804,12.6721,-34782.4083,13.2896,13.2791,961.5177,0.0000,961.5177,0.0355,241.2696,0.0000,241.2696,1.7337,0.0000,720.2481,720.2481,13.2791,13.6389,-0.0000,21114.1265,-21114.1265,1.1577,-0.0000,3515.0580,3515.0580,56.5392,24629.1845,0.0000,-24629.1845,13.6389,13.5502,8086.5638,0.0000,8086.5638,0.2970,2019.3319,0.0000,2019.3319,14.5030,0.0000,6067.2319,6067.2319,13.5502,9.4479,11.4991,11.4991,9.3604,140405.2779,11.4991,8.4583,10.6882,9.9787,6.9382,55505.9260,10.6882,8.0838,10.0805,9.3860,5.9426,41597.8504,17.7474,1386.8075,-195441.0712,237509.0543
5674.5194,11.0461,14.6277,241.0800,396384.2000,-396143.1200,18.2563,52.0042,61270.4523,61322.4565,891.6066,457654.6523,189.0758,-457465.5765,14.6277,14.5087,20168.7135,0.0000,20168.7135,0.7462,4968.8715,0.0000,4968.8715,36.4429,0.0000,15199.8420,15199.8420,14.5087,14.7819,16.0396,29967.4398,-29951.4002,1.5836,3.2776,4947.6710,4950.9486,77.3398,34915.1109,12.7620,-34902.3488,14.7819,14.7762,961.5177,0.0000,961.5177,0.0354,236.3928,0.0000,236.3928,1.7295,0.0000,725.1249,725.1249,14.7762,14.9695,-0.0000,21114.1265,-21114.1265,1.1578,-0.0000,3577.1884,3577.1884,56.5462,24691.3149,0.0000,-24691.3149,14.9695,14.9217,8086.5638,0.0000,8086.5638,0.2962,1983.1105,0.0000,1983.1105,14.4670,0.0000,6103.4533,6103.4533,14.9217,10.4441,12.6829,12.6829,19.0620,285930.5674,12.6829,9.2000,11.7541,10.9414,14.8279,118623.0105,11.7541,8.7199,11.0461,10.2370,12.9175,90422.3624,33.1133,2587.5171,-417991.8517,494975.9403
5679.4806,12.8271,15.6935,241.0800,396384.2000,-396143.1200,18.3623,50.4423,63746.4506,63796.8929,896.7871,460130.6506,190.6377,-459940.0129,15.6935,15.5983,20168.7135,0.0000,20168.7135,0.7277,4898.7382,0.0000,4898.7382,35.5419,0.0000,15269.9753,15269.9753,15.5983,16.5772,16.0396,134473.2000,-134457.1604,7.1522,3.2248,22582.8206,22586.0453,349.3035,157056.0206,12.8149,-157043.2057,16.5772,16.5727,961.5177,0.0000,961.5177,0.0346,230.8694,0.0000,230.8694,1.6905,0.0000,730.6484,730.6484,16.5727,16.7271,-0.0000,21114.1265,-21114.1265,1.1597,-0.0000,3664.2356,3664.2356,56.6388,24778.3621,0.0000,-24778.3621,16.7271,16.6887,8086.5638,0.0000,8086.5638,0.2903,1937.9246,0.0000,1937.9246,14.1776,0.0000,6148.6392,6148.6392,16.6887,12.4057,14.5472,14.5472,22.9019,343528.6594,14.5472,10.9454,13.5867,12.7463,19.2596,154077.0231,13.5867,10.3312,12.8271,11.9590,17.4079,121854.9798,41.5904,3249.9348,-522497.6119,619460.6622
5680.1351,12.4112,15.9610,241.0800,396384.2000,-396143.1200,18.5669,50.7973,63145.7145,63196.5117,906.7793,459529.9145,190.2827,-459339.6317,15.9610,15.8429,20168.7135,0.0000,20168.7135,0.7163,4881.5712,0.0000,4881.5712,34.9850,0.0000,15287.1423,15287.1423,15.8429,16.1134,16.0396,29967.4398,-29951.4002,1.6022,3.2133,5052.6352,5055.8485,78.2490,35020.0751,12.8263,-35007.2487,16.1134,16.1078,961.5177,0.0000,961.5177,0.0337,232.2602,0.0000,232.2602,1.6468,0.0000,729.2576,729.2576,16.1078,16.2991,-0.0000,21114.1265,-21114.1265,1.1632,-0.0000,3640.4047,3640.4047,56.8080,24754.5312,0.0000,-24754.5312,16.2991,16.2517,8086.5638,0.0000,8086.5638,0.2830,1948.6481,0.0000,1948.6481,13.8201,0.0000,6137.9156,6137.9156,16.2517,11.9383,14.0950,14.0950,18.6044,279065.9291,14.0950,10.5555,13.1511,12.3252,15.2666,122132.6704,13.1511,9.9801,12.4112,11.5656,13.6773,95740.8114,33.5480,2621.4914,-417991.8517,496939.4109
5832.0000,10.1705,13.0680,241.0800,173833.4195,-173592.3395,8.1284,52.8121,26376.5853,26429.3974,396.9767,200210.0048,188.2679,-200021.7369,13.0680,12.8491,20168.7135,0.0000,20168.7135,0.7136,5076.5063,0.0000,5076.5063,34.8491,0.0000,15092.2072,15092.2072,12.8491,13.3529,16.0396,29967.4398,-29951.4002,1.6040,3.3638,4832.0058,4835.3696,78.3366,34799.4456,12.6758,-34786.7698,13.3529,13.3424,961.5177,0.0000,961.5177,0.0339,241.0576,0.0000,241.0576,1.6577,0.0000,720.4602,720.4602,13.3424,13.6992,-0.0000,21114.1265,-21114.1265,1.1622,-0.0000,3517.4952,3517.4952,56.7581,24631.6217,0.0000,-24631.6217,13.6992,13.6112,8086.5638,0.0000,8086.5638,0.2847,2017.6534,0.0000,2017.6534,13.9047,0.0000,6068.9104,6068.9104,13.6112,9.5621,11.5866,11.5866,9.3131,139696.9000,11.5866,8.5562,10.7785,10.0714,6.9703,55762.1161,10.7785,8.1727,10.1705,9.4756,5.9936,41955.1675,17.8901,1397.9589,-195441.0712,237414.1836
5913.6815,9.4824,12.4711,934.3003,139594.1811,-138659.8809,6.4807,207.2044,20884.9560,21092.1604,316.5069,160479.1372,727.0959,-159752.0413,12.4711,12.1922,19978.5049,0.0000,19978.5049,0.7384,5070.9904,0.0000,5070.9904,36.0617,0.0000,14907.5144,14907.5144,12.1922,12.5161,1870.5596,16198.2769,-14327.7172,0.9613,396.4986,2589.5568,2986.0554,46.9466,18787.8337,1474.0611,-17313.7726,12.5161,12.5033,920.0546,0.0000,920.0546,0.0339,233.3820,0.0000,233.3820,1.6533,0.0000,686.6727,686.6727,12.5033,12.7921,-0.0000,13250.3628,-13250.3628,0.7266,-0.0000,2188.0382,2188.0382,35.4880,15438.4009,0.0000,-15438.4009,12.7921,12.6784,8134.6865,0.0000,8134.6865,0.2977,2055.4462,0.0000,2055.4462,14.5395,0.0000,6079.2403,6079.2403,12.6784,8.8444,10.7614,10.7614,6.8308,102462.4989,10.7614,8.0056,10.0265,9.3835,4.9099,39279.0131,10.0265,7.6948,9.4824,8.8606,4.1543,29080.0634,13.8578,1082.8704,-137204.7148,170821.5754
5920.3185,9.6829,12.3006,934.3003,139594.1811,-138659.8809,6.4554,206.4599,20969.9554,21176.4153,315.2720,160564.1365,727.8403,-159836.2962,12.3006,12.0567,19978.5049,0.0000,19978.5049,0.7454,5083.2484,0.0000,5083.2484,36.4048,0.0000,14895.2565,14895.2565,12.0567,12.3402,1870.5596,16198.2769,-14327.7172,0.9605,397.3817,2585.1338,2982.5156,46.9085,18783.4107,1473.1779,-17310.2328,12.3402,12.3290,920.0546,0.0000,920.0546,0.0343,233.9637,0.0000,233.9637,1.6753,0.0000,686.0910,686.0910,12.3290,13.0447,-0.0000,37520.1000,-37520.1000,2.0563,-0.0000,6184.9627,6184.9627,100.4287,43705.0627,0.0000,-43705.0627,13.0447,12.9450,8134.6865,0.0000,8134.6865,0.3020,2048.1831,0.0000,2048.1831,14.7474,0.0000,6086.5034,6086.5034,12.9450,9.0664,11.0057,11.0057,7.8944,118415.3198,11.0057,8.1631,10.2477,9.5844,5.7857,46285.5675,10.2477,7.8274,9.6829,9.0375,4.9260,34482.0746,15.8309,1237.0480,-161474.4520,199182.9619
5936.9443,9.4822,12.4732,934.3003,139594.1811,-138659.8809,6.4627,207.2052,20884.8647,21092.0698,315.6288,160479.0458,727.0951,-159751.9507,12.4732,12.1941,19978.5049,0.0000,19978.5049,0.7475,5070.8416,0.0000,5070.8416,36.5046,0.0000,14907.6633,14907.6633,12.1941,12.5182,1870.5596,16198.2769,-14327.7172,0.9603,396.4864,2589.6185,2986.1049,46.9014,18787.8954,1474.0733,-17313.8221,12.5182,12.5054,920.0546,0.0000,920.0546,0.0344,233.3749,0.0000,233.3749,1.6800,0.0000,686.6797,686.6797,12.5054,12.7944,-0.0000,13250.3628,-13250.3628,0.7261,-0.0000,2188.0848,2188.0848,35.4634,15438.4476,0.0000,-15438.4476,12.7944,12.6806,8134.6865,0.0000,8134.6865,0.3008,2055.3784,0.0000,2055.3784,14.6887,0.0000,6079.3081,6079.3081,12.6806,8.8437,10.7622,10.7622,6.8311,102465.7978,10.7622,8.0041,10.0267,9.3832,4.9103,39282.2011,10.0267,7.6931,9.4822,8.8599,4.1546,29081.8618,13.8477,1082.0806,-137204.7148,170829.8607
5945.0557,9.4062,11.8111,20858.2000,139594.1811,-118735.9811,7.5973,4632.1699,20852.9621,25485.1321,371.0375,160447.1433,16226.0301,-144221.1132,11.8111,11.5633,19978.5049,0.0000,19978.5049,0.7454,5118.8350,0.0000,5118.8350,36.4036,0.0000,14859.6699,14859.6699,11.5633,11.8518,1870.5596,16198.2769,-14327.7172,0.9605,400.6426,2569.5343,2970.1769,46.9086,18767.8111,1469.9170,-17297.8941,11.8518,11.8403,920.0546,0.0000,920.0546,0.0343,235.5967,0.0000,235.5967,1.6753,0.0000,684.4580,684.4580,11.8403,12.0975,-0.0000,13250.3628,-13250.3628,0.7262,-0.0000,2174.0333,2174.0333,35.4668,15424.3961,0.0000,-15424.3961,12.0975,11.9965,8134.6865,0.0000,8134.6865,0.3020,2075.7392,0.0000,2075.7392,14.7469,0.0000,6058.9473,6058.9473,11.9965,9.0516,10.5241,10.5241,5.8868,88302.5421,10.5241,8.1490,9.8907,9.3365,4.7478,37982.3250,9.8907,7.8144,9.4062,8.8526,4.1505,29053.2881,15.5484,1214.9727,-117280.8151,155338.1553
5963.7033,9.4586,12.4494,934.3003,139594.1811,-138659.8809,6.4527,207.2930,20874.9536,21082.2466,315.1371,160469.1348,727.0073,-159742.1275,12.4494,12.1703,19978.5049,0.0000,19978.5049,0.7534,5072.5459,0.0000,5072.5459,36.7952,0.0000,14905.9590,14905.9590,12.1703,12.4945,1870.5596,16198.2769,-14327.7172,0.9599,396.6407,2588.8393,2985.4800,46.8781,18787.1162,1473.9190,-17313.1972,12.4945,12.4816,920.0546,0.0000,920.0546,0.0347,233.4533,0.0000,233.4533,1.6934,0.0000,686.6013,686.6013,12.4816,12.7707,-0.0000,13250.3628,-13250.3628,0.7260,-0.0000,2187.5625,2187.5625,35.4560,15437.9253,0.0000,-15437.9253,12.7707,12.6568,8134.6865,0.0000,8134.6865,0.3053,2056.0655,0.0000,2056.0655,14.9124,0.0000,6078.6211,6078.6211,12.6568,8.8103,10.7336,10.7336,6.8482,102723.6151,10.7336,7.9849,10.0006,9.3592,4.8937,39149.5564,10.0006,7.6779,9.4586,8.8393,4.1353,28946.9229,13.8479,1082.0933,-137204.7148,170820.0945
5966.2967,9.3968,11.9859,934.3003,139594.1811,-138659.8809,6.4546,207.5240,20848.9938,21056.5178,315.2298,160443.1749,726.7763,-159716.3986,11.9859,11.7448,19978.5049,0.0000,19978.5049,0.7457,5106.0605,0.0000,5106.0605,36.4175,0.0000,14872.4444,14872.4444,11.7448,11.7043,27049.6000,16198.2769,10851.3231,2.3995,5776.1050,2575.1813,8351.2863,117.1860,18773.4582,21273.4950,2500.0369,11.7043,11.6932,920.0546,0.0000,920.0546,0.0343,236.0950,0.0000,236.0950,1.6759,0.0000,683.9597,683.9597,11.6932,11.9432,-0.0000,13250.3628,-13250.3628,0.7262,-0.0000,2171.0826,2171.0826,35.4663,15421.4454,0.0000,-15421.4454,11.9432,11.8450,8134.6865,0.0000,8134.6865,0.3021,2080.3137,0.0000,2080.3137,14.7524,0.0000,6054.3729,6054.3729,11.8450,9.1381,10.4916,10.4916,5.5661,83491.0315,10.4916,8.1755,9.8740,9.3335,4.7623,38098.3172,9.8740,7.8289,9.3968,8.8514,4.2051,29435.4935,15.9934,1249.7471,-112025.6744,151024.8421
6009.5981,9.4490,12.4402,934.3003,139594.1811,-138659.8809,6.4523,207.3290,20870.8927,21078.2217,315.1203,160465.0738,726.9713,-159738.1025,12.4402,12.1611,19978.5049,0.0000,19978.5049,0.7513,5073.2097,0.0000,5073.2097,36.6907,0.0000,14905.2951,14905.2951,12.1611,12.4853,1870.5596,16198.2769,-14327.7172,0.9600,396.7010,2588.5352,2985.2362,46.8863,18786.8121,1473.8586,-17312.9535,12.4853,12.4724,920.0546,0.0000,920.0546,0.0348,233.4837,0.0000,233.4837,1.6975,0.0000,686.5709,686.5709,12.4724,12.7615,-0.0000,13250.3628,-13250.3628,0.7260,-0.0000,2187.3601,2187.3601,35.4543,15437.7229,0.0000,-15437.7229,12.7615,12.6476,8134.6865,0.0000,8134.6865,0.3061,2056.3310,0.0000,2056.3310,14.9498,0.0000,6078.3555,6078.3555,12.6476,8.8038,10.7257,10.7257,6.8423,102634.5865,10.7257,7.9731,9.9917,9.3494,4.9000,39199.8633,9.9917,7.6658,9.4490,8.8287,4.1403,28982.3447,13.8456,1081.9172,-137204.7148,170816.7946
6011.1307,10.6856,14.3833,934.3003,354658.4000,-353724.0997,16.3152,202.8180,54399.6408,54602.4588,796.8100,409058.0408,731.4822,-408326.5586,14.3833,14.2471,19978.5049,0.0000,19978.5049,0.7458,4938.3262,0.0000,4938.3262,36.4229,0.0000,15040.1787,15040.1787,14.2471,14.4044,1870.5596,16198.2769,-14327.7172,0.9605,383.7686,2663.9134,3047.6820,46.9068,18862.1902,1486.7910,-17375.3992,14.4044,14.3981,920.0546,0.0000,920.0546,0.0343,227.3560,0.0000,227.3560,1.6761,0.0000,692.6987,692.6987,14.3981,14.5383,-0.0000,13250.3628,-13250.3628,0.7262,-0.0000,2234.4896,2234.4896,35.4661,15484.8523,0.0000,-15484.8523,14.5383,14.4828,8134.6865,0.0000,8134.6865,0.3021,2006.5282,0.0000,2006.5282,14.7546,0.0000,6128.1584,6128.1584,14.4828,10.0538,12.2683,12.2683,16.3001,244501.5555,12.2683,8.8890,11.3672,10.5786,12.4372,99497.6715,11.3672,8.4461,10.6856,9.9066,10.7505,75253.2771,28.6262,2236.8877,-352268.9337,419252.5041
6014.8693,11.9029,14.8488,934.3003,354658.4000,-353724.0997,16.4338,198.5764,55858.3806,56056.9570,802.5993,410516.7806,735.7238,-409781.0568,14.8488,14.7405,19978.5049,0.0000,19978.5049,0.7235,4907.3709,0.0000,4907.3709,35.3368,0.0000,15071.1340,15071.1340,14.7405,15.6330,1870.5596,107769.5000,-105898.9404,5.8278,380.8968,17855.7393,18236.6361,284.6212,125625.2393,1489.6628,-124135.5765,15.6330,15.6280,920.0546,0.0000,920.0546,0.0333,223.6486,0.0000,223.6486,1.6268,0.0000,696.4060,696.4060,15.6280,15.7395,-0.0000,13250.3628,-13250.3628,0.7274,-0.0000,2269.7321,2269.7321,35.5269,15520.0948,0.0000,-15520.0948,15.7395,15.6952,8134.6865,0.0000,8134.6865,0.2939,1974.6217,0.0000,1974.6217,14.3545,0.0000,6160.0649,6160.0649,15.6952,11.4288,13.5620,13.5620,19.7796,296693.7706,13.5620,10.0670,12.6300,11.8145,16.2033,129626.6005,12.6300,9.5138,11.9029,11.0719,14.4472,101130.3776,36.0597,2817.7574,-443840.1568,527450.7487
6016.4019,11.4929,15.1605,934.3003,354658.4000,-353724.0997,16.5553,199.9828,55355.3977,55555.3804,808.5355,410013.7977,734.3175,-409279.4802,15.1605,15.0253,19978.5049,0.0000,19978.5049,0.7185,4886.9363,0.0000,4886.9363,35.0901,0.0000,15091.5686,15091.5686,15.0253,15.1812,1870.5596,16198.2769,-14327.7172,0.9643,379.2716,2695.6453,3074.9169,47.0932,18893.9222,1491.2880,-17402.6342,15.1812,15.1750,920.0546,0.0000,920.0546,0.0327,224.9922,0.0000,224.9922,1.5974,0.0000,695.0625,695.0625,15.1750,15.3140,-0.0000,13250.3628,-13250.3628,0.7287,-0.0000,2256.2860,2256.2860,35.5896,15506.6488,0.0000,-15506.6488,15.3140,15.2589,8134.6865,0.0000,8134.6865,0.2887,1985.7628,0.0000,1985.7628,14.1011,0.0000,6148.9237,6148.9237,15.2589,10.9632,13.1110,13.1110,15.9788,239681.7332,13.1110,9.6874,12.1980,11.3992,12.7351,101881.0439,12.1980,9.1762,11.4929,10.6871,11.2405,78683.8265,28.9324,2260.8163,-352268.9337,420246.6036
6515.1810,9.5305,12.5109,934.3003,139594.1811,-138659.8809,6.5310,207.0254,20905.2303,21112.2557,318.9646,160499.4114,727.2749,-159772.1366,12.5109,12.2325,19978.5049,0.0000,19978.5049,0.7152,5068.1405,0.0000,5068.1405,34.9277,0.0000,14910.3644,14910.3644,12.2325,12.5554,1870.5596,16198.2769,-14327.7172,0.9648,396.2370,2590.8836,2987.1206,47.1200,18789.1605,1474.3227,-17314.8378,12.5554,12.5425,920.0546,0.0000,920.0546,0.0329,233.2527,0.0000,233.2527,1.6080,0.0000,686.8019,686.8019,12.5425,12.8305,-0.0000,13250.3628,-13250.3628,0.7282,-0.0000,2188.9041,2188.9041,35.5643,15439.2668,0.0000,-15439.2668,12.8305,12.7169,8134.6865,0.0000,8134.6865,0.2905,2054.3390,0.0000,2054.3390,14.1894,0.0000,6080.3475,6080.3475,12.7169,8.9193,10.8181,10.8181,6.7837,101755.9853,10.8181,8.0482,10.0795,9.4331,4.9480,39584.2313,10.0795,7.7267,9.5305,8.9031,4.2028,29419.6054,13.8940,1085.6978,-137204.7148,170759.8220
6515.5820,9.5118,12.3036,934.3003,139594.1811,-138659.8809,6.4572,207.0948,20897.3520,21104.4468,315.3573,160491.5331,727.2054,-159764.3277,12.3036,11.8103,37857.5000,0.0000,37857.5000,1.4116,9631.9070,0.0000,9631.9070,68.9400,0.0000,28225.5930,28225.5930,11.8103,12.1127,1870.5596,16198.2769,-14327.7172,0.9605,399.0011,2577.2459,2976.2470,46.9106,18775.5227,1471.5586,-17303.9642,12.1127,12.1007,920.0546,0.0000,920.0546,0.0343,234.7209,0.0000,234.7209,1.6743,0.0000,685.3337,685.3337,12.1007,12.3703,-0.0000,13250.3628,-13250.3628,0.7262,-0.0000,2179.3952,2179.3952,35.4676,15429.7580,0.0000,-15429.7580,12.3703,12.2643,8134.6865,0.0000,8134.6865,0.3018,2067.7119,0.0000,2067.7119,14.7385,0.0000,6066.9747,6066.9747,12.2643,9.1905,10.7274,10.7274,5.8637,87955.3498,10.7274,8.1375,10.0368,9.4325,4.9404,39523.1394,10.0368,7.7870,9.5118,8.9119,4.2916,30040.8669,14.8374,1159.4118,-119325.7197,157519.3561
6518.4180,9.4760,12.2482,934.3003,139594.1811,-138659.8809,6.4565,207.2281,20882.2730,21089.5011,315.3242,160476.4541,727.0722,-159749.3819,12.2482,11.7585,37857.5000,0.0000,37857.5000,1.4163,9639.4779,0.0000,9639.4779,69.1696,0.0000,28218.0221,28218.0221,11.7585,12.0588,1870.5596,16198.2769,-14327.7172,0.9601,399.3439,2575.6118,2974.9557,46.8893,18773.8886,1471.2157,-17302.6729,12.0588,12.0252,2600.1000,0.0000,2600.1000,0.0976,663.8376,0.0000,663.8376,4.7653,0.0000,1936.2624,1936.2624,12.0252,12.2929,-0.0000,13250.3628,-13250.3628,0.7261,-0.0000,2177.8209,2177.8209,35.4596,15428.1837,0.0000,-15428.1837,12.2929,12.1877,8134.6865,0.0000,8134.6865,0.3040,2069.9831,0.0000,2069.9831,14.8470,0.0000,6064.7034,6064.7034,12.1877,9.1047,10.6462,10.6462,5.9220,88830.1441,10.6462,8.1568,9.9824,9.4015,4.7818,38254.4827,9.9824,7.8125,9.4760,8.8974,4.1681,29176.5830,14.9408,1167.4920,-117645.6743,156261.2099
6518.8190,9.4759,12.2656,934.3003,139594.1811,-138659.8809,6.4552,207.2288,20882.1977,21089.4265,315.2607,160476.3789,727.0715,-159749.3074,12.2656,11.7728,37857.5000,0.0000,37857.5000,1.4176,9637.0977,0.0000,9637.0977,69.2313,0.0000,28220.4023,28220.4023,11.7728,12.0749,1870.5596,16198.2769,-14327.7172,0.9600,399.2496,2576.0602,2975.3098,46.8869,18774.3371,1471.3101,-17303.0270,12.0749,12.0630,920.0546,0.0000,920.0546,0.0346,234.8472,0.0000,234.8472,1.6877,0.0000,685.2074,685.2074,12.0630,12.3324,-0.0000,13250.3628,-13250.3628,0.7260,-0.0000,2178.6065,2178.6065,35.4585,15428.9693,0.0000,-15428.9693,12.3324,12.2265,8134.6865,0.0000,8134.6865,0.3044,2068.8238,0.0000,2068.8238,14.8655,0.0000,6065.8628,6065.8628,12.2265,9.0748,10.6506,10.6506,6.0159,90238.7364,10.6506,8.1490,9.9835,9.3998,4.7751,38200.4928,9.9835,7.8078,9.4759,8.8957,4.1529,29070.5983,14.8466,1160.1373,-119325.7197,157509.8275
6539.7383,9.5326,12.5253,934.3003,139594.1811,-138659.8809,6.4552,207.0176,20906.1167,21113.1343,315.2604,160500.2978,727.2827,-159773.0152,12.5253,12.2460,19978.5049,0.0000,19978.5049,0.7479,5067.1127,0.0000,5067.1127,36.5251,0.0000,14911.3922,14911.3922,12.2460,12.5703,1870.5596,16198.2769,-14327.7172,0.9601,396.1498,2591.3276,2987.4773,46.8876,18789.6044,1474.4099,-17315.1946,12.5703,12.5574,920.0546,0.0000,920.0546,0.0345,233.2036,0.0000,233.2036,1.6873,0.0000,686.8511,686.8511,12.5574,12.8466,-0.0000,13250.3628,-13250.3628,0.7260,-0.0000,2189.2334,2189.2334,35.4590,15439.5961,0.0000,-15439.5961,12.8466,12.7327,8134.6865,0.0000,8134.6865,0.3042,2053.8738,0.0000,2053.8738,14.8560,0.0000,6080.8128,6080.8128,12.7327,8.9132,10.8230,10.8230,6.7971,101957.2195,10.8230,8.0463,10.0825,9.4346,4.9413,39530.7053,10.0825,7.7257,9.5326,8.9041,4.1943,29359.8346,13.8418,1081.6209,-137204.7148,170847.7595
6542.2617,9.5143,12.4204,934.3003,139594.1811,-138659.8809,6.4572,207.0858,20898.3823,21105.4680,315.3610,160492.5634,727.2145,-159765.3489,12.4204,12.1493,19978.5049,0.0000,19978.5049,0.7448,5074.6298,0.0000,5074.6298,36.3733,0.0000,14903.8751,14903.8751,12.1493,12.4642,1870.5596,16198.2769,-14327.7172,0.9605,396.7776,2588.1500,2984.9276,46.9113,18786.4269,1473.7820,-17312.6448,12.4642,12.4517,920.0546,0.0000,920.0546,0.0343,233.5532,0.0000,233.5532,1.6739,0.0000,686.5014,686.5014,12.4517,12.7325,-0.0000,13250.3628,-13250.3628,0.7262,-0.0000,2186.9076,2186.9076,35.4679,15437.2703,0.0000,-15437.2703,12.7325,12.5203,15616.2000,0.0000,15616.2000,0.5792,3949.1556,0.0000,3949.1556,28.2863,0.0000,11667.0444,11667.0444,12.5203,8.9990,10.7597,10.7597,6.4528,96791.4656,10.7597,8.0913,10.0481,9.4255,4.8897,39117.9959,10.0481,7.7602,9.5143,8.9042,4.1926,29348.3194,14.2533,1113.7768,-129723.2013,165257.7809
6552.0000,9.5346,12.5280,934.3003,139594.1811,-138659.8809,6.4566,207.0099,20906.9863,21113.9962,315.3285,160501.1674,727.2903,-159773.8771,12.5280,12.2486,19978.5049,0.0000,19978.5049,0.7460,5066.9155,0.0000,5066.9155,36.4344,0.0000,14911.5894,14911.5894,12.2486,12.5731,1870.5596,16198.2769,-14327.7172,0.9604,396.1323,2591.4164,2987.5488,46.9062,18789.6933,1474.4273,-17315.2660,12.5731,12.5602,920.0546,0.0000,920.0546,0.0343,233.1945,0.0000,233.1945,1.6767,0.0000,686.8602,686.8602,12.5602,12.8494,-0.0000,13250.3628,-13250.3628,0.7262,-0.0000,2189.2947,2189.2947,35.4657,15439.6575,0.0000,-15439.6575,12.8494,12.7355,8134.6865,0.0000,8134.6865,0.3022,2053.7919,0.0000,2053.7919,14.7614,0.0000,6080.8946,6080.8946,12.7355,8.9151,10.8253,10.8253,6.7973,101959.8248,10.8253,8.0481,10.0847,9.4367,4.9412,39529.2025,10.0847,7.7273,9.5346,8.9060,4.1943,29360.3688,13.8387,1081.3750,-137204.7148,170849.3960
6560.5334,9.0666,11.7453,4766.4415,110927.9589,-106161.5174,5.3616,1065.0400,16458.9205,17523.9605,261.8537,127386.8794,3701.4015,-123685.4780,11.7453,11.4099,20823.0376,0.0000,20823.0376,0.7762,5340.2538,0.0000,5340.2538,37.9092,0.0000,15482.7838,15482.7838,11.4099,11.3220,14681.9814,6449.9431,8232.0383,1.1778,3152.7072,1021.2879,4173.9950,57.5233,7471.2310,11529.2742,4058.0433,11.3220,11.3067,953.6289,0.0000,953.6289,0.0355,246.0609,0.0000,246.0609,1.7349,0.0000,707.5680,707.5680,11.3067,11.3659,1974.3251,3685.0597,-1710.7346,0.3137,423.4906,601.7206,1025.2112,15.3188,4286.7803,1550.8345,-2735.9458,11.3659,11.2290,8517.3973,0.0000,8517.3973,0.3159,2196.3156,0.0000,2196.3156,15.4272,0.0000,6321.0817,6321.0817,11.2290,8.8739,10.0515,10.0515,3.6247,54370.4930,10.0515,7.9719,9.4969,9.0117,3.2007,25605.4899,9.4969,7.6526,9.0666,8.5748,2.8385,19869.4044,11.9711,935.4413,-69346.1499,99845.3874
6565.0000,9.1821,11.5170,4766.4415,110927.9589,-106161.5174,5.3505,1062.8167,16496.6465,17559.4632,261.3112,127424.6054,3703.6247,-123720.9807,11.5170,11.2252,20823.0376,0.0000,20823.0376,0.7861,5357.7932,0.0000,5357.7932,38.3919,0.0000,15465.2443,15465.2443,11.2252,11.1487,14681.9814,6449.9431,8232.0383,1.1902,3162.5035,1019.0788,4181.5823,58.1264,7469.0219,11519.4779,4050.4561,11.1487,11.1354,953.6289,0.0000,953.6289,0.0363,246.6788,0.0000,246.6788,1.7705,0.0000,706.9502,706.9502,11.1354,11.6500,1974.3251,24779.3000,-22804.9749,1.4718,424.6555,4040.1643,4464.8198,71.8809,28819.4643,1549.6695,-27269.7947,11.6500,11.5306,8517.3973,0.0000,8517.3973,0.3236,2187.3500,0.0000,2187.3500,15.8019,0.0000,6330.0473,6330.0473,11.5306,8.8963,10.2134,10.2134,4.6527,69789.9387,10.2134,8.0282,9.6307,9.1208,3.8595,30875.8117,9.6307,7.7080,9.1821,8.6693,3.3960,23771.9275,13.7376,1073.4786,-90440.3902,124437.6778
6609.8949,8.8998,11.5675,4766.4415,110927.9589,-106161.5174,5.3532,1068.2674,16404.9494,17473.2168,261.4438,127332.9083,3698.1741,-123634.7342,11.5675,11.2338,20823.0376,0.0000,20823.0376,0.7890,5353.9004,0.0000,5353.9004,38.5359,0.0000,15469.1372,15469.1372,11.2338,11.1463,14681.9814,6449.9431,8232.0383,1.1930,3162.0462,1019.1805,4181.2267,58.2623,7469.1236,11519.9352,4050.8116,11.1463,11.1311,953.6289,0.0000,953.6289,0.0364,246.6873,0.0000,246.6873,1.7756,0.0000,706.9417,706.9417,11.1311,11.1901,1974.3251,3685.0597,-1710.7346,0.3166,424.6848,600.8121,1025.4969,15.4613,4285.8718,1549.6403,-2736.2315,11.1901,11.0539,8517.3973,0.0000,8517.3973,0.3220,2201.9056,0.0000,2201.9056,15.7282,0.0000,6315.4917,6315.4917,11.0539,8.6329,9.8434,9.8434,3.7398,56096.8581,9.8434,7.8424,9.3098,8.8429,3.0911,24728.9479,9.3098,7.5526,8.8998,8.4312,2.7145,19001.7539,12.0154,938.8973,-69346.1499,99827.5599
6616.1051,10.4300,13.9872,4766.4415,302961.7000,-298195.2585,14.1237,1039.3703,46219.9020,47259.2723,689.7777,349181.6020,3727.0712,-345454.5309,13.9872,13.8260,20823.0376,0.0000,20823.0376,0.7884,5174.9640,0.0000,5174.9640,38.5039,0.0000,15648.0736,15648.0736,13.8260,13.7832,14681.9814,6449.9431,8232.0383,1.1928,3031.8725,1054.2247,4086.0972,58.2560,7504.1677,11650.1089,4145.9412,13.7832,13.7758,953.6289,0.0000,953.6289,0.0364,237.6619,0.0000,237.6619,1.7757,0.0000,715.9671,715.9671,13.7758,13.8039,1974.3251,3685.0597,-1710.7346,0.3166,407.5774,616.8995,1024.4769,15.4618,4301.9592,1566.7476,-2735.2116,13.8039,13.7380,8517.3973,0.0000,8517.3973,0.3245,2122.0861,0.0000,2122.0861,15.8481,0.0000,6395.3112,6395.3112,13.7380,9.9160,11.8270,11.8270,12.3700,185549.3455,11.8270,8.8580,11.0352,10.3425,9.6092,76873.8510,11.0352,8.4415,10.4300,9.7384,8.3947,58762.5900,25.1735,1967.0954,-261379.8911,321185.7866
6755.4066,8.8288,11.5138,4766.4415,110927.9589,-106161.5174,5.3836,1069.6457,16382.1826,17451.8283,262.9283,127310.1414,3696.7957,-123613.3457,11.5138,11.1777,20823.0376,0.0000,20823.0376,0.7587,5358.0405,0.0000,5358.0405,37.0535,0.0000,15464.9971,15464.9971,11.1777,11.0894,14681.9814,6449.9431,8232.0383,1.1558,3165.0341,1018.5181,4183.5522,56.4489,7468.4612,11516.9473,4048.4861,11.0894,11.0741,953.6289,0.0000,953.6289,0.0349,246.8909,0.0000,246.8909,1.7023,0.0000,706.7380,706.7380,11.0741,11.1334,1974.3251,3685.0597,-1710.7346,0.3114,425.0743,600.5221,1025.5963,15.2086,4285.5818,1549.2508,-2736.3310,11.1334,10.9962,8517.3973,0.0000,8517.3973,0.3112,2203.7150,0.0000,2203.7150,15.1990,0.0000,6313.6822,6313.6822,10.9962,8.5285,9.7624,9.7624,3.7860,56790.3222,9.7624,7.7775,9.2331,8.7699,3.0452,24361.7846,9.2331,7.5006,8.8288,8.3668,2.6580,18606.2469,11.9335,932.4971,-69346.1499,99758.3538
6758.5934,8.7497,10.5615,33419.7000,110927.9589,-77508.2589,7.0102,7510.5845,16356.9166,23867.5011,342.3685,127284.8755,25909.1155,-101375.7600,10.5615,10.2864,20823.0376,0.0000,20823.0376,0.7891,5432.6445,0.0000,5432.6445,38.5379,0.0000,15390.3931,15390.3931,10.2864,10.2147,14681.9814,6449.9431,8232.0383,1.1937,3213.4865,1008.5366,4222.0231,58.2975,7458.4797,11468.4949,4010.0152,10.2147,10.2022,953.6289,0.0000,953.6289,0.0364,250.0681,0.0000,250.0681,1.7774,0.0000,703.5609,703.5609,10.2022,10.2511,1974.3251,3685.0597,-1710.7346,0.3167,431.1392,596.3849,1027.5241,15.4678,4281.4446,1543.1859,-2738.2587,10.2511,10.1388,8517.3973,0.0000,8517.3973,0.3248,2232.3035,0.0000,2232.3035,15.8630,0.0000,6285.0938,6285.0938,10.1388,8.8400,9.4894,9.4894,2.4222,36332.6812,9.4894,7.9670,9.0834,8.7282,2.8393,22714.3585,9.0834,7.6530,8.7497,8.3682,2.6678,18674.4301,14.5064,1133.5488,-40692.8914,77721.4699
6803.3003,8.8217,11.4799,4766.4415,110927.9589,-106161.5174,5.3432,1069.7842,16379.9049,17449.6890,260.9513,127307.8637,3696.6573,-123611.2065,11.4799,11.1474,20823.0376,0.0000,20823.0376,0.8017,5360.6587,0.0000,5360.6587,39.1554,0.0000,15462.3789,15462.3789,11.1474,11.0603,14681.9814,6449.9431,8232.0383,1.2075,3166.6510,1018.1620,4184.8130,58.9706,7468.1051,11515.3304,4047.2254,11.0603,11.0451,953.6289,0.0000,953.6289,0.0369,246.9953,0.0000,246.9953,1.8038,0.0000,706.6337,706.6337,11.0451,11.1039,1974.3251,3685.0597,-1710.7346,0.3187,425.2724,600.3757,1025.6481,15.5627,4285.4354,1549.0526,-2736.3827,11.1039,10.9682,8517.3973,0.0000,8517.3973,0.3297,2204.6576,0.0000,2204.6576,16.1008,0.0000,6312.7397,6312.7397,10.9682,8.5260,9.7471,9.7471,3.7856,56783.8287,9.7471,7.7805,9.2226,8.7638,3.0483,24386.7991,9.2226,7.5043,8.8217,8.3635,2.6635,18644.7527,12.0564,942.1069,-69346.1499,99815.3806
6806.6997,9.2170,11.1537,4766.4415,110927.9589,-106161.5174,5.3448,1062.1464,16508.1104,17570.2568,261.0325,127436.0693,3704.2951,-123731.7742,11.1537,10.9120,20823.0376,0.0000,20823.0376,0.7895,5385.9866,0.0000,5385.9866,38.5594,0.0000,15437.0510,15437.0510,10.9120,11.8964,14681.9814,64270.9000,-49588.9186,4.2302,3179.2834,10118.3816,13297.6650,206.5942,74389.2816,11502.6980,-62886.5836,11.8964,11.8853,953.6289,0.0000,953.6289,0.0364,244.0383,0.0000,244.0383,1.7782,0.0000,709.5907,709.5907,11.8853,11.9281,1974.3251,3685.0597,-1710.7346,0.3168,419.6149,604.8743,1024.4892,15.4709,4289.9340,1554.7101,-2735.2238,11.9281,11.8288,8517.3973,0.0000,8517.3973,0.3250,2178.6561,0.0000,2178.6561,15.8708,0.0000,6338.7412,6338.7412,11.8288,8.7698,10.2993,10.2993,6.5144,97716.6471,10.2993,7.9872,9.6828,9.1433,4.9239,39391.0722,9.6828,7.6866,9.2170,8.6847,4.2511,29757.3931,16.5640,1294.3346,-127167.1069,166865.1124
6898.5166,8.8111,11.4760,4766.4415,110927.9589,-106161.5174,5.3541,1069.9905,16376.5135,17446.5040,261.4841,127304.4724,3696.4509,-123608.0214,11.4760,11.1426,20823.0376,0.0000,20823.0376,0.7938,5360.9609,0.0000,5360.9609,38.7683,0.0000,15462.0767,15462.0767,11.1426,11.0554,14681.9814,6449.9431,8232.0383,1.1977,3166.9039,1018.1064,4185.0104,58.4953,7468.0495,11515.0775,4047.0280,11.0554,11.0401,953.6289,0.0000,953.6289,0.0359,247.0129,0.0000,247.0129,1.7539,0.0000,706.6160,706.6160,11.0401,11.0991,1974.3251,3685.0597,-1710.7346,0.3150,425.3064,600.3506,1025.6570,15.3845,4285.4103,1549.0186,-2736.3917,11.0991,10.9630,8517.3973,0.0000,8517.3973,0.3206,2204.8116,0.0000,2204.8116,15.6570,0.0000,6312.5857,6312.5857,10.9630,8.5101,9.7366,9.7366,3.7925,56886.9615,9.7366,7.7688,9.2118,8.7527,3.0424,24339.4251,9.2118,7.4944,8.8111,8.3531,2.6553,18586.8553,12.0257,939.7033,-69346.1499,99813.2419
6903.4834,8.6293,10.5575,4766.4415,110927.9589,-106161.5174,5.3446,1073.5403,16318.7549,17392.2952,261.0205,127246.7138,3692.9011,-123553.8127,10.5575,10.3173,20823.0376,0.0000,20823.0376,0.7896,5432.9617,0.0000,5432.9617,38.5619,0.0000,15390.0759,15390.0759,10.3173,9.6126,67341.9000,6449.9431,60891.9569,4.2628,14731.4651,1008.8656,15740.3306,208.1890,7458.8086,52610.4349,45151.6263,9.6126,9.6017,953.6289,0.0000,953.6289,0.0364,252.3066,0.0000,252.3066,1.7784,0.0000,701.3223,701.3223,9.6017,9.6444,1974.3251,3685.0597,-1710.7346,0.3168,435.4350,593.8614,1029.2963,15.4714,4278.9211,1538.8901,-2740.0310,9.6444,9.5466,8517.3973,0.0000,8517.3973,0.3250,2252.4272,0.0000,2252.4272,15.8721,0.0000,6264.9701,6264.9701,9.5466,8.8792,9.2129,9.2129,1.4256,21384.1223,9.2129,8.0472,8.9020,8.6300,2.4898,19918.3229,8.9020,7.7332,8.6293,8.3176,2.4965,17475.6641,16.6128,1298.1439,-16686.2313,58778.1093
7281.5792,8.8172,11.4747,4766.4415,110927.9589,-106161.5174,5.3404,1069.8719,16378.4621,17448.3340,260.8161,127306.4210,3696.5695,-123609.8515,11.4747,11.1422,20823.0376,0.0000,20823.0376,0.8018,5361.0624,0.0000,5361.0624,39.1581,0.0000,15461.9752,15461.9752,11.1422,11.0552,14681.9814,6449.9431,8232.0383,1.2070,3166.9251,1018.1018,4185.0269,58.9468,7468.0448,11515.0562,4047.0114,11.0552,11.0400,953.6289,0.0000,953.6289,0.0373,247.0136,0.0000,247.0136,1.8226,0.0000,706.6154,706.6154,11.0400,11.0988,1974.3251,3685.0597,-1710.7346,0.3201,425.3073,600.3499,1025.6573,15.6313,4285.4096,1549.0177,-2736.3919,11.0988,10.9631,8517.3973,0.0000,8517.3973,0.3331,2204.8216,0.0000,2204.8216,16.2701,0.0000,6312.5756,6312.5756,10.9631,8.5176,9.7403,9.7403,3.7916,56873.9718,9.7403,7.7780,9.2171,8.7592,3.0425,24339.9017,9.2171,7.5033,8.8172,8.3602,2.6570,18599.2510,12.0595,942.3481,-69346.1499,99813.1244
7283.1534,8.7888,11.2178,4766.4415,110927.9589,-106161.5174,5.3447,1070.4247,16369.3899,17439.8146,261.0274,127297.3488,3696.0167,-123601.3321,11.2178,10.9143,20823.0376,0.0000,20823.0376,0.7896,5380.9887,0.0000,5380.9887,38.5628,0.0000,15442.0488,15442.0488,10.9143,10.8350,14681.9814,6449.9431,8232.0383,1.1942,3179.1610,1015.4619,4194.6229,58.3237,7465.4050,11502.8204,4037.4154,10.8350,10.8211,953.6289,0.0000,953.6289,0.0364,247.8061,0.0000,247.8061,1.7784,0.0000,705.8228,705.8228,10.8211,10.6661,15525.2000,3685.0597,11840.1403,1.1055,3356.2640,599.2640,3955.5280,53.9921,4284.3237,12168.9360,7884.6123,10.6661,10.5424,8517.3973,0.0000,8517.3973,0.3250,2218.7557,0.0000,2218.7557,15.8722,0.0000,6298.6416,6298.6416,10.5424,8.7124,9.6274,9.6274,3.1039,46559.0958,9.6274,7.8706,9.1589,8.7490,2.9799,23839.3179,9.1589,7.5727,8.7888,8.3658,2.6906,18834.0238,13.1932,1030.9357,-55795.2750,89232.4375
7283.5794,8.7625,11.0023,4766.4415,110927.9589,-106161.5174,5.3441,1070.9364,16361.0153,17431.9518,260.9954,127288.9742,3695.5050,-123593.4692,11.0023,10.4653,39996.4000,0.0000,39996.4000,1.5231,10368.0300,0.0000,10368.0300,74.3859,0.0000,29628.3700,29628.3700,10.4653,10.3925,14681.9814,6449.9431,8232.0383,1.1977,3203.6133,1010.4581,4214.0714,58.4936,7460.4012,11478.3681,4017.9670,10.3925,10.3798,953.6289,0.0000,953.6289,0.0365,249.4152,0.0000,249.4152,1.7849,0.0000,704.2138,704.2138,10.3798,10.2373,15525.2000,3685.0597,11840.1403,1.1093,3380.4393,597.1822,3977.6215,54.1762,4282.2419,12144.7607,7862.5188,10.2373,10.1234,8517.3973,0.0000,8517.3973,0.3274,2232.7580,0.0000,2232.7580,15.9877,0.0000,6284.6393,6284.6393,10.1234,8.9304,9.5269,9.5269,2.1945,32917.3696,9.5269,7.9526,9.1071,8.7397,2.8958,23166.0100,9.1071,7.6305,8.7625,8.3688,2.7159,19011.5141,14.3071,1117.9768,-36621.9126,75094.8937
7283.7223,8.7568,10.9751,4766.4415,110927.9589,-106161.5174,5.3435,1071.0476,16359.1991,17430.2467,260.9658,127287.1580,3695.3939,-123591.7641,10.9751,10.4434,39996.4000,0.0000,39996.4000,1.5286,10372.1197,0.0000,10372.1197,74.6534,0.0000,29624.2803,29624.2803,10.4434,10.3713,14681.9814,6449.9431,8232.0383,1.2047,3204.8195,1010.2203,4215.0399,58.8333,7460.1634,11477.1619,4016.9985,10.3713,10.3347,2762.2000,0.0000,2762.2000,0.1067,722.6597,0.0000,722.6597,5.2089,0.0000,2039.5403,2039.5403,10.3347,10.1936,15525.2000,3685.0597,11840.1403,1.1170,3382.9305,596.9777,3979.9082,54.5524,4282.0374,12142.2695,7860.2321,10.1936,10.0809,8517.3973,0.0000,8517.3973,0.3298,2234.1937,0.0000,2234.1937,16.1046,0.0000,6283.2036,6283.2036,10.0809,8.9352,9.5080,9.5080,2.1276,31914.4714,9.5080,7.9651,9.0966,8.7366,2.8655,22924.3199,9.0966,7.6405,8.7568,8.3686,2.7041,18928.7110,14.4451,1128.7640,-34813.3415,73767.5024
7286.2777,8.6895,10.8370,4766.4415,110927.9589,-106161.5174,5.3433,1072.3624,16337.7997,17410.1621,260.9593,127265.7586,3694.0791,-123571.6795,10.8370,10.3225,39996.4000,0.0000,39996.4000,1.5293,10392.9973,0.0000,10392.9973,74.6873,0.0000,29603.4027,29603.4027,10.3225,10.2528,14681.9814,6449.9431,8232.0383,1.2050,3211.4902,1008.9207,4220.4108,58.8501,7458.8637,11470.4912,4011.6275,10.2528,10.2174,2762.2000,0.0000,2762.2000,0.1067,723.9202,0.0000,723.9202,5.2108,0.0000,2038.2798,2038.2798,10.2174,10.0809,15525.2000,3685.0597,11840.1403,1.1178,3389.4384,596.4522,3985.8907,54.5911,4281.5120,12135.7616,7854.2496,10.0809,9.8679,16620.8000,0.0000,16620.8000,0.6440,4367.0478,0.0000,4367.0478,31.4499,0.0000,12253.7522,12253.7522,9.8679,8.8564,9.3622,9.3622,1.9402,29102.6916,9.3622,7.9938,8.9973,8.6780,2.6247,20997.3933,8.9973,7.6782,8.6895,8.3378,2.5300,17710.1237,14.9191,1165.7965,-26709.9388,67810.2086
7286.4206,8.6934,10.9093,4766.4415,110927.9589,-106161.5174,5.3418,1072.2869,16339.0233,17411.3103,260.8836,127266.9822,3694.1545,-123572.8277,10.9093,10.3782,39996.4000,0.0000,39996.4000,1.5328,10382.0590,0.0000,10382.0590,74.8604,0.0000,29614.3410,29614.3410,10.3782,10.3062,14681.9814,6449.9431,8232.0383,1.2069,3208.4118,1009.5173,4217.9291,58.9428,7459.4603,11473.5696,4014.1093,10.3062,10.2697,2762.2000,0.0000,2762.2000,0.1069,723.3511,0.0000,723.3511,5.2214,0.0000,2038.8489,2038.8489,10.2697,10.1288,15525.2000,3685.0597,11840.1403,1.1199,3386.5333,596.6853,3983.2185,54.6925,4281.7450,12138.6667,7856.9218,10.1288,10.0162,8517.3973,0.0000,8517.3973,0.3306,2236.3299,0.0000,2236.3299,16.1478,0.0000,6281.0673,6281.0673,10.0162,8.7505,9.3833,9.3833,2.3528,35291.2690,9.3833,7.9708,9.0066,8.6771,2.6257,21005.5355,9.0066,7.6640,8.6934,8.3353,2.4958,17470.7110,14.4584,1129.7964,-34813.3415,73767.5155
7286.8466,8.6980,10.9311,4766.4415,110927.9589,-106161.5174,5.3419,1072.1957,16340.5037,17412.6994,260.8879,127268.4626,3694.2457,-123574.2169,10.9311,10.3959,39996.4000,0.0000,39996.4000,1.5310,10378.7650,0.0000,10378.7650,74.7696,0.0000,29617.6350,29617.6350,10.3959,10.3233,14681.9814,6449.9431,8232.0383,1.2060,3207.4383,1009.7071,4217.1454,58.9000,7459.6501,11474.5431,4014.8929,10.3233,10.3106,953.6289,0.0000,953.6289,0.0369,249.6689,0.0000,249.6689,1.8010,0.0000,703.9601,703.9601,10.3106,10.1686,15525.2000,3685.0597,11840.1403,1.1189,3384.2651,596.8689,3981.1340,54.6473,4281.9286,12140.9349,7859.0063,10.1686,10.0551,8517.3973,0.0000,8517.3973,0.3304,2235.0183,0.0000,2235.0183,16.1345,0.0000,6282.3789,6282.3789,10.0551,8.7488,9.4019,9.4019,2.4096,36144.3522,9.4019,7.9555,9.0162,8.6787,2.6680,21343.9730,9.0162,7.6526,8.6980,8.3344,2.5154,17608.0133,14.3475,1121.1369,-36621.9126,75096.3385
7288.4208,8.7418,11.1611,4766.4415,110927.9589,-106161.5174,5.3420,1071.3406,16354.4163,17425.7570,260.8932,127282.3752,3695.1008,-123587.2744,11.1611,10.8589,20823.0376,0.0000,20823.0376,0.7968,5385.4070,0.0000,5385.4070,38.9126,0.0000,15437.6306,15437.6306,10.8589,10.7799,14681.9814,6449.9431,8232.0383,1.2057,3182.1537,1014.8303,4196.9840,58.8865,7464.7734,11499.8277,4035.0543,10.7799,10.7661,953.6289,0.0000,953.6289,0.0369,248.0051,0.0000,248.0051,1.8005,0.0000,705.6238,705.6238,10.7661,10.6118,15525.2000,3685.0597,11840.1403,1.1182,3359.2547,598.9967,3958.2514,54.6119,4284.0564,12165.9453,7881.8889,10.6118,10.4885,8517.3973,0.0000,8517.3973,0.3301,2220.5199,0.0000,2220.5199,16.1235,0.0000,6296.8774,6296.8774,10.4885,8.5904,9.5394,9.5394,3.2322,48482.9976,9.5394,7.8681,9.0938,8.7038,2.8459,22767.5811,9.0938,7.5854,8.7418,8.3396,2.5684,17978.7373,13.2445,1034.9476,-55795.2750,89229.3160
7296.0000,8.8013,11.4663,4766.4415,110927.9589,-106161.5174,5.3430,1070.1805,16373.3951,17443.5756,260.9424,127301.3540,3696.2610,-123605.0930,11.4663,11.1329,20823.0376,0.0000,20823.0376,0.7937,5361.7099,0.0000,5361.7099,38.7635,0.0000,15461.3277,15461.3277,11.1329,11.0457,14681.9814,6449.9431,8232.0383,1.1985,3167.4217,1017.9928,4185.4145,58.5352,7467.9359,11514.5597,4046.6238,11.0457,11.0305,953.6289,0.0000,953.6289,0.0366,247.0477,0.0000,247.0477,1.7866,0.0000,706.5813,706.5813,11.0305,11.0895,1974.3251,3685.0597,-1710.7346,0.3174,425.3728,600.3018,1025.6746,15.5007,4285.3615,1548.9523,-2736.4092,11.0895,10.9534,8517.3973,0.0000,8517.3973,0.3277,2205.1210,0.0000,2205.1210,16.0024,0.0000,6312.2762,6312.2762,10.9534,8.4764,9.7149,9.7149,3.8296,57443.5502,9.7149,7.7714,9.1966,8.7431,3.0048,24038.0725,9.1966,7.5026,8.8013,8.3496,2.6189,18332.6203,12.0253,939.6737,-69346.1499,99814.2431
7426.9833,8.2596,9.9939,16263.6680,92354.8246,-76091.1565,5.1645,3687.9129,13490.5407,17178.4536,252.2266,105845.3653,12575.7551,-93269.6102,9.9939,9.6896,22206.6473,0.0000,22206.6473,0.8422,5842.2052,0.0000,5842.2052,41.1308,0.0000,16364.4421,16364.4421,9.6896,9.1872,39908.5092,3527.2378,36381.2714,2.5112,8825.8779,548.1894,9374.0672,122.6418,4075.4272,31082.6314,27007.2042,9.1872,9.1733,1018.8349,0.0000,1018.8349,0.0389,271.2750,0.0000,271.2750,1.9003,0.0000,747.5599,747.5599,9.1733,9.1095,5815.9416,941.8280,4874.1136,0.3902,1291.8994,151.3606,1443.2600,19.0556,1093.1886,4524.0422,3430.8536,9.1095,8.9850,9127.0894,0.0000,9127.0894,0.3483,2433.0109,0.0000,2433.0109,17.0110,0.0000,6694.0785,6694.0785,8.9850,8.4569,8.7210,8.7210,0.9466,14199.2016,8.7210,7.8048,8.4766,8.2629,1.6424,13138.9475,8.4766,7.5466,8.2596,8.0116,1.6671,11670.0148,13.9429,1089.5185,-2483.1998,39008.1639
7431.0167,8.2922,9.9580,16263.6680,92354.8246,-76091.1565,5.1627,3685.7106,13498.8839,17184.5945,252.1377,105853.7085,12577.9574,-93275.7511,9.9580,9.6658,22206.6473,0.0000,22206.6473,0.8633,5845.3057,0.0000,5845.3057,42.1638,0.0000,16361.3416,16361.3416,9.6658,9.1836,39908.5092,3527.2378,36381.2714,2.5761,8829.5428,548.0617,9377.6045,125.8109,4075.2994,31078.9664,27003.6670,9.1836,9.1702,1018.8349,0.0000,1018.8349,0.0402,271.2900,0.0000,271.2900,1.9618,0.0000,747.5450,747.5450,9.1702,9.2122,5815.9416,5921.3000,-105.3584,0.6755,1291.9669,951.5902,2243.5572,32.9889,6872.8902,4523.9747,-2348.9156,9.2122,9.0925,9127.0894,0.0000,9127.0894,0.3604,2429.2727,0.0000,2429.2727,17.5991,0.0000,6697.8167,6697.8167,9.0925,8.4502,8.7714,8.7714,1.1990,17984.3277,8.7714,7.8133,8.5159,8.2923,1.7881,14305.0162,8.5159,7.5572,8.2922,8.0365,1.7893,12524.9319,14.5171,1134.3894,-7462.6718,44814.2758
7472.9513,8.2448,9.9586,16263.6680,92354.8246,-76091.1565,5.1628,3688.9189,13486.7394,17175.6583,252.1424,105841.5640,12574.7492,-93266.8148,9.9586,9.6580,22206.6473,0.0000,22206.6473,0.8639,5845.2570,0.0000,5845.2570,42.1898,0.0000,16361.3903,16361.3903,9.6580,9.1618,39908.5092,3527.2378,36381.2714,2.5772,8830.7603,548.0193,9378.7796,125.8645,4075.2571,31077.7489,27002.4918,9.1618,9.1480,1018.8349,0.0000,1018.8349,0.0402,271.3785,0.0000,271.3785,1.9620,0.0000,747.4564,747.4564,9.1480,9.0850,5815.9416,941.8280,4874.1136,0.4026,1292.4474,151.3370,1443.7843,19.6617,1093.1650,4523.4942,3430.3293,9.0850,8.9620,9127.0894,0.0000,9127.0894,0.3597,2433.9050,0.0000,2433.9050,17.5672,0.0000,6693.1844,6693.1844,8.9620,8.4338,8.6979,8.6979,0.9581,14371.2899,8.6979,7.7981,8.4580,8.2480,1.6322,13057.6092,8.4580,7.5442,8.2448,8.0011,1.6576,11603.0307,14.1094,1102.5302,-2483.1998,39031.9298
7481.0487,9.3606,12.1419,16263.6680,231417.1000,-215153.4320,11.4949,3614.7919,34538.0619,38152.8538,561.3913,265955.1619,12648.8761,-253306.2857,12.1419,11.9602,22206.6473,0.0000,22206.6473,0.8639,5662.9202,0.0000,5662.9202,42.1894,0.0000,16543.7271,16543.7271,11.9602,11.6599,39908.5092,3527.2378,36381.2714,2.5775,8491.6512,562.2451,9053.8963,125.8823,4089.4829,31416.8580,27327.3751,11.6599,11.6516,1018.8349,0.0000,1018.8349,0.0402,261.6096,0.0000,261.6096,1.9627,0.0000,757.2254,757.2254,11.6516,11.6133,5815.9416,941.8280,4874.1136,0.4027,1240.6757,154.2607,1394.9364,19.6692,1096.0887,4575.2659,3479.1772,11.6133,11.5388,9127.0894,0.0000,9127.0894,0.3605,2345.1605,0.0000,2345.1605,17.6067,0.0000,6781.9289,6781.9289,11.5388,9.0546,10.2967,10.2967,7.5406,113108.6234,10.2967,8.3212,9.7699,9.3089,5.9967,47973.2002,9.7699,8.0157,9.3606,8.8928,5.3247,37272.8712,23.6096,1844.8840,-141545.4752,198354.6948
7811.6785,8.2063,9.9495,16263.6680,92354.8246,-76091.1565,5.1669,3691.5281,13476.9077,17168.4357,252.3442,105831.7323,12572.1400,-93259.5923,9.9495,9.6435,22206.6473,0.0000,22206.6473,0.8329,5846.0425,0.0000,5846.0425,40.6797,0.0000,16360.6048,16360.6048,9.6435,9.1384,39908.5092,3527.2378,36381.2714,2.4755,8832.9891,547.9420,9380.9311,120.9018,4075.1798,31075.5201,27000.3403,9.1384,9.1244,1018.8349,0.0000,1018.8349,0.0385,271.4735,0.0000,271.4735,1.8811,0.0000,747.3614,747.3614,9.1244,9.0602,5815.9416,941.8280,4874.1136,0.3862,1292.9591,151.3150,1444.2741,18.8631,1093.1430,4522.9825,3429.8395,9.0602,8.9351,9127.0894,0.0000,9127.0894,0.3453,2434.8087,0.0000,2434.8087,16.8642,0.0000,6692.2807,6692.2807,8.9351,8.3673,8.6512,8.6512,1.0123,15184.6659,8.6512,7.7645,8.4147,8.2079,1.5809,12647.1637,8.4147,7.5213,8.2063,7.9680,1.5930,11151.1632,13.8682,1083.6818,-2483.1998,38982.9928
7814.3215,8.4228,9.8508,16263.6680,92354.8246,-76091.1565,5.1625,3676.8953,13532.5705,17209.4658,252.1303,105887.3951,12586.7728,-93300.6223,9.8508,9.6006,22206.6473,0.0000,22206.6473,0.8640,5854.5885,0.0000,5854.5885,42.1960,0.0000,16352.0588,16352.0588,9.6006,9.8251,39908.5092,39589.4000,319.1092,4.4628,8839.6375,6147.4761,14987.1136,217.9560,45736.8761,31068.8717,-14668.0044,9.8251,9.8136,1018.8349,0.0000,1018.8349,0.0402,268.7095,0.0000,268.7095,1.9635,0.0000,750.1254,750.1254,9.8136,9.7609,5815.9416,941.8280,4874.1136,0.4029,1278.2004,151.9990,1430.1994,19.6772,1093.8270,4537.7412,3443.9142,9.7609,9.6581,9127.0894,0.0000,9127.0894,0.3607,2409.4894,0.0000,2409.4894,17.6144,0.0000,6717.6000,6717.6000,9.6581,8.3457,9.0019,9.0019,2.8581,42871.1113,9.0019,7.8044,8.6826,8.4031,2.6081,20864.4159,8.6826,7.5695,8.4228,8.1260,2.4241,16968.3541,16.9397,1323.6900,-38545.3621,80703.8813
7834.6196,8.2141,9.9284,16263.6680,92354.8246,-76091.1565,5.1632,3690.9983,13478.9005,17169.8988,252.1619,105833.7251,12572.6697,-93261.0554,9.9284,9.6277,22206.6473,0.0000,22206.6473,0.8655,5847.8697,0.0000,5847.8697,42.2680,0.0000,16358.7776,16358.7776,9.6277,9.1314,39908.5092,3527.2378,36381.2714,2.5802,8835.4394,547.8572,9383.2966,126.0121,4075.0950,31073.0698,26997.9748,9.1314,9.1177,1018.8349,0.0000,1018.8349,0.0397,271.5020,0.0000,271.5020,1.9401,0.0000,747.3330,747.3330,9.1177,9.0546,5815.9416,941.8280,4874.1136,0.3982,1293.1055,151.3088,1444.4143,19.4469,1093.1367,4522.8361,3429.6993,9.0546,8.9316,9127.0894,0.0000,9127.0894,0.3563,2435.0140,0.0000,2435.0140,17.3995,0.0000,6692.0754,6692.0754,8.9316,8.3795,8.6555,8.6555,1.0012,15018.3170,8.6555,7.7771,8.4213,8.2163,1.5930,12744.3107,8.4213,7.5333,8.2141,7.9773,1.6102,11271.5611,14.1045,1102.1484,-2483.1998,39034.1888
7839.3804,8.1436,9.6776,16263.6680,92354.8246,-76091.1565,5.1626,3695.7848,13460.9539,17156.7388,252.1314,105815.7785,12567.8832,-93247.8953,9.6776,9.4089,22206.6473,0.0000,22206.6473,0.8643,5869.6522,0.0000,5869.6522,42.2114,0.0000,16336.9950,16336.9950,9.4089,8.9653,39908.5092,3527.2378,36381.2714,2.5789,8869.4417,546.7044,9416.1461,125.9507,4073.9422,31039.0675,26965.1254,8.9653,8.9530,1018.8349,0.0000,1018.8349,0.0402,272.1797,0.0000,272.1797,1.9638,0.0000,746.6552,746.6552,8.9530,8.6645,23970.1000,941.8280,23028.2720,1.4996,5344.2374,151.1588,5495.3961,73.2387,1092.9867,18625.8626,17532.8759,8.6645,8.5547,9127.0894,0.0000,9127.0894,0.3607,2449.3494,0.0000,2449.3494,17.6162,0.0000,6677.7401,6677.7401,8.5547,8.4267,8.4907,8.4907,0.2592,3888.6476,8.4907,7.8291,8.3143,8.1599,1.3405,10723.7912,8.3143,7.5827,8.1436,7.9485,1.4822,10375.6288,15.7595,1231.4692,15670.9586,24988.0676
7857.0868,8.2057,9.9156,16263.6680,92354.8246,-76091.1565,5.1624,3691.5652,13476.7682,17168.3333,252.1219,105831.5928,12572.1029,-93259.4899,9.9156,9.6157,22206.6473,0.0000,22206.6473,0.8681,5848.9754,0.0000,5848.9754,42.3951,0.0000,16357.6719,16357.6719,9.6157,9.1207,39908.5092,3527.2378,36381.2714,2.5891,8837.2941,547.7932,9385.0873,126.4478,4075.0310,31071.2151,26996.1841,9.1207,9.1070,1018.8349,0.0000,1018.8349,0.0403,271.5454,0.0000,271.5454,1.9696,0.0000,747.2895,747.2895,9.1070,9.0442,5815.9416,941.8280,4874.1136,0.4041,1293.3365,151.2989,1444.6354,19.7355,1093.1269,4522.6051,3429.4782,9.0442,8.9215,9127.0894,0.0000,9127.0894,0.3632,2435.3968,0.0000,2435.3968,17.7390,0.0000,6691.6927,6691.6927,8.9215,8.3651,8.6433,8.6433,1.0114,15171.1587,8.6433,7.7724,8.4111,8.2079,1.5833,12666.2981,8.4111,7.5310,8.2057,7.9711,1.5999,11199.3583,14.1408,1104.9813,-2483.1998,39036.8151
7858.7976,7.8877,8.9143,16263.6680,92354.8246,-76091.1565,5.1625,3713.2487,13396.6089,17109.8577,252.1302,105751.4335,12550.4193,-93201.0142,8.9143,8.7351,22206.6473,0.0000,22206.6473,0.8645,5937.0041,0.0000,5937.0041,42.2207,0.0000,16269.6431,16269.6431,8.7351,7.5456,144569.1000,3527.2378,141041.8622,8.8608,32515.7848,543.3667,33059.1515,432.7491,4070.6045,112053.3152,107982.7107,7.5456,7.5374,1018.8349,0.0000,1018.8349,0.0402,278.1092,0.0000,278.1092,1.9642,0.0000,740.7257,740.7257,7.5374,7.5000,5815.9416,941.8280,4874.1136,0.4030,1328.3747,150.0801,1478.4548,19.6831,1091.9081,4487.5669,3395.6588,7.5000,7.4269,9127.0894,0.0000,9127.0894,0.3608,2493.1448,0.0000,2493.1448,17.6194,0.0000,6633.9447,6633.9447,7.4269,8.4625,7.9447,7.9447,-3.1340,-47009.5392,7.9447,7.9410,7.9437,7.9428,0.0113,90.3212,7.9437,7.7037,7.8877,7.8237,0.7262,5083.3849,23.5378,1839.2802,102177.3910,-41835.8331
7863.2024,7.4721,7.8996,75008.4000,92354.8246,-17346.4246,8.6466,17257.9260,13294.6551,30552.5811,422.2860,105649.4797,57750.4740,-47899.0057,7.8996,7.7552,22206.6473,0.0000,22206.6473,0.8798,6028.9669,0.0000,6028.9669,42.9679,0.0000,16177.6804,16177.6804,7.7552,6.7964,144569.1000,3527.2378,141041.8622,9.0124,33095.7464,539.0841,33634.8306,440.1509,4066.3219,111473.3536,107407.0316,6.7964,6.7898,1018.8349,0.0000,1018.8349,0.0414,281.3385,0.0000,281.3385,2.0210,0.0000,737.4964,737.4964,6.7898,6.7597,5815.9416,941.8280,4874.1136,0.4143,1345.7475,149.6628,1495.4103,20.2330,1091.4908,4470.1940,3378.7033,6.7597,6.7007,9127.0894,0.0000,9127.0894,0.3710,2521.7662,0.0000,2521.7662,18.1199,0.0000,6605.3233,6605.3233,6.7007,7.9754,7.3381,7.3381,-4.7606,-71409.0595,7.3381,7.7253,7.4413,7.5317,-1.4461,-11568.8299,7.4413,7.5731,7.4721,7.5072,-0.4922,-3445.1066,29.0482,2269.8689,160922.1229,-86422.9959
7864.9132,7.6261,8.6273,16263.6680,92354.8246,-76091.1565,5.1610,3731.2657,13332.0554,17063.3211,252.0531,105686.8800,12532.4024,-93154.4776,8.6273,8.4527,22206.6473,0.0000,22206.6473,0.8961,5962.7385,0.0000,5962.7385,43.7627,0.0000,16243.9088,16243.9088,8.4527,7.2938,144569.1000,3527.2378,141041.8622,9.1871,32680.6999,542.0629,33222.7629,448.6835,4069.3007,111888.4001,107819.0993,7.2938,7.2859,1018.8349,0.0000,1018.8349,0.0420,279.1867,0.0000,279.1867,2.0496,0.0000,739.6482,739.6482,7.2859,7.2494,5815.9416,941.8280,4874.1136,0.4199,1334.1711,149.9279,1484.0991,20.5078,1091.7559,4481.7705,3390.0145,7.2494,7.1782,9127.0894,0.0000,9127.0894,0.3762,2502.7642,0.0000,2502.7642,18.3736,0.0000,6624.3253,6624.3253,7.1782,8.0485,7.6134,7.6134,-2.6991,-40486.9898,7.6134,7.7325,7.6451,7.6729,-0.3695,-2956.1259,7.6451,7.5634,7.6261,7.6043,0.2534,1773.6700,24.1234,1885.0327,102177.3910,-41669.4457
8003.1596,8.1900,9.8848,16263.6680,92354.8246,-76091.1565,5.1612,3692.6339,13472.7529,17165.3868,252.0654,105827.5775,12571.0341,-93256.5433,9.8848,9.5875,22206.6473,0.0000,22206.6473,0.8843,5851.6489,0.0000,5851.6489,43.1888,0.0000,16354.9984,16354.9984,9.5875,9.0968,39908.5092,3527.2378,36381.2714,2.6346,8841.6655,547.6428,9389.3084,128.6699,4074.8806,31066.8437,26991.9631,9.0968,9.0833,1018.8349,0.0000,1018.8349,0.0416,271.6427,0.0000,271.6427,2.0305,0.0000,747.1923,747.1923,9.0833,9.0209,5815.9416,941.8280,4874.1136,0.4162,1293.8525,151.2770,1445.1295,20.3245,1093.1050,4522.0890,3428.9841,9.0209,8.8993,9127.0894,0.0000,9127.0894,0.3728,2436.2462,0.0000,2436.2462,18.2047,0.0000,6690.8432,6690.8432,8.8993,8.3419,8.6206,8.6206,1.0223,15334.0477,8.6206,7.7632,8.3920,8.1919,1.5726,12580.4206,8.3920,7.5263,8.1900,7.9591,1.5878,11114.6482,14.2659,1114.7612,-2483.1998,39029.1166
8003.5732,8.1606,9.7395,16263.6680,92354.8246,-76091.1565,5.1625,3694.6295,13465.2733,17159.9028,252.1281,105820.0979,12569.0385,-93251.0593,9.7395,9.2082,42637.8000,0.0000,42637.8000,1.6608,11259.6633,0.0000,11259.6633,81.1089,0.0000,31378.1367,31378.1367,9.2082,8.7521,39908.5092,3527.2378,36381.2714,2.5808,8900.8908,545.6768,9446.5676,126.0418,4072.9146,31007.6184,26934.7038,8.7521,8.7395,1018.8349,0.0000,1018.8349,0.0402,273.0540,0.0000,273.0540,1.9650,0.0000,745.7810,745.7810,8.7395,8.6816,5815.9416,941.8280,4874.1136,0.4032,1301.3660,150.9719,1452.3379,19.6912,1092.7999,4514.5756,3421.7757,8.6816,8.5685,9127.0894,0.0000,9127.0894,0.3609,2448.7197,0.0000,2448.7197,17.6267,0.0000,6678.3698,6678.3698,8.5685,8.4963,8.5324,8.5324,0.1421,2131.7491,8.5324,7.8181,8.3419,8.1752,1.4062,11249.8161,8.3419,7.5647,8.1606,7.9533,1.5300,10710.0328,15.3126,1196.5479,17947.9529,24091.5979
8003.7205,8.1542,9.7172,16263.6680,92354.8246,-76091.1565,5.1624,3695.0618,13463.6562,17158.7180,252.1241,105818.4808,12568.6062,-93249.8745,9.7172,9.1913,42637.8000,0.0000,42637.8000,1.6649,11263.3834,0.0000,11263.3834,81.3132,0.0000,31374.4166,31374.4166,9.1913,8.7399,39908.5092,3527.2378,36381.2714,2.5985,8903.5427,545.5918,9449.1345,126.9074,4072.8296,31004.9665,26932.1369,8.7399,8.7037,2956.1000,0.0000,2956.1000,0.1175,792.3986,0.0000,792.3986,5.7364,0.0000,2163.7014,2163.7014,8.7037,8.6463,5815.9416,941.8280,4874.1136,0.4056,1302.1550,150.9414,1453.0964,19.8087,1092.7694,4513.7866,3421.0172,8.6463,8.5344,9127.0894,0.0000,9127.0894,0.3631,2450.0229,0.0000,2450.0229,17.7336,0.0000,6677.0665,6677.0665,8.5344,8.4968,8.5156,8.5156,0.0748,1122.7217,8.5156,7.8259,8.3317,8.1707,1.3716,10972.4767,8.3317,7.5712,8.1542,7.9514,1.5123,10586.3335,15.4681,1208.6959,19885.2180,22681.5319
8006.2795,8.0884,9.5998,16263.6680,92354.8246,-76091.1565,5.1624,3699.5384,13446.9747,17146.5130,252.1233,105801.7992,12564.1297,-93237.6696,9.5998,9.0915,42637.8000,0.0000,42637.8000,1.6656,11283.0571,0.0000,11283.0571,81.3446,0.0000,31354.7429,31354.7429,9.0915,8.6552,39908.5092,3527.2378,36381.2714,2.5993,8919.2886,545.0925,9464.3811,126.9461,4072.3303,30989.2206,26916.8903,8.6552,8.6201,2956.1000,0.0000,2956.1000,0.1175,793.4118,0.0000,793.4118,5.7376,0.0000,2162.6882,2162.6882,8.6201,8.5647,5815.9416,941.8280,4874.1136,0.4058,1303.9967,150.8712,1454.8679,19.8210,1092.6992,4511.9449,3419.2457,8.5647,8.3527,17888.5000,0.0000,17888.5000,0.7121,4807.8067,0.0000,4807.8067,34.7787,0.0000,13080.6933,13080.6933,8.3527,8.4281,8.3904,8.3904,-0.1551,-2325.7780,8.3904,7.8314,8.2413,8.1109,1.1495,9195.7352,8.2413,7.5860,8.0884,7.9136,1.3476,9433.3246,15.9941,1249.8031,28646.6285,16303.2818
8006.4268,8.0941,9.6552,16263.6680,92354.8246,-76091.1565,5.1622,3699.1519,13448.4101,17147.5620,252.1148,105803.2347,12564.5161,-93238.7186,9.6552,9.1301,42637.8000,0.0000,42637.8000,1.6690,11273.7655,0.0000,11273.7655,81.5109,0.0000,31364.0345,31364.0345,9.1301,8.6793,39908.5092,3527.2378,36381.2714,2.6040,8913.2023,545.2844,9458.4868,127.1761,4072.5222,30995.3069,26922.7847,8.6793,8.6431,2956.1000,0.0000,2956.1000,0.1177,793.1235,0.0000,793.1235,5.7463,0.0000,2162.9765,2162.9765,8.6431,8.5858,5815.9416,941.8280,4874.1136,0.4064,1303.4905,150.8903,1454.3808,19.8499,1092.7183,4512.4511,3419.7328,8.5858,8.4741,9127.0894,0.0000,9127.0894,0.3639,2452.2624,0.0000,2452.2624,17.7708,0.0000,6674.8270,6674.8270,8.4741,8.3502,8.4121,8.4121,0.2466,3698.9733,8.4121,7.8129,8.2523,8.1125,1.1930,9543.7140,8.2523,7.5741,8.0941,7.9132,1.3502,9451.6618,15.4848,1210.0051,19885.2180,22694.3491
8006.8404,8.1011,9.6746,16263.6680,92354.8246,-76091.1565,5.1622,3698.6720,13450.1940,17148.8660,252.1155,105805.0185,12564.9960,-93240.0225,9.6746,9.1453,42637.8000,0.0000,42637.8000,1.6674,11270.5168,0.0000,11270.5168,81.4323,0.0000,31367.2832,31367.2832,9.1453,8.6909,39908.5092,3527.2378,36381.2714,2.6022,8910.8049,545.3604,9456.1653,127.0872,4072.5982,30997.7043,26925.1061,8.6909,8.6783,1018.8349,0.0000,1018.8349,0.0405,273.3062,0.0000,273.3062,1.9796,0.0000,745.5287,745.5287,8.6783,8.6206,5815.9416,941.8280,4874.1136,0.4063,1302.7135,150.9199,1453.6334,19.8419,1092.7479,4513.2281,3420.4802,8.6206,8.5079,9127.0894,0.0000,9127.0894,0.3637,2450.9749,0.0000,2450.9749,17.7641,0.0000,6676.1145,6676.1145,8.5079,8.3560,8.4320,8.4320,0.3001,4501.1804,8.4320,7.8026,8.2641,8.1173,1.2432,9945.6731,8.2641,7.5656,8.1011,7.9148,1.3798,9658.6527,15.3636,1200.5297,17947.9529,24105.5062
8016.0000,8.1825,9.8897,16263.6680,92354.8246,-76091.1565,5.1623,3693.1387,13470.8589,17163.9975,252.1164,105825.6834,12570.5294,-93255.1541,9.8897,9.5903,22206.6473,0.0000,22206.6473,0.8681,5851.2217,0.0000,5851.2217,42.3973,0.0000,16355.4255,16355.4255,9.5903,9.0961,39908.5092,3527.2378,36381.2714,2.6015,8841.2322,547.6577,9388.8900,127.0522,4074.8955,31067.2770,26992.3815,9.0961,9.0825,1018.8349,0.0000,1018.8349,0.0405,271.6456,0.0000,271.6456,1.9792,0.0000,747.1894,747.1894,9.0825,9.0197,5815.9416,941.8280,4874.1136,0.4060,1293.8701,151.2763,1445.1463,19.8298,1093.1042,4522.0715,3428.9673,9.0197,8.8972,9127.0894,0.0000,9127.0894,0.3635,2436.2913,0.0000,2436.2913,17.7530,0.0000,6690.7981,6690.7981,8.8972,8.3253,8.6112,8.6112,1.0414,15620.4765,8.6112,7.7570,8.3834,8.1841,1.5556,12444.4801,8.3834,7.5224,8.1825,7.9529,1.5678,10974.4352,14.1629,1106.7071,-2483.1998,39039.3918
8193.4603,7.6545,8.6728,30879.0924,82148.3752,-51269.2827,5.5593,7080.6552,11864.8669,18945.5221,271.5076,94013.2421,23798.4372,-70214.8049,8.6728,8.4243,23413.0870,0.0000,23413.0870,0.9119,6282.3653,0.0000,6282.3653,44.5344,0.0000,17130.7217,17130.7217,8.4243,7.7544,64014.1426,2906.8824,61107.2601,3.9957,14478.1583,446.6218,14924.7801,195.1437,3353.5043,49535.9843,46182.4800,7.7544,7.7433,1050.4575,0.0000,1050.4575,0.0415,285.8258,0.0000,285.8258,2.0260,0.0000,764.6318,764.6318,7.7433,7.5584,16756.2323,167.4256,16588.8068,1.0221,3813.6000,26.7030,3840.3030,49.9174,194.1285,12942.6323,12748.5038,7.5584,7.4550,9804.2295,0.0000,9804.2295,0.3877,2675.7136,0.0000,2675.7136,18.9348,0.0000,7128.5159,7128.5159,7.4550,8.0258,7.7404,7.7404,-1.3120,-19680.2842,7.7404,7.6406,7.7138,7.6905,0.2293,1834.6486,7.7138,7.4596,7.6545,7.5867,0.5843,4089.8893,17.8773,1396.9536,60694.5582,-13755.7463
8195.7977,8.3973,10.5037,30879.0924,211734.6000,-180855.5076,11.4508,6984.4173,31009.9172,37994.3345,559.2369,242744.5172,23894.6751,-218849.8421,10.5037,10.3372,23413.0870,0.0000,23413.0870,0.9316,6113.5537,0.0000,6113.5537,45.4980,0.0000,17299.5333,17299.5333,10.3372,9.8879,64014.1426,2906.8824,61107.2601,4.0849,13998.7206,454.7743,14453.4949,199.5000,3361.6568,50015.4220,46653.7652,9.8879,9.8805,1050.4575,0.0000,1050.4575,0.0425,276.7920,0.0000,276.7920,2.0757,0.0000,773.6656,773.6656,9.8805,9.7564,16756.2323,167.4256,16588.8068,1.0495,3678.5379,27.0330,3705.5709,51.2565,194.4586,13077.6945,12883.2359,9.7564,9.6869,9804.2295,0.0000,9804.2295,0.3981,2588.4215,0.0000,2588.4215,19.4431,0.0000,7215.8080,7215.8080,9.6869,8.1865,8.9367,8.9367,5.1960,77939.6567,8.9367,7.8033,8.6345,8.3700,3.9253,31402.3875,8.6345,7.6182,8.3973,8.1263,3.5195,24636.2195,26.9361,2104.8244,-68891.6666,133978.2637
8196.1062,8.5035,10.4637,30879.0924,211734.6000,-180855.5076,11.4612,6970.8599,31073.0931,38043.9529,559.7455,242807.6931,23908.2326,-218899.4605,10.4637,10.3088,23413.0870,0.0000,23413.0870,0.9023,6117.1442,0.0000,6117.1442,44.0689,0.0000,17295.9428,17295.9428,10.3088,10.2012,64014.1426,32853.6000,31160.5426,5.5089,14005.5610,5138.3197,19143.8807,269.0462,37991.9197,50008.5816,12016.6618,10.2012,10.1942,1050.4575,0.0000,1050.4575,0.0409,275.5143,0.0000,275.5143,1.9982,0.0000,774.9433,774.9433,10.1942,10.0787,16756.2323,167.4256,16588.8068,1.0064,3659.5837,27.0943,3686.6780,49.1520,194.5199,13096.6487,12902.1288,10.0787,10.0140,9804.2295,0.0000,9804.2295,0.3827,2576.1040,0.0000,2576.1040,18.6918,0.0000,7228.1255,7228.1255,10.0140,8.2047,9.1094,9.1094,6.7349,101024.2144,9.1094,7.8241,8.7666,8.4667,4.7842,38273.9936,8.7666,7.6390,8.5035,8.2028,4.1976,29382.9959,28.9537,2262.4862,-98838.3842,168681.2039
8197.8938,8.7359,10.6817,30879.0924,211734.6000,-180855.5076,11.4628,6941.3665,31213.0009,38154.3674,559.8262,242947.6009,23937.7259,-219009.8750,10.6817,10.5278,23413.0870,0.0000,23413.0870,0.9030,6097.6521,0.0000,6097.6521,44.0988,0.0000,17315.4349,17315.4349,10.5278,10.4207,64014.1426,32853.6000,31160.5426,5.5108,13952.9447,5150.3646,19103.3093,269.1403,38003.9646,50061.1979,12057.2332,10.4207,10.4138,1050.4575,0.0000,1050.4575,0.0407,274.6264,0.0000,274.6264,1.9874,0.0000,775.8312,775.8312,10.4138,10.3285,16756.2323,3014.7000,13741.5323,1.1564,3646.4536,488.6743,4135.1279,56.4755,3503.3743,13109.7788,9606.4045,10.3285,10.2642,9804.2295,0.0000,9804.2295,0.3806,2566.6438,0.0000,2566.6438,18.5882,0.0000,7237.5857,7237.5857,10.2642,8.5121,9.3881,9.3881,6.5733,98599.2086,9.3881,8.0155,9.0221,8.7018,5.1499,41199.0762,9.0221,7.7954,8.7359,8.4087,4.6025,32217.2627,29.1814,2280.2791,-101685.6586,172015.5475
8198.2023,8.7503,10.7140,30879.0924,211734.6000,-180855.5076,11.4666,6939.5457,31221.7504,38161.2962,560.0096,242956.3504,23939.5467,-219016.8037,10.7140,10.5587,23413.0870,0.0000,23413.0870,0.8996,6094.7779,0.0000,6094.7779,43.9364,0.0000,17318.3091,17318.3091,10.5587,10.4505,64014.1426,32853.6000,31160.5426,5.4960,13945.5751,5152.0859,19097.6610,268.4171,38005.6859,50068.5675,12062.8816,10.4505,10.4436,1050.4575,0.0000,1050.4575,0.0405,274.5062,0.0000,274.5062,1.9800,0.0000,775.9513,775.9513,10.4436,10.3278,16756.2323,167.4256,16588.8068,0.9962,3644.6829,27.1454,3671.8284,48.6533,194.5710,13111.5494,12916.9784,10.3278,10.2629,9804.2295,0.0000,9804.2295,0.3790,2566.6706,0.0000,2566.6706,18.5089,0.0000,7237.5589,7237.5589,10.2629,8.5419,9.4024,9.4024,6.3983,95974.4305,9.4024,8.0320,9.0369,8.7172,5.0945,40756.3812,9.0369,7.8083,8.7503,8.4226,4.5678,31974.2975,28.9170,2259.6125,-98838.3842,168705.1091
8200.5397,8.6808,10.8185,30879.0924,211734.6000,-180855.5076,11.4668,6948.3349,31179.6360,38127.9709,560.0212,242914.2360,23930.7575,-218983.4785,10.8185,10.6494,23413.0870,0.0000,23413.0870,0.8991,6085.4850,0.0000,6085.4850,43.9125,0.0000,17327.6020,17327.6020,10.6494,10.1932,64014.1426,2906.8824,61107.2601,3.9245,13923.9577,456.3070,14380.2647,191.6686,3363.1894,50090.1849,46726.9954,10.1932,10.1857,1050.4575,0.0000,1050.4575,0.0405,275.5465,0.0000,275.5465,1.9790,0.0000,774.9110,774.9110,10.1857,10.0597,16756.2323,167.4256,16588.8068,0.9956,3660.0987,27.0926,3687.1913,48.6257,194.5182,13096.1336,12901.6155,10.0597,9.9892,9804.2295,0.0000,9804.2295,0.3790,2576.8263,0.0000,2576.8263,18.5091,0.0000,7227.4032,7227.4032,9.9892,8.5557,9.2724,9.2724,4.8947,73420.9204,9.2724,8.0420,8.9443,8.6572,4.2014,33611.4525,8.9443,7.8150,8.6808,8.3796,3.8560,26992.2826,26.5585,2075.3190,-68891.6666,134024.6555
8598.9210,7.5848,8.6141,30879.0924,82148.3752,-51269.2827,5.5503,7089.8081,11849.7311,18939.5393,271.0670,93998.1063,23789.2843,-70208.8220,8.6141,8.3629,23413.0870,0.0000,23413.0870,0.8976,6287.9308,0.0000,6287.9308,43.8353,0.0000,17125.1562,17125.1562,8.3629,7.6855,64014.1426,2906.8824,61107.2601,3.9180,14494.1559,446.3954,14940.5513,191.3495,3353.2779,49519.9867,46166.7088,7.6855,7.6743,1050.4575,0.0000,1050.4575,0.0407,286.1270,0.0000,286.1270,1.9877,0.0000,764.3305,764.3305,7.6743,7.4873,16756.2323,167.4256,16588.8068,1.0006,3818.1336,26.6948,3844.8285,48.8654,194.1204,12938.0987,12743.9783,7.4873,7.3828,9804.2295,0.0000,9804.2295,0.3807,2678.6310,0.0000,2678.6310,18.5942,0.0000,7125.5985,7125.5985,7.3828,7.9320,7.6574,7.6574,-1.2484,-18725.9137,7.6574,7.5808,7.6370,7.6191,0.1741,1392.7005,7.6370,7.4134,7.5848,7.5252,0.5082,3557.4072,17.6818,1381.6779,60694.5582,-13775.8060
8601.7041,6.9787,7.5485,30879.0924,82148.3752,-51269.2827,5.5710,7170.3164,11721.4545,18891.7709,272.0766,93869.8297,23708.7760,-70161.0536,7.5485,7.4102,23413.0870,0.0000,23413.0870,0.9326,6390.7357,0.0000,6390.7357,45.5459,0.0000,17022.3513,17022.3513,7.4102,6.1028,213508.0000,2906.8824,210601.1176,13.2870,49186.8917,443.1628,49630.0545,648.9158,3350.0452,164321.1083,160971.0631,6.1028,6.0966,1050.4575,0.0000,1050.4575,0.0426,293.2171,0.0000,293.2171,2.0783,0.0000,757.2404,757.2404,6.0966,5.9940,16756.2323,167.4256,16588.8068,1.0510,3924.7658,26.5530,3951.3188,51.3274,193.9785,12831.4666,12637.4880,5.9940,5.9366,9804.2295,0.0000,9804.2295,0.3986,2741.3405,0.0000,2741.3405,19.4688,0.0000,7062.8890,7062.8890,5.9366,7.4556,6.6961,6.6961,-6.2343,-93515.1353,6.6961,7.3849,6.8798,7.0405,-2.8273,-22618.0624,6.8798,7.3038,6.9787,7.0918,-1.7403,-12182.0750,31.9241,2494.5906,210188.4156,-128315.2726
8608.2959,6.1855,6.1059,139577.1000,82148.3752,57428.7248,12.1640,32897.9711,11562.6923,44460.6634,594.0683,93711.0675,106679.1289,12968.0614,6.1059,6.0024,23413.0870,0.0000,23413.0870,0.9509,6535.0407,0.0000,6535.0407,46.4399,0.0000,16878.0463,16878.0463,6.0024,5.0234,213508.0000,2906.8824,210601.1176,13.5416,50490.1147,439.3518,50929.4665,661.3503,3346.2342,163017.8853,159671.6510,5.0234,5.0188,1050.4575,0.0000,1050.4575,0.0438,298.2353,0.0000,298.2353,2.1415,0.0000,752.2223,752.2223,5.0188,4.9418,16756.2323,167.4256,16588.8068,1.0853,4000.8758,26.5040,4027.3798,53.0039,193.9295,12755.3565,12561.4270,4.9418,4.8988,9804.2295,0.0000,9804.2295,0.4101,2787.1156,0.0000,2787.1156,20.0296,0.0000,7017.1140,7017.1140,4.8988,6.5736,5.7362,5.7362,-9.1069,-136603.1483,5.7362,6.7478,6.0059,6.2420,-5.5010,-44008.3737,6.0059,6.7754,6.1855,6.3907,-4.1839,-29287.2937,42.2936,3304.8805,318886.4232,-209898.8158
8611.0790,6.5721,7.1209,30879.0924,82148.3752,-51269.2827,5.6019,7225.2286,11638.7875,18864.0162,273.5878,93787.1627,23653.8638,-70133.2989,7.1209,6.9880,23413.0870,0.0000,23413.0870,0.9773,6432.8899,0.0000,6432.8899,47.7279,0.0000,16980.1971,16980.1971,6.9880,5.7313,213508.0000,2906.8824,210601.1176,13.9355,49570.7325,441.8990,50012.6315,680.5877,3348.7814,163937.2675,160588.4861,5.7313,5.7254,1050.4575,0.0000,1050.4575,0.0448,294.9276,0.0000,294.9276,2.1876,0.0000,755.5299,755.5299,5.7254,5.6267,16756.2323,167.4256,16588.8068,1.1101,3950.6840,26.5317,3977.2157,54.2131,193.9573,12805.5484,12611.5911,5.6267,5.5715,9804.2295,0.0000,9804.2295,0.4187,2757.1707,0.0000,2757.1707,20.4510,0.0000,7047.0588,7047.0588,5.5715,6.9438,6.2576,6.2576,-5.8454,-87681.1711,6.2576,6.9880,6.4524,6.6228,-3.1113,-24890.4764,6.4524,6.9655,6.5721,6.7089,-2.1855,-15298.4080,33.1324,2589.0122,210188.4156,-127870.0555
8624.1125,7.4395,8.4256,30879.0924,82148.3752,-51269.2827,5.5928,7108.9645,11818.4237,18927.3882,273.1445,93966.7988,23770.1279,-70196.6709,8.4256,8.1852,23413.0870,0.0000,23413.0870,0.9585,6305.8824,0.0000,6305.8824,46.8120,0.0000,17107.2046,17107.2046,8.1852,7.5371,64014.1426,2906.8824,61107.2601,4.2004,14540.6677,445.7525,14986.4202,205.1421,3352.6349,49473.4749,46120.8400,7.5371,7.5264,1050.4575,0.0000,1050.4575,0.0442,286.7783,0.0000,286.7783,2.1571,0.0000,763.6792,763.6792,7.5264,7.3474,16756.2323,167.4256,16588.8068,1.0937,3827.8904,26.6780,3854.5684,53.4144,194.1036,12928.3419,12734.2384,7.3474,7.2474,9804.2295,0.0000,9804.2295,0.4131,2684.3936,0.0000,2684.3936,20.1741,0.0000,7119.8359,7119.8359,7.2474,7.7366,7.4920,7.4920,-1.1608,-17411.9332,7.4920,7.4473,7.4801,7.4696,0.1062,849.3039,7.4801,7.3061,7.4395,7.3931,0.4128,2889.9056,18.4541,1442.0261,60694.5582,-13672.7236
8633.8875,7.3167,8.1721,30879.0924,82148.3752,-51269.2827,5.5739,7125.2156,11792.2529,18917.4685,272.2217,93940.6281,23753.8768,-70186.7513,8.1721,7.9639,23413.0870,0.0000,23413.0870,0.9358,6330.1822,0.0000,6330.1822,45.7007,0.0000,17082.9048,17082.9048,7.9639,7.4025,64014.1426,2906.8824,61107.2601,4.1037,14599.0442,444.9774,15044.0216,200.4175,3351.8598,49415.0983,46063.2385,7.4025,7.3932,1050.4575,0.0000,1050.4575,0.0427,287.3714,0.0000,287.3714,2.0840,0.0000,763.0862,763.0862,7.3932,6.9258,50002.9000,167.4256,49835.4744,3.1273,11449.2884,26.6635,11475.9519,152.7333,194.0890,38553.6116,38359.5225,6.9258,6.8392,9804.2295,0.0000,9804.2295,0.3997,2701.9024,0.0000,2701.9024,19.5196,0.0000,7102.3271,7102.3271,6.8392,7.6904,7.2648,7.2648,-2.3282,-34923.4842,7.2648,7.4522,7.3148,7.3585,-0.5125,-4099.6287,7.3148,7.3232,7.3167,7.3190,-0.0231,-161.8913,21.2746,1662.4242,93941.2258,-39185.0041
8699.1540,7.5403,8.5398,30879.0924,82148.3752,-51269.2827,5.5765,7095.6660,11840.1045,18935.7706,272.3464,93988.4797,23783.4264,-70205.0533,8.5398,8.2961,23413.0870,0.0000,23413.0870,0.9401,6294.9927,0.0000,6294.9927,45.9111,0.0000,17118.0943,17118.0943,8.2961,7.6390,64014.1426,2906.8824,61107.2601,4.1212,14511.6033,446.1516,14957.7549,201.2744,3353.0340,49502.5392,46149.5052,7.6390,7.6282,1050.4575,0.0000,1050.4575,0.0428,286.3308,0.0000,286.3308,2.0892,0.0000,764.1268,764.1268,7.6282,7.4468,16756.2323,167.4256,16588.8068,1.0569,3821.1729,26.6895,3847.8624,51.6183,194.1151,12935.0594,12740.9444,7.4468,7.3453,9804.2295,0.0000,9804.2295,0.4029,2680.3002,0.0000,2680.3002,19.6748,0.0000,7123.9293,7123.9293,7.3453,7.8654,7.6054,7.6054,-1.2176,-18263.8888,7.6054,7.5405,7.5881,7.5729,0.1518,1214.6815,7.5881,7.3833,7.5403,7.4857,0.4794,3356.1323,18.2105,1422.9941,60694.5582,-13693.0751
8699.5860,7.5037,8.4400,30879.0924,82148.3752,-51269.2827,5.5719,7100.4864,11832.2180,18932.7044,272.1208,93980.5932,23778.6060,-70201.9871,8.4400,8.0003,45119.7000,0.0000,45119.7000,1.7996,12149.5076,0.0000,12149.5076,87.8893,0.0000,32970.1924,32970.1924,8.0003,7.3858,64014.1426,2906.8824,61107.2601,4.0950,14589.4180,445.1028,15034.5208,199.9909,3351.9852,49424.7245,46072.7393,7.3858,7.3756,1050.4575,0.0000,1050.4575,0.0426,287.4453,0.0000,287.4453,2.0801,0.0000,763.0122,763.0122,7.3756,7.2059,16756.2323,167.4256,16588.8068,1.0519,3837.8873,26.6616,3864.5489,51.3749,194.0872,12918.3450,12724.2579,7.2059,7.1110,9804.2295,0.0000,9804.2295,0.3989,2690.2465,0.0000,2690.2465,19.4835,0.0000,7113.9830,7113.9830,7.1110,7.9302,7.5206,7.5206,-2.0474,-30710.4850,7.5206,7.5694,7.5336,7.5450,-0.1220,-976.0576,7.5336,7.4054,7.5037,7.4695,0.3205,2243.7256,19.4398,1519.0549,82401.1712,-29442.8170
8702.4140,7.4527,8.3803,30879.0924,82148.3752,-51269.2827,5.5726,7107.2152,11821.2618,18928.4771,272.1573,93969.6370,23771.8772,-70197.7598,8.3803,7.9448,45119.7000,0.0000,45119.7000,1.8028,12160.4900,0.0000,12160.4900,88.0475,0.0000,32959.2100,32959.2100,7.9448,7.3362,64014.1426,2906.8824,61107.2601,4.1183,14604.1050,444.9118,15049.0168,201.1331,3351.7942,49410.0375,46058.2433,7.3362,7.3060,3148.1000,0.0000,3148.1000,0.1282,862.0977,0.0000,862.0977,6.2632,0.0000,2286.0023,2286.0023,7.3060,7.1379,16756.2323,167.4256,16588.8068,1.0573,3842.5226,26.6543,3869.1769,51.6367,194.0798,12913.7098,12719.6299,7.1379,7.0439,9804.2295,0.0000,9804.2295,0.4007,2693.0683,0.0000,2693.0683,19.5713,0.0000,7111.1612,7111.1612,7.0439,7.8460,7.4450,7.4450,-2.0233,-30349.4342,7.4450,7.5438,7.4713,7.4944,-0.2492,-1993.9158,7.4713,7.3916,7.4527,7.4315,0.2010,1406.8011,19.6201,1533.1416,84498.8137,-30936.5489
8702.8460,7.4533,8.3864,30879.0924,82148.3752,-51269.2827,5.5737,7107.1322,11821.3966,18928.5288,272.2084,93969.7718,23771.9602,-70197.8116,8.3864,7.9483,45119.7000,0.0000,45119.7000,1.8048,12159.3750,0.0000,12159.3750,88.1424,0.0000,32960.3250,32960.3250,7.9483,7.3361,64014.1426,2906.8824,61107.2601,4.1228,14603.1796,444.9238,15048.1034,201.3487,3351.8062,49410.9629,46059.1567,7.3361,7.3260,1050.4575,0.0000,1050.4575,0.0428,287.6650,0.0000,287.6650,2.0918,0.0000,762.7926,762.7926,7.3260,7.1569,16756.2323,167.4256,16588.8068,1.0588,3841.1910,26.6564,3867.8474,51.7093,194.0819,12915.0413,12720.9594,7.1569,7.0623,9804.2295,0.0000,9804.2295,0.4012,2692.2800,0.0000,2692.2800,19.5963,0.0000,7111.9495,7111.9495,7.0623,7.8354,7.4489,7.4489,-1.9387,-29080.4982,7.4489,7.5395,7.4730,7.4942,-0.2272,-1817.8286,7.4730,7.3887,7.4533,7.4309,0.2116,1480.9544,19.5061,1524.2327,82401.1712,-29417.3724
8747.7231,7.5442,8.5442,30879.0924,82148.3752,-51269.2827,5.5736,7095.1466,11840.9563,18936.1029,272.2078,93989.3315,23783.9459,-70205.3856,8.5442,8.3004,23413.0870,0.0000,23413.0870,0.9364,6294.5731,0.0000,6294.5731,45.7330,0.0000,17118.5139,17118.5139,8.3004,7.6430,64014.1426,2906.8824,61107.2601,4.1225,14510.4801,446.1672,14956.6473,201.3351,3353.0496,49503.6624,46150.6128,7.6430,7.6321,1050.4575,0.0000,1050.4575,0.0428,286.3133,0.0000,286.3133,2.0918,0.0000,764.1442,764.1442,7.6321,7.4507,16756.2323,167.4256,16588.8068,1.0584,3820.9110,26.6900,3847.6010,51.6885,194.1155,12935.3213,12741.2058,7.4507,7.3492,9804.2295,0.0000,9804.2295,0.4011,2680.1402,0.0000,2680.1402,19.5893,0.0000,7124.0893,7124.0893,7.3492,7.8690,7.6091,7.6091,-1.2165,-18247.7829,7.6091,7.5448,7.5919,7.5769,0.1505,1203.7573,7.5919,7.3875,7.5442,7.4897,0.4786,3349.8983,18.2022,1422.3492,60694.5582,-13694.1273
8750.2769,7.5121,8.4849,30879.0924,82148.3752,-51269.2827,5.5718,7099.3819,11834.0223,18933.4042,272.1168,93982.3975,23779.7106,-70202.6869,8.4849,8.2477,23413.0870,0.0000,23413.0870,0.9338,6300.2263,0.0000,6300.2263,45.6031,0.0000,17112.8607,17112.8607,8.2477,7.6084,64014.1426,2906.8824,61107.2601,4.0946,14524.2625,445.9767,14970.2391,199.9744,3352.8591,49489.8801,46137.0210,7.6084,7.5978,1050.4575,0.0000,1050.4575,0.0426,286.4651,0.0000,286.4651,2.0799,0.0000,763.9925,763.9925,7.5978,7.4213,16756.2323,167.4256,16588.8068,1.0519,3823.1719,26.6860,3849.8579,51.3708,194.1116,12933.0605,12738.9489,7.4213,7.2285,19149.4000,0.0000,19149.4000,0.7791,5237.1476,0.0000,5237.1476,38.0520,0.0000,13912.2524,13912.2524,7.2285,7.8683,7.5484,7.5484,-1.5391,-23086.1273,7.5484,7.5487,7.5485,7.5486,-0.0007,-5.8069,7.5485,7.3924,7.5121,7.4704,0.3756,2629.5127,18.7106,1462.0730,70039.7287,-20462.4215
8760.0000,7.5423,8.5452,30879.0924,82148.3752,-51269.2827,5.5724,7095.3955,11840.5481,18935.9436,272.1489,93988.9233,23783.6970,-70205.2263,8.5452,8.3007,23413.0870,0.0000,23413.0870,0.9348,6294.4813,0.0000,6294.4813,45.6518,0.0000,17118.6057,17118.6057,8.3007,7.6414,64014.1426,2906.8824,61107.2601,4.0988,14510.4102,446.1681,14956.5784,200.1767,3353.0506,49503.7323,46150.6818,7.6414,7.6305,1050.4575,0.0000,1050.4575,0.0426,286.3203,0.0000,286.3203,2.0813,0.0000,764.1372,764.1372,7.6305,7.4485,16756.2323,167.4256,16588.8068,1.0526,3821.0186,26.6898,3847.7084,51.4062,194.1153,12935.2138,12741.0984,7.4485,7.3467,9804.2295,0.0000,9804.2295,0.3991,2680.2286,0.0000,2680.2286,19.4927,0.0000,7124.0009,7124.0009,7.3467,7.8666,7.6067,7.6067,-1.2130,-18195.4325,7.6067,7.5434,7.5898,7.5750,0.1475,1180.0798,7.5898,7.3864,7.5423,7.4881,0.4746,3322.0238,18.1504,1418.2983,60694.5582,-13693.3290
