{
    "g": {
        "5.0_96.0_0.075_2.0": [
            2.209423832753314,
            2.5553935215944796,
            2.851811440101398,
            3.196673769057852,
            3.4907972664383613,
            3.8310991557651852,
            4.166604824160681,
            4.419172290578876,
            4.736084263211678,
            4.915552514442787,
            5.03893787875538,
            5.207447953450746,
            5.32168183846286,
            5.576271355856907,
            5.793064182190177,
            5.852708157807006,
            5.906724507509306,
            5.959698418078258,
            6.001179093202737,
            6.03675584905322,
            6.067616150798699,
            6.093625656607273,
            6.11307666498818,
            6.135413616671471,
            6.15067939531075,
            6.158159195839506,
            6.170222625914477
        ]
    },
    "bore_locations": [
        [
            0.0,
            0.0
        ]
    ],
    "logtime": [
        -8.5,
        -7.8,
        -7.2,
        -6.5,
        -5.9,
        -5.2,
        -4.5,
        -3.963,
        -3.27,
        -2.864,
        -2.577,
        -2.171,
        -1.884,
        -1.191,
        -0.497,
        -0.274,
        -0.051,
        0.196,
        0.419,
        0.642,
        0.873,
        1.112,
        1.335,
        1.679,
        2.028,
        2.275,
        3.003
    ]
}