{
    "g": {
        "5.0_96.0_0.075_2.0": [
            2.2094238327533158,
            2.555393542852467,
            2.851842117982327,
            3.2001552764963743,
            3.526996018701929,
            4.028063905294436,
            4.741496628645116,
            5.4325992057598125,
            6.447489595568301,
            7.073371527431918,
            7.517962758230944,
            8.137193169516973,
            8.56249966916893,
            9.51447426405365,
            10.324400569999677,
            10.547044188877441,
            10.747972578051419,
            10.944545657828133,
            11.097916200843503,
            11.229365063530516,
            11.343090923831518,
            11.438693436626748,
            11.510144522777779,
            11.592032201689326,
            11.64800754894506,
            11.67546451248935,
            11.719836185109765
        ]
    },
    "bore_locations": [
        [
            0.0,
            0.0
        ],
        [
            0.0,
            5.0
        ],
        [
            5.0,
            0.0
        ],
        [
            5.0,
            5.0
        ]
    ],
    "logtime": [
        -8.5,
        -7.8,
        -7.2,
        -6.5,
        -5.9,
        -5.2,
        -4.5,
        -3.963,
        -3.27,
        -2.864,
        -2.577,
        -2.171,
        -1.884,
        -1.191,
        -0.497,
        -0.274,
        -0.051,
        0.196,
        0.419,
        0.642,
        0.873,
        1.112,
        1.335,
        1.679,
        2.028,
        2.275,
        3.003
    ]
}