{
    "g": {
        "5.0_96.0_0.075_2.0": [
            2.2094238327533198,
            2.5553935499384597,
            2.851852344950137,
            3.20132299601846,
            3.539545627282582,
            4.10340226103844,
            5.009079636500722,
            6.0092450277903655,
            7.690484277109993,
            8.835744502533958,
            9.68875961763167,
            10.91692672413539,
            11.781183514926301,
            13.744679541967724,
            15.426527694136876,
            15.889476395515917,
            16.305693898843057,
            16.711784251317713,
            17.027244252230776,
            17.29734022838807,
            17.530251911105974,
            17.725427172288978,
            17.87118677794005,
            18.03786432743151,
            18.15182735830901,
            18.20779834613428,
            18.298474446223576
        ]
    },
    "bore_locations": [
        [
            0.0,
            0.0
        ],
        [
            0.0,
            5.0
        ],
        [
            0.0,
            10.0
        ],
        [
            5.0,
            0.0
        ],
        [
            5.0,
            5.0
        ],
        [
            5.0,
            10.0
        ],
        [
            10.0,
            0.0
        ],
        [
            10.0,
            5.0
        ],
        [
            10.0,
            10.0
        ]
    ],
    "logtime": [
        -8.5,
        -7.8,
        -7.2,
        -6.5,
        -5.9,
        -5.2,
        -4.5,
        -3.963,
        -3.27,
        -2.864,
        -2.577,
        -2.171,
        -1.884,
        -1.191,
        -0.497,
        -0.274,
        -0.051,
        0.196,
        0.419,
        0.642,
        0.873,
        1.112,
        1.335,
        1.679,
        2.028,
        2.275,
        3.003
    ]
}