{
    "g": {
        "5.0_96.0_0.075_2.0": [
            2.20942383275332,
            2.5553935534814562,
            2.8518574586229577,
            3.2019082116145214,
            3.5459107306749016,
            4.142721093350964,
            5.155195327675113,
            6.34546302499421,
            8.518603118839334,
            10.118650678278067,
            11.365807977715093,
            13.229116737676401,
            14.581113320810932,
            17.72837798178391,
            20.46741828054895,
            21.224748579308237,
            21.903463234647464,
            22.56402265060588,
            23.07478471391219,
            23.511558387723188,
            23.88679884868115,
            24.20012389026491,
            24.43390488623808,
            24.700594908781287,
            24.88298085427068,
            24.97267375257599,
            25.118393314385205
        ]
    },
    "bore_locations": [
        [
            0.0,
            0.0
        ],
        [
            0.0,
            5.0
        ],
        [
            0.0,
            10.0
        ],
        [
            0.0,
            15.0
        ],
        [
            5.0,
            0.0
        ],
        [
            5.0,
            5.0
        ],
        [
            5.0,
            10.0
        ],
        [
            5.0,
            15.0
        ],
        [
            10.0,
            0.0
        ],
        [
            10.0,
            5.0
        ],
        [
            10.0,
            10.0
        ],
        [
            10.0,
            15.0
        ],
        [
            15.0,
            0.0
        ],
        [
            15.0,
            5.0
        ],
        [
            15.0,
            10.0
        ],
        [
            15.0,
            15.0
        ]
    ],
    "logtime": [
        -8.5,
        -7.8,
        -7.2,
        -6.5,
        -5.9,
        -5.2,
        -4.5,
        -3.963,
        -3.27,
        -2.864,
        -2.577,
        -2.171,
        -1.884,
        -1.191,
        -0.497,
        -0.274,
        -0.051,
        0.196,
        0.419,
        0.642,
        0.873,
        1.112,
        1.335,
        1.679,
        2.028,
        2.275,
        3.003
    ]
}