{
    "g": {
        "5.0_96.0_0.075_2.0": [
            2.2094238327533215,
            2.5553935556072584,
            2.8518605268870996,
            3.202259774845272,
            3.549758700391873,
            4.166844583124229,
            5.24685633301285,
            6.561929734954276,
            9.085385115219552,
            11.045453763041696,
            12.629193775698111,
            15.074612138636585,
            16.903106658979095,
            21.281958607659664,
            25.180953860604003,
            26.267140771331125,
            27.23856511957617,
            28.182185709149774,
            28.9084786680578,
            29.528706485241035,
            30.059437803497428,
            30.5009087153276,
            30.829939819432486,
            31.20434339665481,
            31.46043421296564,
            31.586543114980987,
            31.79207445566934
        ]
    },
    "bore_locations": [
        [
            0.0,
            0.0
        ],
        [
            0.0,
            5.0
        ],
        [
            0.0,
            10.0
        ],
        [
            0.0,
            15.0
        ],
        [
            0.0,
            20.0
        ],
        [
            5.0,
            0.0
        ],
        [
            5.0,
            5.0
        ],
        [
            5.0,
            10.0
        ],
        [
            5.0,
            15.0
        ],
        [
            5.0,
            20.0
        ],
        [
            10.0,
            0.0
        ],
        [
            10.0,
            5.0
        ],
        [
            10.0,
            10.0
        ],
        [
            10.0,
            15.0
        ],
        [
            10.0,
            20.0
        ],
        [
            15.0,
            0.0
        ],
        [
            15.0,
            5.0
        ],
        [
            15.0,
            10.0
        ],
        [
            15.0,
            15.0
        ],
        [
            15.0,
            20.0
        ],
        [
            20.0,
            0.0
        ],
        [
            20.0,
            5.0
        ],
        [
            20.0,
            10.0
        ],
        [
            20.0,
            15.0
        ],
        [
            20.0,
            20.0
        ]
    ],
    "logtime": [
        -8.5,
        -7.8,
        -7.2,
        -6.5,
        -5.9,
        -5.2,
        -4.5,
        -3.963,
        -3.27,
        -2.864,
        -2.577,
        -2.171,
        -1.884,
        -1.191,
        -0.497,
        -0.274,
        -0.051,
        0.196,
        0.419,
        0.642,
        0.873,
        1.112,
        1.335,
        1.679,
        2.028,
        2.275,
        3.003
    ]
}