{
    "g": {
        "5.0_96.0_0.075_2.0": [
            2.2095276701198583,
            2.5555851243246663,
            2.8521872655931113,
            3.202525145696787,
            3.546950193878415,
            4.144832552949666,
            5.160076429516035,
            6.355024136016574,
            8.54133427578902,
            10.15371959004178,
            11.411988059480416,
            13.295471765017,
            14.663733241882834,
            17.85696078270791,
            20.6405699966064,
            21.410584589740427,
            22.100859161020065,
            22.772859004585907,
            23.29267661140487,
            23.737057172855035,
            24.118832810816944,
            24.43758400810457,
            24.675307535227066,
            24.946378404701665,
            25.13164813766291,
            25.22271423299861,
            25.370558150310377
        ]
    },
    "bore_locations": [
        [
            0.0,
            0.0
        ],
        [
            0.0,
            5.0
        ],
        [
            0.0,
            10.0
        ],
        [
            0.0,
            15.0
        ],
        [
            5.0,
            0.0
        ],
        [
            5.0,
            5.0
        ],
        [
            5.0,
            10.0
        ],
        [
            5.0,
            15.0
        ],
        [
            10.0,
            0.0
        ],
        [
            10.0,
            5.0
        ],
        [
            10.0,
            10.0
        ],
        [
            10.0,
            15.0
        ],
        [
            15.0,
            0.0
        ],
        [
            15.0,
            5.0
        ],
        [
            15.0,
            10.0
        ],
        [
            15.0,
            15.0
        ]
    ],
    "logtime": [
        -8.5,
        -7.8,
        -7.2,
        -6.5,
        -5.9,
        -5.2,
        -4.5,
        -3.963,
        -3.27,
        -2.864,
        -2.577,
        -2.171,
        -1.884,
        -1.191,
        -0.497,
        -0.274,
        -0.051,
        0.196,
        0.419,
        0.642,
        0.873,
        1.112,
        1.335,
        1.679,
        2.028,
        2.275,
        3.003
    ]
}