{
    "g": {
        "5.0_96.0_0.075_2.0": [
            2.209527670119861,
            2.5555851264510934,
            2.8521903352280407,
            3.202876972979609,
            3.5508022534345147,
            4.168996578442156,
            5.251988456320042,
            6.5722832585514634,
            9.110816859906171,
            11.085257034606727,
            12.682530196976048,
            15.154492810733611,
            17.006130658384432,
            21.45838584932785,
            25.436364566502323,
            26.54602139303393,
            27.53921380112099,
            28.504658005246707,
            29.24842231338621,
            29.883443010278743,
            30.426969298760756,
            30.879124168097054,
            31.215960007012615,
            31.599072955694755,
            31.860937831608883,
            31.989812652891576,
            32.19964777331421
        ]
    },
    "bore_locations": [
        [
            0.0,
            0.0
        ],
        [
            0.0,
            5.0
        ],
        [
            0.0,
            10.0
        ],
        [
            0.0,
            15.0
        ],
        [
            0.0,
            20.0
        ],
        [
            5.0,
            0.0
        ],
        [
            5.0,
            5.0
        ],
        [
            5.0,
            10.0
        ],
        [
            5.0,
            15.0
        ],
        [
            5.0,
            20.0
        ],
        [
            10.0,
            0.0
        ],
        [
            10.0,
            5.0
        ],
        [
            10.0,
            10.0
        ],
        [
            10.0,
            15.0
        ],
        [
            10.0,
            20.0
        ],
        [
            15.0,
            0.0
        ],
        [
            15.0,
            5.0
        ],
        [
            15.0,
            10.0
        ],
        [
            15.0,
            15.0
        ],
        [
            15.0,
            20.0
        ],
        [
            20.0,
            0.0
        ],
        [
            20.0,
            5.0
        ],
        [
            20.0,
            10.0
        ],
        [
            20.0,
            15.0
        ],
        [
            20.0,
            20.0
        ]
    ],
    "logtime": [
        -8.5,
        -7.8,
        -7.2,
        -6.5,
        -5.9,
        -5.2,
        -4.5,
        -3.963,
        -3.27,
        -2.864,
        -2.577,
        -2.171,
        -1.884,
        -1.191,
        -0.497,
        -0.274,
        -0.051,
        0.196,
        0.419,
        0.642,
        0.873,
        1.112,
        1.335,
        1.679,
        2.028,
        2.275,
        3.003
    ]
}