{
    "g": {
        "5.0_96.0_0.075_2.0": [
            2.2093139931205443,
            2.555199102124434,
            2.851573586938526,
            3.202763942128598,
            3.559553301017447,
            4.232301401703085,
            5.505051727596026,
            7.194518638160893,
            10.868590612409477,
            14.148650947167415,
            17.10217263656511,
            22.24168092971028,
            26.601777773136956,
            38.841769937338384,
            52.132887129321134,
            56.2680193917536,
            60.0448296742299,
            63.74565559776822,
            66.54256520136202,
            68.91473735817522,
            70.88489516577897,
            72.4706089491501,
            73.63200213236837,
            74.92722258781278,
            75.80639771761693,
            76.24456221428252,
            76.99333396266704
        ]
    },
    "bore_locations": [
        [
            0.0,
            0.0
        ],
        [
            0.0,
            5.0
        ],
        [
            0.0,
            10.0
        ],
        [
            0.0,
            15.0
        ],
        [
            0.0,
            20.0
        ],
        [
            0.0,
            25.0
        ],
        [
            0.0,
            30.0
        ],
        [
            0.0,
            35.0
        ],
        [
            0.0,
            40.0
        ],
        [
            0.0,
            45.0
        ],
        [
            0.0,
            50.0
        ],
        [
            0.0,
            55.0
        ],
        [
            0.0,
            60.0
        ],
        [
            0.0,
            65.0
        ],
        [
            0.0,
            70.0
        ],
        [
            5.0,
            0.0
        ],
        [
            5.0,
            5.0
        ],
        [
            5.0,
            10.0
        ],
        [
            5.0,
            15.0
        ],
        [
            5.0,
            20.0
        ],
        [
            5.0,
            25.0
        ],
        [
            5.0,
            30.0
        ],
        [
            5.0,
            35.0
        ],
        [
            5.0,
            40.0
        ],
        [
            5.0,
            45.0
        ],
        [
            5.0,
            50.0
        ],
        [
            5.0,
            55.0
        ],
        [
            5.0,
            60.0
        ],
        [
            5.0,
            65.0
        ],
        [
            5.0,
            70.0
        ],
        [
            10.0,
            0.0
        ],
        [
            10.0,
            5.0
        ],
        [
            10.0,
            10.0
        ],
        [
            10.0,
            15.0
        ],
        [
            10.0,
            20.0
        ],
        [
            10.0,
            25.0
        ],
        [
            10.0,
            30.0
        ],
        [
            10.0,
            35.0
        ],
        [
            10.0,
            40.0
        ],
        [
            10.0,
            45.0
        ],
        [
            10.0,
            50.0
        ],
        [
            10.0,
            55.0
        ],
        [
            10.0,
            60.0
        ],
        [
            10.0,
            65.0
        ],
        [
            10.0,
            70.0
        ],
        [
            15.0,
            0.0
        ],
        [
            15.0,
            5.0
        ],
        [
            15.0,
            10.0
        ],
        [
            15.0,
            15.0
        ],
        [
            15.0,
            20.0
        ],
        [
            15.0,
            25.0
        ],
        [
            15.0,
            30.0
        ],
        [
            15.0,
            35.0
        ],
        [
            15.0,
            40.0
        ],
        [
            15.0,
            45.0
        ],
        [
            15.0,
            50.0
        ],
        [
            15.0,
            55.0
        ],
        [
            15.0,
            60.0
        ],
        [
            15.0,
            65.0
        ],
        [
            15.0,
            70.0
        ],
        [
            20.0,
            0.0
        ],
        [
            20.0,
            5.0
        ],
        [
            20.0,
            10.0
        ],
        [
            20.0,
            15.0
        ],
        [
            20.0,
            20.0
        ],
        [
            20.0,
            25.0
        ],
        [
            20.0,
            30.0
        ],
        [
            20.0,
            35.0
        ],
        [
            20.0,
            40.0
        ],
        [
            20.0,
            45.0
        ],
        [
            20.0,
            50.0
        ],
        [
            20.0,
            55.0
        ],
        [
            20.0,
            60.0
        ],
        [
            20.0,
            65.0
        ],
        [
            20.0,
            70.0
        ],
        [
            25.0,
            0.0
        ],
        [
            25.0,
            5.0
        ],
        [
            25.0,
            10.0
        ],
        [
            25.0,
            15.0
        ],
        [
            25.0,
            20.0
        ],
        [
            25.0,
            25.0
        ],
        [
            25.0,
            30.0
        ],
        [
            25.0,
            35.0
        ],
        [
            25.0,
            40.0
        ],
        [
            25.0,
            45.0
        ],
        [
            25.0,
            50.0
        ],
        [
            25.0,
            55.0
        ],
        [
            25.0,
            60.0
        ],
        [
            25.0,
            65.0
        ],
        [
            25.0,
            70.0
        ],
        [
            30.0,
            0.0
        ],
        [
            30.0,
            5.0
        ],
        [
            30.0,
            10.0
        ],
        [
            30.0,
            15.0
        ],
        [
            30.0,
            20.0
        ],
        [
            30.0,
            25.0
        ],
        [
            30.0,
            30.0
        ],
        [
            30.0,
            35.0
        ],
        [
            30.0,
            40.0
        ],
        [
            30.0,
            45.0
        ],
        [
            30.0,
            50.0
        ],
        [
            30.0,
            55.0
        ],
        [
            30.0,
            60.0
        ],
        [
            30.0,
            65.0
        ],
        [
            30.0,
            70.0
        ],
        [
            35.0,
            0.0
        ],
        [
            35.0,
            5.0
        ],
        [
            35.0,
            10.0
        ],
        [
            35.0,
            15.0
        ],
        [
            35.0,
            20.0
        ],
        [
            35.0,
            25.0
        ],
        [
            35.0,
            30.0
        ],
        [
            35.0,
            35.0
        ],
        [
            35.0,
            40.0
        ],
        [
            35.0,
            45.0
        ],
        [
            35.0,
            50.0
        ],
        [
            35.0,
            55.0
        ],
        [
            35.0,
            60.0
        ],
        [
            35.0,
            65.0
        ],
        [
            35.0,
            70.0
        ],
        [
            40.0,
            0.0
        ],
        [
            40.0,
            5.0
        ],
        [
            40.0,
            10.0
        ],
        [
            40.0,
            15.0
        ],
        [
            40.0,
            20.0
        ],
        [
            40.0,
            25.0
        ],
        [
            40.0,
            30.0
        ],
        [
