{
    "g": {
        "5.0_96.0_0.075_2.0": [
            2.209313993120539,
            2.555199062452902,
            2.8515163342133616,
            3.196240944443242,
            3.490247558061417,
            3.830412079485853,
            4.165778784385926,
            4.418238647449787,
            4.735006366265974,
            4.914389249818614,
            5.037714030681151,
            5.206135167450347,
            5.320305377086145,
            5.5747313691227145,
            5.791358797777981,
            5.850954326920725,
            5.90492457484498,
            5.95785227892314,
            5.999295787669537,
            6.034841111044988,
            6.0656741746495015,
            6.091660877026264,
            6.111095298933824,
            6.133413565598195,
            6.1486671470658685,
            6.15614123069294,
            6.168195945894773
        ]
    },
    "bore_locations": [
        [
            0.0,
            0.0
        ]
    ],
    "log_time": [
        -8.5,
        -7.8,
        -7.2,
        -6.5,
        -5.9,
        -5.2,
        -4.5,
        -3.963,
        -3.27,
        -2.864,
        -2.577,
        -2.171,
        -1.884,
        -1.191,
        -0.497,
        -0.274,
        -0.051,
        0.196,
        0.419,
        0.642,
        0.873,
        1.112,
        1.335,
        1.679,
        2.028,
        2.275,
        3.003
    ]
}