{
    "g": {
        "5.0_96.0_0.075_2.0": [
            2.2093139931205408,
            2.555199083705521,
            2.8515470033520063,
            3.199721330848058,
            3.526434310801202,
            4.027304495369414,
            4.740429854859176,
            5.431190094301005,
            6.445444529531116,
            7.070864886539676,
            7.515093443663501,
            8.133741461076257,
            8.558608636101429,
            9.50940015012294,
            10.318115618436705,
            10.540401062377025,
            10.740988253474388,
            10.937217490855208,
            11.090309973134456,
            11.22152265096691,
            11.33504293445325,
            11.43047288907229,
            11.501798277659827,
            11.583544512878804,
            11.639427299133748,
            11.666840699150319,
            11.711145774900713
        ]
    },
    "bore_locations": [
        [
            0.0,
            0.0
        ],
        [
            0.0,
            5.0
        ],
        [
            5.0,
            0.0
        ],
        [
            5.0,
            5.0
        ]
    ],
    "log_time": [
        -8.5,
        -7.8,
        -7.2,
        -6.5,
        -5.9,
        -5.2,
        -4.5,
        -3.963,
        -3.27,
        -2.864,
        -2.577,
        -2.171,
        -1.884,
        -1.191,
        -0.497,
        -0.274,
        -0.051,
        0.196,
        0.419,
        0.642,
        0.873,
        1.112,
        1.335,
        1.679,
        2.028,
        2.275,
        3.003
    ]
}