{
    "g": {
        "5.0_96.0_0.075_2.0": [
            2.2093139931205474,
            2.5551990907897375,
            2.8515572274054355,
            3.2008886744003533,
            3.5389797604148,
            4.102614930364643,
            5.007895335599759,
            6.0075387132214,
            7.687585388877869,
            8.831828961929736,
            9.68396622573017,
            10.910602170775096,
            11.773633874655204,
            13.733647612066957,
            15.411867341034533,
            15.873734865101856,
            16.288924703267835,
            16.693976948020076,
            17.008596167743544,
            17.27797556492771,
            17.510261944967784,
            17.70491148235838,
            17.85028709808947,
            18.016532714708983,
            18.13021169889078,
            18.186048196944082,
            18.276517547014134
        ]
    },
    "bore_locations": [
        [
            0.0,
            0.0
        ],
        [
            0.0,
            5.0
        ],
        [
            0.0,
            10.0
        ],
        [
            5.0,
            0.0
        ],
        [
            5.0,
            5.0
        ],
        [
            5.0,
            10.0
        ],
        [
            10.0,
            0.0
        ],
        [
            10.0,
            5.0
        ],
        [
            10.0,
            10.0
        ]
    ],
    "log_time": [
        -8.5,
        -7.8,
        -7.2,
        -6.5,
        -5.9,
        -5.2,
        -4.5,
        -3.963,
        -3.27,
        -2.864,
        -2.577,
        -2.171,
        -1.884,
        -1.191,
        -0.497,
        -0.274,
        -0.051,
        0.196,
        0.419,
        0.642,
        0.873,
        1.112,
        1.335,
        1.679,
        2.028,
        2.275,
        3.003
    ]
}