{
    "g": {
        "5.0_96.0_0.075_2.0": [
            2.209313993120548,
            2.5551990943318343,
            2.851562339621014,
            3.201473701581898,
            3.5453427548493663,
            4.1419191503399535,
            5.153945573869734,
            6.343575723452334,
            8.515078656608043,
            10.113576578194523,
            11.359295708357466,
            13.219914727127305,
            14.569628414489234,
            17.709961975986797,
            20.441472669870993,
            21.196524551783956,
            21.873069923668215,
            22.531429957398732,
            23.040406204646455,
            23.475652646941494,
            23.849557241812274,
            24.16175724876093,
            24.394714049784323,
            24.660476588928137,
            24.8422493832532,
            24.931650325136903,
            25.076918636163004
        ]
    },
    "bore_locations": [
        [
            0.0,
            0.0
        ],
        [
            0.0,
            5.0
        ],
        [
            0.0,
            10.0
        ],
        [
            0.0,
            15.0
        ],
        [
            5.0,
            0.0
        ],
        [
            5.0,
            5.0
        ],
        [
            5.0,
            10.0
        ],
        [
            5.0,
            15.0
        ],
        [
            10.0,
            0.0
        ],
        [
            10.0,
            5.0
        ],
        [
            10.0,
            10.0
        ],
        [
            10.0,
            15.0
        ],
        [
            15.0,
            0.0
        ],
        [
            15.0,
            5.0
        ],
        [
            15.0,
            10.0
        ],
        [
            15.0,
            15.0
        ]
    ],
    "log_time": [
        -8.5,
        -7.8,
        -7.2,
        -6.5,
        -5.9,
        -5.2,
        -4.5,
        -3.963,
        -3.27,
        -2.864,
        -2.577,
        -2.171,
        -1.884,
        -1.191,
        -0.497,
        -0.274,
        -0.051,
        0.196,
        0.419,
        0.642,
        0.873,
        1.112,
        1.335,
        1.679,
        2.028,
        2.275,
        3.003
    ]
}