{
    "g": {
        "5.0_96.0_0.075_2.0": [
            2.209313993120547,
            2.5551990964570908,
            2.85156540701079,
            3.2018251516264598,
            3.5491894497525265,
            4.16603366298437,
            5.245564604875447,
            6.559865447107809,
            9.080446039992392,
            11.036843548426631,
            12.616913276268768,
            15.055619048691643,
            16.878728257526472,
            21.24306429938952,
            25.127917491928866,
            26.2099756512337,
            27.17755150489238,
            28.11730339955309,
            28.840471512722925,
            29.458029684641428,
            29.986428579136135,
            30.425936171972925,
            30.753526101652245,
            31.126307394561483,
            31.38132121206721,
            31.506915166768994,
            31.711647339820747
        ]
    },
    "bore_locations": [
        [
            0.0,
            0.0
        ],
        [
            0.0,
            5.0
        ],
        [
            0.0,
            10.0
        ],
        [
            0.0,
            15.0
        ],
        [
            0.0,
            20.0
        ],
        [
            5.0,
            0.0
        ],
        [
            5.0,
            5.0
        ],
        [
            5.0,
            10.0
        ],
        [
            5.0,
            15.0
        ],
        [
            5.0,
            20.0
        ],
        [
            10.0,
            0.0
        ],
        [
            10.0,
            5.0
        ],
        [
            10.0,
            10.0
        ],
        [
            10.0,
            15.0
        ],
        [
            10.0,
            20.0
        ],
        [
            15.0,
            0.0
        ],
        [
            15.0,
            5.0
        ],
        [
            15.0,
            10.0
        ],
        [
            15.0,
            15.0
        ],
        [
            15.0,
            20.0
        ],
        [
            20.0,
            0.0
        ],
        [
            20.0,
            5.0
        ],
        [
            20.0,
            10.0
        ],
        [
            20.0,
            15.0
        ],
        [
            20.0,
            20.0
        ]
    ],
    "log_time": [
        -8.5,
        -7.8,
        -7.2,
        -6.5,
        -5.9,
        -5.2,
        -4.5,
        -3.963,
        -3.27,
        -2.864,
        -2.577,
        -2.171,
        -1.884,
        -1.191,
        -0.497,
        -0.274,
        -0.051,
        0.196,
        0.419,
        0.642,
        0.873,
        1.112,
        1.335,
        1.679,
        2.028,
        2.275,
        3.003
    ]
}