{
    "g": {
        "5.0_96.0_0.075_2.0": [
            2.209527670119446,
            2.555585132594152,
            2.8521992033169554,
            3.2038951922284125,
            3.5620523914851128,
            4.241064275826558,
            5.535041088441174,
            7.267081745663106,
            11.084815150613933,
            14.541658379539061,
            17.69140305096362,
            23.261858953592213,
            28.06650526035538,
            41.974097130090534,
            57.721677709338245,
            62.783366766655966,
            67.46221737654189,
            72.09728500751363,
            75.63787925021677,
            78.6545219266689,
            81.16581879063943,
            83.18518554101351,
            84.6594139837234,
            86.29782372584108,
            87.40382671915195,
            87.95507118775947,
            88.90722943268095
        ]
    },
    "bore_locations": [
        [
            0.0,
            0.0
        ],
        [
            0.0,
            5.0
        ],
        [
            0.0,
            10.0
        ],
        [
            0.0,
            15.0
        ],
        [
            0.0,
            20.0
        ],
        [
            0.0,
            25.0
        ],
        [
            0.0,
            30.0
        ],
        [
            0.0,
            35.0
        ],
        [
            0.0,
            40.0
        ],
        [
            0.0,
            45.0
        ],
        [
            0.0,
            50.0
        ],
        [
            0.0,
            55.0
        ],
        [
            0.0,
            60.0
        ],
        [
            0.0,
            65.0
        ],
        [
            0.0,
            70.0
        ],
        [
            0.0,
            75.0
        ],
        [
            0.0,
            80.0
        ],
        [
            0.0,
            85.0
        ],
        [
            5.0,
            0.0
        ],
        [
            5.0,
            5.0
        ],
        [
            5.0,
            10.0
        ],
        [
            5.0,
            15.0
        ],
        [
            5.0,
            20.0
        ],
        [
            5.0,
            25.0
        ],
        [
            5.0,
            30.0
        ],
        [
            5.0,
            35.0
        ],
        [
            5.0,
            40.0
        ],
        [
            5.0,
            45.0
        ],
        [
            5.0,
            50.0
        ],
        [
            5.0,
            55.0
        ],
        [
            5.0,
            60.0
        ],
        [
            5.0,
            65.0
        ],
        [
            5.0,
            70.0
        ],
        [
            5.0,
            75.0
        ],
        [
            5.0,
            80.0
        ],
        [
            5.0,
            85.0
        ],
        [
            10.0,
            0.0
        ],
        [
            10.0,
            5.0
        ],
        [
            10.0,
            10.0
        ],
        [
            10.0,
            15.0
        ],
        [
            10.0,
            20.0
        ],
        [
            10.0,
            25.0
        ],
        [
            10.0,
            30.0
        ],
        [
            10.0,
            35.0
        ],
        [
            10.0,
            40.0
        ],
        [
            10.0,
            45.0
        ],
        [
            10.0,
            50.0
        ],
        [
            10.0,
            55.0
        ],
        [
            10.0,
            60.0
        ],
        [
            10.0,
            65.0
        ],
        [
            10.0,
            70.0
        ],
        [
            10.0,
            75.0
        ],
        [
            10.0,
            80.0
        ],
        [
            10.0,
            85.0
        ],
        [
            15.0,
            0.0
        ],
        [
            15.0,
            5.0
        ],
        [
            15.0,
            10.0
        ],
        [
            15.0,
            15.0
        ],
        [
            15.0,
            20.0
        ],
        [
            15.0,
            25.0
        ],
        [
            15.0,
            30.0
        ],
        [
            15.0,
            35.0
        ],
        [
            15.0,
            40.0
        ],
        [
            15.0,
            45.0
        ],
        [
            15.0,
            50.0
        ],
        [
            15.0,
            55.0
        ],
        [
            15.0,
            60.0
        ],
        [
            15.0,
            65.0
        ],
        [
            15.0,
            70.0
        ],
        [
            15.0,
            75.0
        ],
        [
            15.0,
            80.0
        ],
        [
            15.0,
            85.0
        ],
        [
            20.0,
            0.0
        ],
        [
            20.0,
            5.0
        ],
        [
            20.0,
            10.0
        ],
        [
            20.0,
            15.0
        ],
        [
            20.0,
            20.0
        ],
        [
            20.0,
            25.0
        ],
        [
            20.0,
            30.0
        ],
        [
            20.0,
            35.0
        ],
        [
            20.0,
            40.0
        ],
        [
            20.0,
            45.0
        ],
        [
            20.0,
            50.0
        ],
        [
            20.0,
            55.0
        ],
        [
            20.0,
            60.0
        ],
        [
            20.0,
            65.0
        ],
        [
            20.0,
            70.0
        ],
        [
            20.0,
            75.0
        ],
        [
            20.0,
            80.0
        ],
        [
            20.0,
            85.0
        ],
        [
            25.0,
            0.0
        ],
        [
            25.0,
            5.0
        ],
        [
            25.0,
            10.0
        ],
        [
            25.0,
            15.0
        ],
        [
            25.0,
            20.0
        ],
        [
            25.0,
            25.0
        ],
        [
            25.0,
            30.0
        ],
        [
            25.0,
            35.0
        ],
        [
            25.0,
            40.0
        ],
        [
            25.0,
            45.0
        ],
        [
            25.0,
            50.0
        ],
        [
            25.0,
            55.0
        ],
        [
            25.0,
            60.0
        ],
        [
            25.0,
            65.0
        ],
        [
            25.0,
            70.0
        ],
        [
            25.0,
            75.0
        ],
        [
            25.0,
            80.0
        ],
        [
            25.0,
            85.0
        ],
        [
            30.0,
            0.0
        ],
        [
            30.0,
            5.0
        ],
        [
            30.0,
            10.0
        ],
        [
            30.0,
            15.0
        ],
        [
            30.0,
            20.0
        ],
        [
            30.0,
            25.0
        ],
        [
            30.0,
            30.0
        ],
        [
            30.0,
            35.0
        ],
        [
            30.0,
            40.0
        ],
        [
            30.0,
            45.0
        ],
        [
            30.0,
            50.0
        ],
        [
            30.0,
            55.0
        ],
        [
            30.0,
            60.0
        ],
        [
            30.0,
            65.0
        ],
        [
            30.0,
            70.0
        ],
        [
            30.0,
            75.0
        ],
        [
            30.0,
            80.0
        ],
        [
            30.0,
            85.0
        ],
        [
            35.0,
            0.0
        ],
        [
