{
    "g": {
        "5.0_96.0_0.075_2.0": [
            2.2095276701198627,
            2.555585113692557,
            2.8521719180988474,
            3.200770894072543,
            3.5280153889130834,
            4.029983990712321,
            4.745280370090567,
            5.438815775526871,
            6.458567690151664,
            7.087885185007696,
            7.535051928720614,
            8.15818866666903,
            8.586216155579372,
            9.544586032762803,
            10.359814805484543,
            10.583863048625771,
            10.786025865410972,
            10.983780569782192,
            11.138053477608166,
            11.270239317850278,
            11.384578484333455,
            11.480673938039486,
            11.55247252418953,
            11.63473306687924,
            11.69094403771413,
            11.718509684378276,
            11.76304378782208
        ]
    },
    "bore_locations": [
        [
            0.0,
            0.0
        ],
        [
            0.0,
            5.0
        ],
        [
            5.0,
            0.0
        ],
        [
            5.0,
            5.0
        ]
    ],
    "logtime": [
        -8.5,
        -7.8,
        -7.2,
        -6.5,
        -5.9,
        -5.2,
        -4.5,
        -3.963,
        -3.27,
        -2.864,
        -2.577,
        -2.171,
        -1.884,
        -1.191,
        -0.497,
        -0.274,
        -0.051,
        0.196,
        0.419,
        0.642,
        0.873,
        1.112,
        1.335,
        1.679,
        2.028,
        2.275,
        3.003
    ]
}