{
    "g": {
        "5.0_96.0_0.075_2.0": [
            2.209527670119863,
            2.555585120780635,
            2.8521821496356896,
            3.201939490570134,
            3.5405783268793263,
            4.105447845348779,
            5.01356534168319,
            6.017523820889213,
            7.7081994482940654,
            8.86137609929691,
            9.720982425410911,
            10.960194885475548,
            11.832751317912358,
            13.817684754267663,
            15.518764909624391,
            15.987005314293793,
            16.40797127197904,
            16.818699104821565,
            17.137780561385615,
            17.410887688001463,
            17.646358752448467,
            17.84363721689019,
            17.99091029200834,
            18.15925270275692,
            18.2742979181323,
            18.330779130088782,
            18.422236517905194
        ]
    },
    "bore_locations": [
        [
            0.0,
            0.0
        ],
        [
            0.0,
            5.0
        ],
        [
            0.0,
            10.0
        ],
        [
            5.0,
            0.0
        ],
        [
            5.0,
            5.0
        ],
        [
            5.0,
            10.0
        ],
        [
            10.0,
            0.0
        ],
        [
            10.0,
            5.0
        ],
        [
            10.0,
            10.0
        ]
    ],
    "logtime": [
        -8.5,
        -7.8,
        -7.2,
        -6.5,
        -5.9,
        -5.2,
        -4.5,
        -3.963,
        -3.27,
        -2.864,
        -2.577,
        -2.171,
        -1.884,
        -1.191,
        -0.497,
        -0.274,
        -0.051,
        0.196,
        0.419,
        0.642,
        0.873,
        1.112,
        1.335,
        1.679,
        2.028,
        2.275,
        3.003
    ]
}