{
    "g": {
        "5.0_96.0_0.075_2.0": [
            2.209527670119868,
            2.555585131090558,
            2.8521970327708046,
            3.203645727696354,
            3.559282609037153,
            4.2231589660366,
            5.464173062074154,
            7.0914094891128325,
            10.570734573717345,
            13.614177696229806,
            16.309234847808515,
            20.911891505300783,
            24.730195098309853,
            35.147206488419634,
            45.95249403842387,
            49.19895901088733,
            52.13932341567786,
            55.01208493670779,
            57.195965987515,
            59.05103697355651,
            60.60840002496652,
            61.87759937384646,
            62.81399762892372,
            63.86380715727426,
            64.57982439441136,
            64.93488335662632,
            65.52653392828006
        ]
    },
    "bore_locations": [
        [
            0.0,
            0.0
        ],
        [
            0.0,
            5.0
        ],
        [
            0.0,
            10.0
        ],
        [
            0.0,
            15.0
        ],
        [
            0.0,
            20.0
        ],
        [
            0.0,
            25.0
        ],
        [
            0.0,
            30.0
        ],
        [
            0.0,
            35.0
        ],
        [
            0.0,
            40.0
        ],
        [
            0.0,
            45.0
        ],
        [
            0.0,
            50.0
        ],
        [
            5.0,
            0.0
        ],
        [
            5.0,
            5.0
        ],
        [
            5.0,
            10.0
        ],
        [
            5.0,
            15.0
        ],
        [
            5.0,
            20.0
        ],
        [
            5.0,
            25.0
        ],
        [
            5.0,
            30.0
        ],
        [
            5.0,
            35.0
        ],
        [
            5.0,
            40.0
        ],
        [
            5.0,
            45.0
        ],
        [
            5.0,
            50.0
        ],
        [
            10.0,
            0.0
        ],
        [
            10.0,
            5.0
        ],
        [
            10.0,
            10.0
        ],
        [
            10.0,
            15.0
        ],
        [
            10.0,
            20.0
        ],
        [
            10.0,
            25.0
        ],
        [
            10.0,
            30.0
        ],
        [
            10.0,
            35.0
        ],
        [
            10.0,
            40.0
        ],
        [
            10.0,
            45.0
        ],
        [
            10.0,
            50.0
        ],
        [
            15.0,
            0.0
        ],
        [
            15.0,
            5.0
        ],
        [
            15.0,
            10.0
        ],
        [
            15.0,
            15.0
        ],
        [
            15.0,
            20.0
        ],
        [
            15.0,
            25.0
        ],
        [
            15.0,
            30.0
        ],
        [
            15.0,
            35.0
        ],
        [
            15.0,
            40.0
        ],
        [
            15.0,
            45.0
        ],
        [
            15.0,
            50.0
        ],
        [
            20.0,
            0.0
        ],
        [
            20.0,
            5.0
        ],
        [
            20.0,
            10.0
        ],
        [
            20.0,
            15.0
        ],
        [
            20.0,
            20.0
        ],
        [
            20.0,
            25.0
        ],
        [
            20.0,
            30.0
        ],
        [
            20.0,
            35.0
        ],
        [
            20.0,
            40.0
        ],
        [
            20.0,
            45.0
        ],
        [
            20.0,
            50.0
        ],
        [
            25.0,
            0.0
        ],
        [
            25.0,
            5.0
        ],
        [
            25.0,
            10.0
        ],
        [
            25.0,
            15.0
        ],
        [
            25.0,
            20.0
        ],
        [
            25.0,
            25.0
        ],
        [
            25.0,
            30.0
        ],
        [
            25.0,
            35.0
        ],
        [
            25.0,
            40.0
        ],
        [
            25.0,
            45.0
        ],
        [
            25.0,
            50.0
        ],
        [
            30.0,
            0.0
        ],
        [
            30.0,
            5.0
        ],
        [
            30.0,
            10.0
        ],
        [
            30.0,
            15.0
        ],
        [
            30.0,
            20.0
        ],
        [
            30.0,
            25.0
        ],
        [
            30.0,
            30.0
        ],
        [
            30.0,
            35.0
        ],
        [
            30.0,
            40.0
        ],
        [
            30.0,
            45.0
        ],
        [
            30.0,
            50.0
        ],
        [
            35.0,
            0.0
        ],
        [
            35.0,
            5.0
        ],
        [
            35.0,
            10.0
        ],
        [
            35.0,
            15.0
        ],
        [
            35.0,
            20.0
        ],
        [
            35.0,
            25.0
        ],
        [
            35.0,
            30.0
        ],
        [
            35.0,
            35.0
        ],
        [
            35.0,
            40.0
        ],
        [
            35.0,
            45.0
        ],
        [
            35.0,
            50.0
        ],
        [
            40.0,
            0.0
        ],
        [
            40.0,
            5.0
        ],
        [
            40.0,
            10.0
        ],
        [
            40.0,
            15.0
        ],
        [
            40.0,
            20.0
        ],
        [
            40.0,
            25.0
        ],
        [
            40.0,
            30.0
        ],
        [
            40.0,
            35.0
        ],
        [
            40.0,
            40.0
        ],
        [
            40.0,
            45.0
        ],
        [
            40.0,
            50.0
        ],
        [
            45.0,
            0.0
        ],
        [
            45.0,
            5.0
        ],
        [
            45.0,
            10.0
        ],
        [
            45.0,
            15.0
        ],
        [
            45.0,
            20.0
        ],
        [
            45.0,
            25.0
        ],
        [
            45.0,
            30.0
        ],
        [
            45.0,
            35.0
        ],
        [
            45.0,
            40.0
        ],
        [
            45.0,
            45.0
        ],
        [
            45.0,
            50.0
        ],
        [
            50.0,
            0.0
        ],
        [
            50.0,
            5.0
        ],
        [
            50.0,
            10.0
        ],
        [
            50.0,
            15.0
        ],
        [
            50.0,
            20.0
        ],
        [
            50.0,
            25.0
        ],
        [
            50.0,
            30.0
        ],
        [
            50.0,
            35.0
        ],
        [
            50.0,
            40.0
        ],
        [
            50.0,
            45.0
        ],
        [
            50.0,
            50.0
        ]
    ],