{
    "g": {
        "5.0_96.0_0.075_2.0": [
            2.209527670119869,
            2.5555851324551058,
            2.8521990026774113,
            3.203872126818809,
            3.5617964074306436,
            4.239447005174885,
            5.529354176610619,
            7.255200581994361,
            11.06088058307419,
            14.505577949233835,
            17.64254505618749,
            23.18756281284369,
            27.959844163254733,
            41.71287397757299,
            57.11808873641319,
            62.02410126767125,
            66.53713853364445,
            70.99200497878913,
            74.38395242110859,
            77.26634917132579,
            79.66241505962309,
            81.58815927141595,
            82.99425219784843,
            84.55671046663153,
            85.61294142694483,
            86.13906163008497,
            87.04285092770876
        ]
    },
    "bore_locations": [
        [
            0.0,
            0.0
        ],
        [
            0.0,
            5.0
        ],
        [
            0.0,
            10.0
        ],
        [
            0.0,
            15.0
        ],
        [
            0.0,
            20.0
        ],
        [
            0.0,
            25.0
        ],
        [
            0.0,
            30.0
        ],
        [
            0.0,
            35.0
        ],
        [
            0.0,
            40.0
        ],
        [
            0.0,
            45.0
        ],
        [
            0.0,
            50.0
        ],
        [
            0.0,
            55.0
        ],
        [
            0.0,
            60.0
        ],
        [
            0.0,
            65.0
        ],
        [
            0.0,
            70.0
        ],
        [
            0.0,
            75.0
        ],
        [
            0.0,
            80.0
        ],
        [
            5.0,
            0.0
        ],
        [
            5.0,
            5.0
        ],
        [
            5.0,
            10.0
        ],
        [
            5.0,
            15.0
        ],
        [
            5.0,
            20.0
        ],
        [
            5.0,
            25.0
        ],
        [
            5.0,
            30.0
        ],
        [
            5.0,
            35.0
        ],
        [
            5.0,
            40.0
        ],
        [
            5.0,
            45.0
        ],
        [
            5.0,
            50.0
        ],
        [
            5.0,
            55.0
        ],
        [
            5.0,
            60.0
        ],
        [
            5.0,
            65.0
        ],
        [
            5.0,
            70.0
        ],
        [
            5.0,
            75.0
        ],
        [
            5.0,
            80.0
        ],
        [
            10.0,
            0.0
        ],
        [
            10.0,
            5.0
        ],
        [
            10.0,
            10.0
        ],
        [
            10.0,
            15.0
        ],
        [
            10.0,
            20.0
        ],
        [
            10.0,
            25.0
        ],
        [
            10.0,
            30.0
        ],
        [
            10.0,
            35.0
        ],
        [
            10.0,
            40.0
        ],
        [
            10.0,
            45.0
        ],
        [
            10.0,
            50.0
        ],
        [
            10.0,
            55.0
        ],
        [
            10.0,
            60.0
        ],
        [
            10.0,
            65.0
        ],
        [
            10.0,
            70.0
        ],
        [
            10.0,
            75.0
        ],
        [
            10.0,
            80.0
        ],
        [
            15.0,
            0.0
        ],
        [
            15.0,
            5.0
        ],
        [
            15.0,
            10.0
        ],
        [
            15.0,
            15.0
        ],
        [
            15.0,
            20.0
        ],
        [
            15.0,
            25.0
        ],
        [
            15.0,
            30.0
        ],
        [
            15.0,
            35.0
        ],
        [
            15.0,
            40.0
        ],
        [
            15.0,
            45.0
        ],
        [
            15.0,
            50.0
        ],
        [
            15.0,
            55.0
        ],
        [
            15.0,
            60.0
        ],
        [
            15.0,
            65.0
        ],
        [
            15.0,
            70.0
        ],
        [
            15.0,
            75.0
        ],
        [
            15.0,
            80.0
        ],
        [
            20.0,
            0.0
        ],
        [
            20.0,
            5.0
        ],
        [
            20.0,
            10.0
        ],
        [
            20.0,
            15.0
        ],
        [
            20.0,
            20.0
        ],
        [
            20.0,
            25.0
        ],
        [
            20.0,
            30.0
        ],
        [
            20.0,
            35.0
        ],
        [
            20.0,
            40.0
        ],
        [
            20.0,
            45.0
        ],
        [
            20.0,
            50.0
        ],
        [
            20.0,
            55.0
        ],
        [
            20.0,
            60.0
        ],
        [
            20.0,
            65.0
        ],
        [
            20.0,
            70.0
        ],
        [
            20.0,
            75.0
        ],
        [
            20.0,
            80.0
        ],
        [
            25.0,
            0.0
        ],
        [
            25.0,
            5.0
        ],
        [
            25.0,
            10.0
        ],
        [
            25.0,
            15.0
        ],
        [
            25.0,
            20.0
        ],
        [
            25.0,
            25.0
        ],
        [
            25.0,
            30.0
        ],
        [
            25.0,
            35.0
        ],
        [
            25.0,
            40.0
        ],
        [
            25.0,
            45.0
        ],
        [
            25.0,
            50.0
        ],
        [
            25.0,
            55.0
        ],
        [
            25.0,
            60.0
        ],
        [
            25.0,
            65.0
        ],
        [
            25.0,
            70.0
        ],
        [
            25.0,
            75.0
        ],
        [
            25.0,
            80.0
        ],
        [
            30.0,
            0.0
        ],
        [
            30.0,
            5.0
        ],
        [
            30.0,
            10.0
        ],
        [
            30.0,
            15.0
        ],
        [
            30.0,
            20.0
        ],
        [
            30.0,
            25.0
        ],
        [
            30.0,
            30.0
        ],
        [
            30.0,
            35.0
        ],
        [
            30.0,
            40.0
        ],
        [
            30.0,
            45.0
        ],
        [
            30.0,
            50.0
        ],
        [
            30.0,
            55.0
        ],
        [
            30.0,
            60.0
        ],
        [
            30.0,
            65.0
        ],
        [
            30.0,
            70.0
        ],
        [
            30.0,
            75.0
        ],
        [
            30.0,
            80.0
        ],
        [
            35.0,
            0.0
        ],
        [
            35.0,
            5.0
        ],
        [
            35.0,
            10.0
        ],
        [
            35.0,
            15.0
        ],
        [
            35.0,
            20.0
        ],
        [
            35.0,
            25.0
        ],
        [
            35.0,
            30.0
        ],
        [
            35.0,
            35.0
        ],
        [
