{
    "g": {
        "5.0_96.0_0.075_2.0": [
            2.209527670119862,
            2.5555850924283443,
            2.8521412265122,
            3.197286772451856,
            3.4917782799363253,
            3.8326995766325065,
            4.169020711602137,
            4.422308227035959,
            4.7402264041950914,
            4.920264430043286,
            5.04403064212768,
            5.213057733573093,
            5.327627044784153,
            5.582930023226169,
            5.800263652185222,
            5.860043712604195,
            5.914175964868134,
            5.9672569672787095,
            6.008816002366709,
            6.044454459827268,
            6.075363707065904,
            6.1014104350164455,
            6.120886278242322,
            6.143247923227857,
            6.158527910928395,
            6.166013758448052,
            6.178085334765953
        ]
    },
    "bore_locations": [
        [
            0.0,
            0.0
        ]
    ],
    "logtime": [
        -8.5,
        -7.8,
        -7.2,
        -6.5,
        -5.9,
        -5.2,
        -4.5,
        -3.963,
        -3.27,
        -2.864,
        -2.577,
        -2.171,
        -1.884,
        -1.191,
        -0.497,
        -0.274,
        -0.051,
        0.196,
        0.419,
        0.642,
        0.873,
        1.112,
        1.335,
        1.679,
        2.028,
        2.275,
        3.003
    ]
}