{
    "g": {
        "5.0_96.0_0.075_2.0": [
            2.2095276701198645,
            2.5555851136925596,
            2.852171918098849,
            3.200770894072545,
            3.528015388913078,
            4.029983990712321,
            4.745280370090569,
            5.438815775526878,
            6.458567690151668,
            7.087885185007698,
            7.535051928720609,
            8.158188666669039,
            8.586216155579377,
            9.544586032762796,
            10.35981480548456,
            10.583863048625778,
            10.78602586541098,
            10.983780569782189,
            11.138053477608175,
            11.270239317850269,
            11.38457848433346,
            11.480673938039493,
            11.552472524189527,
            11.634733066879235,
            11.690944037714134,
            11.718509684378283,
            11.763043787822076
        ]
    },
    "bore_locations": [
        [
            0.0,
            0.0
        ],
        [
            0.0,
            5.0
        ],
        [
            5.0,
            0.0
        ],
        [
            5.0,
            5.0
        ]
    ],
    "logtime": [
        -8.5,
        -7.8,
        -7.2,
        -6.5,
        -5.9,
        -5.2,
        -4.5,
        -3.963,
        -3.27,
        -2.864,
        -2.577,
        -2.171,
        -1.884,
        -1.191,
        -0.497,
        -0.274,
        -0.051,
        0.196,
        0.419,
        0.642,
        0.873,
        1.112,
        1.335,
        1.679,
        2.028,
        2.275,
        3.003
    ]
}