{
    "g": {
        "5.0_96.0_0.075_2.0": [
            2.2095276701198663,
            2.555585124324669,
            2.8521872655931095,
            3.20252514569678,
            3.546950193878413,
            4.144832552949657,
            5.160076429516032,
            6.35502413601659,
            8.541334275789028,
            10.153719590041792,
            11.41198805948042,
            13.29547176501701,
            14.663733241882827,
            17.856960782707954,
            20.64056999660637,
            21.410584589740406,
            22.10085916102008,
            22.772859004585914,
            23.292676611404875,
            23.737057172855064,
            24.11883281081695,
            24.437584008104555,
            24.675307535227088,
            24.946378404701658,
            25.131648137662882,
            25.2227142329986,
            25.37055815031039
        ]
    },
    "bore_locations": [
        [
            0.0,
            0.0
        ],
        [
            0.0,
            5.0
        ],
        [
            0.0,
            10.0
        ],
        [
            0.0,
            15.0
        ],
        [
            5.0,
            0.0
        ],
        [
            5.0,
            5.0
        ],
        [
            5.0,
            10.0
        ],
        [
            5.0,
            15.0
        ],
        [
            10.0,
            0.0
        ],
        [
            10.0,
            5.0
        ],
        [
            10.0,
            10.0
        ],
        [
            10.0,
            15.0
        ],
        [
            15.0,
            0.0
        ],
        [
            15.0,
            5.0
        ],
        [
            15.0,
            10.0
        ],
        [
            15.0,
            15.0
        ]
    ],
    "logtime": [
        -8.5,
        -7.8,
        -7.2,
        -6.5,
        -5.9,
        -5.2,
        -4.5,
        -3.963,
        -3.27,
        -2.864,
        -2.577,
        -2.171,
        -1.884,
        -1.191,
        -0.497,
        -0.274,
        -0.051,
        0.196,
        0.419,
        0.642,
        0.873,
        1.112,
        1.335,
        1.679,
        2.028,
        2.275,
        3.003
    ]
}