{
    "g": {
        "5.0_96.0_0.075_2.0": [
            2.2094104148880023,
            2.5553789572631844,
            2.8518450763588348,
            3.202243408298263,
            3.549741390772158,
            4.166830484291949,
            5.246901033087114,
            6.562170562892504,
            9.086497196869686,
            11.047731451040363,
            12.632841457979335,
            15.081431815563906,
            16.913141822749036,
            21.30367638729248,
            25.21772475316317,
            26.30903936373834,
            27.28566470053956,
            28.23476108723491,
            28.96565673123482,
            29.589908071317527,
            30.12421709704596,
            30.568722015398624,
            30.899973710107137,
            31.276869342552462,
            31.534597284281904,
            31.66148245314606,
            31.86820620449136
        ]
    },
    "bore_locations": [
        [
            0.0,
            0.0
        ],
        [
            0.0,
            5.0
        ],
        [
            0.0,
            10.0
        ],
        [
            0.0,
            15.0
        ],
        [
            0.0,
            20.0
        ],
        [
            5.0,
            0.0
        ],
        [
            5.0,
            5.0
        ],
        [
            5.0,
            10.0
        ],
        [
            5.0,
            15.0
        ],
        [
            5.0,
            20.0
        ],
        [
            10.0,
            0.0
        ],
        [
            10.0,
            5.0
        ],
        [
            10.0,
            10.0
        ],
        [
            10.0,
            15.0
        ],
        [
            10.0,
            20.0
        ],
        [
            15.0,
            0.0
        ],
        [
            15.0,
            5.0
        ],
        [
            15.0,
            10.0
        ],
        [
            15.0,
            15.0
        ],
        [
            15.0,
            20.0
        ],
        [
            20.0,
            0.0
        ],
        [
            20.0,
            5.0
        ],
        [
            20.0,
            10.0
        ],
        [
            20.0,
            15.0
        ],
        [
            20.0,
            20.0
        ]
    ],
    "logtime": [
        -8.5,
        -7.8,
        -7.2,
        -6.5,
        -5.9,
        -5.2,
        -4.5,
        -3.963,
        -3.27,
        -2.864,
        -2.577,
        -2.171,
        -1.884,
        -1.191,
        -0.497,
        -0.274,
        -0.051,
        0.196,
        0.419,
        0.642,
        0.873,
        1.112,
        1.335,
        1.679,
        2.028,
        2.275,
        3.003
    ]
}