{
    "g": {
        "5.0_96.0_0.075_2.0": [
            2.209241884802795,
            2.5552689801976567,
            2.8518345090874653,
            3.201537651928863,
            3.5400891852014134,
            4.104498596505064,
            5.00894067107346,
            6.003338181993116,
            7.667169010409176,
            8.798389279005736,
            9.640113541666448,
            10.849439242478523,
            11.698322189670181,
            13.614205534759884,
            15.23965840340044,
            15.685068648494413,
            16.083972342607638,
            16.472068022328198,
            16.772497360997015,
            17.02941508172376,
            17.250435851193316,
            17.435255486345373,
            17.573205891740074,
            17.730754747692835,
            17.838490014594555,
            17.891438623429035,
            17.97734888361326
        ]
    },
    "bore_locations": [
        [
            0.0,
            0.0
        ],
        [
            0.0,
            5.0
        ],
        [
            0.0,
            10.0
        ],
        [
            5.0,
            0.0
        ],
        [
            5.0,
            5.0
        ],
        [
            5.0,
            10.0
        ],
        [
            10.0,
            0.0
        ],
        [
            10.0,
            5.0
        ],
        [
            10.0,
            10.0
        ]
    ],
    "logtime": [
        -8.5,
        -7.8,
        -7.2,
        -6.5,
        -5.9,
        -5.2,
        -4.5,
        -3.963,
        -3.27,
        -2.864,
        -2.577,
        -2.171,
        -1.884,
        -1.191,
        -0.497,
        -0.274,
        -0.051,
        0.196,
        0.419,
        0.642,
        0.873,
        1.112,
        1.335,
        1.679,
        2.028,
        2.275,
        3.003
    ]
}