{
    "g": {
        "5.0_96.0_0.075_2.0": [
            2.209241884802794,
            2.5552689858675914,
            2.851842693780711,
            3.2024749845867015,
            3.5503104315553635,
            4.167987190798556,
            5.246156260007673,
            6.550551441042654,
            9.025714121238769,
            10.932049673132076,
            12.46598797563974,
            14.826532948717379,
            16.588388957437562,
            20.790030418549346,
            24.503916397202158,
            25.533899295830533,
            26.450892906697337,
            27.338341928975066,
            28.017925893971725,
            28.597129538823605,
            29.090934986675677,
            29.5003798244925,
            29.805260300272483,
            30.15159636044109,
            30.388504798448352,
            30.505269625725454,
            30.696027649305407
        ]
    },
    "bore_locations": [
        [
            0.0,
            0.0
        ],
        [
            0.0,
            5.0
        ],
        [
            0.0,
            10.0
        ],
        [
            0.0,
            15.0
        ],
        [
            0.0,
            20.0
        ],
        [
            5.0,
            0.0
        ],
        [
            5.0,
            5.0
        ],
        [
            5.0,
            10.0
        ],
        [
            5.0,
            15.0
        ],
        [
            5.0,
            20.0
        ],
        [
            10.0,
            0.0
        ],
        [
            10.0,
            5.0
        ],
        [
            10.0,
            10.0
        ],
        [
            10.0,
            15.0
        ],
        [
            10.0,
            20.0
        ],
        [
            15.0,
            0.0
        ],
        [
            15.0,
            5.0
        ],
        [
            15.0,
            10.0
        ],
        [
            15.0,
            15.0
        ],
        [
            15.0,
            20.0
        ],
        [
            20.0,
            0.0
        ],
        [
            20.0,
            5.0
        ],
        [
            20.0,
            10.0
        ],
        [
            20.0,
            15.0
        ],
        [
            20.0,
            20.0
        ]
    ],
    "logtime": [
        -8.5,
        -7.8,
        -7.2,
        -6.5,
        -5.9,
        -5.2,
        -4.5,
        -3.963,
        -3.27,
        -2.864,
        -2.577,
        -2.171,
        -1.884,
        -1.191,
        -0.497,
        -0.274,
        -0.051,
        0.196,
        0.419,
        0.642,
        0.873,
        1.112,
        1.335,
        1.679,
        2.028,
        2.275,
        3.003
    ]
}