{
    "g": {
        "5.0_96.0_0.075_2.0": [
            2.2095276701198685,
            2.555585120780634,
            2.8521821496356923,
            3.2019394905701333,
            3.5405783268793245,
            4.105447845348783,
            5.013565341683181,
            6.01752382088921,
            7.708199448294067,
            8.861376099296908,
            9.72098242541092,
            10.960194885475536,
            11.83275131791235,
            13.817684754267649,
            15.518764909624398,
            15.9870053142938,
            16.407971271979033,
            16.818699104821572,
            17.1377805613856,
            17.410887688001484,
            17.646358752448496,
            17.843637216890183,
            17.990910292008333,
            18.15925270275692,
            18.274297918132323,
            18.330779130088796,
            18.422236517905194
        ]
    },
    "bore_locations": [
        [
            0.0,
            0.0
        ],
        [
            0.0,
            5.0
        ],
        [
            0.0,
            10.0
        ],
        [
            5.0,
            0.0
        ],
        [
            5.0,
            5.0
        ],
        [
            5.0,
            10.0
        ],
        [
            10.0,
            0.0
        ],
        [
            10.0,
            5.0
        ],
        [
            10.0,
            10.0
        ]
    ],
    "logtime": [
        -8.5,
        -7.8,
        -7.2,
        -6.5,
        -5.9,
        -5.2,
        -4.5,
        -3.963,
        -3.27,
        -2.864,
        -2.577,
        -2.171,
        -1.884,
        -1.191,
        -0.497,
        -0.274,
        -0.051,
        0.196,
        0.419,
        0.642,
        0.873,
        1.112,
        1.335,
        1.679,
        2.028,
        2.275,
        3.003
    ]
}