{
    "g": {
        "5.0_96.0_0.075_2.0": [
            2.2095276701198667,
            2.555585126451092,
            2.852190335228043,
            3.2028769729796007,
            3.550802253434517,
            4.168996577062584,
            5.251988970443456,
            6.57234126919972,
            9.111786100359637,
            11.087919052733241,
            12.686937225868279,
            15.161824917452524,
            17.015471284081425,
            21.47129555472343,
            25.45081517337223,
            26.560695382543205,
            27.553997524892853,
            28.51949833357857,
            29.263279795065582,
            29.898302175292326,
            30.44182204176005,
            30.893967768490402,
            31.23079599842548,
            31.613900701367346,
            31.875759757575725,
            32.004631510686835,
            32.214461612720456
        ]
    },
    "bore_locations": [
        [
            0.0,
            0.0
        ],
        [
            0.0,
            5.0
        ],
        [
            0.0,
            10.0
        ],
        [
            0.0,
            15.0
        ],
        [
            0.0,
            20.0
        ],
        [
            5.0,
            0.0
        ],
        [
            5.0,
            5.0
        ],
        [
            5.0,
            10.0
        ],
        [
            5.0,
            15.0
        ],
        [
            5.0,
            20.0
        ],
        [
            10.0,
            0.0
        ],
        [
            10.0,
            5.0
        ],
        [
            10.0,
            10.0
        ],
        [
            10.0,
            15.0
        ],
        [
            10.0,
            20.0
        ],
        [
            15.0,
            0.0
        ],
        [
            15.0,
            5.0
        ],
        [
            15.0,
            10.0
        ],
        [
            15.0,
            15.0
        ],
        [
            15.0,
            20.0
        ],
        [
            20.0,
            0.0
        ],
        [
            20.0,
            5.0
        ],
        [
            20.0,
            10.0
        ],
        [
            20.0,
            15.0
        ],
        [
            20.0,
            20.0
        ]
    ],
    "logtime": [
        -8.5,
        -7.8,
        -7.2,
        -6.5,
        -5.9,
        -5.2,
        -4.5,
        -3.963,
        -3.27,
        -2.864,
        -2.577,
        -2.171,
        -1.884,
        -1.191,
        -0.497,
        -0.274,
        -0.051,
        0.196,
        0.419,
        0.642,
        0.873,
        1.112,
        1.335,
        1.679,
        2.028,
        2.275,
        3.003
    ]
}