{
    "g": {
        "5.0_96.0_0.075_2.0": [
            2.209527670119862,
            2.555585113692558,
            2.8521719180988465,
            3.200770894072544,
            3.5280153889130763,
            4.029983990712319,
            4.745280370090571,
            5.438815775526873,
            6.458567690151662,
            7.087885185007689,
            7.535051928720607,
            8.158188666669032,
            8.586216155579374,
            9.54458603276279,
            10.359814805484554,
            10.583863048625778,
            10.786025865410972,
            10.983780569782189,
            11.138053477608167,
            11.27023931785027,
            11.384578484333455,
            11.48067393803949,
            11.55247252418952,
            11.634733066879233,
            11.690944037714141,
            11.718509684378272,
            11.763043787822076
        ]
    },
    "bore_locations": [
        [
            0.0,
            0.0
        ],
        [
            0.0,
            5.0
        ],
        [
            5.0,
            0.0
        ],
        [
            5.0,
            5.0
        ]
    ],
    "logtime": [
        -8.5,
        -7.8,
        -7.2,
        -6.5,
        -5.9,
        -5.2,
        -4.5,
        -3.963,
        -3.27,
        -2.864,
        -2.577,
        -2.171,
        -1.884,
        -1.191,
        -0.497,
        -0.274,
        -0.051,
        0.196,
        0.419,
        0.642,
        0.873,
        1.112,
        1.335,
        1.679,
        2.028,
        2.275,
        3.003
    ]
}