{
    "g": {
        "5.0_96.0_0.075_2.0": [
            2.209527670119866,
            2.5555851207806306,
            2.8521821496356923,
            3.201939490570127,
            3.540578326879329,
            4.105447845348777,
            5.013565341683176,
            6.017523820889217,
            7.708199448294067,
            8.861376099296907,
            9.720982425410915,
            10.960194885475538,
            11.832751317912349,
            13.81768475426765,
            15.518764909624393,
            15.98700531429378,
            16.407971271979036,
            16.81869910482157,
            17.13778056138561,
            17.41088768800148,
            17.646358752448478,
            17.843637216890194,
            17.990910292008323,
            18.159252702756902,
            18.274297918132298,
            18.330779130088786,
            18.422236517905198
        ]
    },
    "bore_locations": [
        [
            0.0,
            0.0
        ],
        [
            0.0,
            5.0
        ],
        [
            0.0,
            10.0
        ],
        [
            5.0,
            0.0
        ],
        [
            5.0,
            5.0
        ],
        [
            5.0,
            10.0
        ],
        [
            10.0,
            0.0
        ],
        [
            10.0,
            5.0
        ],
        [
            10.0,
            10.0
        ]
    ],
    "logtime": [
        -8.5,
        -7.8,
        -7.2,
        -6.5,
        -5.9,
        -5.2,
        -4.5,
        -3.963,
        -3.27,
        -2.864,
        -2.577,
        -2.171,
        -1.884,
        -1.191,
        -0.497,
        -0.274,
        -0.051,
        0.196,
        0.419,
        0.642,
        0.873,
        1.112,
        1.335,
        1.679,
        2.028,
        2.275,
        3.003
    ]
}