{
    "g": {
        "5.0_96.0_0.075_2.0": [
            2.209527670119862,
            2.5555851243246672,
            2.8521872655931113,
            3.20252514569678,
            3.546950193878415,
            4.144832552949655,
            5.16007642951603,
            6.355024136016583,
            8.541334275789012,
            10.153719590041796,
            11.411988059480413,
            13.295471765016998,
            14.663733241882829,
            17.85696078270794,
            20.640569996606356,
            21.41058458974039,
            22.10085916102007,
            22.7728590045859,
            23.292676611404875,
            23.73705717285505,
            24.118832810816937,
            24.437584008104533,
            24.67530753522706,
            24.946378404701658,
            25.13164813766289,
            25.222714232998623,
            25.37055815031039
        ]
    },
    "bore_locations": [
        [
            0.0,
            0.0
        ],
        [
            0.0,
            5.0
        ],
        [
            0.0,
            10.0
        ],
        [
            0.0,
            15.0
        ],
        [
            5.0,
            0.0
        ],
        [
            5.0,
            5.0
        ],
        [
            5.0,
            10.0
        ],
        [
            5.0,
            15.0
        ],
        [
            10.0,
            0.0
        ],
        [
            10.0,
            5.0
        ],
        [
            10.0,
            10.0
        ],
        [
            10.0,
            15.0
        ],
        [
            15.0,
            0.0
        ],
        [
            15.0,
            5.0
        ],
        [
            15.0,
            10.0
        ],
        [
            15.0,
            15.0
        ]
    ],
    "logtime": [
        -8.5,
        -7.8,
        -7.2,
        -6.5,
        -5.9,
        -5.2,
        -4.5,
        -3.963,
        -3.27,
        -2.864,
        -2.577,
        -2.171,
        -1.884,
        -1.191,
        -0.497,
        -0.274,
        -0.051,
        0.196,
        0.419,
        0.642,
        0.873,
        1.112,
        1.335,
        1.679,
        2.028,
        2.275,
        3.003
    ]
}