{
    "g": {
        "5.0_96.0_0.075_2.0": [
            2.2095276701198663,
            2.55558512645109,
            2.8521903352280424,
            3.2028769729795985,
            3.550802253434511,
            4.168996577062581,
            5.251988970443456,
            6.572341269199715,
            9.111786100359632,
            11.087919052733232,
            12.68693722586826,
            15.161824917452519,
            17.015471284081404,
            21.471295554723394,
            25.45081517337223,
            26.560695382543205,
            27.553997524892846,
            28.51949833357858,
            29.26327979506561,
            29.898302175292347,
            30.44182204176005,
            30.893967768490402,
            31.23079599842548,
            31.613900701367346,
            31.87575975757574,
            32.00463151068684,
            32.21446161272046
        ]
    },
    "bore_locations": [
        [
            0.0,
            0.0
        ],
        [
            0.0,
            5.0
        ],
        [
            0.0,
            10.0
        ],
        [
            0.0,
            15.0
        ],
        [
            0.0,
            20.0
        ],
        [
            5.0,
            0.0
        ],
        [
            5.0,
            5.0
        ],
        [
            5.0,
            10.0
        ],
        [
            5.0,
            15.0
        ],
        [
            5.0,
            20.0
        ],
        [
            10.0,
            0.0
        ],
        [
            10.0,
            5.0
        ],
        [
            10.0,
            10.0
        ],
        [
            10.0,
            15.0
        ],
        [
            10.0,
            20.0
        ],
        [
            15.0,
            0.0
        ],
        [
            15.0,
            5.0
        ],
        [
            15.0,
            10.0
        ],
        [
            15.0,
            15.0
        ],
        [
            15.0,
            20.0
        ],
        [
            20.0,
            0.0
        ],
        [
            20.0,
            5.0
        ],
        [
            20.0,
            10.0
        ],
        [
            20.0,
            15.0
        ],
        [
            20.0,
            20.0
        ]
    ],
    "logtime": [
        -8.5,
        -7.8,
        -7.2,
        -6.5,
        -5.9,
        -5.2,
        -4.5,
        -3.963,
        -3.27,
        -2.864,
        -2.577,
        -2.171,
        -1.884,
        -1.191,
        -0.497,
        -0.274,
        -0.051,
        0.196,
        0.419,
        0.642,
        0.873,
        1.112,
        1.335,
        1.679,
        2.028,
        2.275,
        3.003
    ]
}