{
    "g": {
        "5.0_96.0_0.075_2.0": [
            2.2094104148879956,
            2.5553789232505255,
            2.8517959897319867,
            3.196657420173636,
            3.4907801359700987,
            3.831083434376008,
            4.166601394794288,
            4.419189247152682,
            4.736145979421844,
            4.915652055004205,
            5.039071716247024,
            5.207646523772949,
            5.321935377364849,
            5.5767038090445595,
            5.793740842675547,
            5.853465744307151,
            5.907564873388271,
            5.960625203987121,
            6.002178111501735,
            6.037816958435236,
            6.0687319990486195,
            6.094787918455129,
            6.114272825448811,
            6.136648259941175,
            6.151939311746695,
            6.159431025734204,
            6.171512743432327
        ]
    },
    "bore_locations": [
        [
            0.0,
            0.0
        ]
    ],
    "logtime": [
        -8.5,
        -7.8,
        -7.2,
        -6.5,
        -5.9,
        -5.2,
        -4.5,
        -3.963,
        -3.27,
        -2.864,
        -2.577,
        -2.171,
        -1.884,
        -1.191,
        -0.497,
        -0.274,
        -0.051,
        0.196,
        0.419,
        0.642,
        0.873,
        1.112,
        1.335,
        1.679,
        2.028,
        2.275,
        3.003
    ]
}