{
    "g": {
        "5.0_96.0_0.075_2.0": [
            2.209410414887999,
            2.5553789445084383,
            2.851826667513637,
            3.200138916604185,
            3.526978778092197,
            4.028049040412682,
            4.741515124747201,
            5.43270066201384,
            6.447844034440745,
            7.073979557208489,
            7.5188182655639615,
            8.138537703759976,
            8.564270738205146,
            9.51760000898711,
            10.32930154426542,
            10.552541828054899,
            10.75408199881523,
            10.951296760154897,
            11.105205947933204,
            11.237119589280077,
            11.3512557844718,
            11.447205573683505,
            11.518909315050696,
            11.601081744259897,
            11.657242778211902,
            11.684786918532062,
            11.729291510191459
        ]
    },
    "bore_locations": [
        [
            0.0,
            0.0
        ],
        [
            0.0,
            5.0
        ],
        [
            5.0,
            0.0
        ],
        [
            5.0,
            5.0
        ]
    ],
    "logtime": [
        -8.5,
        -7.8,
        -7.2,
        -6.5,
        -5.9,
        -5.2,
        -4.5,
        -3.963,
        -3.27,
        -2.864,
        -2.577,
        -2.171,
        -1.884,
        -1.191,
        -0.497,
        -0.274,
        -0.051,
        0.196,
        0.419,
        0.642,
        0.873,
        1.112,
        1.335,
        1.679,
        2.028,
        2.275,
        3.003
    ]
}