{
    "g": {
        "5.0_96.0_0.075_2.0": [
            2.2094104148880005,
            2.5553789515944096,
            2.851836894448353,
            3.2013066324338126,
            3.5395283486258684,
            4.103387804566376,
            5.009111518936197,
            6.009413349095144,
            7.691159528972417,
            8.837004079498747,
            9.690635958547592,
            10.920095631842607,
            11.785539524018358,
            13.752891240362874,
            15.439605893139497,
            15.904195853634743,
            16.322088430327018,
            16.729938630365783,
            17.046877635897726,
            17.318256378404133,
            17.55230357128143,
            17.748440178773517,
            17.894899886431954,
            18.06236429939216,
            18.176840635609945,
            18.233053087200002,
            18.32409762273951
        ]
    },
    "bore_locations": [
        [
            0.0,
            0.0
        ],
        [
            0.0,
            5.0
        ],
        [
            0.0,
            10.0
        ],
        [
            5.0,
            0.0
        ],
        [
            5.0,
            5.0
        ],
        [
            5.0,
            10.0
        ],
        [
            10.0,
            0.0
        ],
        [
            10.0,
            5.0
        ],
        [
            10.0,
            10.0
        ]
    ],
    "logtime": [
        -8.5,
        -7.8,
        -7.2,
        -6.5,
        -5.9,
        -5.2,
        -4.5,
        -3.963,
        -3.27,
        -2.864,
        -2.577,
        -2.171,
        -1.884,
        -1.191,
        -0.497,
        -0.274,
        -0.051,
        0.196,
        0.419,
        0.642,
        0.873,
        1.112,
        1.335,
        1.679,
        2.028,
        2.275,
        3.003
    ]
}