{
    "g": {
        "5.0_96.0_0.075_2.0": [
            2.209410414888002,
            2.555378955137392,
            2.851842008104619,
            3.2018918461792727,
            3.545893432721049,
            4.142706857209653,
            5.15523501117281,
            6.345674744045539,
            8.519529678336827,
            10.120479873264557,
            11.36865147807254,
            13.23420585437087,
            14.588378589317937,
            17.74309411987584,
            20.491511452654063,
            21.2520132307049,
            21.933950853675665,
            22.597898924736445,
            23.11150898072751,
            23.550763463930647,
            23.928205405220023,
            24.243395868474817,
            24.47853859317932,
            24.746757581355208,
            24.930143996802176,
            25.020309298058347,
            25.16675186673501
        ]
    },
    "bore_locations": [
        [
            0.0,
            0.0
        ],
        [
            0.0,
            5.0
        ],
        [
            0.0,
            10.0
        ],
        [
            0.0,
            15.0
        ],
        [
            5.0,
            0.0
        ],
        [
            5.0,
            5.0
        ],
        [
            5.0,
            10.0
        ],
        [
            5.0,
            15.0
        ],
        [
            10.0,
            0.0
        ],
        [
            10.0,
            5.0
        ],
        [
            10.0,
            10.0
        ],
        [
            10.0,
            15.0
        ],
        [
            15.0,
            0.0
        ],
        [
            15.0,
            5.0
        ],
        [
            15.0,
            10.0
        ],
        [
            15.0,
            15.0
        ]
    ],
    "logtime": [
        -8.5,
        -7.8,
        -7.2,
        -6.5,
        -5.9,
        -5.2,
        -4.5,
        -3.963,
        -3.27,
        -2.864,
        -2.577,
        -2.171,
        -1.884,
        -1.191,
        -0.497,
        -0.274,
        -0.051,
        0.196,
        0.419,
        0.642,
        0.873,
        1.112,
        1.335,
        1.679,
        2.028,
        2.275,
        3.003
    ]
}