{
  "version": 2,
  "topology": [
    {
      "type": "ground_heat_exchanger",
      "name": "ghe1"
    }
  ],
  "fluid": {
    "fluid_name": "WATER",
    "concentration_percent": 0,
    "temperature": 20
  },
  "ground_heat_exchanger": {
    "ghe1": {
      "flow_rate": 0.5,
      "flow_type": "BOREHOLE",
      "grout": {
        "conductivity": 1,
        "rho_cp": 3901000
      },
      "soil": {
        "conductivity": 2,
        "rho_cp": 2343493,
        "undisturbed_temp": 18.3
      },
      "pipe": {
        "inner_diameter": 0.03404,
        "outer_diameter": 0.04216,
        "shank_spacing": 0.01856,
        "roughness": 0.000001,
        "conductivity": 0.4,
        "rho_cp": 1542000,
        "arrangement": "SINGLEUTUBE"
      },
      "borehole": {
        "buried_depth": 2,
        "diameter": 0.14
      },
      "geometric_constraints": {
        "b_min": 5,
        "b_max_x": 25,
        "b_max_y": 25,
        "property_boundary": [
          [19.46202532, 108.8860759],
          [19.67827004, 94.46835443],
          [24.65189873, 75.3164557],
          [37.19409283, 56.59493671],
          [51.68248945, 45.83544304],
          [84.33544304, 38.94936709],
          [112.0147679, 38.94936709],
          [131.0443038, 35.50632911],
          [147.2626582, 28.83544304],
          [160.8860759, 18.07594937],
          [171.6983122, 18.29113924],
          [167.157173, 72.94936709],
          [169.1033755, 80.48101266],
          [177.3206751, 99.63291139],
          [182.2943038, 115.7721519],
          [182.2943038, 121.3670886],
          [155.0474684, 118.5696203],
          [53.19620253, 112.3291139]
        ],
        "no_go_boundaries": [
          [
            [74.38818565, 80.69620253],
            [73.0907173, 53.36708861],
            [93.85021097, 52.50632911],
            [120.0158228, 53.15189873],
            [121.5295359, 62.18987342],
            [128.8818565, 63.26582278],
            [128.8818565, 78.5443038],
            [129.0981013, 80.91139241],
            [108.5548523, 81.34177215],
            [104.0137131, 110],
            [95.58016878, 110],
            [95.7964135, 81.7721519]
          ]
        ],
        "method": "BIRECTANGLECONSTRAINED"
      },
      "design": {
        "max_eft": 35,
        "min_eft": 5,
        "max_height": 135,
        "min_height": 60
      },
      "loads": {
        "column_name": "Hourly heat extraction (W)",
        "file_path": "../ghedesigner/tests/test_data/Atlanta_Office_Building_Loads.csv"
      }
    }
  },
  "simulation_control": {
    "sizing_months": 240
  }
}
