Hours,HPHtgLd_W,HPClgLd_W
1,19638,0
2,18991.3,0
3,20681.2,0
4,21482.5,0
5,21221.6,0
6,20178.7,0
7,18311.9,0
8,17271.6,0
9,16408.2,0
10,15507.2,0
11,13704,55.8
12,12290.8,376.2
13,10760.6,677.1
14,9355.8,820.4
15,8530.8,841.7
16,8470.5,714.7
17,9309.5,467.2
18,9722.9,334.3
19,9792.8,336.2
20,10875.4,221.4
21,12504,87.1
22,14408,0
23,17158.1,0
24,20445.8,0
25,22701.3,0
26,23910.1,0
27,25445.9,0
28,27291,0
29,28313,0
30,27480.3,0
31,26161.1,0
32,25589.6,0
33,23241.4,0
34,21647.2,0
35,22385,0
36,22165.4,0
37,20760.8,0
38,19833.3,0
39,19503.9,0
40,19660.8,0
41,18772.1,0
42,16763,0
43,15794,0
44,17069.2,0
45,17612.4,0
46,17775.5,0
47,19346.6,0
48,21446.8,0
49,22657.1,0
50,22527.7,0
51,22347.6,0
52,22303.4,0
53,22058.3,0
54,20892.7,0
55,18965.2,0
56,17968.6,0
57,18367.8,0
58,18389.5,0
59,17474.2,0
60,16678.3,0
61,15876.9,0
62,14329.6,0
63,13472.7,0
64,13403.4,0
65,12367.2,0
66,10660.6,0
67,9610,0
68,10043.1,0
69,11067.2,0
70,12204.7,0
71,14009,0
72,16693.9,0
73,19392.3,0
74,20732.9,0
75,22148.8,0
76,23926,0
77,25099.3,0
78,25396.2,0
79,24646.3,0
80,24552.6,0
81,23921.3,0
82,22482.2,0
83,20462.8,0
84,18996.9,0
85,17838.2,0
86,16849.2,0
87,16375.9,0
88,16296.8,0
89,17450.1,0
90,17960.3,0
91,17963,0
92,19491.7,0
93,21242,0
94,23354,0
95,26404.5,0
96,29330.6,0
97,31865,0
98,33672.9,0
99,34906,0
100,36082.2,0
101,37220.5,0
102,37069.2,0
103,35739.6,0
104,34705.3,0
105,31830,0
106,29212.1,0
107,26163.6,0
108,22817.4,0
109,21058.3,0
110,19769.4,0
111,18577.2,0
112,18054.1,0
113,18955,0
114,19439.3,0
115,19197,0
116,20165.8,0
117,21237.5,0
118,22999.2,0
119,25736.1,0
120,28574.2,0
121,31909.9,0
122,35018.2,0
123,37225.6,0
124,38564.8,0
125,39651.3,0
126,40415.3,0
127,39739.2,0
128,38271.9,0
129,33345.7,0
130,28848.4,0
131,23614,0
132,20261.2,0
133,17385.2,0
134,14861.8,49.3
135,13070.5,173.9
136,12559.6,154
137,13091.5,33.4
138,13697.3,0
139,13554.7,0
140,14886.4,0
141,16449.8,0
142,18104.4,0
143,20829.9,0
144,23928.4,0
145,26320.7,0
146,27512.2,0
147,29102.6,0
148,29713.2,0
149,29563.7,0
150,28784.1,0
151,27114.9,0
152,25660.8,0
153,25988.9,0
154,24342.9,0
155,23273.3,0
156,22378.6,0
157,21950.2,0
158,21436.5,0
159,20875.3,0
160,20307.4,0
161,18533.7,0
162,16000.1,0
163,14416.3,0
164,14523.8,0
165,14805.7,0
166,15257.4,0
167,16886.8,0
168,19079.1,0
169,20949.9,0
170,21685.3,0
171,22266.8,0
172,22348,0
173,22161.8,0
174,21351,0
175,19692.8,0
176,19218.1,0
177,20484.6,0
178,20724.5,0
179,20509.5,0
180,20243.4,0
181,19910.4,0
182,18780.4,0
183,19153.3,0
184,20377.6,0
185,21005.6,0
186,20820.8,0
187,20524.1,0
188,22209.8,0
189,23930.1,0
190,25671.2,0
191,28813.2,0
192,32060,0
193,34952,0
194,36930.3,0
195,38661.4,0
196,40604.7,0
197,41666.3,0
198,41518,0
199,40427.5,0
200,39910,0
201,38768.6,0
202,37038.5,0
203,32740,0
204,29025.4,0
205,26041.8,0
206,23488.6,0
207,21975.7,0
208,21561.9,0
209,22259.7,0
210,22903.6,0
211,22835,0
212,23806.1,0
213,25386.1,0
214,27235.3,0
215,29866.2,0
216,33062.2,0
217,36511.8,0
218,38379,0
219,39499.8,0
220,40359.5,0
221,40335.3,0
222,40088,0
223,38186.6,0
224,36853.2,0
225,32995.6,0
226,28844.4,0
227,25227.8,0
228,21828.3,0
229,19167.7,0
230,17103.6,0
231,15747.2,0
232,14978.8,0
233,15430.2,0
234,15747.6,0
235,15412.9,0
236,16088.8,0
237,17025.3,0
238,18633.9,0
239,21261.5,0
240,24062.7,0
241,26451.3,0
242,27588.9,0
243,28410.8,0
244,28946.2,0
245,29178.8,0
246,28118.7,0
247,26277.4,0
248,25627.7,0
249,25715.6,0
250,25164.1,0
251,23346.1,0
252,21829,0
253,20394.4,0
254,20251.8,0
255,20158.1,0
256,20560.7,0
257,19341.5,0
258,17573.2,0
259,16259.2,0
260,16117.6,0
261,16609.9,0
262,17643.7,0
263,19734,0
264,23680.2,0
265,26325.3,0
266,27707.1,0
267,28972.7,0
268,29065.7,0
269,27289.2,0
270,25062.6,0
271,23072.8,0
272,22383.6,0
273,21697.7,0
274,19209.9,0
275,16718.4,0
276,15013.3,0
277,13572.2,0
278,12123.5,1.6
279,11222.3,61.6
280,10737,70.5
281,10851.5,6.9
282,11376.5,0
283,11806.7,0
284,13775.6,0
285,15620.8,0
286,17405.9,0
287,20177,0
288,23209.9,0
289,25228.7,0
290,26893.8,0
291,28556.6,0
292,30074.7,0
293,30146.1,0
294,28881.9,0
295,27469.4,0
296,27339.5,0
297,25804,0
298,21751,0
299,18442.8,0
300,15009,0
301,12753.7,0
302,11783.3,0
303,11817.5,0
304,11400.3,0
305,11192.3,0
306,9678.7,0
307,8551,0
308,8682.4,0
309,7986.8,0
310,6871.8,0
311,6385.2,0
312,6752.2,0
313,8311.2,0
314,9175.3,0
315,9170.7,0
316,11438.6,0
317,13467.2,0
318,13355.3,0
319,12714.9,0
320,12203.9,0
321,10844.8,0
322,9209.6,0
323,7702.7,0
324,6812.7,0
325,6269,0
326,5494,13.2
327,5114.1,86.5
328,4921.4,60.8
329,5118.8,35.7
330,5875.8,0
331,6410.2,0
332,7670,0
333,9647.4,0
334,11092.8,0
335,13517.8,0
336,16769.5,0
337,19638.8,0
338,22331.9,0
339,24001.2,0
340,25294.9,0
341,25699.1,0
342,25047.3,0
343,24080.9,0
344,22789.3,0
345,20257.8,0
346,17509.7,0
347,15283.5,0
348,13525.8,0
349,11986.4,31.2
350,10560.3,148.1
351,10785.6,20.3
352,11963.7,0
353,11762.8,0
354,11094.5,0
355,11749.3,0
356,13243,0
357,13781.8,0
358,14612.4,0
359,16499.6,0
360,18707.5,0
361,21217.2,0
362,22619.2,0
363,23714,0
364,24244.2,0
365,24053.6,0
366,22928.2,0
367,21018.1,0
368,19914.7,0
369,20617.3,0
370,19675.8,0
371,17835.9,0
372,16489.8,0
373,14561.8,0
374,12817.4,0
375,10255.9,0
376,9355.2,0
377,9560.2,0
378,9711.7,0
379,9354.3,0
380,10384.9,0
381,11339.4,0
382,12908.2,0
383,15248.5,0
384,16461.7,0
385,17130.3,0
386,18556.2,0
387,20503.6,0
388,21988.4,0
389,23206.5,0
390,23773.8,0
391,23287.6,0
392,23140.5,0
393,22375,0
394,21292.8,0
395,19742.2,0
396,19409.8,0
397,20211.5,0
398,20133.8,0
399,20605.4,0
400,22900.2,0
401,22378.4,0
402,21771.1,0
403,21386.5,0
404,22533.7,0
405,23801.1,0
406,25882.7,0
407,29261.3,0
408,32444.5,0
409,35669.1,0
410,37936.4,0
411,39854.4,0
412,41634.7,0
413,42906.2,0
414,43209.6,0
415,42247.2,0
416,40816.7,0
417,37687.3,0
418,34790.9,0
419,31976.8,0
420,29506.4,0
421,27090.5,0
422,24914.7,0
423,23715.2,0
424,22841.8,0
425,22653.1,0
426,23963.1,0
427,24192.4,0
428,26192.9,0
429,28365.3,0
430,31212.5,0
431,33707.3,0
432,37288.7,0
433,41843.8,0
434,44141.9,0
435,45133.2,0
436,47042.2,0
437,48826.1,0
438,48378.5,0
439,47194.3,0
440,45868,0
441,39752,0
442,34098.6,0
443,29935.9,0
444,26051.9,0
445,22690,0
446,19314.1,0
447,16995.9,0
448,15904.5,0
449,16059.1,0
450,17546.6,0
451,18372.9,0
452,19667.7,0
453,21249.7,0
454,24090.9,0
455,27261.5,0
456,29645.7,0
457,30891.8,0
458,31110,0
459,31502.1,0
460,32067.2,0
461,32737,0
462,31230.5,0
463,28450.7,0
464,27338.1,0
465,27925.3,0
466,28061.7,0
467,27531.1,0
468,25845,0
469,24702.8,0
470,24485.4,0
471,23903.9,0
472,23109.8,0
473,22159.9,0
474,21377.1,0
475,20462.9,0
476,21388.7,0
477,22700,0
478,23152.6,0
479,24806.2,0
480,27398,0
481,29439.5,0
482,30163.6,0
483,30682.5,0
484,31060.8,0
485,30536,0
486,29564.3,0
487,27624.7,0
488,26681.9,0
489,27208.1,0
490,26557,0
491,24924,0
492,23287.7,0
493,22054.4,0
494,20768.7,0
495,20688.7,0
496,20229.5,0
497,18944.9,0
498,17497.6,0
499,16274.6,0
500,17061.5,0
501,18289,0
502,19516.9,0
503,22577.7,0
504,25978.8,0
505,28107.2,0
506,28930.2,0
507,29795.8,0
508,30888.4,0
509,31523.7,0
510,30903.5,0
511,29440.8,0
512,28356.2,0
513,26503.6,0
514,24113.7,0
515,22801.8,0
516,20401.4,0
517,18884.6,0
518,17568.8,0
519,17244.4,0
520,17677.6,0
521,19364.2,0
522,19758.4,0
523,19596.5,0
524,20728.4,0
525,22186.6,0
526,24539.2,0
527,27852.7,0
528,30952.3,0
529,34135.7,0
530,36645.1,0
531,38306.6,0
532,39836.2,0
533,41733.1,0
534,41948.5,0
535,40339.5,0
536,39222.6,0
537,35165.5,0
538,32058.5,0
539,30771.5,0
540,30759.4,0
541,29447.5,0
542,28625.1,0
543,27830.5,0
544,25107.4,0
545,23991.6,0
546,24800.1,0
547,24446.9,0
548,24462.5,0
549,24552.9,0
550,26385.2,0
551,29680.6,0
552,32312.4,0
553,35075.3,0
554,35989.3,0
555,35680.5,0
556,35265.8,0
557,34585.3,0
558,33359.3,0
559,31039.8,0
560,29400.4,0
561,27914.2,0
562,23798.5,0
563,19864.6,0
564,16588.9,0
565,13798.9,0
566,11830.4,0
567,10131.9,46.1
568,8926.7,73.9
569,8591,11.1
570,8718.5,0
571,8836.5,0
572,9962.5,0
573,11251.1,0
574,12397.8,0
575,14532.7,0
576,17807,0
577,21286.8,0
578,23332.4,0
579,24661.3,0
580,25359.9,0
581,26340.1,0
582,26785.1,0
583,25379,0
584,24183.1,0
585,23443.4,0
586,21937.6,0
587,20055,0
588,19916.2,0
589,19804.8,0
590,19241.6,0
591,19228.7,0
592,18697,0
593,17166.7,0
594,14658.4,0
595,13201.5,0
596,13257.7,0
597,13503.6,0
598,14111.3,0
599,15763.4,0
600,17919.6,0
601,19554.8,0
602,20138.1,0
603,20331.2,0
604,20425.3,0
605,19834,0
606,18308,0
607,16350.6,0
608,15058.6,0
609,15392.4,0
610,14631.7,0
611,13144.4,0
612,11333,0
613,9395.7,0
614,6906.1,0
615,5110.8,0
616,4129.1,0
617,2787.4,0
618,1597.3,0
619,903.2,0
620,1068.7,0
621,1273.3,0
622,1424.6,0
623,2082.8,0
624,3004.5,0
625,3924.1,0
626,3954.5,0
627,3892.7,0
628,4209.2,0
629,4266.2,0
630,3885.5,0
631,3505,0
632,3309.7,0
633,4613.9,0
634,5723.9,0
635,6120.3,0
636,6969.5,0
637,7733.6,0
638,8323,0
639,9305.5,0
640,9864.9,0
641,9502,0
642,8038.9,0
643,7397.8,0
644,8139.4,0
645,9304.6,0
646,10537.8,0
647,12914.9,0
648,15273.9,0
649,17513.4,0
650,18739.3,0
651,19380.9,0
652,19922.8,0
653,20901.6,0
654,21295.1,0
655,21012.5,0
656,21107.2,0
657,20627.6,0
658,18522.1,0
659,16185.3,0
660,14969.3,0
661,13678.5,0
662,12204.3,0
663,11650.5,0
664,11226,0
665,11308.3,0
666,11848.1,0
667,11928.3,0
668,13344.3,0
669,14024.4,0
670,14463.3,0
671,15739,0
672,17643,0
673,19388.4,0
674,19984.3,0
675,20413.5,0
676,20794.5,0
677,20793.8,0
678,20094.9,0
679,19202.7,0
680,18898.8,0
681,16322.3,0
682,13109.6,0
683,9782.9,0
684,7162,0
685,5740.4,0
686,5801.1,0
687,5209.3,0
688,4998.8,0
689,5064.5,0
690,5265,0
691,5796.2,0
692,7244.7,0
693,8341.2,0
694,8807.1,0
695,11032.8,0
696,13749.8,0
697,15995,0
698,17807.8,0
699,19111.5,0
700,20086.7,0
701,20755.2,0
702,20380.7,0
703,19441.6,0
704,19413.2,0
705,19824.4,0
706,19952.3,0
707,19268,0
708,18241.6,0
709,16719.9,0
710,16279.4,0
711,16523,0
712,16657.2,0
713,16099.7,0
714,14346.7,0
715,13493.8,0
716,14470.6,0
717,15339.7,0
718,15985,0
719,18023.4,0
720,20077.4,0
721,21964.5,0
722,22745.7,0
723,23309.7,0
724,24097,0
725,24295.4,0
726,23518,0
727,21844.2,0
728,21210.4,0
729,22173.7,0
730,21878.3,0
731,20560.9,0
732,19198.1,0
733,18247.1,0
734,17591.2,0
735,16827.2,0
736,16167.7,0
737,15058.2,0
738,13317,0
739,12511.4,0
740,13527.8,0
741,14431.7,0
742,14371.5,0
743,14691.6,0
744,15032.4,0
745,15180.8,0
746,14213.9,0
747,12745.6,0
748,10984.8,0
749,9186.1,0
750,7615.8,0
751,6134.2,0
752,5311.8,0
753,5177.5,0
754,4658.6,0
755,3289.4,0
756,2078.8,0
757,713.5,0
758,74.9,121.2
759,0,373.8
760,0,372.5
761,0,360.4
762,0,0
763,0,3.2
764,0,41.3
765,0,81.9
766,0,83.9
767,0,0
768,0,0
769,0,0
770,0,0
771,0,0
772,0,0
773,0,0
774,0,0
775,0,0
776,0,26.7
777,0,0.4
778,0,10
779,0,61.1
780,0,166.1
781,0,140.6
782,0,318.1
783,0,331
784,0,321.7
785,10.2,323.4
786,162,137.4
787,336.6,216
788,927.3,163.3
789,1596.8,114.7
790,2809.4,40.7
791,5117.5,0
792,7457.8,0
793,9746,0
794,11407.2,0
795,12558.3,0
796,13457.1,0
797,14108.6,0
798,14048.7,0
799,13558.4,0
800,13338.3,0
801,13698.6,0
802,14029.4,0
803,13760.8,0
804,13062.2,0
805,12630.4,0
806,12531.8,0
807,12554,0
808,12671.4,0
809,12222.8,0
810,10952.9,0
811,10227.6,0
812,10604.2,0
813,11128.7,0
814,11612.1,0
815,13076.7,0
816,14876.1,0
817,16665.7,0
818,17551.7,0
819,18122.2,0
820,18304.8,0
821,18263.9,0
822,17218.4,0
823,15260,0
824,14486.2,0
825,15685.1,0
826,15442.5,0
827,13768.7,0
828,13121.2,0
829,11352.7,0
830,10956.4,0
831,12115.9,0
832,12924.9,0
833,12990.2,0
834,12452.1,0
835,12221.8,0
836,13505,0
837,14774.7,0
838,16397.7,0
839,19035.1,0
840,21454.5,0
841,23812.1,0
842,25579.9,0
843,27000.6,0
844,28171.5,0
845,29373.5,0
846,29400.6,0
847,28281.6,0
848,27438.2,0
849,25119.4,0
850,22227.4,0
851,21143.9,0
852,21333.6,0
853,20704.1,0
854,19323.4,0
855,19085.9,0
856,18561.1,0
857,17211.9,0
858,17023.8,0
859,16962.1,0
860,17850.8,0
861,19711.8,0
862,21851.5,0
863,24861.1,0
864,28487.1,0
865,32200.7,0
866,34961.5,0
867,37012.6,0
868,38881.5,0
869,40118.8,0
870,39873.3,0
871,39324.6,0
872,37819.2,0
873,35056.9,0
874,32879.2,0
875,30151.5,0
876,27517.9,0
877,25461.8,0
878,23451.5,0
879,21924.1,0
880,20724.7,0
881,20015.7,0
882,20547.9,0
883,21046.9,0
884,22932.5,0
885,24984.4,0
886,27465.1,0
887,31070.8,0
888,34463.7,0
889,37778.9,0
890,40010.6,0
891,41703.5,0
892,43128.6,0
893,44156.4,0
894,44135.8,0
895,42974.9,0
896,41417.2,0
897,36750.1,0
898,32781.5,0
899,29189.9,0
900,26043,0
901,22797.3,0
902,20043.8,0
903,18343,0
904,17915.6,0
905,18425.6,0
906,18049,0
907,17722.3,0
908,19501.3,0
909,21654.6,0
910,23243.2,0
911,25068.4,0
912,26138.8,0
913,27509.2,0
914,27811.7,0
915,28094.7,0
916,29063.6,0
917,30366.9,0
918,30650.6,0
919,29443.5,0
920,28007.8,0
921,24455.9,0
922,19574.1,0
923,15340.3,0
924,13162.6,0
925,11714,0
926,10367.9,82.5
927,9877.9,92.1
928,9849.3,43.1
929,10115.9,0
930,9645.2,0
931,9758.4,0
932,10984,0
933,12046.2,0
934,13434.2,0
935,16327.7,0
936,19521.2,0
937,22199.6,0
938,24242.6,0
939,25771.7,0
940,27043.2,0
941,28151.8,0
942,28324.2,0
943,26968.4,0
944,25532.1,0
945,23652.3,0
946,20668.2,0
947,18493.6,0
948,16275.7,0
949,15382.3,0
950,13681.8,0
951,12604.4,0
952,12755.7,0
953,11740.7,0
954,10420.5,0
955,10448,0
956,11679.8,0
957,12959.8,0
958,14857.7,0
959,18306,0
960,21827.2,0
961,24485.7,0
962,26532.3,0
963,28730.7,0
964,29180,0
965,30077.9,0
966,30156.1,0
967,28591.1,0
968,25625.8,0
969,21654.6,0
970,16503.9,0
971,12832.9,0
972,10500.8,5.9
973,8489.8,42.3
974,6612.8,357.8
975,5132.6,476.2
976,4421.4,473.9
977,4220.9,402.8
978,4786.9,0
979,5215.2,0
980,6943.3,0
981,8992.1,0
982,10609.3,0
983,12785.1,0
984,15568.6,0
985,18338.7,0
986,20656.6,0
987,22336.8,0
988,23334.9,0
989,24480.5,0
990,24582.5,0
991,23454.2,0
992,21204.6,0
993,18727.3,0
994,16517.5,0
995,14542.3,0
996,12498.2,0
997,11579.9,0
998,10344.7,0
999,9379.6,0
1000,9838.4,0
1001,10222.3,0
1002,9878.6,0
1003,10154.4,0
1004,11160.4,0
1005,11939.7,0
1006,12636.9,0
1007,14131,0
1008,16137.8,0
1009,18245.6,0
1010,18985.2,0
1011,19508,0
1012,19332.2,0
1013,18481.8,0
1014,17352.3,0
1015,15745.5,0
1016,15131.8,0
1017,15675.8,0
1018,15121.9,0
1019,15078.1,0
1020,15579.2,0
1021,15773.2,0
1022,15480.9,0
1023,15644.7,0
1024,16068.5,0
1025,16870.5,0
1026,16442.7,0
1027,16457.9,0
1028,17347.2,0
1029,18457.5,0
1030,19990.5,0
1031,23064.2,0
1032,26733,0
1033,30332.5,0
1034,32612.4,0
1035,34165,0
1036,35227,0
1037,35691.3,0
1038,35299.8,0
1039,33901.6,0
1040,32159.2,0
1041,30510.6,0
1042,29374.6,0
1043,26534.4,0
1044,24367.2,0
1045,22590,0
1046,22179,0
1047,20758.6,0
1048,20323.5,0
1049,20592.5,0
1050,20443.5,0
1051,20334.3,0
1052,21324,0
1053,22877.2,0
1054,24482.2,0
1055,26901.1,0
1056,29392.2,0
1057,32158.3,0
1058,34156.4,0
1059,35697.1,0
1060,36819.1,0
1061,37535.5,0
1062,37199.8,0
1063,35908.4,0
1064,32131.6,0
1065,28247.8,0
1066,24921.5,0
1067,21149.1,0
1068,17951.5,0
1069,15050.2,0
1070,12435.6,67.3
1071,10389,196.7
1072,8992.3,148.7
1073,8673.5,63.5
1074,9426,0
1075,9798.9,0
1076,11065.4,0
1077,12566,0
1078,13861.3,0
1079,16448.2,0
1080,19535.9,0
1081,21769.7,0
1082,23382.1,0
1083,24694.5,0
1084,25072.2,0
1085,25369.2,0
1086,24741.6,0
1087,22129,0
1088,19380.9,0
1089,17551,0
1090,15336.9,0
1091,12770.3,0
1092,10260.9,0
1093,8405.5,0
1094,7021.9,0
1095,6104.3,0
1096,6381.3,0
1097,6218,0
1098,4833.3,0
1099,3669,0
1100,3718.1,0
1101,4063.6,0
1102,4749,0
1103,6034.7,0
1104,7435.2,0
1105,8900.5,0
1106,9979.7,0
1107,11120.6,0
1108,12403.5,0
1109,13257.3,0
1110,13618.2,0
1111,13196.6,0
1112,13033.5,0
1113,13005.7,0
1114,11290.7,0
1115,10482.1,0
1116,10229.5,0
1117,9295.7,0
1118,7809.1,18.6
1119,6861.1,173
1120,5966.4,224.9
1121,5283.7,201
1122,5496.6,0
1123,6253.8,0
1124,7084.2,0
1125,8960.4,0
1126,11345.8,0
1127,13964.1,0
1128,16154.9,0
1129,19638.4,0
1130,22386.7,0
1131,23911.6,0
1132,25115,0
1133,26060.7,0
1134,26666.9,0
1135,26020.7,0
1136,22017.1,0
1137,18061.9,0
1138,14103.8,0
1139,10532.3,61
1140,7679.2,340
1141,5196.9,671.5
1142,3553.2,1120.7
1143,2732.1,929.7
1144,2468.1,909
1145,2019.2,799.6
1146,1979.5,292.4
1147,1966.8,301.3
1148,2531.3,228.2
1149,3588.1,137.3
1150,5143.1,34.6
1151,7748.7,0
1152,11250,0
1153,14417,0
1154,16419.7,0
1155,18149.6,0
1156,19213.2,0
1157,19368.5,0
1158,18218.9,0
1159,17641,0
1160,17173.7,0
1161,15256,0
1162,11631.3,0
1163,9074,0
1164,8070.4,0
1165,5900,13.2
1166,3811.7,243.9
1167,2730.2,291.5
1168,2517.6,204.3
1169,2096.7,313.5
1170,2469.5,297.8
1171,2952,288.3
1172,3798.4,227.3
1173,5263,127.9
1174,6506.3,39.7
1175,8358.5,0
1176,10516.5,0
1177,12389.3,0
1178,13605.8,0
1179,14744,0
1180,15524.8,0
1181,15835.8,0
1182,15483.5,0
1183,14011.5,0
1184,13401.3,0
1185,14185.1,0
1186,13791.8,0
1187,12349.6,0
1188,12275.4,0
1189,12135.4,0
1190,12236.6,0
1191,12503,0
1192,12322.3,0
1193,11125.3,0
1194,9297.9,0
1195,8043.7,0
1196,7905.9,0
1197,7765.7,0
1198,8179.5,0
1199,9591.6,0
1200,11166.1,0
1201,12855.7,0
1202,14003.9,0
1203,14512.3,0
1204,14822.7,0
1205,15196.2,0
1206,14377.3,0
1207,12772.8,0
1208,11781.5,0
1209,12011.3,0
1210,11000.1,0
1211,8503.7,0
1212,5671.2,0
1213,5226.9,0
1214,4721.9,0
1215,4267.9,0
1216,3665.7,0
1217,3529,0
1218,3159,0
1219,2926.5,0
1220,3146.3,0
1221,3860.1,0
1222,5161.1,0
1223,6905.5,0
1224,9117.7,0
1225,12086.7,0
1226,13880.1,0
1227,15312.8,0
1228,16694.2,0
1229,17990.4,0
1230,18734.2,0
1231,18703.9,0
1232,17242.9,0
1233,17086.9,0
1234,17055.3,0
1235,16222.4,0
1236,15224.7,0
1237,14444.6,0
1238,13336.5,0
1239,12448.4,18.6
1240,11892.5,23.8
1241,11380,5.9
1242,11430,0
1243,12468,0
1244,14040.2,0
1245,15604.5,0
1246,17500.4,0
1247,21108.3,0
1248,25559.8,0
1249,29639.8,0
1250,31812.3,0
1251,32769.9,0
1252,33650.7,0
1253,34579.1,0
1254,34501.3,0
1255,32886.1,0
1256,28643.2,0
1257,24896.1,0
1258,20417,0
1259,15877.4,0
1260,12360.6,2.1
1261,9488.5,17.4
1262,7435.4,224.7
1263,5720.6,436.4
1264,4488.9,466.4
1265,3357.3,545.6
1266,2797.9,266.1
1267,3222,264.1
1268,3990.8,191.8
1269,4417.3,152.6
1270,5052.9,91.8
1271,5911.7,0
1272,6982.2,0
1273,8277.7,0
1274,8714.9,0
1275,8950.5,0
1276,9492.9,0
1277,9925.8,0
1278,9477.8,0
1279,8238.1,0
1280,6373.6,0
1281,5398.1,14.2
1282,3798.6,333.3
1283,2021.6,1139.2
1284,1226.7,1931.3
1285,547.9,2357.3
1286,1004.2,1177.7
1287,1994.9,777.5
1288,3445.7,523.8
1289,4225.7,446
1290,3682.7,298.1
1291,3280.9,399
1292,3832.4,360.7
1293,4739.8,295.5
1294,5711.4,205.5
1295,7096.3,37.4
1296,8670.6,0
1297,10280.2,0
1298,11613,0
1299,12707,0
1300,14103.5,0
1301,15505.1,0
1302,15903,0
1303,15444.6,0
1304,13856.9,0
1305,13701.5,0
1306,12909.4,0
1307,11477.5,272.8
1308,10244.4,645.3
1309,8856.5,882.1
1310,7755.7,1294.4
1311,7240.1,1304.3
1312,7474.9,980.5
1313,7011.7,904.6
1314,6876,510
1315,7487.8,438.3
1316,8818.4,316.1
1317,10751,167.4
1318,12947.2,20.2
1319,15350.7,0
1320,18265,0
1321,21048.8,0
1322,23227.5,0
1323,24918.7,0
1324,25400.7,0
1325,25945.3,0
1326,26226.7,0
1327,25508.4,0
1328,22482.8,0
1329,21545.3,0
1330,21170.2,0
1331,20803.2,0
1332,17173,0
1333,15883.5,0
1334,15076,0
1335,14852.3,0
1336,14581.4,0
1337,13585.3,0
1338,12852.6,0
1339,12894.9,0
1340,14035,0
1341,15432.9,0
1342,17118.6,0
1343,19971.5,0
1344,23940.1,0
1345,26539.3,0
1346,27853.7,0
1347,29832.6,0
1348,30885.8,0
1349,30387.8,0
1350,30315.4,0
1351,29789.8,0
1352,26689,0
1353,24005.4,0
1354,21370.2,0
1355,18625.1,0
1356,16069.2,0
1357,13905.9,0
1358,11611.1,0
1359,9917.1,0
1360,9042.6,0
1361,9531,0
1362,9087.3,0
1363,9311,0
1364,11150.2,0
1365,12378.7,0
1366,13421.7,0
1367,15521.3,0
1368,18184.2,0
1369,20730.7,0
1370,21374.4,0
1371,21848.7,0
1372,22439,0
1373,22534,0
1374,21739.1,0
1375,19828.1,0
1376,18853.8,0
1377,18814.9,0
1378,18058.1,0
1379,16751.1,0
1380,15160,0
1381,13475.9,0
1382,12409.3,0
1383,11787.9,0
1384,11951.8,0
1385,12077.6,0
1386,10569,0
1387,9791.3,0
1388,10742.3,0
1389,11764.2,0
1390,13273.8,0
1391,15366.2,0
1392,17668.3,0
1393,20328.8,0
1394,21500.9,0
1395,22181.4,0
1396,22788.2,0
1397,23367.5,0
1398,22924.6,0
1399,21305.5,0
1400,20512.6,0
1401,20485.6,0
1402,19355.2,0
1403,17156.1,0
1404,15813.5,0
1405,15723.8,0
1406,14992.7,0
1407,14173.9,0
1408,13274.2,0
1409,10569.3,0
1410,9689.3,0
1411,10746.2,0
1412,12596.2,0
1413,14276.1,0
1414,15881.7,0
1415,18451.9,0
1416,21304.8,0
1417,23920.4,0
1418,25460.7,0
1419,26561,0
1420,27542.5,0
1421,27936.3,0
1422,27893.8,0
1423,26392.4,0
1424,23057.8,0
1425,19910,0
1426,14983.4,0
1427,9646.1,0
1428,6238.1,1.9
1429,4993.7,0
1430,3509,20.2
1431,3399.6,118.4
1432,4097.6,91.9
1433,4059.5,52.7
1434,3609.1,0
1435,3221.4,0
1436,3612,0
1437,4095.2,0
1438,4598.9,0
1439,5970,0
1440,7931.5,0
1441,10291.6,0
1442,12008.4,0
1443,14897.8,0
1444,17760.9,0
1445,18352.1,0
1446,18823.4,0
1447,16922.9,0
1448,11799.9,0
1449,8928.5,0
1450,5955.7,7.2
1451,4277.2,53.5
1452,2425.9,360.4
1453,1462.5,492.5
1454,729.3,1112.7
1455,189.9,1336.8
1456,96.6,1416.5
1457,41.4,1328.4
1458,33.4,608.1
1459,65.2,512.5
1460,198.6,421.8
1461,806.5,296
1462,1708.6,142.2
1463,2778.3,0.1
1464,4265,0
1465,6534.7,0
1466,8160.4,0
1467,9870.6,0
1468,11710.9,0
1469,13352.4,0
1470,14313.1,0
1471,13928,0
1472,11967,0
1473,11148.6,0
1474,9718.9,6.3
1475,7894.4,327.1
1476,5951,871.6
1477,3895.3,1236
1478,2900.5,1670.4
1479,2175.7,1926
1480,1686.2,1848.2
1481,1369.7,1677.6
1482,1242.1,876.3
1483,1592.8,702.8
1484,2187.9,580
1485,3281.9,451.1
1486,5270.8,279.6
1487,7799.6,49.4
1488,10560.9,0
1489,13176.9,0
1490,14388.6,0
1491,15155.6,0
1492,15659.3,0
1493,15925.7,0
1494,15587.7,0
1495,14407.4,0
1496,13723.9,0
1497,14940.5,0
1498,15469.5,0
1499,15088.3,0
1500,14891,0
1501,14640.9,0
1502,14114.1,0
1503,13661.6,0
1504,12780.3,0
1505,10870.3,0
1506,9094.9,0
1507,8024.4,0
1508,7957.6,0
1509,8200.3,0
1510,8532.9,0
1511,9351.3,0
1512,10535.3,0
1513,11082.9,0
1514,11018,0
1515,10696,0
1516,10310.6,0
1517,10013.1,0
1518,9071,0
1519,7791,0
1520,5555.9,0
1521,3488.5,22.4
1522,1536,310.8
1523,679.4,774.8
1524,238.5,1310.5
1525,10.3,1931.4
1526,0,2376.8
1527,0,2598.7
1528,0,2795.9
1529,0,2380.6
1530,0,1754.6
1531,0.8,1282.3
1532,150.5,882.2
1533,943.7,634.6
1534,1941.4,456.9
1535,3553.9,201.8
1536,6103.9,5.5
1537,8937,0
1538,11237.9,0
1539,13279.2,0
1540,14734.2,0
1541,15661.4,0
1542,16154.8,0
1543,15900.4,0
1544,14554.3,0
1545,14239.9,0
1546,13482.9,0
1547,11793.3,83.2
1548,10104.4,415.8
1549,8771.3,666.9
1550,7455.2,1058.1
1551,6429.2,1162.4
1552,5579.8,1115
1553,5247.4,955.4
1554,5543.5,588
1555,6452,519.4
1556,8068.5,364.2
1557,9210,263.1
1558,10690,146
1559,13319.6,0
1560,16161.3,0
1561,18856.5,0
1562,21022.6,0
1563,22628.5,0
1564,23820.6,0
1565,24572.9,0
1566,24727.4,0
1567,24450.6,0
1568,21182.9,0
1569,18475.3,0
1570,16649.4,0
1571,14510.7,0
1572,11617.1,0
1573,10004.2,20.7
1574,8623,245.5
1575,7770.1,218
1576,6606.6,244.7
1577,6252,200.3
1578,5779.1,184.8
1579,5601,251.8
1580,6090.3,212.3
1581,6621.9,171.3
1582,7334.1,103.9
1583,8495.1,0
1584,9802.7,0
1585,11240.3,0
1586,12102.9,0
1587,12356.9,0
1588,12481.1,0
1589,12544.6,0
1590,11706.4,0
1591,10488,0
1592,9820.1,0
1593,10594.2,0
1594,10120.6,0
1595,8737.2,0
1596,7502.9,0
1597,6528.6,0
1598,5044.2,0
1599,3579,0.2
1600,2519.8,86.8
1601,2074.8,159.6
1602,1452.1,268.7
1603,1042.5,384.5
1604,1034.1,388.3
1605,1221,375.3
1606,1609.1,330.1
1607,2545,185.7
1608,3974.3,20.7
1609,4822.5,0
1610,5364.8,0
1611,6195.1,0
1612,6918.2,0
1613,7970.3,0
1614,8792.6,0
1615,8629.4,0
1616,6844.5,0
1617,5543.2,60.7
1618,4159.9,415.4
1619,2651.6,1154
1620,1775.8,1803
1621,1231.5,2368.4
1622,730.9,3041.7
1623,302.6,3353
1624,17.8,3350.8
1625,0,3253.1
1626,0,2408.5
1627,0,2123
1628,0,1789.4
1629,8,1427.8
1630,417.9,906
1631,1568.9,534.4
1632,2663.5,313.5
1633,4909.6,77.3
1634,7586.3,0
1635,9396.7,0
1636,11245.8,0
1637,12525.2,0
1638,13057.4,0
1639,13174.5,0
1640,10472,14.2
1641,7576.8,228.8
1642,5004.7,1079.3
1643,3128.4,2059.9
1644,2100.1,2922.8
1645,1204.2,3575.4
1646,490.2,4280.7
1647,120.2,4540.9
1648,1.9,4500.2
1649,0,4388.9
1650,0,3336.6
1651,0,2875.6
1652,0,2552
1653,59.8,1971
1654,730.9,1285.1
1655,1966,687.8
1656,3338.7,411.9
1657,6012.7,147.8
1658,8573.6,4.1
1659,10751.5,0
1660,12623.3,0
1661,13714.6,0
1662,14290.6,0
1663,13230.4,0
1664,10860.1,15.4
1665,8932.9,130
1666,6720.8,305.3
1667,4655,386.6
1668,2281.9,672
1669,1266.2,806.3
1670,947,791.8
1671,915.8,660.2
1672,1311.3,491.6
1673,1230.2,538
1674,766.3,834.6
1675,845.9,1077.5
1676,1264,953.5
1677,1372.5,947.2
1678,2019,766.9
1679,3409.6,435
1680,4680.7,255.8
1681,5774.9,91.8
1682,6484.3,28.2
1683,7087.7,0
1684,7091.1,0
1685,6642.4,51.6
1686,5695.4,197.1
1687,5145.9,257.8
1688,5281,175.1
1689,4390.4,233.9
1690,2289.5,568.6
1691,1027.2,1295.1
1692,881.3,1909.8
1693,830.5,2243.7
1694,756,2239
1695,781.9,1792.9
1696,635,2112.8
1697,443.3,2088.9
1698,341.6,2168.2
1699,629.7,1821.3
1700,862,1567
1701,1412,1271.4
1702,2465.6,751.5
1703,3872.9,430
1704,5225.1,242.6
1705,6117.5,147.1
1706,7026.5,69.6
1707,7972.1,5.9
1708,8914.7,0
1709,9738.3,0
1710,9853,0
1711,9197.5,47.1
1712,8693.3,53.6
1713,7140.6,280
1714,5245.4,725.9
1715,3317,1464.4
1716,1987.4,2329.5
1717,1417,3062.4
1718,854.8,3112.5
1719,261.8,3847.2
1720,0,3671.7
1721,0,2991.5
1722,0,3113.4
1723,0,2900.8
1724,0,2633.5
1725,5.9,2321.5
1726,218.4,1772.5
1727,797.6,1118.2
1728,1688.8,569.1
1729,2187.2,433.9
1730,2608.4,371.3
1731,3478.1,295.7
1732,4236,244.9
1733,4453,271.1
1734,4231.4,405.7
1735,4557.9,432.7
1736,5449,239.4
1737,5168.1,260.8
1738,3754.5,596.4
1739,2111,1692.2
1740,1450.1,2390.2
1741,1289.8,1979
1742,1036.4,1772.8
1743,992.1,1719
1744,822.4,1944.3
1745,390.5,2052
1746,284.4,2227.8
1747,646.3,1971.4
1748,972.9,1814.9
1749,1323.1,1611.3
1750,2533.1,1005.2
1751,4287.3,523.9
1752,6763,142.2
1753,8936,3.3
1754,10414.9,0
1755,10580.8,0
1756,11282.6,0
1757,12396.9,0
1758,12100.7,0
1759,11936.5,0
1760,10864.1,11.3
1761,8992.4,195.6
1762,7248.8,786.5
1763,5654.6,1488
1764,4225.8,2045
1765,3467.1,2609.8
1766,2863,3068.3
1767,2144.5,3345.8
1768,1469.9,3485.7
1769,898.1,3087.7
1770,898.3,2794.8
1771,1487.4,2038.9
1772,2109.5,1614.3
1773,3370.6,1096.8
1774,5902.4,538.4
1775,8514.3,262.3
1776,11447.6,21.1
1777,13491.2,0
1778,15350,0
1779,15945.7,0
1780,17054.5,0
1781,18575.1,0
1782,18709.1,0
1783,18221.4,0
1784,16382.7,0
1785,13754.2,2.2
1786,10966.3,387.3
1787,8180.1,1254.6
1788,5565.1,1784.6
1789,3373.2,2301.8
1790,1907.2,2623.3
1791,1329.5,2966.8
1792,846.5,3001.3
1793,332.4,2411.9
1794,377,2240.3
1795,1071.7,1538
1796,1662.4,1130.5
1797,2424.7,824.1
1798,3894.9,563.9
1799,5620.4,349
1800,7376.8,157
1801,8387.2,58.4
1802,9107.3,2.6
1803,10209.7,0
1804,11179.4,0
1805,11272.4,0
1806,10730.3,0
1807,11094.8,0
1808,10925.6,0
1809,9401.2,21.1
1810,7031.2,317.2
1811,5073.3,900.6
1812,3788.8,1349.1
1813,2688.1,2190.3
1814,2021,2692.8
1815,1488.4,2961
1816,1187.6,2827.9
1817,1023.5,1971.6
1818,1020.6,1997.9
1819,1732.3,1370.9
1820,2789.8,937.2
1821,4426.9,666.7
1822,6768.6,387.1
1823,9324.8,127.5
1824,11877.2,0
1825,13855.7,0
1826,15924.9,0
1827,17742.7,0
1828,19068.2,0
1829,19619.9,0
1830,19470,0
1831,19461.2,0
1832,19580.9,0
1833,17817.7,0
1834,15693.6,0
1835,13647.7,52.5
1836,11702,356.2
1837,9705.6,614.5
1838,8190.1,764.4
1839,6865.5,839.4
1840,5458.6,994.3
1841,4220.5,1073.9
1842,4215.9,901.3
1843,5699.5,647.1
1844,7375.4,481
1845,8983.2,321.9
1846,11396.8,76.9
1847,14162.7,0
1848,17803.5,0
1849,20165.5,0
1850,22321.5,0
1851,25011.1,0
1852,25334.8,0
1853,25699.1,0
1854,27061,0
1855,25898,0
1856,23477.2,0
1857,20109.6,0
1858,15897.9,0
1859,12358.4,43.5
1860,9138.3,382.8
1861,6193.3,673
1862,3626.6,880.7
1863,2283.4,1055.3
1864,1253.8,1206.7
1865,492,1297.2
1866,728.6,1047.4
1867,1919.3,673.4
1868,3214.3,509.6
1869,4713.9,362.9
1870,6856.4,145.5
1871,9243.7,0.3
1872,10559.4,0
1873,9984.9,0
1874,9756.3,0
1875,9891.5,0
1876,10333.6,0
1877,9872.2,0
1878,8849.7,0
1879,8137,0
1880,7359.7,1.5
1881,5036.2,149.8
1882,2514.7,454.6
1883,908.9,1080
1884,230,1558.4
1885,0.6,1276.8
1886,0,1123.6
1887,78.3,1072.4
1888,0,2005.1
1889,0,2160.9
1890,0,2258.3
1891,0,1966.6
1892,0,1703.4
1893,0,1373.3
1894,0,863.4
1895,110.1,456.6
1896,1302.9,217.7
1897,3211.3,63
1898,5380.1,0
1899,7502.4,0
1900,8980.9,0
1901,9832.3,0
1902,10401.5,0
1903,10509.3,0
1904,10680.2,0
1905,9783.9,0.3
1906,8379.6,261.5
1907,7138.5,749.3
1908,5727.7,1072.2
1909,4241.8,1486.7
1910,3308.5,1219.6
1911,2272.8,1368
1912,1818.5,1212.4
1913,1385.9,890.9
1914,1635.7,874.5
1915,2549.8,692.2
1916,3568.1,589.7
1917,4821,461
1918,6595.6,253.1
1919,8726.4,35.1
1920,10915.1,0
1921,12001,0
1922,13555.8,0
1923,15084.5,0
1924,15856.5,0
1925,15579.8,0
1926,14422.1,0
1927,13774.1,0
1928,14034.8,0
1929,13417.6,0
1930,12454.5,0
1931,12156.8,0
1932,11711.1,0
1933,11104.4,0
1934,10931,0
1935,10725.8,0
1936,9621.6,0
1937,8064.6,0
1938,7457,19.6
1939,8071.2,0.8
1940,8721.1,0
1941,9445.3,0
1942,10903.6,0
1943,12870,0
1944,14765.2,0
1945,15678,0
1946,16345.1,0
1947,16828,0
1948,16644.4,0
1949,15853.6,0
1950,14342.3,0
1951,13657.2,0
1952,14509.9,0
1953,14270.4,0
1954,13425.7,0
1955,12617.9,0
1956,11867.4,0
1957,11519,0
1958,10948.8,0
1959,10451.6,0
1960,9383.3,0
1961,7708.1,0
1962,6859.8,0
1963,7096.9,0
1964,7380.3,0
1965,7937.6,0
1966,9196.2,0
1967,10851,0
1968,12436.2,0
1969,13239.4,0
1970,13875.4,0
1971,14137.6,0
1972,14299.9,0
1973,13784.3,0
1974,12324.9,0
1975,11528.2,0
1976,11850.8,0
1977,11010.4,0
1978,9706.8,0
1979,9745.2,0
1980,9652.9,0
1981,10083.4,0
1982,10455.8,0
1983,10172.1,0
1984,9456.9,0
1985,7918.9,0
1986,7286.2,0
1987,7946.6,0
1988,8606.5,0
1989,9333.1,0
1990,11215.8,0
1991,13449.5,0
1992,15383.1,0
1993,16359.2,0
1994,17038.2,0
1995,17542.3,0
1996,17719.9,0
1997,17118.2,0
1998,15848.8,0
1999,15257.8,0
2000,14553.5,0
2001,12802.3,0
2002,9921.3,0
2003,9143.2,0
2004,7094,0
2005,5244,0
2006,4061.7,0
2007,2817.3,0
2008,1726.1,0.4
2009,865.2,170
2010,633.9,212.4
2011,1278.2,114.3
2012,2075,37.4
2013,3281.1,0.2
2014,5151.6,0
2015,7600.4,0
2016,10120.1,0
2017,12768.5,0
2018,14932,0
2019,17189.4,0
2020,19840.4,0
2021,20532.9,0
2022,20455.9,0
2023,19805.2,0
2024,17295.1,0
2025,13350.8,0
2026,9908.2,0
2027,7121.3,0
2028,4534.4,114.6
2029,2482.4,400.9
2030,1142.9,614.9
2031,376,770.2
2032,1,1050.1
2033,0,1380.8
2034,0,1342.8
2035,0,924.6
2036,5.4,612.4
2037,176,424.8
2038,1019.8,213.3
2039,2396.4,21.1
2040,5229,0
2041,8762.3,0
2042,10712.4,0
2043,12219.8,0
2044,14164.8,0
2045,14260.9,0
2046,14214.2,0
2047,13715.4,0
2048,11318.2,0
2049,7516.1,0
2050,3755.3,148.6
2051,1086.3,785.8
2052,77.3,1684.5
2053,0,2591.5
2054,0,3127.2
2055,0,3590.6
2056,0,4880.3
2057,0,5440.2
2058,0,6091.2
2059,0,4140
2060,0,2777.7
2061,0,2354.1
2062,0,2214.6
2063,0,1462.6
2064,0,823.7
2065,0,609.1
2066,0,457.1
2067,0,334.8
2068,0,255.4
2069,0,320.6
2070,0,431.4
2071,0,566.8
2072,0,679.8
2073,0,1726
2074,0,2564.7
2075,0,3079.1
2076,0,4447.4
2077,0,7879.1
2078,0,11084.1
2079,0,13418.4
2080,0,14970.4
2081,0,18264.8
2082,0,19213.5
2083,0,17125.1
2084,0,14951.5
2085,0,12875
2086,0,10179.3
2087,0,7216.5
2088,0,5129.8
2089,0,3640.2
2090,0,2600.8
2091,0,2475.1
2092,0,2374.6
2093,0,2826.3
2094,0,3332
2095,0,2944.8
2096,0,2513
2097,0,2521.5
2098,0,3297.7
2099,0,4248.4
2100,0,5034.9
2101,0,7034.1
2102,0,9338.8
2103,0,11935
2104,0,13285.8
2105,0,13918.7
2106,0,14865.5
2107,0,14049.4
2108,0,12984.4
2109,0,11872.4
2110,0,9957.2
2111,0,7241.7
2112,0,5181.9
2113,0,4450.1
2114,0,3407.8
2115,0,2569.7
2116,0,2363.9
2117,0,2627.3
2118,0,3151.8
2119,0,2758.4
2120,0,2135.5
2121,0,2479.6
2122,0,2659.2
2123,0,2682.6
2124,0,2726.8
2125,0,2871.5
2126,0,2864.6
2127,0,3017.5
2128,0,3361
2129,0,3293.8
2130,0,3561.6
2131,0,3208.9
2132,0,2911
2133,0,2519.9
2134,0,1512.2
2135,0,824.6
2136,496.8,492.5
2137,1237,320.9
2138,2106.5,198.4
2139,3234.2,105.4
2140,3842.9,99.3
2141,3915.2,229.1
2142,3588.9,479.7
2143,3624.4,572.2
2144,4724.6,302.8
2145,5102.3,241.6
2146,4724.6,365.7
2147,4488.9,427.8
2148,5064.4,288.9
2149,5561.2,187.9
2150,5623.1,188.4
2151,5258.2,313.4
2152,4415.9,614
2153,3336.7,893.3
2154,3051.5,1116.4
2155,3386.2,1059.7
2156,3676.4,1008.5
2157,4316,870.6
2158,5752,512.5
2159,7308.5,136.5
2160,8834.6,0
2161,10056.9,0
2162,11132.1,0
2163,12068.7,0
2164,12728.5,0
2165,12570.5,0
2166,11695.3,0
2167,10790.6,0
2168,10088.7,0
2169,8218.8,53.2
2170,5832.4,455.1
2171,3782.8,1016.1
2172,2269.1,1497.2
2173,1389.4,2069.6
2174,718.4,2541.3
2175,119.3,2881.5
2176,0,3292
2177,0,3754.8
2178,0,3548.8
2179,0,2646.6
2180,19.8,2024.9
2181,311.7,1451.9
2182,1666.1,707.2
2183,3295.2,343
2184,5350.1,161.8
2185,6659.6,70.4
2186,7892.1,5.9
2187,9031.8,0
2188,9792.9,0
2189,10061,0
2190,9817.4,0
2191,9948,11.5
2192,9640.1,15.5
2193,7313.6,203.8
2194,4724.3,659.5
2195,2443.3,1333.2
2196,1039.2,2194
2197,198.2,2933.1
2198,0,3493.8
2199,0,4010.9
2200,0,4252
2201,0,5189.1
2202,0,5495.3
2203,0,4544.4
2204,0,3903.6
2205,0,3372.6
2206,0,2442.9
2207,0,1585.8
2208,0,927.8
2209,154.9,585.2
2210,724.3,405.1
2211,1574.4,273.2
2212,2560.7,219.6
2213,3124.5,248.6
2214,3079.4,471.2
2215,3004.5,576.5
2216,3035.5,522.3
2217,1954,985.6
2218,862.6,2216.9
2219,352.2,3315.4
2220,36.4,4017.1
2221,0,4822.8
2222,0,5288.2
2223,0,5800.9
2224,0,6835.6
2225,0,6633.2
2226,0,6477.2
2227,0,5460.5
2228,0,4545.6
2229,0,3787.5
2230,0,2800.6
2231,0,1895.4
2232,0,1248.8
2233,0,945.3
2234,73.3,685.1
2235,466.7,521.6
2236,917.3,444.5
2237,1131.5,559
2238,842.5,855.2
2239,842,1056.3
2240,965.6,954
2241,569.2,1157.6
2242,91.3,1895
2243,0,2964.1
2244,0,3982.8
2245,0,5248.3
2246,0,6196.1
2247,0,7476.4
2248,0,8479.5
2249,0,9128.8
2250,0,8702.7
2251,0,6590.1
2252,0,5159.7
2253,0,4140.8
2254,0,3063.8
2255,0,2013.7
2256,0,1111
2257,24.5,677.7
2258,270.7,458.2
2259,800.7,316.1
2260,1715.7,238.3
2261,2261.4,307.7
2262,2381.2,521.9
2263,2739,595.5
2264,3308.1,431.5
2265,2391.9,914.6
2266,1395.9,2031.5
2267,830.3,2994.1
2268,432.3,3442.5
2269,105.2,3778.7
2270,0,4700.2
2271,0,5139.3
2272,0,5734
2273,0,5781
2274,0,5820.6
2275,0,4946.3
2276,0,4243
2277,0,3463.4
2278,0,2285.4
2279,247.6,1251.8
2280,1432.6,555.1
2281,3105.6,266.2
2282,5075.4,127.4
2283,6897.3,24.1
2284,8388.8,0
2285,8713,0
2286,7941.1,109.5
2287,7012.8,201.1
2288,6112.4,280.2
2289,3895.5,1176.7
2290,1535.9,2743.2
2291,532.4,3935.4
2292,84.6,4620.6
2293,0,5474.1
2294,0,6119.3
2295,0,7052.3
2296,0,8152.4
2297,0,8596.1
2298,0,8053.2
2299,0,6215.8
2300,0,4782.5
2301,0,3842.1
2302,0,2743.2
2303,0,1739.3
2304,0,1060
2305,89.2,707.7
2306,760.3,463.9
2307,2062.6,267.7
2308,3598.2,174.1
2309,4322.9,203.9
2310,4041.7,452.4
2311,3679.7,626.3
2312,3269.8,709.7
2313,1733.5,1690.4
2314,474.9,3076.5
2315,27.6,4063.2
2316,0,4371.3
2317,0,4927.3
2318,0,4765.7
2319,0,4592.8
2320,0,4752.2
2321,0,4533.8
2322,0,4728.3
2323,0,4337.7
2324,0,3953.5
2325,0,3447.1
2326,0,2535.9
2327,0,1690.7
2328,15.5,1054.5
2329,215.2,782.5
2330,510.9,635.6
2331,1081.8,549.1
2332,1513.4,528
2333,1518.7,663.7
2334,1210.4,1000.5
2335,1103.1,1232.9
2336,1066.8,1142.3
2337,296.9,1704.3
2338,2.9,2617.2
2339,0,3208.4
2340,0,3368.1
2341,0,3481.9
2342,0,3618.3
2343,0,3664.4
2344,0,3852.6
2345,0,4619.2
2346,0,5079.2
2347,0,4860.3
2348,0,4615.3
2349,0,4273.3
2350,0,3512.4
2351,0,2626.7
2352,0,1755.5
2353,0,1226.4
2354,0,992.8
2355,0,972.8
2356,0,1085
2357,0,1380.9
2358,0,1890
2359,0,2107.4
2360,0,1858
2361,0,2016
2362,0,2450.3
2363,0,2832.9
2364,0,3243.9
2365,0,3657.9
2366,0,4299.4
2367,0,5201.9
2368,0,6581.3
2369,0,8498
2370,0,9157.8
2371,0,8369.9
2372,0,7501
2373,0,6243.2
2374,0,4398.6
2375,0,3177.3
2376,0,2144.1
2377,0,1464.5
2378,0,1003
2379,0,752.2
2380,0,657.7
2381,0,732.8
2382,0,1040.1
2383,0,1582.3
2384,8.5,1783.7
2385,0,2895.7
2386,0,4290.8
2387,0,5127.8
2388,0,5015.9
2389,0,5318.1
2390,0,5975.4
2391,0,5538.4
2392,0,6258.9
2393,0,7078.4
2394,0,7937.1
2395,0,7202.9
2396,0,6302.3
2397,0,5074.1
2398,0,3681.5
2399,0,2692
2400,0,1839.8
2401,0,1343.4
2402,0,953.3
2403,0,702.4
2404,0,609.3
2405,14.4,656.6
2406,120.1,833
2407,374.9,965.8
2408,422.6,1157
2409,129.3,2303.1
2410,0,3805.9
2411,0,4837
2412,0,5549.3
2413,0,6917
2414,0,8546.5
2415,0,10263.9
2416,0,12470.5
2417,0,13597.2
2418,0,13405.6
2419,0,11779.7
2420,0,9771.3
2421,0,7046.6
2422,0,4132.4
2423,0,2734.4
2424,0,1789.8
2425,0,1234.6
2426,0,909.1
2427,0,688.6
2428,0,606.5
2429,47.2,718.2
2430,61,1140.1
2431,51.2,1808.8
2432,42.7,2289.7
2433,0,3553.2
2434,0,4940
2435,0,5247.8
2436,0,5681.2
2437,0,6201.4
2438,0,6816
2439,0,7717.4
2440,0,9225.6
2441,0,9997.5
2442,0,10028.1
2443,0,8713.9
2444,0,7917.9
2445,0,7302.3
2446,0,5763.6
2447,0,3887.3
2448,0,2713.4
2449,0,2061.1
2450,0,1676.7
2451,0,1484.7
2452,0,1443.9
2453,0,1543.7
2454,0,1815.7
2455,0,1892.4
2456,0,1814.7
2457,0,2483.7
2458,0,3860.7
2459,0,4684.6
2460,0,5032.3
2461,0,6237.5
2462,0,7029
2463,0,7588.8
2464,0,7757.7
2465,0,8608.1
2466,0,9077.9
2467,0,8126.1
2468,0,6994.7
2469,0,5667
2470,0,3940.6
2471,0,2778.1
2472,0,1924.8
2473,0,1428.2
2474,0,1060.7
2475,0,834.9
2476,0,724.1
2477,0,837.2
2478,0,1224
2479,0,1429.2
2480,0,1058.4
2481,56.3,1112.2
2482,120.4,1283.3
2483,62.9,1786.6
2484,46.3,1883.9
2485,112.2,1800.3
2486,9.8,2263
2487,0,2747.5
2488,0,3525.6
2489,0,3970.8
2490,0,4739.9
2491,0,4935.7
2492,0,4890.8
2493,0,4602
2494,0,3890
2495,0,3073.5
2496,0,2302.3
2497,0,1866.3
2498,0,1449.7
2499,0,1027
2500,0,770.2
2501,5.3,820.4
2502,27,1185.4
2503,133.6,1365.2
2504,448.1,1052.2
2505,334.2,1290.6
2506,77.6,2040.3
2507,24.9,2200.7
2508,8.3,1933.7
2509,0,2063.6
2510,0,2119.8
2511,0,2083.9
2512,0,2292.7
2513,0,3027
2514,0,3253.6
2515,0,2789.3
2516,35.2,2379
2517,378.5,1933.7
2518,1194.7,1125.8
2519,2479.6,688.8
2520,4040.1,358.6
2521,4987.5,208.9
2522,5695.2,103.4
2523,6275.3,27.1
2524,6602.1,14.3
2525,6507,102.6
2526,5815.6,367.1
2527,5195.3,504.3
2528,5539.8,316.2
2529,5207.6,362.6
2530,4118.2,666.9
2531,3706.5,784.7
2532,3345.6,957.9
2533,3453.3,838
2534,2823.2,1136.3
2535,1943.4,1546.4
2536,1235.2,1988.5
2537,740.7,2584.7
2538,692.6,2758.1
2539,1332,2054.2
2540,2563.9,1449.4
2541,3866.1,1047.9
2542,5846.1,555.2
2543,8045.6,140.6
2544,10360.3,0
2545,12222.6,0
2546,13970.2,0
2547,15733.5,0
2548,17202.5,0
2549,17436,0
2550,16270.9,0
2551,14845.1,0
2552,14139.1,0
2553,11872.4,0
2554,9032.3,83
2555,6393.2,494.3
2556,4156.4,923.1
2557,2229.5,1583.2
2558,1068.3,2051.1
2559,192.6,2563.6
2560,0,3195
2561,0,3440.8
2562,0,3586.6
2563,0,3025
2564,0,2324.1
2565,0,1716
2566,154.8,904.2
2567,1453.3,344.7
2568,4351.5,72.9
2569,7481,0
2570,9547.2,0
2571,10794.9,0
2572,11626.5,0
2573,11627.5,0
2574,10712.8,0
2575,9725.7,0
2576,8695.1,1
2577,5830.5,173.7
2578,2539.5,1055.7
2579,753.3,2175
2580,168.6,2803.4
2581,0,3576.1
2582,0,4115.8
2583,0,4626.6
2584,0,5632.6
2585,0,6005.1
2586,0,6047.3
2587,0,4805.4
2588,0,3858.4
2589,0,3303.5
2590,0,2399.3
2591,0,1456.3
2592,0,725.9
2593,159.3,403.9
2594,736.4,247.8
2595,1649.4,176.5
2596,2572.4,139.9
2597,2890.9,196.4
2598,2368.4,487.2
2599,1842.6,736.4
2600,1551.4,933.5
2601,624.4,2026.5
2602,57.5,3376.4
2603,0,4461
2604,0,5145.4
2605,0,6459.4
2606,0,8274.2
2607,0,10085.6
2608,0,12791.6
2609,0,14148.8
2610,0,13678.4
2611,0,11487.7
2612,0,9433
2613,0,7473.9
2614,0,4754.7
2615,0,2855.4
2616,0,1734.6
2617,0,1075
2618,0,707.3
2619,1.2,519.9
2620,56.1,438.1
2621,205.2,547.2
2622,178.1,941
2623,154.5,1605
2624,198.1,2099.7
2625,23.4,3390.7
2626,0,4837.4
2627,0,6108.9
2628,0,7572.8
2629,0,10247.5
2630,0,12969.8
2631,0,15737.1
2632,0,18504
2633,0,19392.2
2634,0,18520.7
2635,0,15315.2
2636,0,12936.1
2637,0,11183.1
2638,0,8542.7
2639,0,5804.7
2640,0,3620.2
2641,0,2819.3
2642,0,2453.3
2643,0,2197.4
2644,0,2091.3
2645,0,2268.9
2646,0,2761.9
2647,0,3022.6
2648,0,3348.2
2649,0,4343.2
2650,0,5953.8
2651,0,7702.1
2652,0,9012
2653,0,10854.6
2654,0,13118.6
2655,0,15570.5
2656,0,18245.9
2657,0,19758.5
2658,0,19982.7
2659,0,17817.7
2660,0,14732.9
2661,0,11340.6
2662,0,7065.1
2663,0,3788.3
2664,0,2408.3
2665,0,1833.5
2666,0,1211.1
2667,0,687.6
2668,0,428.3
2669,0,528.7
2670,0,1084.4
2671,0,2047.2
2672,0,2270.8
2673,0,2952.7
2674,0,3963.5
2675,0,4556
2676,0,5424.9
2677,0,6710
2678,0,8388.8
2679,0,10161.8
2680,0,12515.9
2681,0,14813.9
2682,0,15214
2683,0,13644.2
2684,0,11875.5
2685,0,9710.6
2686,0,6579.6
2687,0,3957.7
2688,0,2621.4
2689,0,1957.5
2690,0,1364.3
2691,0,877.9
2692,0,626.1
2693,0,676.1
2694,0,1079.1
2695,0,1670.2
2696,0,1750
2697,0,2477.7
2698,0,3479.7
2699,0,4321
2700,0,5143.3
2701,0,6671.3
2702,0,8754.8
2703,0,11382.4
2704,0,14443.6
2705,0,16645.3
2706,0,16905.3
2707,0,14526.5
2708,0,12031.2
2709,0,9531.2
2710,0,6039.6
2711,0,3436.6
2712,0,2282.4
2713,0,1695.5
2714,0,1361.5
2715,0,1169.3
2716,0,1123.5
2717,0,1368
2718,0,2053.5
2719,0,2744.4
2720,0,3004.3
2721,0,4002.8
2722,0,5110.3
2723,0,6181.5
2724,0,7490.1
2725,0,9558.5
2726,0,11514.8
2727,0,13365.8
2728,0,15301.7
2729,0,15599.7
2730,0,14503.9
2731,0,11772.8
2732,0,10073.2
2733,0,8849.2
2734,0,6826.8
2735,0,4411.3
2736,0,2776.9
2737,0,2122.2
2738,0,1690.8
2739,0,1398.4
2740,0,1238.2
2741,0,1473.8
2742,0,2163.8
2743,0,2542.9
2744,0,2417.8
2745,0,2867.1
2746,0,3518.1
2747,0,4709
2748,0,6119.3
2749,0,7854.5
2750,0,9652.8
2751,0,10808.4
2752,0,11797.4
2753,0,12200.1
2754,0,12471.2
2755,0,11130.1
2756,0,9139.8
2757,0,6898.1
2758,0,4173.3
2759,0,2781.7
2760,0,1974.6
2761,0,1563.4
2762,0,1225.5
2763,0,953.4
2764,0,825.7
2765,0,971.6
2766,0,1480.2
2767,0,1781.5
2768,0,1464.6
2769,0,1583.8
2770,0,1800.6
2771,0,2145.7
2772,0,2004.2
2773,0,1734.4
2774,0,2061.2
2775,0,2270.6
2776,0,2378.9
2777,0,2767.6
2778,0,3243.2
2779,0,2986.1
2780,0,2762.5
2781,0,2459.4
2782,30.6,1764.7
2783,601.1,1056.8
2784,1248.8,678.5
2785,1980.6,534
2786,2852.4,418.2
2787,3638.2,312.1
2788,4174.8,268.2
2789,4092.1,387.9
2790,3419,684.5
2791,3228.9,807.6
2792,3588.5,639.9
2793,3464.8,651.6
2794,3233,683.8
2795,2528.8,1037.1
2796,1950.7,1299.2
2797,1729.5,1345.3
2798,1025.9,1844.4
2799,409.6,2149
2800,50.9,2460.5
2801,0,3020.3
2802,0,3537.9
2803,0,3359.7
2804,0,3182.9
2805,0,2895.5
2806,0,2202.7
2807,291.4,1472.7
2808,903.9,852.9
2809,1607.9,681.1
2810,2252.4,559.9
2811,2836.5,463.8
2812,3252.7,428.4
2813,3064,559.1
2814,2359.1,875.8
2815,2031.4,1098
2816,2330.4,893.6
2817,2153.9,955.4
2818,1731.4,1198.7
2819,1021.2,1833.9
2820,476.3,2106.2
2821,97.5,2441.6
2822,0,2594.5
2823,0,2792.1
2824,0,2993.9
2825,0,3370.5
2826,0,3780.1
2827,0,3496.6
2828,0,3224.5
2829,0,2884.8
2830,0,2142.1
2831,224.5,1386.7
2832,891.7,805.9
2833,1665.2,647.6
2834,2437.6,535.8
2835,3052.8,452.6
2836,3418.2,431.1
2837,3261.1,559.9
2838,2615,861.1
2839,2389.4,1022.4
2840,2699,836.4
2841,2340.6,986.4
2842,1569.7,1479.1
2843,552.3,1954.3
2844,12.2,2540.4
2845,0,3304.4
2846,0,3552.5
2847,0,4233.9
2848,0,4875.6
2849,0,5679.6
2850,0,6023
2851,0,5186
2852,0,4581.8
2853,0,4119.7
2854,0,3271.6
2855,0,2388.6
2856,0,1586.5
2857,0,1150.6
2858,0,871.5
2859,21.7,708.2
2860,123.6,653.3
2861,214.5,771.9
2862,194.7,1161.9
2863,267.3,1362
2864,568.7,1010.9
2865,609,1092.1
2866,485.4,1339.4
2867,288.1,1606.7
2868,110.6,1829.7
2869,25.2,1935.7
2870,0,2031.1
2871,0,2287.6
2872,0,2748.2
2873,0,3503.9
2874,0,3979.6
2875,0,3764.7
2876,0,3510.5
2877,0,3130.4
2878,0,2301.1
2879,120.8,1412.3
2880,931.9,750.8
2881,2133.6,518.8
2882,3528.3,324.6
2883,4741.4,162.2
2884,5693.9,68.3
2885,6355.7,98.7
2886,5193,467.5
2887,3794.2,804.1
2888,3449.5,805.8
2889,2021.3,1479.9
2890,666.6,2553.3
2891,66.4,3493.5
2892,0,4185.2
2893,0,4862.8
2894,0,5470.7
2895,0,6247.4
2896,0,7707
2897,0,9618.7
2898,0,10668.1
2899,0,8760.8
2900,0,6470.1
2901,0,5008.1
2902,0,3700.7
2903,0,2778.8
2904,0,2100.9
2905,0,1613.3
2906,0,1094.7
2907,0,828
2908,0,620.5
2909,3.6,698.7
2910,25.8,1053.6
2911,10.9,1544.4
2912,0,1674.3
2913,0,2230.1
2914,0,3170.4
2915,0,3829.8
2916,0,3350.7
2917,0,3626.6
2918,0,4346.4
2919,0,4818
2920,0,5516.2
2921,0,6214.9
2922,0,7275.8
2923,0,6563.8
2924,0,5450.7
2925,0,4692.6
2926,0,3760.6
2927,0,2794.2
2928,0,1938.5
2929,0,1453.1
2930,0,1220.4
2931,0,1042.1
2932,0,1019.4
2933,0,1221.6
2934,0,1729.5
2935,0,2209.9
2936,0,2557.9
2937,0,3444.1
2938,0,4605
2939,0,5363.1
2940,0,6153.9
2941,0,8160.4
2942,0,10973.1
2943,0,12793.3
2944,0,14558.5
2945,0,15919.5
2946,0,15509.8
2947,0,12014.6
2948,0,8192.9
2949,0,5458.7
2950,0,3497.4
2951,0,2352.5
2952,0,1430.1
2953,0,929.7
2954,0,696.5
2955,0,579.7
2956,0,530.6
2957,0,627.6
2958,0,891.6
2959,227.2,910.3
2960,932.9,642.3
2961,1208.5,752.8
2962,1370.6,902.4
2963,1496.9,1041.5
2964,1658.4,1012.8
2965,1915.5,1097.2
2966,1516,1219.7
2967,819.4,1609.3
2968,402.1,2165.6
2969,105.9,2239.1
2970,2.2,2691.8
2971,67.7,2489.6
2972,403.7,2163.1
2973,837.5,1782.4
2974,1894.3,1071.9
2975,3427.8,637.2
2976,4985.1,219.7
2977,5799.3,43.6
2978,6593.4,0.8
2979,8258.3,0
2980,8975.3,0
2981,8969.4,0
2982,7849.8,39.2
2983,6525.7,312.3
2984,5291.8,368.8
2985,3590.2,1047.2
2986,2005,1777.6
2987,985.8,2291.1
2988,437.9,2110.1
2989,96.8,2248.6
2990,6.4,2460.7
2991,0,2892.1
2992,0,3573.8
2993,0,4180.9
2994,0,4839.9
2995,0,4155
2996,0,3299.8
2997,0,2790.7
2998,0,1868.9
2999,63.1,956.1
3000,1114,548.5
3001,2833.4,284.2
3002,4644.1,43.1
3003,6142.6,0
3004,6759.5,0
3005,6991.7,0
3006,5883.8,213.9
3007,4288.2,600.3
3008,3168.1,875
3009,1587.4,1520.8
3010,280.5,2504.3
3011,0,3398.4
3012,0,4062
3013,0,4777.8
3014,0,5604.5
3015,0,7134.9
3016,0,9800.9
3017,0,12710.3
3018,0,14199.9
3019,0,12532.6
3020,0,9260.5
3021,0,7333.7
3022,0,4730.7
3023,0,3070
3024,0,2128.2
3025,0,1544.2
3026,0,1066.2
3027,0,784.4
3028,0,673
3029,0,697.7
3030,0,1209.4
3031,0,2340.1
3032,0,2895.7
3033,0,3826.5
3034,0,4977.8
3035,0,6387.2
3036,0,7951.1
3037,0,10147.9
3038,0,12837
3039,0,15589.4
3040,0,18527.5
3041,0,21506.4
3042,0,22800.6
3043,0,20300.3
3044,0,17227.3
3045,0,14876.2
3046,0,11161
3047,0,7666
3048,0,5183.8
3049,0,3530
3050,0,2625
3051,0,2229
3052,0,1951.5
3053,0,1828.9
3054,0,2277
3055,0,2989.6
3056,0,3619.4
3057,0,4541.5
3058,0,5790.2
3059,0,7146
3060,0,8822
3061,0,10221.5
3062,0,11197.2
3063,0,14242.5
3064,0,16840.6
3065,0,18563.9
3066,0,19730
3067,0,17498.2
3068,0,13574.4
3069,0,9686.4
3070,0,5221.4
3071,0,2783.5
3072,0,1679.5
3073,0,1076.8
3074,0,731.8
3075,0,549
3076,0,401.6
3077,160,424.7
3078,45.4,935.1
3079,0,2118.9
3080,0,3299.6
3081,0,4454
3082,0,5571.3
3083,0,6654.1
3084,0,7987.3
3085,0,9847.6
3086,0,12740.5
3087,0,15570.2
3088,0,18662.8
3089,0,21871.2
3090,0,23956.7
3091,0,21405.6
3092,0,16884.8
3093,0,13873.6
3094,0,10021.4
3095,0,6165.6
3096,0,3327.6
3097,0,2450
3098,0,1919.5
3099,0,1441.7
3100,0,1190.2
3101,0,1335.3
3102,0,2398.8
3103,0,3498.5
3104,0,4866
3105,0,6701.6
3106,0,9611.3
3107,0,12714.9
3108,0,15691.9
3109,0,18625.1
3110,0,21826.4
3111,0,24431.6
3112,0,27457.1
3113,0,30531.2
3114,0,32321.5
3115,0,29369.1
3116,0,24497.1
3117,0,21284.6
3118,0,17089.2
3119,0,12445
3120,0,8978.5
3121,0,6965.1
3122,0,5096.5
3123,0,3611
3124,0,2881.6
3125,0,2829.5
3126,0,3496
3127,0,5278.2
3128,0,8601.8
3129,0,12156.8
3130,0,16812.3
3131,0,20985.1
3132,0,23837.7
3133,0,26761.6
3134,0,29322.2
3135,0,31638.9
3136,0,33798.3
3137,0,35583.9
3138,0,35799.6
3139,0,31691.9
3140,0,26802.8
3141,0,22726.1
3142,0,18894.9
3143,0,15227.2
3144,0,12111.5
3145,0,10228.3
3146,0,8325.7
3147,0,7071.5
3148,0,6101.7
3149,0,6167.8
3150,0,7576.8
3151,0,9702.1
3152,0,11233
3153,0,13808.4
3154,0,17960.2
3155,0,21809.1
3156,0,24465.4
3157,0,26449.3
3158,0,29158.8
3159,0,30185
3160,0,26152.1
3161,0,25146
3162,0,24739.6
3163,0,22319.8
3164,0,20034
3165,0,17915.4
3166,0,14456.6
3167,0,10865.3
3168,0,7984.5
3169,0,5951.8
3170,0,4116.6
3171,0,2919.2
3172,0,2612.4
3173,0,2794
3174,0,3437.6
3175,0,3977.5
3176,0,4055
3177,0,4708.5
3178,0,6128.1
3179,0,7499.9
3180,0,9244.6
3181,0,10749.5
3182,0,12002.6
3183,0,13428.1
3184,0,15366.5
3185,0,17259.3
3186,0,16431.1
3187,0,14012.6
3188,0,11459.9
3189,0,9226.6
3190,0,6052.2
3191,0,3310.7
3192,0,2079.1
3193,0,1550.3
3194,0,1084.5
3195,0,896.3
3196,0,952.8
3197,0,1168.8
3198,0,1731.4
3199,0,2088.1
3200,0,1823.7
3201,0,1858.9
3202,0,2295.4
3203,0,2783.5
3204,0,3366.9
3205,0,3973.1
3206,0,4395.9
3207,0,4816
3208,0,6151.9
3209,0,8307.5
3210,0,9891
3211,0,9404
3212,0,8555.6
3213,0,7785.1
3214,0,6134.7
3215,0,4276.1
3216,0,3125.2
3217,0,2607.5
3218,0,2169.2
3219,0,1932.3
3220,0,1848
3221,0,2226.5
3222,0,2904.4
3223,0,3205.4
3224,0,3094.8
3225,0,3358.8
3226,0,4015.2
3227,0,4680.2
3228,0,5762.1
3229,0,7756.5
3230,0,10703.2
3231,0,14450.6
3232,0,17607.1
3233,0,19770.2
3234,0,20888.7
3235,0,18864.4
3236,0,16481.1
3237,0,14330.3
3238,0,10311.3
3239,0,6925.4
3240,0,4007.8
3241,0,2509.1
3242,0,1904.2
3243,0,1362.5
3244,0,1073.9
3245,0,1060.3
3246,0,2204
3247,0,3152.4
3248,0,3787.7
3249,0,4301.8
3250,0,4954.7
3251,0,5923.2
3252,0,6949.4
3253,0,8716.2
3254,0,11338
3255,0,14035.7
3256,0,17185.2
3257,0,20261.3
3258,0,22203.7
3259,0,19280.6
3260,0,13745.4
3261,0,10639.1
3262,0,7200.8
3263,0,3371.6
3264,0,2001
3265,0,1564.2
3266,0,1137.2
3267,0,774.5
3268,0,693.9
3269,0,817.9
3270,0,1773.2
3271,0,2867.6
3272,0,3896.6
3273,0,4924.6
3274,0,6568.6
3275,0,9137.3
3276,0,12501.4
3277,0,16498.9
3278,0,20254.4
3279,0,23504.7
3280,0,27340
3281,0,31042.9
3282,0,33005.1
3283,0,29965.4
3284,0,25010.8
3285,0,21486.9
3286,0,16992.7
3287,0,12804.6
3288,0,9611.6
3289,0,7768.2
3290,0,6313.9
3291,0,4095.8
3292,0,2852.4
3293,0,2873.9
3294,0,4338
3295,0,7273
3296,0,10188.1
3297,0,13887.5
3298,0,18405
3299,0,22204.1
3300,0,25372.5
3301,0,28531.1
3302,0,31213.8
3303,0,33675.7
3304,0,35299.4
3305,0,33219.6
3306,0,31832.7
3307,0,29653.6
3308,0,26633.7
3309,0,23989.1
3310,0,20068
3311,0,15257
3312,0,11342.8
3313,0,9331.8
3314,0,8145.1
3315,0,6381
3316,0,4424.8
3317,0,3785.6
3318,0,4321.2
3319,0,4240.3
3320,0,3823.1
3321,0,3507.5
3322,0,3555.6
3323,0,4034.1
3324,0,4167.9
3325,0,4455.2
3326,0,4568.6
3327,0,4643.7
3328,0,4647.9
3329,0,4689.6
3330,0,5019.5
3331,0,4419.5
3332,0,3908.6
3333,0,3475.2
3334,0,2698.8
3335,0,1855.2
3336,0,1023
3337,0,754
3338,0,601.6
3339,1.8,511.7
3340,151.9,536.9
3341,247.6,702.2
3342,68.9,1073.2
3343,84.6,1364.5
3344,499.1,941.5
3345,657.8,868.2
3346,578,1078
3347,524.6,1207.4
3348,478.2,1278.8
3349,459.4,1239.1
3350,392.9,1273.4
3351,105.8,1668.1
3352,0,2016.2
3353,0,2818.9
3354,0,3328.1
3355,0,3211.5
3356,0,3036.3
3357,0,2761.3
3358,0.8,2085.6
3359,416.9,1398.4
3360,941.2,830.6
3361,1416.3,683.8
3362,1768,622.2
3363,2021.7,574.9
3364,2206.1,568.8
3365,2029.4,713.2
3366,1392.7,1165.6
3367,956.2,1615
3368,1054.4,1482.7
3369,645.8,1720.3
3370,76.7,2213.3
3371,0,2857.7
3372,0,3547.4
3373,0,4275
3374,0,4919.1
3375,0,5451
3376,0,7222.2
3377,0,9630.2
3378,0,12251.8
3379,0,11850.5
3380,0,10020.5
3381,0,8159.1
3382,0,5753.6
3383,0,3766.8
3384,0,2793.5
3385,0,2270.4
3386,0,1933.9
3387,0,1640.5
3388,0,1595.4
3389,0,1830.1
3390,0,2569
3391,0,3076.9
3392,0,3118.6
3393,0,3696.2
3394,0,4281.1
3395,0,5034.8
3396,0,6865.5
3397,0,8944.7
3398,0,11560.6
3399,0,14535.8
3400,0,17411.4
3401,0,20103.8
3402,0,21954.5
3403,0,20153.3
3404,0,17630.2
3405,0,15309.1
3406,0,12124.3
3407,0,9041.3
3408,0,6598.2
3409,0,5318.2
3410,0,4119
3411,0,3283.1
3412,0,3026.5
3413,0,3288
3414,0,4227.3
3415,0,6168.6
3416,0,8106
3417,0,10633.6
3418,0,14072.2
3419,0,17286.2
3420,0,18857.1
3421,0,20486.3
3422,0,20034.8
3423,0,18160.8
3424,0,16730.4
3425,0,17725.6
3426,0,19109.7
3427,0,18524
3428,0,16812.2
3429,0,14580.1
3430,0,11646.8
3431,0,8715.2
3432,0,6000.5
3433,0,4446.4
3434,0,3543.6
3435,0,3038.2
3436,0,2819.6
3437,0,2963.2
3438,0,4337.1
3439,0,6064.5
3440,0,7472.3
3441,0,9685.8
3442,0,11457.2
3443,0,13780
3444,0,16146.4
3445,0,17618.9
3446,0,19361.2
3447,0,21784.2
3448,0,24688.2
3449,0,27356.2
3450,0,28339.4
3451,0,26564.4
3452,0,23400.4
3453,0,19785.3
3454,0,15012.5
3455,0,10783.4
3456,0,7876.4
3457,0,5994.7
3458,0,4660.8
3459,0,3532.1
3460,0,3018.2
3461,0,3061.3
3462,0,3723.6
3463,0,4050.6
3464,0,3980.2
3465,0,4257.2
3466,0,5059.2
3467,0,5745.1
3468,0,6493
3469,0,7559.7
3470,0,8099.2
3471,0,9154
3472,0,10939.4
3473,0,12098.2
3474,0,12749.5
3475,0,11621
3476,0,10226.1
3477,0,8372.9
3478,0,5640.9
3479,0,3634.2
3480,0,2555.4
3481,0,2131.2
3482,0,1859.8
3483,0,1648.9
3484,0,1584.5
3485,0,1826
3486,0,2505.4
3487,0,2959.2
3488,0,3175.2
3489,0,3547.8
3490,0,4159.3
3491,0,4731.2
3492,0,5155.1
3493,0,6043
3494,0,7189.4
3495,0,8488
3496,0,10210
3497,0,11761.6
3498,0,13035.9
3499,0,11937.5
3500,0,10691.3
3501,0,9220.1
3502,0,6996.4
3503,0,4972.8
3504,0,3253.8
3505,0,2655.3
3506,0,2339.6
3507,0,2100
3508,0,1971.5
3509,0,2167.2
3510,0,2799.7
3511,0,3087.9
3512,0,2959
3513,0,3188.9
3514,0,3708.2
3515,0,4078.2
3516,0,4519.3
3517,0,5479.1
3518,0,6906.7
3519,0,8530
3520,0,10516.2
3521,0,12480.9
3522,0,13555.3
3523,0,12653.8
3524,0,11479.4
3525,0,10215.8
3526,0,7878.1
3527,0,5476.5
3528,0,3632.6
3529,0,2952.5
3530,0,2609.7
3531,0,2438.2
3532,0,2315.5
3533,0,2596.3
3534,0,3396.2
3535,0,4013.6
3536,0,4042.2
3537,0,5211.3
3538,0,7215.3
3539,0,9941.5
3540,0,12365.2
3541,0,15005.1
3542,0,18331.8
3543,0,20810.4
3544,0,23998.1
3545,0,28521.6
3546,0,30912.2
3547,0,29556
3548,0,25556.1
3549,0,21866.6
3550,0,17297.3
3551,0,12957.4
3552,0,10019.2
3553,0,8374.4
3554,0,6701.2
3555,0,5411.7
3556,0,4842.2
3557,0,5094.9
3558,0,7114.7
3559,0,9459.8
3560,0,11055.5
3561,0,14443.3
3562,0,19126
3563,0,23100.2
3564,0,26398.4
3565,0,29332.7
3566,0,32145.2
3567,0,34497.7
3568,0,37191.6
3569,0,40589.2
3570,0,41957
3571,0,39444.5
3572,0,35267
3573,0,30770
3574,0,26028.5
3575,0,21367
3576,0,17042.5
3577,0,14646.4
3578,0,12435.1
3579,0,10762.7
3580,0,9753.6
3581,0,9839.3
3582,0,13366.1
3583,0,16459.6
3584,0,17814.3
3585,0,20601.2
3586,0,24776.9
3587,0,28292.3
3588,0,30362.3
3589,0,32930.8
3590,0,34161.1
3591,0,33936.4
3592,0,34560.4
3593,0,37319.3
3594,0,39290.5
3595,0,37681.8
3596,0,33641.7
3597,0,30062.4
3598,0,25421.1
3599,0,20976.9
3600,0,16901.1
3601,0,14075.5
3602,0,11916.2
3603,0,10390.9
3604,0,9314.2
3605,0,8975.2
3606,0,10740
3607,0,13330.7
3608,0,15487.4
3609,0,17778.3
3610,0,21372.1
3611,0,24802
3612,0,26960.1
3613,0,27731.8
3614,0,27399.2
3615,0,28648.3
3616,0,31213.1
3617,0,34405
3618,0,35703
3619,0,33293.9
3620,0,29748.8
3621,0,26546.9
3622,0,21941.1
3623,0,16682.7
3624,0,11689.7
3625,0,8187.6
3626,0,5224.3
3627,0,3069.6
3628,0,2278.1
3629,0,2312.7
3630,0,3623.6
3631,0,5597.9
3632,0,7628
3633,0,9661.2
3634,0,13462
3635,0,16701.5
3636,0,19156.1
3637,0,21848.8
3638,0,24309.4
3639,0,26116.1
3640,0,28121
3641,0,30275.3
3642,0,31772.1
3643,0,29902.1
3644,0,25472.2
3645,0,21417.4
3646,0,17041.2
3647,0,12859.9
3648,0,9187.2
3649,0,6760.9
3650,0,5100.9
3651,0,4272
3652,0,3663.9
3653,0,4468
3654,0,7307
3655,0,8965.6
3656,0,10189
3657,0,12575.2
3658,0,15683.2
3659,0,19377.1
3660,0,22056.4
3661,0,24406.8
3662,0,26252.3
3663,0,27775.8
3664,0,29536.4
3665,0,31670.9
3666,0,31467.7
3667,0,29033.6
3668,0,25969.1
3669,0,23385.6
3670,0,19987.2
3671,0,16388.3
3672,0,13697.5
3673,0,12059.8
3674,0,10355.6
3675,0,9175.2
3676,0,9031.5
3677,0,9499.3
3678,0,11042.8
3679,0,12788.1
3680,0,12695.6
3681,0,14541.5
3682,0,17517.1
3683,0,19940
3684,0,22405.7
3685,0,22906.2
3686,0,24764.9
3687,0,24875
3688,0,25277.6
3689,0,28021.4
3690,0,26578.6
3691,0,24375.3
3692,0,22855.1
3693,0,20626.3
3694,0,17333.4
3695,0,13543.7
3696,0,10754.7
3697,0,8808.3
3698,0,7139.5
3699,0,5348.5
3700,0,4272.8
3701,0,4501.7
3702,0,7705.2
3703,0,10726.1
3704,0,10675.9
3705,0,12196.6
3706,0,14569.3
3707,0,14414
3708,0,14140.6
3709,0,15077.5
3710,0,15602.6
3711,0,15986.8
3712,0,17121.8
3713,0,18876.5
3714,0,20044.2
3715,0,18151.6
3716,0,15146.6
3717,0,12180.7
3718,0,8596.2
3719,0,4952.9
3720,0,2803.5
3721,0,2036
3722,0,1453.3
3723,0,949.1
3724,0,761
3725,0,860.3
3726,0,1972.6
3727,0,3117.7
3728,0,4046.1
3729,0,4769.1
3730,0,5785.7
3731,0,6858.6
3732,0,7569.8
3733,0,8911.2
3734,0,11339.6
3735,0,14700.9
3736,0,18502.6
3737,0,21018
3738,0,21801.6
3739,0,20089.6
3740,0,16394.1
3741,0,11998.1
3742,0,7648.4
3743,0,3860.3
3744,0,2313.5
3745,0,1868.5
3746,0,1516.8
3747,0,1355.9
3748,0,1387.4
3749,0,1498.4
3750,0,2456.4
3751,0,3755.5
3752,0,5067.3
3753,0,6292.9
3754,0,7820.4
3755,0,10172
3756,0,12536.2
3757,0,15106.5
3758,0,18302.3
3759,0,21482.1
3760,0,25154.1
3761,0,28461.7
3762,0,30237.7
3763,0,28773
3764,0,25989.8
3765,0,23302.6
3766,0,19912
3767,0,16446.5
3768,0,13264.1
3769,0,11068.6
3770,0,9651.2
3771,0,9114.3
3772,0,8978.9
3773,0,9536.3
3774,0,11455.3
3775,0,14238
3776,0,15855.5
3777,0,17651.9
3778,0,19961.5
3779,0,20408.2
3780,0,21403.5
3781,0,22443.1
3782,0,24586.6
3783,0,26864.4
3784,0,29114.2
3785,0,31639.1
3786,0,32797.4
3787,0,31024.9
3788,0,27910.2
3789,0,24476.9
3790,0,19469.1
3791,0,14815.5
3792,0,11139.9
3793,0,9218.8
3794,0,7326.6
3795,0,5786.7
3796,0,5199.1
3797,0,5620.1
3798,0,7698.5
3799,0,9981.3
3800,0,11114.9
3801,0,13064.4
3802,0,15782.8
3803,0,18714.4
3804,0,20199.2
3805,0,21461.2
3806,0,23914.9
3807,0,25793.5
3808,0,28309.1
3809,0,31388.1
3810,0,30321.5
3811,0,26660.5
3812,0,24315.7
3813,0,22212.3
3814,0,18358
3815,0,14865.9
3816,0,11696
3817,0,9985.1
3818,0,9395.8
3819,0,9146.8
3820,0,9258.6
3821,0,9613.8
3822,0,11936.5
3823,0,14283.1
3824,0,14537.3
3825,0,16469.4
3826,0,20264.6
3827,0,22763.3
3828,0,25208.2
3829,0,26823.9
3830,0,29252.8
3831,0,32272.3
3832,0,35170.6
3833,0,35408.9
3834,0,32637.8
3835,0,28080
3836,0,25298.6
3837,0,22977.8
3838,0,19393.8
3839,0,16008.5
3840,0,13373.1
3841,0,11833
3842,0,10658.3
3843,0,9427.1
3844,0,8432.7
3845,0,8575.6
3846,0,12206.1
3847,0,15314.9
3848,0,15696.9
3849,0,17078
3850,0,18758.9
3851,0,20421.9
3852,0,22459
3853,0,23424.5
3854,0,24727.4
3855,0,26098.1
3856,0,26893.6
3857,0,29333.5
3858,0,31329.2
3859,0,29997
3860,0,26535.5
3861,0,23166.9
3862,0,19148.9
3863,0,14964.3
3864,0,10634.4
3865,0,7551.5
3866,0,5389.1
3867,0,3839.1
3868,0,3141.8
3869,0,3281.8
3870,0,5628.2
3871,0,8840.8
3872,0,9568.3
3873,0,10109.7
3874,0,12300.8
3875,0,14424.5
3876,0,15348.1
3877,0,14722.3
3878,0,16192.3
3879,0,17712.8
3880,0,19951.5
3881,0,21397.5
3882,0,21408.6
3883,0,19539.4
3884,0,17596.2
3885,0,15235.4
3886,0,11688.9
3887,0,8211.8
3888,0,5180.3
3889,0,3766.5
3890,0,2990.6
3891,0,2294.1
3892,0,1925.5
3893,0,1993.4
3894,0,3343.2
3895,0,5351.5
3896,0,7293.4
3897,0,9174.1
3898,0,12298.3
3899,0,15289.9
3900,0,17413.2
3901,0,20065.2
3902,0,22772.4
3903,0,24776.4
3904,0,27782.3
3905,0,30602.5
3906,0,31724.7
3907,0,29192
3908,0,25592.1
3909,0,21176.5
3910,0,15726.8
3911,0,10582.7
3912,0,6323.1
3913,0,3884.6
3914,0,2679.4
3915,0,2197.6
3916,0,1835.8
3917,0,1868.4
3918,0,3288.5
3919,0,5873
3920,0,8282.7
3921,0,11385.7
3922,0,15130.1
3923,0,18197.5
3924,0,19472.4
3925,0,20953.4
3926,0,22451.4
3927,0,24264.4
3928,0,27685.5
3929,0,30868.7
3930,0,32376.6
3931,0,29715.6
3932,0,25885.9
3933,0,21853.5
3934,0,17347.2
3935,0,12621
3936,0,9103.1
3937,0,7197.1
3938,0,5911.8
3939,0,4611.5
3940,0,3490.1
3941,0,3444.3
3942,0,5689.5
3943,0,8542.8
3944,0,9258.5
3945,0,11400.4
3946,0,14006.6
3947,0,16757.8
3948,0,20629.8
3949,0,23338.6
3950,0,26133.8
3951,0,28561.5
3952,0,31726.7
3953,0,33972.9
3954,0,34672.1
3955,0,32764
3956,0,28914.6
3957,0,25330.4
3958,0,21260.1
3959,0,16941.4
3960,0,11988
3961,0,8412.9
3962,0,5912.9
3963,0,4007.9
3964,0,3491.4
3965,0,3830.7
3966,0,5021.2
3967,0,5381.8
3968,0,5315.2
3969,0,6000.2
3970,0,7772.1
3971,0,9912.8
3972,0,12629.2
3973,0,14853.3
3974,0,17702.7
3975,0,19632.9
3976,0,22229.5
3977,0,25913.2
3978,0,28301.9
3979,0,26240.8
3980,0,23030.4
3981,0,20049.2
3982,0,15953.7
3983,0,12092.4
3984,0,8119.1
3985,0,6247.1
3986,0,4498.5
3987,0,2927.4
3988,0,2577.8
3989,0,3147.4
3990,0,5027.9
3991,0,8509.3
3992,0,10970.4
3993,0,13268.7
3994,0,16395.8
3995,0,19129.3
3996,0,21341.6
3997,0,24222.8
3998,0,27220.9
3999,0,29825
4000,0,32500.4
4001,0,35177.9
4002,0,36780.5
4003,0,34942.5
4004,0,31011.9
4005,0,27167.2
4006,0,22361.9
4007,0,17529.8
4008,0,13350.6
4009,0,10346.3
4010,0,8523.6
4011,0,6885
4012,0,5692
4013,0,5799
4014,0,8789
4015,0,11979.5
4016,0,13916.5
4017,0,16137.7
4018,0,19099.1
4019,0,22163.7
4020,0,25186.6
4021,0,27389.8
4022,0,30349.8
4023,0,32929.8
4024,0,34977.6
4025,0,38144.2
4026,0,39667
4027,0,37756.2
4028,0,32768.5
4029,0,28431.2
4030,0,23912.6
4031,0,19429.6
4032,0,15111
4033,0,11798.6
4034,0,9311.6
4035,0,7376.5
4036,0,6264.1
4037,0,6271.9
4038,0,8928.5
4039,0,12234.8
4040,0,13196.1
4041,0,15668.4
4042,0,19275.7
4043,0,22449.2
4044,0,25501.6
4045,0,28041
4046,0,30836.4
4047,0,32795.5
4048,0,32088.7
4049,0,30565.7
4050,0,29186.7
4051,0,28210.2
4052,0,26574
4053,0,24374.7
4054,0,20859.4
4055,0,17590.5
4056,0,14616.1
4057,0,12551.6
4058,0,10717.1
4059,0,9351.2
4060,0,8444.8
4061,0,8674.2
4062,0,10425.2
4063,0,11915.3
4064,0,12878.2
4065,0,15639.6
4066,0,19601.6
4067,0,23221.4
4068,0,25015.9
4069,0,24761.3
4070,0,24365.5
4071,0,25251.2
4072,0,28090.7
4073,0,30466.8
4074,0,30589.7
4075,0,29107.2
4076,0,26600.8
4077,0,23457.2
4078,0,19584.1
4079,0,15546.6
4080,0,11553.1
4081,0,9033.2
4082,0,6610.8
4083,0,4607
4084,0,4028
4085,0,4085.6
4086,0,5858.6
4087,0,8853.1
4088,0,10722.8
4089,0,12605.5
4090,0,15840.8
4091,0,18918.9
4092,0,21156.4
4093,0,24205.6
4094,0,26864.3
4095,0,29237.5
4096,0,31960.2
4097,0,32610
4098,0,32529.1
4099,0,30954.5
4100,0,28330.6
4101,0,25590.7
4102,0,22037.8
4103,0,18562.6
4104,0,15396.7
4105,0,13270.2
4106,0,12096.2
4107,0,11075.8
4108,0,10157.2
4109,0,10439
4110,0,12269.2
4111,0,14723.6
4112,0,16604.5
4113,0,18727.5
4114,0,21466.4
4115,0,24097.8
4116,0,25561.3
4117,0,27430.8
4118,0,30064.7
4119,0,32755.2
4120,0,35739.7
4121,0,39029.8
4122,0,41339.2
4123,0,39585.2
4124,0,35071.7
4125,0,30646.5
4126,0,26069.4
4127,0,21541.2
4128,0,18009.1
4129,0,14988.7
4130,0,11672.6
4131,0,9355
4132,0,8360.9
4133,0,8065.5
4134,0,10638.8
4135,0,14436.4
4136,0,16632.1
4137,0,19577.4
4138,0,22919.7
4139,0,26206.5
4140,0,28426.3
4141,0,30345.3
4142,0,32482.9
4143,0,34121.1
4144,0,33450.5
4145,0,34469.2
4146,0,32183
4147,0,27997.7
4148,0,25261
4149,0,22597.4
4150,0,19150.4
4151,0,15726.3
4152,0,12773.5
4153,0,11244.2
4154,0,10218.8
4155,0,9689.9
4156,0,9514.6
4157,0,9871
4158,0,11777.2
4159,0,13258.5
4160,0,13547.9
4161,0,13833.6
4162,0,14183.5
4163,0,17799.3
4164,0,20549.3
4165,0,22856.3
4166,0,25657.3
4167,0,27879.9
4168,0,29807.8
4169,0,33922.3
4170,0,36191.1
4171,0,33402.8
4172,0,29796.1
4173,0,26287.5
4174,0,22036.2
4175,0,18246.6
4176,0,14411.1
4177,0,11098.9
4178,0,8389
4179,0,6427
4180,0,4838.4
4181,0,4771.3
4182,0,8728.4
4183,0,12138.9
4184,0,12808.6
4185,0,13979
4186,0,16069.7
4187,0,17207.9
4188,0,17982.1
4189,0,19496.6
4190,0,21220.8
4191,0,22151.3
4192,0,24314.6
4193,0,26969.3
4194,0,30171.3
4195,0,29281.9
4196,0,24976.3
4197,0,21807.5
4198,0,17682.7
4199,0,12811.2
4200,0,9499.1
4201,0,7195.4
4202,0,4945.4
4203,0,3732.7
4204,0,3100
4205,0,3210.7
4206,0,5817
4207,0,9066.6
4208,0,9743.9
4209,0,11657.4
4210,0,14326.6
4211,0,16875.3
4212,0,18596.3
4213,0,20598.7
4214,0,22433.7
4215,0,23817.5
4216,0,25311.9
4217,0,27595.2
4218,0,30136.2
4219,0,29031.7
4220,0,25541.5
4221,0,21911.8
4222,0,18136
4223,0,13927.2
4224,0,9548.5
4225,0,6674
4226,0,4702.7
4227,0,3798.5
4228,0,3595.3
4229,0,3823.4
4230,0,6673.8
4231,0,10737.7
4232,0,12750.1
4233,0,15179
4234,0,19053
4235,0,21291.6
4236,0,23745.7
4237,0,25993.3
4238,0,28624.5
4239,0,31555.7
4240,0,34619.5
4241,0,36407.5
4242,0,37082.7
4243,0,34675
4244,0,30954.1
4245,0,27506.8
4246,0,23142.3
4247,0,18761.2
4248,0,14727.1
4249,0,11997
4250,0,9952.3
4251,0,8728.3
4252,0,8148.7
4253,0,8355.5
4254,0,12197.4
4255,0,15767.1
4256,0,16898.9
4257,0,19281.2
4258,0,22405.4
4259,0,25545.8
4260,0,28148.6
4261,0,30759
4262,0,33797
4263,0,36132.9
4264,0,37038.2
4265,0,37837.2
4266,0,38219.1
4267,0,36724.9
4268,0,34082.6
4269,0,30727
4270,0,26401.3
4271,0,22276.4
4272,0,18179.6
4273,0,15306.8
4274,0,13483.9
4275,0,11360.4
4276,0,9896.9
4277,0,10204.1
4278,0,14059.5
4279,0,17986.8
4280,0,19979.1
4281,0,22144.4
4282,0,25035.9
4283,0,28648.2
4284,0,30949.1
4285,0,33424.8
4286,0,36416.1
4287,0,38768.4
4288,0,42257.6
4289,0,44855.5
4290,0,44805.2
4291,0,42020.5
4292,0,37826.6
4293,0,33691
4294,0,29472.8
4295,0,25181.9
4296,0,20935.4
4297,0,18091.6
4298,0,16171.2
4299,0,14541.2
4300,0,13244.6
4301,0,12993
4302,0,15075.4
4303,0,18942.6
4304,0,20901
4305,0,23070.6
4306,0,26730.8
4307,0,30029.4
4308,0,32568.2
4309,0,35203.7
4310,0,37536.8
4311,0,39733.8
4312,0,42580.9
4313,0,45271
4314,0,45903.7
4315,0,43415.2
4316,0,39708.8
4317,0,36605.4
4318,0,32282.4
4319,0,27299.9
4320,0,23919.2
4321,0,21601
4322,0,19095.3
4323,0,16917.7
4324,0,15423
4325,0,15458.7
4326,0,18459.3
4327,0,21753.7
4328,0,23042.9
4329,0,24622.6
4330,0,27306.1
4331,0,29781.9
4332,0,31825.1
4333,0,33652.8
4334,0,35839.7
4335,0,37767.1
4336,0,40330.7
4337,0,42992
4338,0,43490
4339,0,40759
4340,0,37975.1
4341,0,34297.4
4342,0,29805.8
4343,0,25752.5
4344,0,21995
4345,0,19439.2
4346,0,17398.5
4347,0,15658.9
4348,0,14374.8
4349,0,14492.2
4350,0,16006.2
4351,0,16706.6
4352,0,16068.8
4353,0,17111.9
4354,0,18997.1
4355,0,19845
4356,0,20216.5
4357,0,18964.4
4358,0,19339.9
4359,0,21463.4
4360,0,23887.7
4361,0,25934.7
4362,0,26340.5
4363,0,24462.5
4364,0,22864.7
4365,0,21138.3
4366,0,18184.1
4367,0,15058.8
4368,0,12215.1
4369,0,10479.7
4370,0,9506.9
4371,0,9038.3
4372,0,9043.3
4373,0,9847.8
4374,0,11746.1
4375,0,12752.4
4376,0,12455.1
4377,0,13600.7
4378,0,15704.8
4379,0,18215.9
4380,0,20318.3
4381,0,22149.4
4382,0,23140.4
4383,0,25331.5
4384,0,27279.7
4385,0,28807.5
4386,0,28731.1
4387,0,26575.2
4388,0,24605.5
4389,0,22681.6
4390,0,19642.1
4391,0,16513.3
4392,0,13750.5
4393,0,12148.7
4394,0,11028.6
4395,0,10226
4396,0,9891.7
4397,0,10501
4398,0,12192
4399,0,12849.9
4400,0,12848.2
4401,0,13896.3
4402,0,15937.3
4403,0,17982.2
4404,0,20341.6
4405,0,22455.7
4406,0,24144.7
4407,0,25397.4
4408,0,27288.2
4409,0,29109.3
4410,0,29655.3
4411,0,27940
4412,0,26213.9
4413,0,24007.4
4414,0,20548.5
4415,0,17070
4416,0,14051.8
4417,0,12174.5
4418,0,10661.5
4419,0,9433.8
4420,0,8653.8
4421,0,8965.9
4422,0,10565.3
4423,0,11146.3
4424,0,10352.6
4425,0,10527
4426,0,10985
4427,0,12952
4428,0,14502.9
4429,0,14550.7
4430,0,16618.9
4431,0,18929.6
4432,0,21587.8
4433,0,24394
4434,0,26751
4435,0,25716.5
4436,0,23652.4
4437,0,21068.4
4438,0,17262.4
4439,0,13681
4440,0,10696.1
4441,0,8848.3
4442,0,7429.8
4443,0,6329.5
4444,0,5711.5
4445,0,6566.1
4446,0,8955.9
4447,0,10245.5
4448,0,10349.3
4449,0,11239.7
4450,0,13237.2
4451,0,15544.6
4452,0,17991.9
4453,0,20516.2
4454,0,21768.9
4455,0,22955.2
4456,0,25008.7
4457,0,26859.2
4458,0,27960.8
4459,0,27059.4
4460,0,25588.3
4461,0,23535.8
4462,0,20308.8
4463,0,17047
4464,0,14172
4465,0,12415.8
4466,0,11100.4
4467,0,10076.8
4468,0,9506
4469,0,10240.2
4470,0,12342.2
4471,0,14059.6
4472,0,15467.4
4473,0,17496.9
4474,0,20507.8
4475,0,23172.8
4476,0,25468.5
4477,0,27846.5
4478,0,30453.2
4479,0,33390.7
4480,0,36586
4481,0,39413.9
4482,0,40903.1
4483,0,39197
4484,0,35993.1
4485,0,32632
4486,0,28305.4
4487,0,23895.6
4488,0,19821.6
4489,0,16968
4490,0,14817.2
4491,0,13180.1
4492,0,12037.9
4493,0,12629.1
4494,0,15545.9
4495,0,18437.9
4496,0,19743.9
4497,0,21689.3
4498,0,25001.4
4499,0,27999.1
4500,0,30219.6
4501,0,32714.1
4502,0,35158.5
4503,0,37340.7
4504,0,40092.2
4505,0,42623.6
4506,0,43519.3
4507,0,41550.1
4508,0,38060
4509,0,34136.2
4510,0,29319.6
4511,0,24794.4
4512,0,20846
4513,0,18124.8
4514,0,16332.5
4515,0,15136.5
4516,0,14518
4517,0,15354
4518,0,19317.6
4519,0,22247.5
4520,0,22486.6
4521,0,24374.5
4522,0,27624.1
4523,0,30361.3
4524,0,32195.3
4525,0,34116.7
4526,0,36087.7
4527,0,38301.9
4528,0,41089.5
4529,0,44824.4
4530,0,47481.6
4531,0,46792.5
4532,0,42743.4
4533,0,38007.1
4534,0,32578.7
4535,0,27895.3
4536,0,24279.3
4537,0,21963.4
4538,0,20051.2
4539,0,18463.1
4540,0,17424
4541,0,17962.2
4542,0,21583.6
4543,0,24507.7
4544,0,24735.3
4545,0,26614.6
4546,0,30055.4
4547,0,33112.7
4548,0,35621.8
4549,0,38075.9
4550,0,40324.9
4551,0,42179.3
4552,0,45129.4
4553,0,49037.9
4554,0,51781.7
4555,0,50928.8
4556,0,46760.8
4557,0,41889.3
4558,0,36138.1
4559,0,30739.4
4560,0,26466.9
4561,0,23661.4
4562,0,21489.1
4563,0,19741.6
4564,0,18547.2
4565,0,19072.1
4566,0,23080.5
4567,0,26063.4
4568,0,26166.5
4569,0,27407.2
4570,0,29858
4571,0,32357.7
4572,0,34060.4
4573,0,36086.3
4574,0,37641.1
4575,0,39401.9
4576,0,41833.2
4577,0,44290
4578,0,45614.9
4579,0,43875.7
4580,0,39496.9
4581,0,34735.8
4582,0,29137.8
4583,0,24078.5
4584,0,19760.7
4585,0,16689.8
4586,0,14626.1
4587,0,13203.9
4588,0,12400.9
4589,0,13245.7
4590,0,17473.6
4591,0,20722.5
4592,0,21439.5
4593,0,23090.1
4594,0,26096
4595,0,28901.3
4596,0,31079.7
4597,0,33486
4598,0,35776.1
4599,0,37615.6
4600,0,40320.8
4601,0,43117.8
4602,0,44916.6
4603,0,43842.5
4604,0,39560.4
4605,0,34627.8
4606,0,28792.9
4607,0,23529.1
4608,0,19106.3
4609,0,15943.7
4610,0,13613
4611,0,11938.7
4612,0,10873
4613,0,11284.1
4614,0,13617.5
4615,0,16029.8
4616,0,17964.8
4617,0,20722.7
4618,0,25245.5
4619,0,28615.6
4620,0,31052.7
4621,0,33976.7
4622,0,36545.3
4623,0,38952.4
4624,0,41934.3
4625,0,44554
4626,0,45504
4627,0,43491.9
4628,0,39159.3
4629,0,34974.6
4630,0,30011.7
4631,0,25535.4
4632,0,21918.8
4633,0,19616.8
4634,0,17878
4635,0,16519
4636,0,15768.3
4637,0,16300.2
4638,0,18402.6
4639,0,19975.8
4640,0,21170.2
4641,0,22886
4642,0,26278.2
4643,0,29536.1
4644,0,31540.5
4645,0,34234.4
4646,0,36361.7
4647,0,37171.4
4648,0,38173.1
4649,0,40167.2
4650,0,41315.2
4651,0,39641.6
4652,0,36002.4
4653,0,32427.6
4654,0,28041.5
4655,0,23924.9
4656,0,20382.1
4657,0,18051.8
4658,0,16180.3
4659,0,14637.7
4660,0,13592.4
4661,0,14218.7
4662,0,17810
4663,0,20793.4
4664,0,21830.5
4665,0,23684.1
4666,0,26945.6
4667,0,29706.4
4668,0,31539.1
4669,0,33886.7
4670,0,35524.9
4671,0,36946.9
4672,0,38878.9
4673,0,40978.7
4674,0,42154.3
4675,0,40598.2
4676,0,36421.6
4677,0,32132.1
4678,0,27047.8
4679,0,21659.5
4680,0,16397.9
4681,0,12279.8
4682,0,9401.7
4683,0,7443.1
4684,0,6021.3
4685,0,6540.5
4686,0,10163.9
4687,0,13133.4
4688,0,13397.9
4689,0,15075.1
4690,0,18083.3
4691,0,20656.6
4692,0,22856.3
4693,0,24896.5
4694,0,27089.2
4695,0,29472.9
4696,0,32496.3
4697,0,35995.2
4698,0,38001.8
4699,0,36898.4
4700,0,32942.6
4701,0,28697.5
4702,0,23492.8
4703,0,18648.7
4704,0,14577.9
4705,0,11718.3
4706,0,9773.8
4707,0,8497.5
4708,0,7818
4709,0,8474.6
4710,0,11168.3
4711,0,14236
4712,0,14207.7
4713,0,15244.6
4714,0,17671.8
4715,0,19133
4716,0,20514
4717,0,20604.6
4718,0,21163.2
4719,0,22163.4
4720,0,24002.8
4721,0,26396.9
4722,0,27855
4723,0,26911.4
4724,0,25537.2
4725,0,23762.3
4726,0,20716.9
4727,0,17329.7
4728,0,14193.4
4729,0,12198.7
4730,0,10173.3
4731,0,8072.1
4732,0,6383.9
4733,0,6807.7
4734,0,10157.1
4735,0,13110.7
4736,0,14244.7
4737,0,16298.8
4738,0,19770.4
4739,0,23139.7
4740,0,25745.4
4741,0,28707.3
4742,0,31393.8
4743,0,32840.5
4744,0,35030.9
4745,0,37272.4
4746,0,38968.8
4747,0,37548.8
4748,0,33929.5
4749,0,30058.2
4750,0,25097.2
4751,0,20398.8
4752,0,16464.7
4753,0,13768.2
4754,0,11529.1
4755,0,9657
4756,0,8301.8
4757,0,8723.6
4758,0,12126.3
4759,0,15186.9
4760,0,16452.1
4761,0,19083.7
4762,0,23172.9
4763,0,26713.2
4764,0,29303.3
4765,0,32416
4766,0,35312.7
4767,0,38066.1
4768,0,41059.5
4769,0,43382.9
4770,0,44484.8
4771,0,42507.2
4772,0,38167.7
4773,0,33860.7
4774,0,28624.9
4775,0,23697.8
4776,0,19418.5
4777,0,16423.8
4778,0,14079.2
4779,0,12099.3
4780,0,10692
4781,0,11331.1
4782,0,15096.7
4783,0,18495.9
4784,0,19977.5
4785,0,22773.5
4786,0,27002.6
4787,0,30270.7
4788,0,32776.8
4789,0,35673.4
4790,0,37930.1
4791,0,40236.2
4792,0,43359
4793,0,45645
4794,0,46269.2
4795,0,43698
4796,0,39740.5
4797,0,35944.4
4798,0,31216.2
4799,0,27050.9
4800,0,23735.6
4801,0,21797.5
4802,0,20295.7
4803,0,19038.6
4804,0,18350.8
4805,0,18742.3
4806,0,20312.9
4807,0,21256
4808,0,21049.6
4809,0,21885.8
4810,0,24520.7
4811,0,28168.3
4812,0,31410.3
4813,0,35987.7
4814,0,38978.8
4815,0,40059.7
4816,0,41859.3
4817,0,43011.2
4818,0,40261.6
4819,0,34880.8
4820,0,31518.3
4821,0,29468.8
4822,0,26339
4823,0,23010.9
4824,0,19930.7
4825,0,18142.1
4826,0,16629
4827,0,15271.7
4828,0,14366.5
4829,0,14747
4830,0,17605.6
4831,0,20263.9
4832,0,20978.5
4833,0,22531
4834,0,24765.8
4835,0,27048.4
4836,0,30375.8
4837,0,32646.4
4838,0,34730
4839,0,35701.4
4840,0,37501.7
4841,0,39874.2
4842,0,41539.4
4843,0,39845.9
4844,0,36714.5
4845,0,33342.1
4846,0,28941.4
4847,0,24647.1
4848,0,20772.5
4849,0,18111.4
4850,0,16071.3
4851,0,14485.1
4852,0,13401.9
4853,0,13552.2
4854,0,15243.1
4855,0,16883.1
4856,0,16971
4857,0,18754.3
4858,0,21599.9
4859,0,24205.7
4860,0,25473.9
4861,0,27141.3
4862,0,28483.4
4863,0,29212.4
4864,0,31245.7
4865,0,34279
4866,0,35001.6
4867,0,32996.1
4868,0,30276.8
4869,0,27216.3
4870,0,22926.2
4871,0,18983.1
4872,0,15776.8
4873,0,13812.8
4874,0,11835.4
4875,0,9772.3
4876,0,8175.4
4877,0,8206.7
4878,0,10373.8
4879,0,12505
4880,0,12434.5
4881,0,13860.7
4882,0,16554
4883,0,19249
4884,0,21766.3
4885,0,24305.4
4886,0,26686.8
4887,0,28746.9
4888,0,31267.5
4889,0,34028.5
4890,0,35210.8
4891,0,33277.7
4892,0,29502.3
4893,0,25390.8
4894,0,20187.9
4895,0,15506.4
4896,0,11624.5
4897,0,9064
4898,0,7259.8
4899,0,5987.1
4900,0,5302.3
4901,0,6057.6
4902,0,8430.8
4903,0,10432.3
4904,0,11767.3
4905,0,14394.8
4906,0,18462.7
4907,0,20676.9
4908,0,21609.1
4909,0,21116.7
4910,0,21947.2
4911,0,23766.8
4912,0,24507.5
4913,0,26429.3
4914,0,27599.3
4915,0,26515.1
4916,0,25330.9
4917,0,23555.3
4918,0,20498
4919,0,17400.9
4920,0,14728.9
4921,0,13206
4922,0,11800.1
4923,0,10377.2
4924,0,9382.6
4925,0,9632.6
4926,0,11111.9
4927,0,11793.2
4928,0,11349.9
4929,0,11227
4930,0,12336.4
4931,0,13377.2
4932,0,14567.2
4933,0,14237.1
4934,0,15892
4935,0,17531.6
4936,0,19738.9
4937,0,22010.9
4938,0,23397.3
4939,0,22906.5
4940,0,21950.9
4941,0,20502.3
4942,0,17848.8
4943,0,15111.1
4944,0,12702.7
4945,0,11429
4946,0,10540.4
4947,0,9874.3
4948,0,9650.8
4949,0,10425.7
4950,0,12405.9
4951,0,13771.5
4952,0,14136.6
4953,0,15686.1
4954,0,18404.7
4955,0,21259.2
4956,0,24019.9
4957,0,25808
4958,0,28771.7
4959,0,31334.8
4960,0,34393.9
4961,0,36369.4
4962,0,36433.8
4963,0,33911.3
4964,0,31596.5
4965,0,29264.1
4966,0,25741.4
4967,0,22144.2
4968,0,18917.1
4969,0,16853.4
4970,0,15200.8
4971,0,13840.9
4972,0,12931.4
4973,0,13374.8
4974,0,15483.3
4975,0,16889.7
4976,0,17952.8
4977,0,20553.1
4978,0,23722.5
4979,0,25375.9
4980,0,28490.3
4981,0,30544.5
4982,0,32917.3
4983,0,34045.6
4984,0,36928.2
4985,0,39306.4
4986,0,40946.9
4987,0,39507.9
4988,0,35685.7
4989,0,31871.3
4990,0,26994.6
4991,0,22481.3
4992,0,18620.3
4993,0,15981.2
4994,0,14250
4995,0,13083.7
4996,0,12497.2
4997,0,13002.1
4998,0,14598.4
4999,0,15555.6
5000,0,15100.7
5001,0,15787.4
5002,0,17684
5003,0,18753.1
5004,0,19220.6
5005,0,18933.8
5006,0,21002.6
5007,0,23469.9
5008,0,26753.9
5009,0,28505.8
5010,0,28409.4
5011,0,25950.3
5012,0,24149.9
5013,0,22490.9
5014,0,19523.4
5015,0,16625.3
5016,0,14189.6
5017,0,12948.8
5018,0,12041.8
5019,0,11319.5
5020,0,11064.4
5021,0,11899.5
5022,0,14238.1
5023,0,16425.1
5024,0,16785.9
5025,0,18794.3
5026,0,21817.1
5027,0,24096.9
5028,0,24805.3
5029,0,25876.1
5030,0,27232.9
5031,0,28399.4
5032,0,30055.4
5033,0,32101
5034,0,33025.5
5035,0,30886.5
5036,0,27381.7
5037,0,24011.5
5038,0,19583.6
5039,0,15228
5040,0,11278.6
5041,0,8525.2
5042,0,6499.7
5043,0,4995.4
5044,0,4088.9
5045,0,4436.6
5046,0,6332.6
5047,0,8208.4
5048,0,8734.4
5049,0,11174.1
5050,0,14902.2
5051,0,18304.6
5052,0,21063.1
5053,0,23861.5
5054,0,26692.8
5055,0,29360.2
5056,0,32311
5057,0,34728.6
5058,0,35082.4
5059,0,32517.3
5060,0,29406.1
5061,0,25900.9
5062,0,21098.8
5063,0,16557.5
5064,0,12601.9
5065,0,9886.1
5066,0,7867.2
5067,0,6351.4
5068,0,5342.9
5069,0,6213.3
5070,0,9259.9
5071,0,12214.9
5072,0,13785.6
5073,0,16176.6
5074,0,19911.5
5075,0,23228.9
5076,0,25913.3
5077,0,28495.8
5078,0,31161.1
5079,0,32944.4
5080,0,35122.7
5081,0,37346.9
5082,0,38537.1
5083,0,36713.2
5084,0,32672.4
5085,0,28738.8
5086,0,24374.6
5087,0,20571.8
5088,0,17264.7
5089,0,15468.4
5090,0,14221.5
5091,0,13340
5092,0,13051.8
5093,0,13883.4
5094,0,15856
5095,0,18878.3
5096,0,19683.3
5097,0,23376.3
5098,0,27508.9
5099,0,30839.6
5100,0,34060.3
5101,0,37093.2
5102,0,39662
5103,0,40228.3
5104,0,39196.3
5105,0,38413.3
5106,0,39849.1
5107,0,37922.9
5108,0,34858.4
5109,0,32120.7
5110,0,27850.9
5111,0,23597.2
5112,0,20325
5113,0,18145.8
5114,0,16775
5115,0,15019.7
5116,0,13208.9
5117,0,13105.1
5118,0,14272.2
5119,0,16880.1
5120,0,18599.6
5121,0,20883.4
5122,0,24204
5123,0,27211.3
5124,0,29607.7
5125,0,31752.1
5126,0,34063.6
5127,0,36302.8
5128,0,38734.4
5129,0,41314.6
5130,0,42521.8
5131,0,40209.4
5132,0,35793.2
5133,0,30701.3
5134,0,24702.3
5135,0,20278.2
5136,0,16807
5137,0,13263.4
5138,0,11731.8
5139,0,11418.6
5140,0,10587.7
5141,0,10385.3
5142,0,11719.1
5143,0,14434.7
5144,0,16252.7
5145,0,18791.2
5146,0,21937.6
5147,0,25043
5148,0,27465.9
5149,0,29892.3
5150,0,32939.5
5151,0,35466.3
5152,0,38555.7
5153,0,41060.4
5154,0,42025.5
5155,0,40228.2
5156,0,34979.9
5157,0,29815.9
5158,0,24754.9
5159,0,19542.8
5160,0,15707.4
5161,0,12280.3
5162,0,9374.1
5163,0,7913.9
5164,0,6361.5
5165,0,5911.4
5166,0,7231.4
5167,0,11450.6
5168,0,14236.6
5169,0,18091.3
5170,0,22375.9
5171,0,25769.5
5172,0,29121
5173,0,31850.8
5174,0,34089.7
5175,0,35601.9
5176,0,38739.8
5177,0,40367
5178,0,40898.2
5179,0,38724.6
5180,0,34758.2
5181,0,30519.2
5182,0,25601.7
5183,0,21446.8
5184,0,16961.1
5185,0,14467.2
5186,0,12851.3
5187,0,10781.3
5188,0,8991.5
5189,0,8535.7
5190,0,9615.7
5191,0,12870.3
5192,0,14874.3
5193,0,17505.2
5194,0,21789
5195,0,26004.2
5196,0,28633.6
5197,0,30050.6
5198,0,30715.9
5199,0,31806.6
5200,0,33120.9
5201,0,36495.9
5202,0,38005.5
5203,0,35757.5
5204,0,31414.9
5205,0,28573.1
5206,0,24341.7
5207,0,19704.4
5208,0,14481
5209,0,11838
5210,0,9706.2
5211,0,7246.3
5212,0,5878.5
5213,0,5715.4
5214,0,6690.5
5215,0,10617.4
5216,0,12976.4
5217,0,16343.3
5218,0,20157.8
5219,0,23393
5220,0,26904
5221,0,29698.7
5222,0,32539.8
5223,0,34885.6
5224,0,37912.8
5225,0,41137.1
5226,0,42582.7
5227,0,40006.3
5228,0,34821.9
5229,0,31335
5230,0,26451.4
5231,0,21896.6
5232,0,17314.8
5233,0,13916.4
5234,0,11835.9
5235,0,9156.2
5236,0,8025.3
5237,0,8032
5238,0,9463.7
5239,0,13487.2
5240,0,16225.8
5241,0,18854.9
5242,0,21908.1
5243,0,24837.1
5244,0,28148.7
5245,0,31400.1
5246,0,33876.2
5247,0,36545.7
5248,0,38764.4
5249,0,40357
5250,0,40554.4
5251,0,38453.5
5252,0,35499
5253,0,32578.9
5254,0,28562.4
5255,0,24594
5256,0,21051.5
5257,0,19006.9
5258,0,17337.6
5259,0,16059.2
5260,0,15520.7
5261,0,15925.3
5262,0,17453.3
5263,0,19836.8
5264,0,19352.1
5265,0,20062.1
5266,0,20353.3
5267,0,23658.1
5268,0,24588
5269,0,24615.2
5270,0,24540.3
5271,0,25431.4
5272,0,25263.3
5273,0,26251.5
5274,0,27555.6
5275,0,26636.3
5276,0,25582.2
5277,0,23764
5278,0,20562
5279,0,17465.2
5280,0,14570.6
5281,0,12981.5
5282,0,11920.6
5283,0,10454.7
5284,0,9094.7
5285,0,8575.2
5286,0,9963.6
5287,0,11957.9
5288,0,12617.5
5289,0,14703
5290,0,17523.6
5291,0,20161.7
5292,0,22529.2
5293,0,25093.4
5294,0,27555.1
5295,0,29861.6
5296,0,32768.5
5297,0,35014.5
5298,0,35934.3
5299,0,33397.1
5300,0,29002.3
5301,0,23987.7
5302,0,17756.7
5303,0,12377.1
5304,0,7982.7
5305,0,4830.6
5306,0,3369
5307,0,2861.2
5308,0,2693.5
5309,0,2983.1
5310,0,4545.3
5311,0,6941.8
5312,0,8618.5
5313,0,10909.2
5314,0,14601.3
5315,0,18504.6
5316,0,22246.4
5317,0,26045.1
5318,0,27933.2
5319,0,28985.1
5320,0,33735.4
5321,0,36086.1
5322,0,36754.8
5323,0,34106.8
5324,0,30829.2
5325,0,28243
5326,0,24349.1
5327,0,19563.5
5328,0,16595.7
5329,0,15280.8
5330,0,13210.3
5331,0,11979
5332,0,11278.1
5333,0,11171
5334,0,12431.1
5335,0,14729.4
5336,0,16074.9
5337,0,19087.6
5338,0,23507
5339,0,26687.2
5340,0,30293.1
5341,0,34068.2
5342,0,36590.3
5343,0,37946.9
5344,0,37515.2
5345,0,39185.3
5346,0,39269.5
5347,0,36983.5
5348,0,34152.8
5349,0,31156.8
5350,0,27285.2
5351,0,23637.8
5352,0,19936.4
5353,0,17195
5354,0,14628.8
5355,0,12682.9
5356,0,11534.3
5357,0,11165.9
5358,0,12115.1
5359,0,14734.7
5360,0,16585.6
5361,0,19811
5362,0,23624.7
5363,0,27712.5
5364,0,31031.3
5365,0,34274.6
5366,0,37754.2
5367,0,40373.4
5368,0,42248.9
5369,0,44423.3
5370,0,44920.6
5371,0,42230.4
5372,0,38423.7
5373,0,34941
5374,0,30095.6
5375,0,25536.3
5376,0,22040.4
5377,0,19718.7
5378,0,18128.1
5379,0,16525.7
5380,0,15372.6
5381,0,15898.8
5382,0,17220.6
5383,0,18299.2
5384,0,18587.4
5385,0,21504.8
5386,0,24716.7
5387,0,27648.6
5388,0,30233
5389,0,32310.7
5390,0,35329.5
5391,0,35324.3
5392,0,37893.8
5393,0,42244.1
5394,0,42747
5395,0,40972.9
5396,0,38121.5
5397,0,35940.5
5398,0,32541.4
5399,0,28814.2
5400,0,24795.8
5401,0,20645.4
5402,0,18153.7
5403,0,16733.7
5404,0,15478.2
5405,0,15496.5
5406,0,17077.4
5407,0,19291.6
5408,0,20108.6
5409,0,22552.6
5410,0,26775
5411,0,31758.5
5412,0,35870.2
5413,0,38995.4
5414,0,42385.7
5415,0,43954.1
5416,0,38237.4
5417,0,34427.2
5418,0,33743.7
5419,0,31211.9
5420,0,28762.5
5421,0,26342.4
5422,0,23160
5423,0,19830.4
5424,0,16728.6
5425,0,15141.9
5426,0,14024.3
5427,0,12847.2
5428,0,11944.2
5429,0,12234
5430,0,13574.3
5431,0,14708.4
5432,0,15703.3
5433,0,15659
5434,0,17513.1
5435,0,19893.2
5436,0,19752.5
5437,0,21918.4
5438,0,22707.7
5439,0,23669.3
5440,0,26146
5441,0,29304.6
5442,0,30625.8
5443,0,28841.6
5444,0,26889.1
5445,0,24814.4
5446,0,22162.5
5447,0,18807.7
5448,0,14651.2
5449,0,11463.5
5450,0,8883
5451,0,7248
5452,0,5934.8
5453,0,5744.8
5454,0,7468.4
5455,0,10425.8
5456,0,12581.2
5457,0,15777.9
5458,0,19074.7
5459,0,22041.3
5460,0,24391.3
5461,0,28170.2
5462,0,30871.2
5463,0,32244.2
5464,0,36492.7
5465,0,37982.4
5466,0,38844.3
5467,0,36088.8
5468,0,32543.3
5469,0,28477.4
5470,0,23407.5
5471,0,19716.5
5472,0,16889.3
5473,0,14716.8
5474,0,13025
5475,0,11741.7
5476,0,10882
5477,0,11144.6
5478,0,12697.6
5479,0,14597.1
5480,0,15756.7
5481,0,18990
5482,0,24185.5
5483,0,29213.5
5484,0,32918.5
5485,0,36222.4
5486,0,39447.4
5487,0,42133.4
5488,0,44930.1
5489,0,47117.3
5490,0,47568.8
5491,0,44215
5492,0,39858.6
5493,0,36056.8
5494,0,29976.6
5495,0,24724.9
5496,0,20853.9
5497,0,17760.3
5498,0,15223.8
5499,0,12949.8
5500,0,11659.5
5501,0,11717
5502,0,13037.6
5503,0,16004.7
5504,0,18982.4
5505,0,22446.5
5506,0,26107.5
5507,0,29622.9
5508,0,31737.2
5509,0,33539.3
5510,0,36150.7
5511,0,36714.5
5512,0,40420.6
5513,0,42145.1
5514,0,41866
5515,0,38379.6
5516,0,35270
5517,0,31989.6
5518,0,27038.7
5519,0,22150
5520,0,18139.2
5521,0,14631.2
5522,0,12360.7
5523,0,10881
5524,0,9461.3
5525,0,9607.3
5526,0,11005.7
5527,0,12451.7
5528,0,11894.2
5529,0,14108.4
5530,0,18234.8
5531,0,21475
5532,0,24527.6
5533,0,27749.5
5534,0,30782.2
5535,0,33161.6
5536,0,35245.1
5537,0,37260.8
5538,0,37935.8
5539,0,34859.9
5540,0,32017.4
5541,0,29252.1
5542,0,25292.7
5543,0,21352.6
5544,0,18112.6
5545,0,16340.7
5546,0,14809.3
5547,0,12650.9
5548,0,11235.1
5549,0,11722.2
5550,0,12840.2
5551,0,12901.6
5552,0,11382
5553,0,12766.6
5554,0,14841.6
5555,0,18959
5556,0,21246.3
5557,0,24943.3
5558,0,27600.3
5559,0,28723.9
5560,0,30039.9
5561,0,31466
5562,0,31683.3
5563,0,29118.9
5564,0,26306.6
5565,0,22802.2
5566,0,18393.3
5567,0,14481
5568,0,11425
5569,0,9222.3
5570,0,7723.4
5571,0,6438.7
5572,0,5721.3
5573,0,6130
5574,0,7402.6
5575,0,7954.6
5576,0,7328.1
5577,0,7045.6
5578,0,8019.5
5579,0,8700.5
5580,0,11010.3
5581,0,12801.3
5582,0,13101.3
5583,0,15837.3
5584,0,19513.1
5585,0,22094.7
5586,0,22795
5587,0,21749.9
5588,0,20386.8
5589,0,18664.1
5590,0,15698.2
5591,0,12235.8
5592,0,8623.2
5593,0,6455.2
5594,0,4841.3
5595,0,3838.4
5596,0,3220
5597,0,3595.7
5598,0,5399.6
5599,0,7705.5
5600,0,8577.4
5601,0,10943.5
5602,0,14701.3
5603,0,18187.4
5604,0,21638.2
5605,0,24970.9
5606,0,27402.4
5607,0,28862.9
5608,0,31815.5
5609,0,34222.3
5610,0,34274.6
5611,0,31242
5612,0,27045.2
5613,0,22426.8
5614,0,17555
5615,0,12960.8
5616,0,8941.2
5617,0,6695
5618,0,4794.7
5619,0,3375.2
5620,0,3045.5
5621,0,3365.7
5622,0,4305.6
5623,0,6086.1
5624,0,8320.3
5625,0,12226.3
5626,0,17164.7
5627,0,21268.1
5628,0,24830.3
5629,0,27053.1
5630,0,28766.4
5631,0,30829.9
5632,0,33628.7
5633,0,34850.3
5634,0,34840.4
5635,0,31734.8
5636,0,29243.8
5637,0,26681.2
5638,0,23087.2
5639,0,19750.3
5640,0,16586.7
5641,0,14455.2
5642,0,12789.5
5643,0,11587.6
5644,0,9955.8
5645,0,9606.1
5646,0,10897
5647,0,11728.2
5648,0,10420.1
5649,0,11373.8
5650,0,13027.7
5651,0,13860.4
5652,0,15732.3
5653,0,16968.7
5654,0,21155.8
5655,0,25078.7
5656,0,27757.7
5657,0,29621.8
5658,0,30223.5
5659,0,27968.4
5660,0,25381
5661,0,22672.4
5662,0,18809.8
5663,0,15249.4
5664,0,12078.7
5665,0,10228.8
5666,0,9064.2
5667,0,7825.4
5668,0,7442.7
5669,0,8491.2
5670,0,10406.2
5671,0,11954.8
5672,0,12708.4
5673,0,13620
5674,0,15538.8
5675,0,15341.6
5676,0,15495.4
5677,0,16067.4
5678,0,15025.8
5679,0,14392.1
5680,0,15532.5
5681,0,17205.1
5682,0,18685.3
5683,0,17912.3
5684,0,17066.2
5685,0,15938.4
5686,0,13651.7
5687,0,11518.5
5688,0,9751.3
5689,0,8573.3
5690,0,7738.3
5691,0,7551.5
5692,0,7684.2
5693,0,8447.6
5694,0,10078.9
5695,0,11155.8
5696,0,10917.8
5697,0,12307.2
5698,0,16009.3
5699,0,18960.4
5700,0,21221.5
5701,0,23516.2
5702,0,27043.1
5703,0,29200
5704,0,29937.5
5705,0,31013.8
5706,0,31659.6
5707,0,27491
5708,0,23855.5
5709,0,21647.8
5710,0,18350.5
5711,0,15349.6
5712,0,12716.4
5713,0,11552.1
5714,0,10728.6
5715,0,9644.3
5716,0,8873.7
5717,0,9277.1
5718,0,10523.4
5719,0,12017.8
5720,0,12336.4
5721,0,13894.7
5722,0,17251.2
5723,0,21651.1
5724,0,24778.5
5725,0,26802.3
5726,0,28679.3
5727,0,30858.7
5728,0,33628.2
5729,0,34209
5730,0,35030.2
5731,0,31984.4
5732,0,29072.2
5733,0,26125.2
5734,0,22254.4
5735,0,18754
5736,0,15173.9
5737,0,12988
5738,0,11633.6
5739,0,9919.9
5740,0,8841.3
5741,0,9138.4
5742,0,9839.1
5743,0,11135
5744,0,12596.2
5745,0,15880.1
5746,0,20286.3
5747,0,24054.7
5748,0,27175.1
5749,0,30400.3
5750,0,33324.1
5751,0,35592.6
5752,0,37941.8
5753,0,39908.6
5754,0,39823.2
5755,0,36784.8
5756,0,33036.2
5757,0,28474.7
5758,0,24325.2
5759,0,20903.4
5760,0,17038.2
5761,0,14625.7
5762,0,12747.5
5763,0,11385.4
5764,0,10598.7
5765,0,10602.9
5766,0,11267.5
5767,0,13409.9
5768,0,15783.3
5769,0,19771.9
5770,0,23944.4
5771,0,27842.3
5772,0,30892.2
5773,0,33670.4
5774,0,36138
5775,0,38020.3
5776,0,39669.9
5777,0,41040.7
5778,0,40059.6
5779,0,36941.8
5780,0,33776.5
5781,0,29536.9
5782,0,23845
5783,0,18953.2
5784,0,15138.7
5785,0,12152
5786,0,9347.9
5787,0,7204.6
5788,0,6095
5789,0,5362.1
5790,0,5773.8
5791,0,6463.4
5792,0,6159.1
5793,0,6709.3
5794,0,8636.6
5795,0,11261.4
5796,0,12674.5
5797,0,13539.1
5798,0,13550.1
5799,0,15241.9
5800,0,16051.2
5801,0,17356.5
5802,0,18820.9
5803,0,17229.7
5804,0,15647.5
5805,0,14301.6
5806,0,11846.4
5807,0,8934.5
5808,0,6297.7
5809,0,4607
5810,0,3612.9
5811,0,3103.8
5812,0,2819
5813,0,3170.4
5814,0,4300.8
5815,0,5354.9
5816,0,5328.7
5817,0,5532.1
5818,0,7404.7
5819,0,10571.5
5820,0,12648.3
5821,0,12806.2
5822,0,13148.4
5823,0,14042
5824,0,15001.6
5825,0,16809.5
5826,0,18316.6
5827,0,17348.1
5828,0,16318.6
5829,0,14440
5830,0,11761.7
5831,0,9530.1
5832,0,7741.9
5833,0,6804
5834,0,6071.9
5835,0,5696.5
5836,0,5683.4
5837,0,5519.2
5838,0,7153.6
5839,0,8931.6
5840,0,10070.5
5841,0,12943.3
5842,0,16745.7
5843,0,19948.3
5844,0,22474.2
5845,0,24917.3
5846,0,27183.1
5847,0,30231.4
5848,0,32056
5849,0,33922.7
5850,0,33998.6
5851,0,31020
5852,0,28276.8
5853,0,25741.7
5854,0,22274.2
5855,0,18660.7
5856,0,15291.6
5857,0,13475.4
5858,0,12338.5
5859,0,11674
5860,0,11187.8
5861,0,11504.2
5862,0,12909.5
5863,0,13611.4
5864,0,13414.9
5865,0,15793.9
5866,0,18168.4
5867,0,21810.7
5868,0,25830.1
5869,0,27903.8
5870,0,29367.8
5871,0,31942
5872,0,33417.1
5873,0,35065.9
5874,0,34708
5875,0,31579.3
5876,0,28969.9
5877,0,26355.1
5878,0,22821.4
5879,0,19598
5880,0,16583.7
5881,0,14852.7
5882,0,13806.3
5883,0,12749.7
5884,0,11976.3
5885,0,12281.9
5886,0,13676.6
5887,0,14672
5888,0,14929.5
5889,0,18000.2
5890,0,21836.1
5891,0,24394.3
5892,0,26838.5
5893,0,28616.4
5894,0,30087.9
5895,0,31784.5
5896,0,32029.9
5897,0,33371.5
5898,0,33416.5
5899,0,31757.6
5900,0,29456.6
5901,0,26748.5
5902,0,23113.2
5903,0,19807.8
5904,0,16800.8
5905,0,14377.6
5906,0,13092.7
5907,0,12448.8
5908,0,11944.4
5909,0,12020.5
5910,0,12847.3
5911,0,14534.5
5912,0,16047.2
5913,0,19024
5914,0,21261.6
5915,0,24261.1
5916,0,28334.4
5917,0,30689.4
5918,0,32783.7
5919,0,35310
5920,0,37029
5921,0,37520.1
5922,0,37089.5
5923,0,34106.7
5924,0,30868.1
5925,0,27973.9
5926,0,24116.5
5927,0,20079.6
5928,0,16755.7
5929,0,14669.3
5930,0,13409.1
5931,0,12559.2
5932,0,12120.4
5933,0,12959.9
5934,0,14628.2
5935,0,15746.2
5936,0,15250.5
5937,0,16055.2
5938,0,18090.7
5939,0,20229.6
5940,0,21060.3
5941,0,20704.3
5942,0,20403.2
5943,0,20458.6
5944,0,21812.7
5945,0,23574.2
5946,0,24323.1
5947,0,23762
5948,0,22982.6
5949,0,21629
5950,0,19251.2
5951,0,16812.2
5952,0,14958
5953,0,14129.9
5954,0,13152.1
5955,0,12199
5956,0,11912.4
5957,0,12378.9
5958,0,13731.1
5959,0,14852.3
5960,0,15029
5961,0,17072.4
5962,0,20336.7
5963,0,23374.3
5964,0,26716.5
5965,0,28170.7
5966,0,31042.9
5967,0,33462.6
5968,0,35369
5969,0,36466.7
5970,0,35432.2
5971,0,32002.9
5972,0,28930.6
5973,0,25933.2
5974,0,21805.7
5975,0,17457.4
5976,0,14042.1
5977,0,12233.7
5978,0,10322.1
5979,0,8839
5980,0,7943.3
5981,0,7736.5
5982,0,8843.8
5983,0,11762.7
5984,0,13996.7
5985,0,16945.3
5986,0,20808.3
5987,0,23827.8
5988,0,26511.6
5989,0,29338.3
5990,0,31965.2
5991,0,33844.4
5992,0,36205.3
5993,0,36792.8
5994,0,34936.4
5995,0,32239.3
5996,0,29222.5
5997,0,25800.1
5998,0,21206
5999,0,17413.7
6000,0,14387.8
6001,0,12146.7
6002,0,9963.2
6003,0,7584.2
6004,0,5715.7
6005,0,5472
6006,0,6358.6
6007,0,7834
6008,0,9175.7
6009,0,11850.5
6010,0,15038.1
6011,0,17030
6012,0,18117.9
6013,0,20565.6
6014,0,21615.7
6015,0,23390
6016,0,24546
6017,0,24332.4
6018,0,23314.4
6019,0,20905.8
6020,0,19035.1
6021,0,16679.2
6022,0,12710.5
6023,0,8916.4
6024,0,5391.2
6025,0,3417.5
6026,0,2670.7
6027,0,2129.5
6028,0,1799.6
6029,0,1916.5
6030,0,2547.6
6031,0,3223.3
6032,0,3669.2
6033,0,5217.3
6034,0,7711.5
6035,0,10403.4
6036,0,12692.7
6037,0,15442.6
6038,0,18754.2
6039,0,21746.9
6040,0,23294.8
6041,0,25826.9
6042,0,24987.4
6043,0,21759.8
6044,0,18491.9
6045,0,15727.4
6046,0,11501.9
6047,0,7711.4
6048,0,4125.6
6049,0,2784.2
6050,0,2258.6
6051,0,1690.6
6052,0,1455.9
6053,0,1697.5
6054,0,2189.2
6055,0,3023.9
6056,0,4188
6057,0,6573.7
6058,0,9272.3
6059,0,11018.3
6060,0,12951.5
6061,0,16795.2
6062,0,20374
6063,0,23201.2
6064,0,25348.7
6065,0,27543.2
6066,0,27292.4
6067,0,23142
6068,0,19682.2
6069,0,16721.4
6070,0,12694.5
6071,0,8782.7
6072,0,5662.4
6073,0,3938.5
6074,0,2994.5
6075,0,2519.4
6076,0,2248.5
6077,0,2391.8
6078,0,3190.2
6079,0,4438.9
6080,0,6202.3
6081,0,9433.8
6082,0,14522.8
6083,0,18766.8
6084,0,22136.4
6085,0,23831.7
6086,0,26135.7
6087,0,27909.5
6088,0,28691.8
6089,0,29005.7
6090,0,29497.3
6091,0,26621
6092,0,23689.6
6093,0,21314.1
6094,0,17872.1
6095,0,13435.6
6096,0,9994
6097,0,8343.1
6098,0,6487.7
6099,0,4881.1
6100,0,3784.3
6101,0,3760.3
6102,0,4535.4
6103,0,5428
6104,0,6938.2
6105,0,9390.1
6106,0,12418.6
6107,0,16424.9
6108,0,18873.6
6109,0,22099.6
6110,0,24862.3
6111,0,25822.5
6112,0,28200.7
6113,0,29566.6
6114,0,29045.8
6115,0,25737.9
6116,0,22346.3
6117,0,19392
6118,0,15242.7
6119,0,11077.4
6120,0,7890.8
6121,0,5750.7
6122,0,4728.5
6123,0,3772.9
6124,0,3087.2
6125,0,3251.2
6126,0,4072.3
6127,0,5581.9
6128,0,7970.1
6129,0,10866.7
6130,0,14363.6
6131,0,17699
6132,0,20505.1
6133,0,21472.5
6134,0,22626.3
6135,0,23699.7
6136,0,24022
6137,0,24574.3
6138,0,25030.9
6139,0,23549
6140,0,21945
6141,0,20463.7
6142,0,17962.7
6143,0,15276.7
6144,0,13201.5
6145,0,12207.4
6146,0,11697.2
6147,0,11592.7
6148,0,11683.4
6149,0,12787.7
6150,0,14665.8
6151,0,15899.5
6152,0,15252.6
6153,0,14793.3
6154,0,15698.5
6155,0,19269.3
6156,0,21608.9
6157,0,23240
6158,0,26883.8
6159,0,27756.1
6160,0,25743.2
6161,0,26678.8
6162,0,27059.8
6163,0,25154.5
6164,0,22658.5
6165,0,20485.8
6166,0,17388.6
6167,0,13959.6
6168,0,10586.6
6169,0,7732
6170,0,5624.3
6171,0,3782.4
6172,0,2692.3
6173,0,2528
6174,0,2891.3
6175,0,3916.2
6176,0,5378.1
6177,0,7340.6
6178,0,10546
6179,0,13781.8
6180,0,15897.5
6181,0,18091.6
6182,0,19950.6
6183,0,21738.6
6184,0,23790.1
6185,0,24642.9
6186,0,23526
6187,0,20330.6
6188,0,16926.1
6189,0,13249.4
6190,0,8427
6191,0,4541.5
6192,0,2839.7
6193,0,2388
6194,0,2092.9
6195,0,1726.6
6196,0,1360.2
6197,0,1312.4
6198,0,1728.9
6199,0,2499.8
6200,0,3304.7
6201,0,5140.8
6202,0,7241.1
6203,0,9420.9
6204,0,11642.1
6205,0,13918.9
6206,0,17047.1
6207,0,19675.5
6208,0,22299.8
6209,0,24645.4
6210,0,24375.6
6211,0,20511
6212,0,17385.5
6213,0,14331.5
6214,0,9785.5
6215,0,5505
6216,0,3094.9
6217,0,2400.9
6218,0,1913.1
6219,0,1496
6220,0,1394.6
6221,0,1472.7
6222,0,1773.8
6223,0,2615.5
6224,0,3745.8
6225,0,6242.6
6226,0,9526
6227,0,13042.9
6228,0,16516.5
6229,0,18434.5
6230,0,22212.9
6231,0,25147.6
6232,0,27156.8
6233,0,28313.8
6234,0,26340.7
6235,0,22076.5
6236,0,18914.3
6237,0,15685.5
6238,0,11501.8
6239,0,7518.7
6240,0,4573.7
6241,0,3250.3
6242,0,2518.7
6243,0,1985.9
6244,0,1710.6
6245,0,1752.2
6246,0,2266.8
6247,0,3140.3
6248,0,5036.7
6249,0,7449.3
6250,0,11204.7
6251,0,15144
6252,0,18407.4
6253,0,19798.4
6254,0,23084.2
6255,0,25581.7
6256,0,27073.6
6257,0,28187
6258,0,26916.5
6259,0,23260
6260,0,20498.6
6261,0,17682.9
6262,0,13797.6
6263,0,10098.3
6264,0,7289.9
6265,0,6354.8
6266,0,5701.9
6267,0,4935.3
6268,0,4420.5
6269,0,4456.2
6270,0,5431.6
6271,0,6969.8
6272,0,9112.8
6273,0,12452.5
6274,0,15760.2
6275,0,17983
6276,0,19913.6
6277,0,22238.5
6278,0,24206.7
6279,0,25316.2
6280,0,26203.7
6281,0,26451.2
6282,0,24714.9
6283,0,20824.1
6284,0,18114.2
6285,0,13598.2
6286,0,8304
6287,0,4653.5
6288,0,2693.1
6289,0,2095.7
6290,0,1702.7
6291,0,1233.9
6292,0,965.1
6293,0,1027.2
6294,0,1262.2
6295,0,1699.9
6296,0,3210.5
6297,0,4680.2
6298,0,6136.2
6299,0,7368.3
6300,0,8792.6
6301,0,10812.2
6302,0,13047.7
6303,0,13036
6304,0,13947.4
6305,0,15028.9
6306,0,14218.3
6307,0,11810.3
6308,0,10275.2
6309,0,8704.3
6310,0,6259.4
6311,0,4351.3
6312,0,3114
6313,0,2656.4
6314,0,2344.8
6315,0,2175.8
6316,0,2153.1
6317,0,2520.2
6318,0,3451.2
6319,0,3953.6
6320,0,3948.9
6321,0,3982.9
6322,0,4596.9
6323,0,5191
6324,0,5231.5
6325,0,5469.3
6326,0,5872.6
6327,0,6516.7
6328,0,8443.6
6329,0,10453.4
6330,0,12500.6
6331,0,12733.2
6332,0,12922.1
6333,0,12575.7
6334,0,10800.6
6335,0,8917.5
6336,0,6689.1
6337,0,5554.4
6338,0,5351.2
6339,0,5240.1
6340,0,5277.2
6341,0,6125.1
6342,0,7764.2
6343,0,8599.3
6344,0,8294.1
6345,0,8988.4
6346,0,10098.1
6347,0,10860
6348,0,11629.3
6349,0,11988.2
6350,0,11884.9
6351,0,12694.2
6352,0,14014.5
6353,0,14531.2
6354,0,14809.9
6355,0,13643.7
6356,0,12269.7
6357,0,10722.2
6358,0,8265
6359,0,5844.6
6360,0,3680.2
6361,0,2771
6362,0,2271.3
6363,0,1974.2
6364,0,1756.8
6365,0,1908.7
6366,0,2661.4
6367,0,3089.5
6368,0,2640
6369,0,3417.6
6370,0,5356.9
6371,0,8047.1
6372,0,10559.9
6373,0,13142.8
6374,0,15336.9
6375,0,17448.7
6376,0,19384.1
6377,0,20466
6378,0,18940
6379,0,15293.1
6380,0,13035.7
6381,0,10587.8
6382,0,6615.8
6383,0,3915.7
6384,0,2462.9
6385,0,1686.6
6386,0,1205.4
6387,0,900.1
6388,0,772
6389,0,941.1
6390,0,1286.4
6391,0,1724.5
6392,0,2040.7
6393,0,3028.9
6394,0,4758.5
6395,0,6255.1
6396,0,7466.3
6397,0,8005.7
6398,0,7517.3
6399,0,7477.5
6400,0,8904.5
6401,0,10837
6402,0,11391.3
6403,0,10020
6404,0,8689.2
6405,0,7288.8
6406,0,5268.5
6407,0,3775.3
6408,0,2769.7
6409,0,2271.1
6410,0,1927.4
6411,0,1734.9
6412,0,1700.7
6413,0,1896.8
6414,0,2484.5
6415,0,2858.3
6416,0,2987.3
6417,0,3210.1
6418,0,3988.4
6419,0,4636.4
6420,0,4840.2
6421,0,5108.7
6422,0,6188.4
6423,0,6865
6424,0,8674.8
6425,0,10502
6426,0,11286.2
6427,0,10762
6428,0,10224.1
6429,0,8875.8
6430,0,6505.3
6431,0,4042.4
6432,0,2606.3
6433,0,2017.8
6434,0,1554.9
6435,0,1183.4
6436,0,919.5
6437,0,1138.5
6438,0,1794.7
6439,0,2316.8
6440,0,2828
6441,0,3619.6
6442,0,5920.5
6443,0,8040.2
6444,0,11581.9
6445,0,15441.8
6446,0,18231.9
6447,0,19154.7
6448,0,19695.8
6449,0,20434.4
6450,0,20442.7
6451,0,18275.8
6452,0,16136.5
6453,0,13639.3
6454,0,10067.5
6455,0,6986.9
6456,0,4153.5
6457,0,2903.7
6458,0,2482.5
6459,0,2122.7
6460,0,1783.9
6461,0,1975.6
6462,0,2673.5
6463,0,3090.7
6464,0,3698.4
6465,0,4359.4
6466,0,5149.5
6467,0,6286.4
6468,0,9209.8
6469,0,11859.4
6470,0,14563.7
6471,0,14692.6
6472,0,16381.9
6473,0,17015.3
6474,0,17339.7
6475,0,15804.9
6476,0,13987
6477,0,12461
6478,0,9840.4
6479,0,7095.5
6480,0,4605
6481,0,3532.5
6482,0,3050.1
6483,0,2690.9
6484,0,2557.5
6485,0,2907.7
6486,0,3711.3
6487,0,4280.3
6488,0,4487.8
6489,0,4823.8
6490,0,5982.1
6491,0,7697.4
6492,0,9428.7
6493,0,10815.7
6494,0,10640
6495,0,11591
6496,0,13934.4
6497,0,15771.6
6498,0,17178.6
6499,0,16890.2
6500,0,16350
6501,0,15377
6502,0,13217.6
6503,0,10608.9
6504,0,8408.9
6505,0,7460.8
6506,0,6809.5
6507,0,6347
6508,0,6296.7
6509,0,6835.6
6510,0,7882.8
6511,0,8442.6
6512,0,8204.7
6513,0,9670.2
6514,0,12874.4
6515,0,15096.5
6516,0,17341.7
6517,0,19186.6
6518,0,19750.9
6519,0,20888.7
6520,0,22307.9
6521,0,22827.5
6522,0,23331.2
6523,0,22321.1
6524,0,21287.1
6525,0,19870
6526,0,17248.6
6527,0,14340.6
6528,0,11853.3
6529,0,10429.2
6530,0,9392.1
6531,0,8465.7
6532,0,8023.8
6533,0,8629.3
6534,0,10031.8
6535,0,10538.6
6536,0,9240.6
6537,0,9447.4
6538,0,10469
6539,0,10586
6540,0,10986.4
6541,0,11192.7
6542,0,11045.2
6543,0,11338.4
6544,0,12438.6
6545,0,14545.6
6546,0,15720.2
6547,0,14776.6
6548,0,13708.5
6549,0,12114
6550,0,9468.6
6551,0,6871.6
6552,0,4566.8
6553,0,3450.3
6554,0,2722.3
6555,0,2399.1
6556,0,2309.7
6557,0,2528.6
6558,0,3020.8
6559,0,3301.9
6560,0,3357
6561,0,3984
6562,0,7298.4
6563,0,11693.1
6564,0,15136.8
6565,0,17786.4
6566,0,20617.8
6567,0,22540.2
6568,0,24129.5
6569,0,24779.3
6570,0,23679.5
6571,0,20847.6
6572,0,18363.3
6573,0,15719.2
6574,0,11883.5
6575,0,8380.6
6576,0,5667.5
6577,0,4077.7
6578,0,3163.9
6579,0,2703.6
6580,0,2535.8
6581,0,2719.2
6582,0,3213.2
6583,0,3396
6584,0,3853.6
6585,0,5446.1
6586,0,9861.7
6587,0,12913.6
6588,0,15356.2
6589,0,19634.1
6590,0,21902.5
6591,0,22967.7
6592,0,24599.8
6593,0,23484.2
6594,0,21087.6
6595,0,17172.9
6596,0,14331.7
6597,0,11943
6598,0,8643.8
6599,0,5617.8
6600,0,3512.6
6601,0,2740.8
6602,0,2341.3
6603,0,2029
6604,0,1866.3
6605,0,2054.1
6606,0,2537.9
6607,0,2737.9
6608,0,2672.6
6609,0,2527.4
6610,0,2575.3
6611,0,2928.2
6612,0,3053.6
6613,0,3018.1
6614,0,3262.7
6615,0,3428.2
6616,0,3610.9
6617,0,3675.6
6618,0,4029.5
6619,0,3795.2
6620,0,3521.7
6621,0,3082.1
6622,0,2237.5
6623,0,1473
6624,0,891.8
6625,0,730.3
6626,204.5,622.1
6627,688.8,521.1
6628,1046.1,486.3
6629,1260,577.9
6630,1338.1,791.5
6631,1739.6,832
6632,2088.3,778.9
6633,1055.6,1661.2
6634,170.7,3410.9
6635,25.1,4034.7
6636,0,4250.2
6637,0,4938.8
6638,0,5055
6639,0,5201.5
6640,0,5571.4
6641,0,5148.7
6642,0,5036
6643,0,4520.5
6644,0,4131.9
6645,0,3662.2
6646,0,2792.8
6647,0,1920.3
6648,0,1186.6
6649,171.2,871.6
6650,443.9,663.7
6651,973.8,546.5
6652,1586.7,493.3
6653,1767.9,604.7
6654,1577.6,869.1
6655,1615.4,984
6656,2057.2,921.7
6657,1564.7,1640.9
6658,874.8,2742.8
6659,399.7,3893.2
6660,42,5032.6
6661,0,6016.8
6662,0,6364.2
6663,0,6052.1
6664,0,6138.1
6665,0,6277.5
6666,0,6285.4
6667,0,5479.4
6668,0,4824
6669,0,4154.6
6670,0,3260.4
6671,0,2366.3
6672,0,1583.1
6673,0,1199.1
6674,73.7,894
6675,386.7,628.5
6676,781.9,516
6677,1277.2,561.9
6678,1547.1,756.9
6679,1825.8,882.1
6680,1729.5,1533.2
6681,1099.4,2840.9
6682,548.7,4226.1
6683,162,5436.8
6684,10.9,6418.5
6685,0,7835.8
6686,0,9733
6687,0,11183
6688,0,12270.4
6689,0,11708
6690,0,9914.3
6691,0,7658.2
6692,0,5682
6693,0,3921.2
6694,0,2529.7
6695,0.7,1494.6
6696,347,741.5
6697,1253.7,421.1
6698,2151.8,320.4
6699,2808.8,276.9
6700,3218.7,274.4
6701,3428,367.2
6702,3243,650.9
6703,3275,769
6704,3117.9,773.7
6705,1735,1566.5
6706,670.3,3080.4
6707,177.5,4227.4
6708,2.8,5312.9
6709,0,6493.9
6710,0,8417.4
6711,0,9792.2
6712,0,10908.7
6713,0,10970.9
6714,0,9574.5
6715,0,7551.8
6716,0,6015.4
6717,0,4594.6
6718,0,3278.3
6719,0,2226.2
6720,0,1408.4
6721,70.7,957.3
6722,496.8,614.9
6723,1348,407.6
6724,2484.3,303
6725,3050.3,359.3
6726,3118.8,618.7
6727,3090.3,815.4
6728,2158.5,1377.5
6729,901.4,2632.5
6730,147.1,4224.6
6731,0,6048.3
6732,0,7941.7
6733,0,10612.3
6734,0,12726.2
6735,0,14189.8
6736,0,15626.2
6737,0,16137.5
6738,0,14179.6
6739,0,11116.8
6740,0,9029.4
6741,0,7183.2
6742,0,4784.5
6743,0,3236.2
6744,0,2252.1
6745,0,1670.2
6746,0,1335.8
6747,0,1111.8
6748,5.4,996.8
6749,44.3,1159.8
6750,24.8,1596.9
6751,5.7,2144.2
6752,2.7,2902.8
6753,0,4373.7
6754,0,6920
6755,0,9991.8
6756,0,11396
6757,0,12915.5
6758,0,15086.4
6759,0,15402.2
6760,0,15105.5
6761,0,16046.1
6762,0,15558.7
6763,0,13611.2
6764,0,11943.6
6765,0,10150.3
6766,0,7384.6
6767,0,4906.3
6768,0,3341.5
6769,0,2717
6770,0,2298.6
6771,0,1914.8
6772,0,1663.4
6773,0,1743.1
6774,0,2135.8
6775,0,2188
6776,0,1906.9
6777,0,2060.2
6778,0,2413.9
6779,0,2826
6780,0,2641.7
6781,0,2760.8
6782,0,2833
6783,0,2980.4
6784,0,3279.8
6785,0,3437.7
6786,0,3879
6787,0,3768.5
6788,0,3644.8
6789,0,3375.5
6790,0,2703.9
6791,0,1939.2
6792,0,1166.4
6793,8.9,806.1
6794,246,659.7
6795,683.3,561.6
6796,1026.7,527.1
6797,1041.1,678.8
6798,796.7,1029
6799,655.2,1374.6
6800,804.9,1273.6
6801,678.1,1680.3
6802,259.3,2282.8
6803,8.6,3285.2
6804,0,4746.2
6805,0,5171.1
6806,0,5455.1
6807,0,5466.9
6808,0,6530.3
6809,0,6534
6810,0,6132
6811,0,5155.2
6812,0,4704.2
6813,0,4350.8
6814,0,3617.5
6815,0,2625.9
6816,0,1524.2
6817,0,869.3
6818,59.9,580.4
6819,514.9,393.9
6820,1456.7,266.8
6821,2030,335.3
6822,2170.5,572.4
6823,2439.4,680.1
6824,2250.3,1027.7
6825,1356.9,2240.2
6826,690.7,3553
6827,389.3,4364.5
6828,187.1,4746.5
6829,52.9,5257.3
6830,0,5489.8
6831,0,5217.8
6832,0,5027.6
6833,0,4767.2
6834,0,4534.4
6835,0,3943.1
6836,0,3490.7
6837,0,2986.4
6838,183.1,2093.1
6839,764.3,1270.5
6840,1720.1,652.3
6841,2789.8,398.9
6842,3916.3,233.5
6843,5053.9,144.1
6844,6057.1,88.7
6845,6507.8,112.2
6846,6393.3,216.8
6847,6507.5,304.4
6848,6239.6,412.9
6849,4933.7,1091
6850,2846.5,2313.1
6851,1826.4,3056.6
6852,1461.3,2851.5
6853,1121.5,3223.1
6854,827,4116.7
6855,527.5,4235.7
6856,147,4643
6857,7.2,4229.6
6858,19.6,3793.3
6859,146,3171.2
6860,598.4,2575.8
6861,1244.5,1934.1
6862,2669.1,1085.4
6863,4614.6,498.4
6864,6638.9,205.2
6865,8281.5,51.9
6866,9457,0
6867,10369.3,0
6868,11052.9,0
6869,11336.4,0
6870,11191.4,0
6871,11187.8,3.4
6872,10323.2,98
6873,8266.8,445.8
6874,5752.2,1161.2
6875,3546.9,1987.1
6876,2360.8,2734.4
6877,1540.1,3407.6
6878,856.6,3854.4
6879,348.7,4066.8
6880,5.6,4323.6
6881,0,4439.9
6882,0,3942.5
6883,29,3231.2
6884,152.7,2766.3
6885,505.8,2339.6
6886,1202.2,1643.9
6887,1942.8,968.8
6888,2944.3,509.9
6889,4020.2,393.4
6890,4846.5,318.3
6891,5366.5,267.3
6892,5548.6,256.1
6893,5385.6,307.3
6894,4929.9,475.6
6895,4829.8,575.6
6896,4453.8,613.7
6897,3082,1176.1
6898,1455.4,2189.4
6899,568.9,3426
6900,29.1,4447.5
6901,0,5675.4
6902,0,6792
6903,0,8093.9
6904,0,9147.6
6905,0,9007.4
6906,0,8248.9
6907,0,6607
6908,0,5302.5
6909,0,4206.7
6910,0,3119.3
6911,0,2115.6
6912,0,1353.3
6913,30,898.6
6914,391.1,583.2
6915,1053.8,419.1
6916,2005.6,330.5
6917,2715.1,371.8
6918,3172.5,565.9
6919,3788.6,615.5
6920,3279,899.4
6921,1552.7,2326.9
6922,455.8,3910.8
6923,11,5669.6
6924,0,7320.9
6925,0,10622.4
6926,0,13112.4
6927,0,14313.6
6928,0,15580.8
6929,0,15542.8
6930,0,14008.7
6931,0,11438.7
6932,0,9169.7
6933,0,7055
6934,0,4602.4
6935,0,3082.1
6936,0,2191.4
6937,0,1689.1
6938,0,1381.2
6939,0,1157.2
6940,0,1041.2
6941,0,1128.3
6942,0,1412.5
6943,39.1,1518.1
6944,49.7,2261.8
6945,0,3974.9
6946,0,5893.2
6947,0,8177
6948,0,10668.9
6949,0,13101.2
6950,0,14941.1
6951,0,16124.6
6952,0,16030.6
6953,0,15650.7
6954,0,14964.5
6955,0,13032.6
6956,0,11450
6957,0,9913.7
6958,0,7398.1
6959,0,5423.8
6960,0,4297.7
6961,0,3909
6962,0,3736.5
6963,0,3682
6964,0,3937
6965,0,4574.3
6966,0,5678.9
6967,0,6010.3
6968,0,6025.5
6969,0,6840.3
6970,0,8691.3
6971,0,11338.1
6972,0,12725.2
6973,0,15762.3
6974,0,14410.6
6975,0,13633
6976,0,11425.8
6977,0,11300.5
6978,0,11644
6979,0,10590.5
6980,0,9465.5
6981,0,8122.8
6982,0,5901.4
6983,0,4007.6
6984,0,2917.4
6985,0,2537
6986,0,2301.1
6987,0,2135.3
6988,0,2109.6
6989,0,2302.4
6990,0,2716.5
6991,0,2772.4
6992,0,2793.4
6993,0,2927
6994,0,3359.3
6995,0,4463.4
6996,0,6745.2
6997,0,9910
6998,0,12188.4
6999,0,14567.2
7000,0,16772.4
7001,0,16534.5
7002,0,14127.1
7003,0,11193.9
7004,0,8890.2
7005,0,6728.8
7006,0,4255.1
7007,0,2928.2
7008,0,2140.4
7009,0,1747.4
7010,0,1336.8
7011,0,939.4
7012,0,699.9
7013,0,688.1
7014,83.8,831.8
7015,428.7,825.7
7016,548.4,1258.6
7017,274.3,2504.4
7018,132.9,3839.7
7019,23.5,4762.9
7020,0,5865.2
7021,0,6508.6
7022,0,5904.5
7023,0,6211.4
7024,0,5486.2
7025,0,5014.1
7026,0,5089.8
7027,0,4569.8
7028,0,4106.2
7029,0,3580.6
7030,0,2713.2
7031,27.6,1718.3
7032,490.9,939
7033,1233.7,554.6
7034,2265.9,352.6
7035,3135.6,237.8
7036,4061.8,185.7
7037,4407.5,228.7
7038,4116.8,497.9
7039,3991.3,628.4
7040,3159.7,886.8
7041,1610,1900.6
7042,596.7,3262.7
7043,91.7,4779.1
7044,0,6068
7045,0,7825.2
7046,0,9262.5
7047,0,10132.1
7048,0,10530.5
7049,0,10511.5
7050,0,9280.1
7051,0,7589
7052,0,6146.5
7053,0,4800.9
7054,0,3460.4
7055,0,2431.8
7056,0,1591.4
7057,5.6,1183.8
7058,240.8,870.9
7059,673.1,633.4
7060,1232.5,543.8
7061,1577,646.6
7062,1516.5,965.5
7063,1620.1,1150.8
7064,1651.4,1218
7065,1108.6,1942.3
7066,552.8,3384.7
7067,214.4,4648.7
7068,26.2,5712.2
7069,0,7293.7
7070,0,9288.6
7071,0,10764.2
7072,0,11724.1
7073,0,11373.1
7074,0,8860.6
7075,0,6239
7076,0,4738.1
7077,0,3869.9
7078,0,2944
7079,16.8,1938.8
7080,391.1,1092.6
7081,1273.7,589.8
7082,2275.4,381.9
7083,3706.6,253.6
7084,5355.3,160.7
7085,6352.8,157.4
7086,6733.2,231.7
7087,7449.1,239.5
7088,7483.9,292.6
7089,6069.2,820.8
7090,4102.1,1873.4
7091,2707.1,2802.5
7092,2095.4,3372.9
7093,1586.4,3731.4
7094,1266.2,3528.1
7095,1124.4,3076
7096,873.4,2968
7097,567.3,2535.3
7098,517.7,2643.1
7099,834.8,2343
7100,1233.2,2059.1
7101,1937.5,1716.7
7102,3063.4,1083.1
7103,4711.7,565.1
7104,6615.7,243.3
7105,8054.8,96.2
7106,9228.1,5.1
7107,10372.4,0
7108,11348.1,0
7109,11273.2,0
7110,10281.8,8.1
7111,9696.1,82.6
7112,9322.5,100.5
7113,7434.7,549.3
7114,5359.8,1376.1
7115,3472.6,2383
7116,2392.2,3039
7117,1758.1,3948
7118,1260.8,3820.5
7119,886.7,3168
7120,551.2,3019.7
7121,161.3,2702.7
7122,110.4,2864.8
7123,224.6,2601.8
7124,313.4,2395
7125,475.5,2143.4
7126,882.7,1604.6
7127,1577.2,1062.3
7128,2280.6,631.1
7129,2847.8,492
7130,3260.7,397.1
7131,3566.7,326.9
7132,3703.2,315.6
7133,3285.9,481.7
7134,2356,821.3
7135,1855.5,1039.2
7136,2150.3,809.7
7137,2019.3,999.3
7138,1620.5,1248.5
7139,1269.5,1573.1
7140,1292.9,1524.8
7141,1614.7,1384.4
7142,1706.2,1406.9
7143,1819.4,1367
7144,1800.3,1417.6
7145,1433.8,1357.2
7146,1515.8,1528.8
7147,2316.4,1268.9
7148,2907.5,1088.5
7149,3384.7,967.6
7150,4334.7,634.3
7151,5611.4,246.5
7152,7166.6,10.3
7153,8289.7,0
7154,9222.3,0
7155,9988.9,0
7156,10569.3,0
7157,10465.8,0
7158,9801.1,0
7159,9570.9,0
7160,9880,0
7161,9252.7,0
7162,8458.9,17
7163,7185.1,420.1
7164,7048.8,211.1
7165,6291.2,653.7
7166,5574.2,838.9
7167,4568.5,1104.2
7168,3840.9,1133.4
7169,3451.8,811.8
7170,3763.8,873.7
7171,4662.2,717.6
7172,5621,561.4
7173,6771,371.7
7174,8613.7,140.6
7175,10393.7,0
7176,11835.2,0
7177,12779.6,0
7178,13697.4,0
7179,14555.8,0
7180,15125.3,0
7181,15226.2,0
7182,14922.7,0
7183,15001.4,0
7184,14364.6,0
7185,12826.7,0
7186,10170.6,29.5
7187,8103.7,523.5
7188,6321.7,997.2
7189,4898.4,1338.8
7190,3629.7,1473.2
7191,3085.7,1264.6
7192,2220.2,1248.6
7193,1687.9,800.9
7194,1643.4,847.9
7195,2203.5,770.1
7196,2802.7,688.4
7197,3417.8,587.1
7198,4532.9,406.5
7199,5667.1,229.1
7200,6596.2,77.6
7201,7030.8,15.3
7202,7461.7,0
7203,7918.4,0
7204,8140.8,0
7205,7676.9,0
7206,6670.4,94.1
7207,6277.7,149.2
7208,6628.5,50
7209,6185.8,63.2
7210,5185.9,148.1
7211,4184.5,218.4
7212,2933,329.4
7213,1926.8,380
7214,1129.6,417.8
7215,368.6,577.2
7216,0.5,961.9
7217,0,1530.6
7218,0,1813.4
7219,0,1718.6
7220,0,1559.5
7221,11.7,1274.8
7222,575.5,787.1
7223,1862.4,390.9
7224,3375,124.6
7225,4626.8,15.2
7226,5784.5,0
7227,6972.4,0
7228,8007.9,0
7229,8697.1,0
7230,9036.2,0
7231,9928.7,0
7232,10693.7,0
7233,9504.1,0
7234,7935.6,71.8
7235,7041,213.2
7236,5857.2,464.2
7237,4282.8,838.1
7238,3765,734.5
7239,3145.2,693.1
7240,2427.1,704.1
7241,1843.5,834.6
7242,1859.8,982.5
7243,2531.5,870.1
7244,3297.6,746.8
7245,4282.7,577.9
7246,5899.7,327.2
7247,7773.9,102.6
7248,9710,0
7249,11171.3,0
7250,12127.5,0
7251,12650,0
7252,12879.4,0
7253,12634.5,0
7254,12003.6,0
7255,11750.5,0
7256,11276.8,0
7257,9850.2,16.8
7258,7713.3,359.2
7259,5756.1,975.1
7260,3863.5,1631.1
7261,2556.6,2519.4
7262,1796.1,3108.7
7263,1220.8,3522.6
7264,626,3557.6
7265,376.4,2641
7266,628.3,2108.1
7267,1285.8,1523.2
7268,1966.6,1054.5
7269,3192.6,740.4
7270,5665.5,438.5
7271,8113.3,164.1
7272,10496.7,0.7
7273,12355.8,0
7274,13682.6,0
7275,14699.2,0
7276,15355,0
7277,15525.2,0
7278,15183.6,0
7279,15167.8,0
7280,13309.4,0
7281,9750.2,256.2
7282,6116.7,1288
7283,3510.9,2349.1
7284,2356.5,3142.5
7285,1425.7,4047.4
7286,647.5,4578.2
7287,135.8,4768.1
7288,0,4708
7289,0,3727.6
7290,0,2983.4
7291,108.6,2368.2
7292,483.6,1904.1
7293,886.2,1490.1
7294,1517.2,930.5
7295,2299.1,575.1
7296,3640.7,365.4
7297,4956.3,248.2
7298,6026.3,155.8
7299,6855.3,80.1
7300,7370.6,39.9
7301,7317.8,80.6
7302,6786.2,196.7
7303,6659.6,224.5
7304,7354.8,90.6
7305,7768,35.4
7306,7644.6,43.6
7307,6969.9,83.6
7308,6238.9,129.8
7309,5522.9,362.7
7310,5223.7,442.3
7311,4813.8,485.9
7312,3868.1,610.4
7313,2861.4,518.2
7314,2594.8,665.7
7315,3167.9,606.5
7316,4063.3,474.7
7317,5083.6,371.1
7318,6651.3,179.2
7319,8502,7
7320,9762.6,0
7321,10386.8,0
7322,11254.6,0
7323,11949.2,0
7324,11931.2,0
7325,11180.8,0
7326,10601.6,0
7327,10722.7,0
7328,10488.9,0
7329,8574.7,83.1
7330,6783.3,474.5
7331,6135.2,510.8
7332,4756.1,904.5
7333,4158.3,985.7
7334,3606.2,1106.7
7335,3337.5,1051.4
7336,2210,1456.5
7337,2153.3,841.9
7338,2095.1,807.4
7339,2304.6,766.5
7340,2786.1,695.2
7341,3331.1,603.2
7342,4374.7,424
7343,5535.8,238.9
7344,6676.8,73.8
7345,7634.4,2.1
7346,8563.4,0
7347,9375.5,0
7348,10000,0
7349,10134.7,0
7350,10000.1,0
7351,10066.6,0
7352,9650.5,10.3
7353,7617.9,275.2
7354,5282,1113
7355,3151.7,2262.5
7356,2097,3190.4
7357,1130.6,4190
7358,330.7,4855
7359,7.1,5086.2
7360,0,5087.6
7361,0,4376.5
7362,0,3260.8
7363,0,2707.2
7364,75.6,2341
7365,305.3,1848
7366,1002.4,1150.5
7367,1748.2,686
7368,2744.2,450.5
7369,3721.1,329.6
7370,4755.7,243.1
7371,5903.5,158.1
7372,6162.1,154.4
7373,5840.5,230.2
7374,5565,334
7375,5673.5,360.4
7376,5374.3,477.7
7377,3845.8,1050.1
7378,1972.3,1979.2
7379,953,2772.1
7380,272.3,3691.8
7381,0,4300.4
7382,0,4154.7
7383,0,4997
7384,0,5292.6
7385,0,5281.1
7386,0,4923.3
7387,0,4338.2
7388,0,4084.8
7389,0,3770.5
7390,0,2969.6
7391,0,2249.1
7392,0,1732.7
7393,0,1525.9
7394,0,1405.9
7395,0,1216.2
7396,0,1110.9
7397,0,1241.1
7398,0,1598.9
7399,0,1684.9
7400,0,1309.4
7401,0,1239.4
7402,0,1426.3
7403,0,1557
7404,0,1929
7405,0,2098.3
7406,0,2074.3
7407,0,2740.8
7408,0,3483.6
7409,0,3879.7
7410,0,4113.5
7411,0,3941.6
7412,0,3634
7413,0,3186.6
7414,0,2297.6
7415,0,1452.6
7416,5.5,854.7
7417,206.5,621.7
7418,587.1,441.1
7419,1561.2,265.4
7420,2492.6,140.7
7421,3522.4,90.6
7422,3813.6,158.7
7423,3507.5,431.1
7424,2527.3,945.9
7425,1690.8,1685.5
7426,1155.5,2971.5
7427,642.3,4286.4
7428,139.8,5356.8
7429,2.1,5821.4
7430,0,5921.3
7431,0,5658.5
7432,0,5565.9
7433,0,4779.1
7434,0,4186.7
7435,0,4456.9
7436,0,4164.3
7437,0,3806
7438,0,3525.6
7439,0,2670.8
7440,163.1,1685.5
7441,590.8,1094.6
7442,1051,769
7443,1534.8,555.7
7444,2334.2,414.4
7445,2959.3,338.1
7446,3338.5,410.1
7447,2908.5,694.6
7448,2618.5,886.2
7449,3101.3,707.8
7450,3169.4,825.9
7451,1645,2627
7452,1762.1,1778.3
7453,2114.4,1360.4
7454,2100.7,1425.5
7455,2348.3,1242.7
7456,2606.7,1109.2
7457,2554.2,1218
7458,2174.9,1309.9
7459,1870.8,1645.3
7460,2140,1576.9
7461,2564.8,1472.5
7462,3384.4,1185
7463,5143.8,689.3
7464,7444.8,207.5
7465,9543,4.9
7466,10684.8,0
7467,12526.3,0
7468,14154.3,0
7469,14831.4,0
7470,15007.6,0
7471,14514.2,0
7472,11893.4,47.1
7473,9812.3,164.1
7474,7170.1,603.7
7475,5140.3,935.8
7476,3819.2,967.6
7477,3156.5,843.8
7478,2448.3,1112.7
7479,1724.3,1306.8
7480,631.2,2245.9
7481,430.7,2202.8
7482,297.8,1758.9
7483,296.9,1971.2
7484,842,1722.7
7485,1624.8,1431.9
7486,1955.2,1286.7
7487,2764.7,871.4
7488,4389.4,452.4
7489,5996.9,158.9
7490,7035,55.5
7491,7954.7,0.8
7492,9054.1,0
7493,9739.1,0
7494,9855.8,0
7495,9019.4,25.9
7496,6811.3,347.2
7497,5461.2,712.8
7498,3733.4,1690.1
7499,2411.1,2956.5
7500,1783.8,3989.3
7501,1032.7,4791.2
7502,574.2,5318.4
7503,464,5182.7
7504,381,4734.5
7505,449.4,3951.9
7506,551.8,2773.2
7507,568.6,2777.3
7508,863.3,2439.2
7509,1250.8,2068
7510,2128.6,1466.1
7511,3170.5,868.1
7512,4806.9,510.8
7513,7027.7,280.3
7514,8562.4,149.6
7515,9525.5,65.8
7516,10661.3,4.9
7517,11577.2,0
7518,11673.2,0
7519,10711.5,99.3
7520,9152.2,350.6
7521,8164.5,312.7
7522,7486.2,294.5
7523,6873.2,328.8
7524,4920.9,494.3
7525,3306.6,677.4
7526,2500.9,959.4
7527,1667.2,1152.1
7528,938.7,1311.7
7529,179.6,1712.2
7530,0,1960.1
7531,0,2323.3
7532,0,2268.7
7533,0,2121.3
7534,179.8,1771.6
7535,690.8,1245.8
7536,1680.7,746.1
7537,2940.2,393.3
7538,4254,182.6
7539,5059.9,105.5
7540,5442.8,72.4
7541,5975.3,45.9
7542,5945.6,96.3
7543,5253.3,295
7544,5124.2,406.3
7545,5471.5,271.6
7546,4683.1,474.1
7547,3403.7,1072.1
7548,2347.9,1698.1
7549,1594.6,1706.2
7550,1567,1448.2
7551,1515.3,1688.1
7552,1543.4,1633.6
7553,1810.5,1392.4
7554,1790.4,1469.1
7555,1849.1,1672.1
7556,2772.7,1367.6
7557,3923.2,1046
7558,5354.1,784.5
7559,7493.6,353.9
7560,9030.7,144.3
7561,10860.1,4.3
7562,12692,0
7563,14198.9,0
7564,15479.2,0
7565,16405.5,0
7566,16468.5,0
7567,15867.6,0
7568,14031.5,0
7569,11292.5,101.7
7570,8627.9,447.9
7571,6933.2,960.6
7572,5219.4,1507.4
7573,3818.7,2000.5
7574,2850.6,2150.2
7575,2632.2,1594.1
7576,3253.1,1128.3
7577,4077.6,797.5
7578,4094.7,797.9
7579,3848.8,870.4
7580,4473.7,795.5
7581,5864.9,653.7
7582,6872.1,541.6
7583,7632,391.7
7584,8500.6,232
7585,9497.8,81.9
7586,10054.4,10.2
7587,10657.9,0
7588,10877.6,0
7589,10666.5,0
7590,9885.9,0
7591,8787.3,92
7592,8152.6,151.8
7593,8639.4,36.7
7594,8794,1.4
7595,8244.2,21.7
7596,6770,162.7
7597,4182.8,572.8
7598,1499.4,1945.8
7599,766.5,2510.1
7600,432.7,2418.4
7601,282.6,1969.6
7602,88.3,1931.5
7603,6.3,2317.9
7604,111.2,2037.5
7605,382.2,1686.3
7606,777.3,1372.3
7607,1928.8,760.4
7608,3705.7,398.5
7609,5321,198.5
7610,6795,69.2
7611,8303.7,0.2
7612,9776.3,0
7613,10946.7,0
7614,11733.1,0
7615,11829.9,0
7616,10639.2,95.6
7617,7822,496.2
7618,4426.3,1508.9
7619,2643.8,2816.9
7620,1591.8,3917
7621,653.6,4741.5
7622,120.2,5247.6
7623,0.6,5175.4
7624,0,4749.5
7625,68.5,3875.7
7626,94.6,2840.7
7627,68,2933.7
7628,140.1,2671.8
7629,544.2,2229.7
7630,1210.8,1679.9
7631,2232.7,879.4
7632,3900.6,502.8
7633,6049.5,263.4
7634,7894.7,107.7
7635,8716.4,35.3
7636,9539.8,0.8
7637,10541,0
7638,10884.9,0
7639,10675.9,18.9
7640,8752.2,325.6
7641,6201.9,831.9
7642,3922.1,2072.3
7643,2839.4,3183.2
7644,2226.4,4053.9
7645,1511,4685.4
7646,824.7,5273.1
7647,407.1,5274.9
7648,323.1,4699.1
7649,363.9,3894.9
7650,248.1,3022.7
7651,230.3,3032.3
7652,521.7,2654.2
7653,917,2253.1
7654,1397.4,1793.5
7655,2148.7,1095.1
7656,3274.8,624.3
7657,4046.3,468.9
7658,4786.2,382.3
7659,5458.8,308.4
7660,5705.9,267.6
7661,5721.6,259.2
7662,5220.7,329
7663,4363.9,484.8
7664,3990.4,602.8
7665,4812.8,358
7666,4706.3,337.4
7667,3868.4,475
7668,3018.1,745.3
7669,1926.3,1020.6
7670,760.7,1668.3
7671,120.9,2207.1
7672,0,2566.7
7673,0,2460.2
7674,0,2324.8
7675,0,2717.8
7676,0,2686.2
7677,0,2538.1
7678,0,2398
7679,5.1,1886.6
7680,79.2,1475.1
7681,121.5,1222.8
7682,136,1126.6
7683,399,911.8
7684,609.8,794.4
7685,506.2,859.6
7686,291.8,1076.5
7687,564.8,1192.8
7688,1359.2,989.3
7689,2314.5,623.7
7690,2385.9,740.2
7691,1853.1,1699.1
7692,1478.2,2915.6
7693,1233.3,3627.8
7694,944.5,4239.5
7695,792.1,4210.7
7696,759,3807.9
7697,830.7,3192.9
7698,1030,2335.7
7699,1429.4,2182.8
7700,1805.4,1900.6
7701,2567.1,1567.9
7702,4443.6,966.9
7703,6448.7,485.8
7704,8131.3,249.6
7705,10437.7,26.1
7706,11631.9,0
7707,12157,0
7708,13335.8,0
7709,14804.9,0
7710,15271.6,0
7711,14806.6,0
7712,13516.4,0
7713,11111.7,179.4
7714,8492.1,572.2
7715,6552.8,949.9
7716,4976.9,1318.8
7717,3147.8,2259.1
7718,2323.1,2575.1
7719,1959.8,2567.4
7720,1812.4,2186.3
7721,2003.7,1629
7722,2195.4,1505.7
7723,2334.4,1616.2
7724,3035.3,1349.1
7725,4697.6,921.2
7726,6655,619
7727,8694.3,368.7
7728,11415.7,96.2
7729,13711.2,0
7730,14642.9,0
7731,15425.2,0
7732,15547.7,0
7733,15550.6,0
7734,15099.5,0
7735,13349.5,0
7736,12094.3,0
7737,12585.2,0
7738,11918.8,0
7739,10855,0
7740,10401,0
7741,10312.5,0
7742,11007.5,0
7743,11554.1,0
7744,11479.9,0
7745,10394.4,0
7746,8878.4,0
7747,7707.9,138.2
7748,7805.9,133.5
7749,7877.5,123.9
7750,8040.3,98.1
7751,8619,0
7752,9181.1,0
7753,10720.5,0
7754,11683.9,0
7755,11656.6,0
7756,11737,0
7757,11734,0
7758,11074.4,0
7759,10160.3,0
7760,9781.2,0
7761,10147.7,0
7762,9962.3,0
7763,9219,0
7764,8495.5,0
7765,7631.3,0
7766,6314.7,0
7767,5152.8,0
7768,4123.4,0
7769,3157.7,0
7770,1806.2,228.6
7771,634.8,466.3
7772,324.1,599.8
7773,319.3,622.9
7774,545.5,537.3
7775,843.1,345.6
7776,1285.7,188.5
7777,2220.6,53
7778,3341.9,0
7779,4397.4,0
7780,5075.4,0
7781,5495.9,0
7782,5593.4,0
7783,5310.1,0
7784,4935.4,0.5
7785,5378.7,0
7786,5282.9,0
7787,5264.2,0
7788,4863.9,66.8
7789,3970.4,251.8
7790,3933.8,216.6
7791,3546.6,532.5
7792,3669.7,469.9
7793,3848.4,386.9
7794,3802.8,310.4
7795,3687.6,396.5
7796,4322.7,348
7797,4907.5,301.6
7798,5602.2,232.2
7799,7945.5,22.6
7800,10717,0
7801,13251.3,0
7802,14824.2,0
7803,16480.9,0
7804,18223,0
7805,19881.1,0
7806,20379.9,0
7807,18036,0
7808,15432.6,0
7809,13499.9,0
7810,11552.3,0
7811,10140.3,146.8
7812,8243.2,620.2
7813,6772.1,605.3
7814,5299.5,1109.5
7815,4668.1,1144.1
7816,4866.3,954.4
7817,5864.4,636.3
7818,5849.7,381.7
7819,5730.6,441.5
7820,7055.1,322
7821,8459.5,212.9
7822,9866.7,91.1
7823,12429.6,0
7824,15154,0
7825,17758.5,0
7826,19760.2,0
7827,21494,0
7828,23024.4,0
7829,23970.1,0
7830,23218,0
7831,22398.5,0
7832,20531.6,0
7833,16615,0
7834,12647.6,21
7835,9458.3,426.1
7836,6548.4,832.9
7837,4271.2,1145.7
7838,3090.7,1356.6
7839,2234.6,1346.7
7840,2114.3,1057.4
7841,2567.2,749
7842,2599,710.6
7843,2646.5,732.7
7844,3177.9,639.9
7845,4333.1,527.1
7846,5917.7,382.7
7847,7884.5,159.9
7848,10380.6,0.6
7849,12772.2,0
7850,14419.8,0
7851,15914.6,0
7852,17213.6,0
7853,18144.3,0
7854,17905,0
7855,16927.1,0
7856,14722.9,0
7857,13362.8,5.4
7858,11596.1,256.1
7859,9247.3,799
7860,7449.7,1439.4
7861,5837.8,1801
7862,4810,1997
7863,3931.3,2347.4
7864,3458.3,2170.2
7865,3629.8,1559.7
7866,3918.6,859.3
7867,4565,819.4
7868,6049.7,652.1
7869,7420.8,500.4
7870,8209.2,389.2
7871,10670.9,148.5
7872,13113.7,0
7873,14638.6,0
7874,16563.9,0
7875,17467.5,0
7876,18548.1,0
7877,20645.5,0
7878,21172.2,0
7879,20418.8,0
7880,18847,0
7881,16027.9,0
7882,12427.6,55.8
7883,9791.7,265.6
7884,6786.9,567.4
7885,4033.6,787.7
7886,2699.1,887
7887,2825.5,698.1
7888,2776.9,591
7889,3493.4,479.7
7890,3012.2,573.6
7891,2830.9,645.6
7892,3878.7,549.7
7893,5174.4,439.3
7894,6341.3,328.7
7895,8441.7,101.5
7896,11194.5,0
7897,14282.2,0
7898,16159.2,0
7899,17973.1,0
7900,19526.1,0
7901,19904.4,0
7902,20180.1,0
7903,19383,0
7904,17718,0
7905,15329.8,0
7906,11339.9,108.3
7907,7706,525.9
7908,4126,1001.8
7909,2291.9,1425.2
7910,1451.8,1692
7911,998.3,1477.6
7912,1078,937.9
7913,1224.3,748.8
7914,828.9,887.9
7915,608.7,1050.3
7916,774.3,916.6
7917,930.7,802.1
7918,1284.3,700.3
7919,1876.7,546.6
7920,3010.3,361.5
7921,4040.4,210.5
7922,4495,144.8
7923,5227.4,76.6
7924,5997.2,19.2
7925,6109.6,11.1
7926,5117.5,113.6
7927,3610.2,297.3
7928,3159.7,360.6
7929,3706.1,234
7930,2844.1,293.5
7931,2252,357.4
7932,1635.2,384.6
7933,291.4,514.8
7934,0,612.9
7935,34.7,574.7
7936,133,566.8
7937,61.4,702.2
7938,0,929.6
7939,0,1332.7
7940,0,1393.2
7941,0,1342.8
7942,0,1246.7
7943,0,889.5
7944,33.9,539.8
7945,373.3,365.9
7946,591.4,308.6
7947,948.9,259.6
7948,1596,198.8
7949,2048.7,173
7950,2267.1,207.3
7951,2204.4,304.4
7952,2423.4,328
7953,3903.4,138.8
7954,4979,49.9
7955,5413,32.5
7956,5300.7,86.4
7957,5283.1,101.3
7958,5321.7,127.6
7959,4381.6,567.1
7960,4147.9,557.6
7961,4520.4,479.5
7962,4503.7,353.9
7963,4622,430.6
7964,5546.5,366.8
7965,6142,323.8
7966,6806.7,255.5
7967,8381.5,66.4
7968,10285.3,0
7969,12210.9,0
7970,13552.7,0
7971,15255.8,0
7972,16557,0
7973,16565.3,0
7974,16050.4,0
7975,15297.4,0
7976,13619.9,0
7977,11982.1,5.8
7978,10288.4,243.3
7979,8493.5,876
7980,6991.9,1478.1
7981,5588.4,1973.3
7982,4556.6,2584.8
7983,4055.4,2476.2
7984,3741.3,2190.2
7985,3937.1,1612.3
7986,4232.3,872.1
7987,4985,828.8
7988,6388,671.3
7989,7360.7,550.3
7990,8787.3,391
7991,10803.1,165.3
7992,13053.5,2.3
7993,15499.2,0
7994,17190.9,0
7995,18608.5,0
7996,20289.8,0
7997,20843.5,0
7998,19920.5,0
7999,18997.9,0
8000,17606,0
8001,16556.2,0
8002,14896.2,0
8003,13053.7,0
8004,12037,0
8005,10749.8,0
8006,8389.1,32.6
8007,6104.7,523.8
8008,5272.3,582.2
8009,5762.2,321.6
8010,5458.7,268.5
8011,5115.5,366.9
8012,5466,336.3
8013,5587.7,323.7
8014,6161.4,262.1
8015,7523.1,90.1
8016,9067.6,0
8017,10779.8,0
8018,11958,0
8019,13014.9,0
8020,13986.7,0
8021,14435.4,0
8022,14007.8,0
8023,12925.8,0
8024,11275.7,0
8025,9883.4,0
8026,8161.3,0
8027,5525.9,213.2
8028,2815.7,949.9
8029,1392.7,1663.7
8030,715.1,2105.7
8031,436.6,1667.9
8032,247,1430.7
8033,134,1310.9
8034,41.7,1055.4
8035,25.9,1178.1
8036,194.4,990.1
8037,524,790.2
8038,1106.5,641.5
8039,2164.3,440.3
8040,3568.1,252.5
8041,5013.8,84.9
8042,6524.7,3
8043,8176.2,0
8044,9789.6,0
8045,11124.4,0
8046,11875.1,0
8047,12157.6,0
8048,10687.5,1.5
8049,8654.2,136.9
8050,6508.8,364.9
8051,3955.7,868.7
8052,2198.3,1864.3
8053,1210.9,2605.7
8054,530.9,2923.5
8055,178.6,2804.2
8056,18.6,2329.4
8057,0,2065.1
8058,0,2201.6
8059,0,2558.3
8060,0,2233.2
8061,80.2,1669.8
8062,706.9,1025.5
8063,1827.5,589.4
8064,3547.4,330.4
8065,5887.8,94.8
8066,7754.5,0
8067,9176.8,0
8068,10441.5,0
8069,11528.6,0
8070,12056.6,0
8071,12075.4,0
8072,11335.5,10.2
8073,10621.8,211.4
8074,9817.2,531.8
8075,8782.7,928.3
8076,7934.3,1367.7
8077,7028.6,1859.1
8078,6465.1,2173.2
8079,6240.2,2144.1
8080,6209.4,1831.1
8081,7057.2,1159.8
8082,7462.4,855.5
8083,7775.9,825.2
8084,8897.9,677.2
8085,9919,543.4
8086,11188.5,394.5
8087,13340.3,150.4
8088,15650.8,0
8089,17791,0
8090,19351,0
8091,20597.5,0
8092,21699.5,0
8093,22480.1,0
8094,22469.3,0
8095,21833.2,0
8096,20083.6,0
8097,19008.1,0
8098,18550.2,0
8099,16512.9,0
8100,13807.1,336.2
8101,11368,783.9
8102,9728.7,1019.6
8103,8636.4,1181.5
8104,7959.1,1099.5
8105,8504.7,700.6
8106,8823.5,510.5
8107,9154.9,490.7
8108,10483,355.5
8109,11730.9,240.4
8110,13247.9,112.3
8111,15838.8,0
8112,18753.3,0
8113,21643.9,0
8114,23177.9,0
8115,24090.6,0
8116,24816.9,0
8117,24964.2,0
8118,24101.6,0
8119,22453.8,0
8120,21306.9,0
8121,21090,0
8122,20282.8,0
8123,17667.4,0
8124,15066.1,0
8125,12577.9,0
8126,10831.2,59.4
8127,9805.4,161
8128,9389.5,79
8129,9574.1,30.8
8130,9267.5,11.3
8131,9110.1,73.8
8132,10197.9,6.6
8133,11291.1,0
8134,12639.6,0
8135,14720.3,0
8136,16933,0
8137,18944,0
8138,20420.2,0
8139,21859.6,0
8140,23184.5,0
8141,23768.1,0
8142,23205.2,0
8143,21826.8,0
8144,19164.9,0
8145,15822,0
8146,12563.3,0
8147,9447.6,89.1
8148,7023.1,543.9
8149,4666.2,840.3
8150,3644,856.6
8151,3243.3,809.2
8152,3402.9,526.4
8153,3061.6,505.9
8154,2355.9,408.4
8155,1979.4,495.5
8156,2377.4,448
8157,2823.5,400.4
8158,3435.2,330.9
8159,4517.8,172.1
8160,5635.3,16.1
8161,6790.1,0
8162,7554,0
8163,8142.7,0
8164,8631.7,0
8165,8816.9,0
8166,8371.6,0
8167,7416.6,0
8168,6750.7,0
8169,6714.7,0
8170,6257.8,0
8171,4889.1,14.2
8172,3595.4,128.3
8173,2130.4,302.1
8174,1504.9,449.5
8175,1040.1,532.6
8176,617.2,634.9
8177,554.1,617.9
8178,401.3,479.1
8179,430.9,568.3
8180,836.7,526.5
8181,1210.1,489.2
8182,1848.1,425.7
8183,2863.9,272.7
8184,3984.7,117.5
8185,5051.4,2.5
8186,5860.4,0
8187,6727.3,0
8188,7513.1,0
8189,8052.9,0
8190,8044.4,0
8191,7610.7,0
8192,6189,47
8193,5052.8,95
8194,3069.6,303.9
8195,1060.4,1053
8196,345.9,1530.2
8197,0,1988.8
8198,0,3014.7
8199,0,2727.9
8200,0,2349.7
8201,0,2262.1
8202,0,1991
8203,0,2389.7
8204,0,2360.8
8205,0,2321.7
8206,0,2201.3
8207,0,1749.9
8208,0,1239.5
8209,0,779.3
8210,0,653.4
8211,0,635.7
8212,0,663.2
8213,0,706.1
8214,0,907
8215,0,1304.5
8216,0,1388.3
8217,0,968.4
8218,0,712.2
8219,0,782.9
8220,0,575.5
8221,84.3,377.5
8222,257.8,337.7
8223,460.9,296.4
8224,1052.9,236
8225,945.1,340.7
8226,407.8,799.5
8227,147.9,1319
8228,153.8,1387.9
8229,201.6,1383
8230,350.1,1298
8231,804.3,874.8
8232,1542.9,544
8233,2522.1,254.7
8234,3439.9,140.4
8235,4479.8,57.3
8236,5477.3,2.1
8237,6200.3,0
8238,6422.7,0
8239,6267.9,74
8240,6344.8,120.9
8241,7099.4,35.6
8242,7366.2,24.9
8243,6992.8,119.6
8244,7095.1,75.5
8245,7074.1,56.6
8246,7241.7,14.7
8247,7387.2,0.3
8248,7517.8,0
8249,7507,29.1
8250,7351.6,143.3
8251,7424.5,233.9
8252,8230.2,185.7
8253,8983.5,138.2
8254,9962.8,61.6
8255,11668.1,0
8256,13628.4,0
8257,15358.3,0
8258,16654.9,0
8259,17972.5,0
8260,19181.9,0
8261,19327.6,0
8262,18224.4,0
8263,16524.3,0
8264,15656.5,0
8265,15501.2,0
8266,14631.4,0
8267,14340,0
8268,14138.1,0
8269,14224.9,0
8270,14440,0
8271,14466.6,0
8272,14798.4,0
8273,14343.7,0
8274,12826.8,0
8275,12054.2,0
8276,12341.7,0
8277,12719.4,0
8278,13364.4,0
8279,15279.8,0
8280,17466.9,0
8281,19724,0
8282,21074.7,0
8283,22100.6,0
8284,23000.4,0
8285,23380.5,0
8286,22835.9,0
8287,21542.6,0
8288,20555.4,0
8289,20301.6,0
8290,19315.1,0
8291,16742.2,0
8292,14171.2,0
8293,10996.4,0
8294,9207.8,0
8295,8731.2,0
8296,8824.1,0
8297,8585.5,0
8298,7184.6,0
8299,6336.7,0
8300,6542.6,0
8301,6880.8,0
8302,7357.2,0
8303,8712.4,0
8304,10550.6,0
8305,12401.8,0
8306,13623.7,0
8307,14848.6,0
8308,15928.7,0
8309,16217.4,0
8310,15500.7,0
8311,14012.7,0
8312,12867.1,0
8313,12500.7,0
8314,11472.1,0
8315,9970.1,0
8316,8575.9,0
8317,6967.9,0
8318,5743.2,0
8319,5373.4,0
8320,4728.6,0
8321,4334.4,0
8322,4008.2,0
8323,3988,0
8324,5145.6,0
8325,6621.1,0
8326,8468.9,0
8327,11345.9,0
8328,14617.7,0
8329,17872.5,0
8330,19988.9,0
8331,21583.1,0
8332,23036.9,0
8333,24589.5,0
8334,25695.1,0
8335,26128.7,0
8336,24173.9,0
8337,20115.5,0
8338,16966.9,0
8339,14124.8,0
8340,11278.5,26.9
8341,8596.9,167.1
8342,6752.9,655.9
8343,5953.9,720.8
8344,5490.3,643.2
8345,6223.1,351.5
8346,6781.1,27.7
8347,7384.8,31
8348,8891.4,0
8349,10336.8,0
8350,12168.8,0
8351,14767.7,0
8352,17599.9,0
8353,20527.8,0
8354,22665.8,0
8355,24547,0
8356,26229.2,0
8357,27320.7,0
8358,27292.9,0
8359,26380.8,0
8360,25800.9,0
8361,26198.9,0
8362,25362.8,0
8363,24474,0
8364,23666.2,0
8365,23011.7,0
8366,22723.5,0
8367,22738.3,0
8368,22793.6,0
8369,21783,0
8370,19731.7,0
8371,18356,0
8372,18486.9,0
8373,18767.3,0
8374,19352.8,0
8375,20864,0
8376,22577.7,0
8377,24037.9,0
8378,24432.6,0
8379,24553.3,0
8380,24462,0
8381,23970.7,0
8382,22627,0
8383,20516.9,0
8384,19224.4,0
8385,19568.1,0
8386,19229.8,0
8387,17177.1,0
8388,15625.6,0
8389,14376.5,0
8390,13665.2,0
8391,13555.7,0
8392,13463.8,0
8393,12907.8,0
8394,11525.7,0
8395,10656.5,0
8396,11301,0
8397,12068,0
8398,13106.9,0
8399,15214.4,0
8400,17430.6,0
8401,19607.6,0
8402,21311.4,0
8403,23115.5,0
8404,24855.8,0
8405,26223.4,0
8406,26736.7,0
8407,26436.8,0
8408,25293.8,0
8409,23203.4,0
8410,21211.2,0
8411,19070.9,0
8412,17339.4,0
8413,15694.1,0
8414,14286.8,0
8415,13421.4,0
8416,12915.1,0
8417,13775.1,0
8418,14094.5,0
8419,14167.2,0
8420,15699.3,0
8421,17586,0
8422,20043.4,0
8423,23639.4,0
8424,27233.6,0
8425,30622.1,0
8426,32353.6,0
8427,33175.6,0
8428,33678.5,0
8429,33530.7,0
8430,32379.9,0
8431,30329.3,0
8432,28051.3,0
8433,25966.3,0
8434,24100.4,0
8435,21043.2,0
8436,17707.6,0
8437,14762.3,0
8438,12215.7,0
8439,10314.4,0
8440,8438.4,0
8441,8000.5,0
8442,7686.8,0
8443,7398.5,0
8444,8239.7,0
8445,9230.8,0
8446,10468.3,0
8447,12259.6,0
8448,14010.6,0
8449,15910.2,0
8450,16745.2,0
8451,17229.7,0
8452,17477.6,0
8453,17439.4,0
8454,16644.7,0
8455,15053.9,0
8456,13970.5,0
8457,13976.7,0
8458,13199.3,0
8459,11845.2,0
8460,11150.9,0
8461,11209.1,0
8462,11646.2,0
8463,11790.5,0
8464,12323.7,0
8465,13353.7,0
8466,13523.4,0
8467,14206.3,0
8468,16144.8,0
8469,18202.7,0
8470,20608.2,0
8471,23953.7,0
8472,27153.9,0
8473,30107.5,0
8474,32106.9,0
8475,33732.3,0
8476,35289.2,0
8477,36547.1,0
8478,36974.1,0
8479,36531.6,0
8480,35177.2,0
8481,32013.6,0
8482,29564.7,0
8483,27331.6,0
8484,26001.5,0
8485,24469.2,0
8486,22945.2,0
8487,21926.1,0
8488,21497.2,0
8489,22474.4,0
8490,22720.9,0
8491,22805.9,0
8492,24791.9,0
8493,27121.6,0
8494,29809.7,0
8495,33164.8,0
8496,36254,0
8497,39158.3,0
8498,41118.8,0
8499,42578,0
8500,43782,0
8501,44514,0
8502,44237.4,0
8503,43085.3,0
8504,40752.6,0
8505,36618.7,0
8506,33180.6,0
8507,29840.7,0
8508,27219.5,0
8509,24113.2,0
8510,21988.3,0
8511,20762,0
8512,20036.5,0
8513,21000.1,0
8514,21800.8,0
8515,22570.5,0
8516,24624.6,0
8517,26472.7,0
8518,28661.1,0
8519,32018.3,0
8520,35411.7,0
8521,38666.8,0
8522,40882,0
8523,42539.8,0
8524,43995.6,0
8525,45071.7,0
8526,45131.2,0
8527,44323.2,0
8528,42060.9,0
8529,38904.9,0
8530,34661,0
8531,31367,0
8532,28731.7,0
8533,26532,0
8534,24803.4,0
8535,24749.1,0
8536,24762,0
8537,24416.4,0
8538,22988,0
8539,22117.5,0
8540,22963.9,0
8541,23901.2,0
8542,25223.4,0
8543,27324.5,0
8544,29398.4,0
8545,31137.1,0
8546,31743.2,0
8547,31986.2,0
8548,31900.9,0
8549,31297,0
8550,29792.7,0
8551,27410.5,0
8552,26308.2,0
8553,27389,0
8554,26795.4,0
8555,24347.7,0
8556,21339.1,0
8557,18490.6,0
8558,16529.9,0
8559,14201.5,0
8560,12828.7,0
8561,13020.9,0
8562,13321.5,0
8563,13321.4,0
8564,14682.4,0
8565,15983.5,0
8566,17655.3,0
8567,20358.9,0
8568,22981.7,0
8569,25314.5,0
8570,26776.6,0
8571,27880.9,0
8572,28750.1,0
8573,28920.2,0
8574,27916.9,0
8575,26027.8,0
8576,24973.9,0
8577,25397.1,0
8578,24478.7,0
8579,23764.8,0
8580,22664.4,0
8581,22791.6,0
8582,21672,0
8583,21047.6,0
8584,20580.9,0
8585,19449.3,0
8586,17247.4,0
8587,15621.3,0
8588,15907.7,0
8589,16433.5,0
8590,17239.9,0
8591,20525.1,0
8592,25350.7,0
8593,30142.9,0
8594,33538.8,0
8595,36384.4,0
8596,39204.1,0
8597,41199.6,0
8598,41971.5,0
8599,41862.2,0
8600,41310.9,0
8601,39450.6,0
8602,36926.9,0
8603,34426.8,0
8604,32617.3,0
8605,30920.3,0
8606,29364.6,0
8607,28597.2,0
8608,28573.8,0
8609,30060.5,0
8610,30513.4,0
8611,30477.7,0
8612,32061.1,0
8613,33748.2,0
8614,35932,0
8615,39382.5,0
8616,42792.8,0
8617,45859.6,0
8618,47526.5,0
8619,48553,0
8620,49355.3,0
8621,50002.9,0
8622,49875.5,0
8623,48899.9,0
8624,47161.4,0
8625,44847.4,0
8626,41437.7,0
8627,36660.4,0
8628,32980.3,0
8629,31772.2,0
8630,28517.6,0
8631,27241,0
8632,27109.4,0
8633,26707.8,0
8634,26047.4,0
8635,25476.3,0
8636,26073.6,0
8637,26482,0
8638,27240.3,0
8639,30149.9,0
8640,33871.9,0
8641,37408.7,0
8642,39307.3,0
8643,40440.5,0
8644,41367.8,0
8645,41213.4,0
8646,39534,0
8647,36880.8,0
8648,35275.6,0
8649,34061.6,0
8650,32656.7,0
8651,30129,0
8652,28159.4,0
8653,26706.9,0
8654,26158.9,0
8655,25389.3,0
8656,24919.6,0
8657,23841.8,0
8658,21796.5,0
8659,20194.5,0
8660,20256.3,0
8661,20440.8,0
8662,20999.9,0
8663,22808.3,0
8664,24759.8,0
8665,26462.7,0
8666,27199.7,0
8667,27691.6,0
8668,28008.8,0
8669,27849,0
8670,26700.8,0
8671,24693.6,0
8672,23656.8,0
8673,24075.2,0
8674,23716.4,0
8675,22212.3,0
8676,20299,0
8677,18643.6,0
8678,17711.8,0
8679,17270.3,0
8680,16914.4,0
8681,15779.1,0
8682,13599.4,0
8683,12226.1,0
8684,12265.2,0
8685,12400.3,0
8686,12828.2,0
8687,14516,0
8688,16636.8,0
8689,18687.4,0
8690,19597.8,0
8691,20144.8,0
8692,20530.2,0
8693,20394.5,0
8694,19251.7,0
8695,17241.1,0
8696,16032.4,0
8697,16273.2,0
8698,15542.1,0
8699,12963.1,0
8700,10074.6,0
8701,7229.2,0
8702,5793.6,0
8703,5944.9,0
8704,6016.7,0
8705,5695.2,0
8706,5059.2,0
8707,4872.1,0
8708,5485,0
8709,6023.7,0
8710,6817.2,0
8711,8250.2,0
8712,9959.4,0
8713,11583.3,0
8714,12502,0
8715,13284.2,0
8716,13933.5,0
8717,14427.8,0
8718,14213.3,0
8719,13351.7,0
8720,12909.9,0
8721,12489.8,0
8722,12489.9,0
8723,10685.2,0
8724,8690.5,0
8725,7182.2,0
8726,6164.7,0
8727,5681.2,0
8728,5418,0
8729,6006.2,0
8730,6508.1,0
8731,6890.1,0
8732,8402.8,0
8733,10082.7,0
8734,11973.5,0
8735,14660.9,0
8736,17971.4,0
8737,21476.9,0
8738,23937.1,0
8739,26124.1,0
8740,28098.2,0
8741,29230.2,0
8742,29220.6,0
8743,28407.6,0
8744,27969.4,0
8745,28278.6,0
8746,27560.7,0
8747,25906.6,0
8748,23704.7,0
8749,21392,0
8750,21408.3,0
8751,21459.7,0
8752,22581.4,0
8753,21911.7,0
8754,19852.3,0
8755,18431.9,0
8756,19127.1,0
8757,20140,0
8758,21484.7,0
8759,23944.7,0
8760,26400.8,0
