Hours,HPHtgLd_W
1,1460.3
2,844.2
3,382
4,382
5,844.2
6,4387.1
7,14707.9
8,15632.2
9,15016
10,13167.5
11,11935.2
12,9624.6
13,8392.2
14,7468
15,6543.7
16,7468
17,8700.3
18,11473.1
19,13475.6
20,12859.4
21,11781.1
22,9624.6
23,8392.2
24,4695.2
25,1462.4
26,845.4
27,382.4
28,382.4
29,845.4
30,4395.7
31,14737.7
32,15663.8
33,15046.4
34,13194.1
35,11959.2
36,9643.8
37,8409
38,7482.8
39,6556.7
40,7482.8
41,8717.7
42,11496.1
43,13502.8
44,12885.4
45,11804.9
46,9643.8
47,8409
48,4704.4
49,1464.8
50,846.7
51,382.7
52,382.7
53,846.7
54,4404
55,14766.7
56,15694.7
57,15076
58,13220
59,11982.7
60,9662.7
61,8425.4
62,7497.4
63,6569.4
64,7497.4
65,8734.7
66,11518.7
67,13529.4
68,12910.7
69,11828
70,9662.7
71,8425.4
72,4713.3
73,1467.3
74,847.9
75,383
76,383
77,847.9
78,4412.2
79,14795.1
80,15724.9
81,15105
82,13245.4
83,12005.6
84,9681.1
85,8441.4
86,7511.5
87,6581.7
88,7511.5
89,8751.3
90,11540.7
91,13555.3
92,12935.4
93,11850.7
94,9681.1
95,8441.4
96,4722.1
97,1469.6
98,849
99,383.3
100,383.3
101,849.1
102,4420.1
103,14822.7
104,15754.3
105,15133.3
106,13270.1
107,12028
108,9699.1
109,8457
110,7525.4
111,6593.8
112,7525.4
113,8767.5
114,11562.2
115,13580.6
116,12959.6
117,11872.7
118,9699.1
119,8457
120,4730.6
121,1471.9
122,850.2
123,383.5
124,383.5
125,850.2
126,4427.9
127,14849.7
128,15783
129,15160.8
130,13294.2
131,12049.8
132,9716.6
133,8472.2
134,7538.9
135,6605.6
136,7538.9
137,8783.3
138,11583.2
139,13605.3
140,12983.1
141,11894.3
142,9716.6
143,8472.2
144,4739
145,1474.2
146,851.3
147,383.8
148,383.8
149,851.3
150,4435.4
151,14876
152,15811
153,15187.6
154,13317.7
155,12071
156,9733.6
157,8487
158,7552
159,6617
160,7552
161,8798.6
162,11603.6
163,13629.3
164,13006
165,11915.2
166,9733.6
167,8487
168,4747.1
169,1476.4
170,852.4
171,384.1
172,384.1
173,852.4
174,4442.7
175,14901.5
176,15838.1
177,15213.7
178,13340.5
179,12091.7
180,9750.2
181,8501.4
182,7564.8
183,6628.2
184,7564.8
185,8813.6
186,11623.4
187,13652.7
188,13028.3
189,11935.6
190,9750.2
191,8501.4
192,4754.9
193,1478.5
194,853.4
195,384.4
196,384.4
197,853.5
198,4449.9
199,14926.4
200,15864.6
201,15239.1
202,13362.7
203,12111.8
204,9766.3
205,8515.4
206,7577.2
207,6639
208,7577.2
209,8828.1
210,11642.7
211,13675.4
212,13050
213,11955.4
214,9766.3
215,8515.4
216,4762.6
217,1480.6
218,854.5
219,384.6
220,384.6
221,854.5
222,4456.8
223,14950.5
224,15890.2
225,15263.7
226,13384.2
227,12131.3
228,9781.9
229,8529
230,7589.2
231,6649.5
232,7589.2
233,8842.2
234,11661.4
235,13697.5
236,13071
237,11974.6
238,9781.9
239,8529
240,4770
241,1482.6
242,855.5
243,384.9
244,384.9
245,855.5
246,4463.5
247,14973.8
248,15915
249,15287.6
250,13405.1
251,12150.2
252,9797.1
253,8542.1
254,7600.9
255,6659.7
256,7600.9
257,8855.9
258,11679.5
259,13718.9
260,13091.4
261,11993.3
262,9797.1
263,8542.1
264,4777.2
265,1484.5
266,856.4
267,385.1
268,385.1
269,856.4
270,4470
271,14996.4
272,15939.1
273,15310.7
274,13425.3
275,12168.4
276,9811.8
277,8554.9
278,7612.2
279,6669.6
280,7612.2
281,8869.1
282,11697.1
283,13739.5
284,13111.1
285,12011.3
286,9811.8
287,8554.9
288,4784.2
289,1486.4
290,857.4
291,385.3
292,385.3
293,857.4
294,4476.3
295,15018.3
296,15962.4
297,15333
298,13444.9
299,12186.1
300,9826
301,8567.2
302,7623.2
303,6679.1
304,7623.2
305,8881.9
306,11714.1
307,13759.6
308,13130.2
309,12028.8
310,9826
311,8567.2
312,4791
313,1488.2
314,858.3
315,385.6
316,385.6
317,858.3
318,4482.3
319,15039.4
320,15984.8
321,15354.5
322,13463.7
323,12203.2
324,9839.7
325,8579.1
326,7633.7
327,6688.3
328,7633.7
329,8894.3
330,11730.5
331,13778.9
332,13148.6
333,12045.6
334,9839.7
335,8579.1
336,4797.5
337,1489.9
338,859.1
339,385.8
340,385.8
341,859.1
342,4488.2
343,15059.8
344,16006.5
345,15375.3
346,13481.9
347,12219.6
348,9852.9
349,8590.6
350,7643.9
351,6697.2
352,7643.9
353,8906.2
354,11746.3
355,13797.5
356,13166.3
357,12061.8
358,9852.9
359,8590.6
360,4803.8
361,1491.6
362,860
363,386
364,386
365,860
366,4493.8
367,15079.3
368,16027.3
369,15395.3
370,13499.4
371,12235.5
372,9865.6
373,8601.6
374,7653.7
375,6705.7
376,7653.7
377,8917.6
378,11761.5
379,13815.4
380,13183.4
381,12077.5
382,9865.6
383,8601.6
384,4809.8
385,1493.2
386,860.8
387,386.2
388,386.2
389,860.8
390,4499.2
391,15098.1
392,16047.3
393,15414.5
394,13516.2
395,12250.7
396,9877.8
397,8612.2
398,7663.1
399,6713.9
400,7663.1
401,8928.6
402,11776.1
403,13832.6
404,13199.8
405,12092.5
406,9877.8
407,8612.2
408,4815.6
409,1494.8
410,861.5
411,386.4
412,386.4
413,861.5
414,4504.4
415,15116.2
416,16066.5
417,15432.9
418,13532.3
419,12265.2
420,9889.5
421,8622.4
422,7672.1
423,6721.8
424,7672.1
425,8939.2
426,11790.1
427,13849.1
428,13215.5
429,12106.8
430,9889.5
431,8622.4
432,4821.2
433,1496.3
434,862.3
435,386.6
436,386.6
437,862.3
438,4509.3
439,15133.4
440,16084.8
441,15450.5
442,13547.7
443,12279.2
444,9900.6
445,8632.1
446,7680.7
447,6729.3
448,7680.7
449,8949.2
450,11803.5
451,13864.8
452,13230.6
453,12120.6
454,9900.6
455,8632.1
456,4826.5
457,1497.7
458,863
459,386.7
460,386.7
461,863
462,4514.1
463,15149.8
464,16102.3
465,15467.3
466,13562.4
467,12292.5
468,9911.3
469,8641.4
470,7688.9
471,6736.5
472,7688.9
473,8958.9
474,11816.2
475,13879.9
476,13244.9
477,12133.7
478,9911.3
479,8641.4
480,4831.5
481,1499
482,863.6
483,386.9
484,386.9
485,863.6
486,4518.6
487,15165.5
488,16118.9
489,15483.3
490,13576.4
491,12305.1
492,9921.5
493,8650.2
494,7696.7
495,6743.3
496,7696.7
497,8968
498,11828.4
499,13894.2
500,13258.6
501,12146.2
502,9921.5
503,8650.2
504,4836.4
505,1500.3
506,864.3
507,387.1
508,387.1
509,864.3
510,4522.8
511,15180.3
512,16134.7
513,15498.4
514,13589.6
515,12317.1
516,9931.1
517,8658.6
518,7704.2
519,6749.8
520,7704.2
521,8976.7
522,11839.9
523,13907.8
524,13271.5
525,12158
526,9931.1
527,8658.6
528,4841
529,1501.5
530,864.9
531,387.2
532,387.2
533,864.9
534,4526.9
535,15194.4
536,16149.6
537,15512.8
538,13602.2
539,12328.5
540,9940.2
541,8666.5
542,7711.2
543,6755.9
544,7711.2
545,8984.9
546,11850.8
547,13920.6
548,13283.8
549,12169.2
550,9940.2
551,8666.5
552,4845.3
553,1502.6
554,865.4
555,387.4
556,387.4
557,865.4
558,4530.6
559,15207.6
560,16163.7
561,15526.3
562,13614
563,12339.1
564,9948.8
565,8673.9
566,7717.8
567,6761.7
568,7717.8
569,8992.7
570,11861.1
571,13932.7
572,13295.3
573,12179.8
574,9948.8
575,8673.9
576,4849.4
577,1503.7
578,866
579,387.5
580,387.5
581,866
582,4534.2
583,15220
584,16176.9
585,15539
586,13625.1
587,12349.2
588,9956.9
589,8680.9
590,7724
591,6767.1
592,7724
593,8999.9
594,11870.7
595,13944.1
596,13306.1
597,12189.7
598,9956.9
599,8680.9
600,4853.2
601,1504.7
602,866.4
603,387.6
604,387.6
605,866.5
606,4537.5
607,15231.6
608,16189.3
609,15550.8
610,13635.5
611,12358.6
612,9964.4
613,8687.5
614,7729.8
615,6772.1
616,7729.8
617,9006.7
618,11879.7
619,13954.7
620,13316.2
621,12199
622,9964.4
623,8687.5
624,4856.8
625,1505.6
626,866.9
627,387.7
628,387.7
629,866.9
630,4540.6
631,15242.4
632,16200.7
633,15561.8
634,13645.1
635,12367.3
636,9971.4
637,8693.6
638,7735.2
639,6776.8
640,7735.2
641,9013
642,11888.1
643,13964.6
644,13325.6
645,12207.5
646,9971.4
647,8693.6
648,4860.1
649,1506.5
650,867.3
651,387.8
652,387.8
653,867.3
654,4543.5
655,15252.3
656,16211.3
657,15572
658,13654
659,12375.3
660,9977.8
661,8699.2
662,7740.2
663,6781.2
664,7740.2
665,9018.8
666,11895.8
667,13973.7
668,13334.3
669,12215.5
670,9977.8
671,8699.2
672,4863.2
673,1507.3
674,867.7
675,387.9
676,387.9
677,867.7
678,4546.1
679,15261.4
680,16221
681,15581.3
682,13662.1
683,12382.7
684,9983.8
685,8704.3
686,7744.7
687,6785.1
688,7744.7
689,9024.2
690,11902.9
691,13982
692,13342.3
693,12222.8
694,9983.8
695,8704.3
696,4866
697,1508
698,868.1
699,388
700,388
701,868.1
702,4548.5
703,15269.7
704,16229.9
705,15589.8
706,13669.6
707,12389.4
708,9989.1
709,8709
710,7748.9
711,6788.8
712,7748.9
713,9029
714,11909.4
715,13989.6
716,13349.5
717,12229.4
718,9989.1
719,8709
720,4868.5
721,1508.7
722,868.4
723,388.1
724,388.1
725,868.4
726,4550.7
727,15277.2
728,16237.8
729,15597.4
730,13676.2
731,12395.4
732,9994
733,8713.2
734,7752.6
735,6792
736,7752.6
737,9033.4
738,11915.2
739,13996.4
740,13356
741,12235.4
742,9994
743,8713.2
744,4870.8
745,1509.2
746,868.7
747,388.2
748,388.2
749,868.7
750,4552.6
751,15283.8
752,16244.9
753,15604.2
754,13682.2
755,12400.8
756,9998.3
757,8716.9
758,7755.9
759,6794.9
760,7755.9
761,9037.3
762,11920.3
763,14002.5
764,13361.8
765,12240.6
766,9998.3
767,8716.9
768,4872.9
769,1509.7
770,868.9
771,388.2
772,388.2
773,868.9
774,4554.2
775,15289.6
776,16251
777,15610.1
778,13687.3
779,12405.5
780,10002
781,8720.2
782,7758.8
783,6797.4
784,7758.8
785,9040.7
786,11924.8
787,14007.8
788,13366.9
789,12245.3
790,10002
791,8720.2
792,4874.7
793,1510.2
794,869.1
795,388.3
796,388.3
797,869.1
798,4555.6
799,15294.6
800,16256.3
801,15615.2
802,13691.8
803,12409.5
804,10005.3
805,8723
806,7761.3
807,6799.6
808,7761.3
809,9043.6
810,11928.7
811,14012.3
812,13371.2
813,12249.2
814,10005.3
815,8723
816,4876.2
817,1510.5
818,869.3
819,388.3
820,388.3
821,869.3
822,4556.8
823,15298.7
824,16260.7
825,15619.4
826,13695.4
827,12412.8
828,10007.9
829,8725.3
830,7763.4
831,6801.4
832,7763.4
833,9046
834,11931.9
835,14016.1
836,13374.8
837,12252.5
838,10007.9
839,8725.3
840,4877.5
841,1510.8
842,869.4
843,388.4
844,388.4
845,869.4
846,4557.8
847,15302
848,16264.2
849,15622.7
850,13698.4
851,12415.5
852,10010.1
853,8727.2
854,7765
855,6802.8
856,7765
857,9047.9
858,11934.4
859,14019.1
860,13377.7
861,12255.1
862,10010.1
863,8727.2
864,4878.5
865,1511.1
866,869.5
867,388.4
868,388.4
869,869.6
870,4558.5
871,15304.4
872,16266.8
873,15625.2
874,13700.6
875,12417.5
876,10011.6
877,8728.5
878,7766.2
879,6803.9
880,7766.2
881,9049.3
882,11936.3
883,14021.3
884,13379.8
885,12257.1
886,10011.6
887,8728.5
888,4879.2
889,1511.2
890,869.6
891,388.4
892,388.4
893,869.6
894,4558.9
895,15306
896,16268.5
897,15626.8
898,13702
899,12418.7
900,10012.7
901,8729.4
902,7767
903,6804.6
904,7767
905,9050.3
906,11937.5
907,14022.8
908,13381.2
909,12258.3
910,10012.7
911,8729.4
912,4879.7
913,1511.3
914,869.7
915,388.4
916,388.4
917,869.7
918,4559.1
919,15306.8
920,16269.3
921,15627.6
922,13702.7
923,12419.4
924,10013.2
925,8729.9
926,7767.4
927,6804.9
928,7767.4
929,9050.7
930,11938.1
931,14023.5
932,13381.8
933,12258.9
934,10013.2
935,8729.9
936,4880
937,1511.3
938,869.6
939,388.4
940,388.4
941,869.6
942,4559.1
943,15306.7
944,16269.2
945,15627.5
946,13702.6
947,12419.3
948,10013.1
949,8729.8
950,7767.3
951,6804.9
952,7767.3
953,9050.6
954,11938
955,14023.4
956,13381.7
957,12258.9
958,10013.1
959,8729.8
960,4879.9
961,1511.2
962,869.6
963,388.4
964,388.4
965,869.6
966,4558.8
967,15305.8
968,16268.2
969,15626.6
970,13701.7
971,12418.5
972,10012.5
973,8729.3
974,7766.9
975,6804.5
976,7766.9
977,9050.1
978,11937.3
979,14022.5
980,13380.9
981,12258.1
982,10012.5
983,8729.3
984,4879.7
985,1511.1
986,869.5
987,388.4
988,388.4
989,869.5
990,4558.3
991,15304
992,16266.3
993,15624.7
994,13700.1
995,12417.1
996,10011.3
997,8728.3
998,7766
999,6803.7
1000,7766
1001,9049.1
1002,11935.9
1003,14020.9
1004,13379.4
1005,12256.7
1006,10011.3
1007,8728.3
1008,4879.1
1009,1510.9
1010,869.4
1011,388.4
1012,388.4
1013,869.4
1014,4557.6
1015,15301.4
1016,16263.5
1017,15622.1
1018,13697.8
1019,12415
1020,10009.6
1021,8726.8
1022,7764.7
1023,6802.6
1024,7764.7
1025,9047.5
1026,11933.9
1027,14018.5
1028,13377.1
1029,12254.6
1030,10009.6
1031,8726.8
1032,4878.3
1033,1510.6
1034,869.3
1035,388.3
1036,388.3
1037,869.3
1038,4556.6
1039,15297.9
1040,16259.8
1041,15618.5
1042,13694.7
1043,12412.2
1044,10007.4
1045,8724.9
1046,7763
1047,6801
1048,7763
1049,9045.5
1050,11931.2
1051,14015.4
1052,13374.1
1053,12251.9
1054,10007.4
1055,8724.9
1056,4877.2
1057,1510.3
1058,869.1
1059,388.3
1060,388.3
1061,869.1
1062,4555.4
1063,15293.6
1064,16255.2
1065,15614.1
1066,13690.9
1067,12408.7
1068,10004.6
1069,8722.4
1070,7760.8
1071,6799.2
1072,7760.8
1073,9043
1074,11927.9
1075,14011.4
1076,13370.3
1077,12248.4
1078,10004.6
1079,8722.4
1080,4875.9
1081,1509.8
1082,868.9
1083,388.2
1084,388.2
1085,868.9
1086,4553.9
1087,15288.5
1088,16249.8
1089,15608.9
1090,13686.3
1091,12404.5
1092,10001.3
1093,8719.5
1094,7758.2
1095,6796.9
1096,7758.2
1097,9040
1098,11923.9
1099,14006.7
1100,13365.8
1101,12244.3
1102,10001.3
1103,8719.5
1104,4874.3
1105,1509.3
1106,868.6
1107,388.2
1108,388.2
1109,868.6
1110,4552.2
1111,15282.5
1112,16243.4
1113,15602.8
1114,13680.9
1115,12399.7
1116,9997.4
1117,8716.2
1118,7755.2
1119,6794.3
1120,7755.2
1121,9036.5
1122,11919.2
1123,14001.2
1124,13360.6
1125,12239.6
1126,9997.4
1127,8716.2
1128,4872.5
1129,1508.8
1130,868.3
1131,388.1
1132,388.1
1133,868.3
1134,4550.2
1135,15275.7
1136,16236.2
1137,15595.8
1138,13674.9
1139,12394.2
1140,9993
1141,8712.3
1142,7751.8
1143,6791.4
1144,7751.8
1145,9032.5
1146,11914
1147,13995
1148,13354.7
1149,12234.1
1150,9993
1151,8712.3
1152,4870.4
1153,1508.1
1154,868
1155,388
1156,388
1157,868
1158,4548
1159,15268
1160,16228
1161,15588
1162,13668
1163,12388
1164,9988
1165,8708
1166,7748
1167,6788
1168,7748
1169,9028
1170,11908
1171,13988
1172,13348
1173,12228
1174,9988
1175,8708
1176,4868
1177,1507.4
1178,867.6
1179,387.9
1180,387.9
1181,867.6
1182,4545.6
1183,15259.5
1184,16219
1185,15579.4
1186,13660.4
1187,12381.2
1188,9982.5
1189,8703.2
1190,7743.8
1191,6784.3
1192,7743.8
1193,9023.1
1194,11901.4
1195,13980.3
1196,13340.6
1197,12221.3
1198,9982.5
1199,8703.2
1200,4865.4
1201,1506.7
1202,867.3
1203,387.8
1204,387.8
1205,867.2
1206,4542.9
1207,15250.2
1208,16209.1
1209,15569.9
1210,13652.1
1211,12373.6
1212,9976.5
1213,8698
1214,7739.1
1215,6780.3
1216,7739.1
1217,9017.6
1218,11894.2
1219,13971.8
1220,13332.5
1221,12213.8
1222,9976.5
1223,8698
1224,4862.5
1225,1505.8
1226,866.8
1227,387.7
1228,387.7
1229,866.8
1230,4540
1231,15240.1
1232,16198.3
1233,15559.5
1234,13643.1
1235,12365.5
1236,9969.9
1237,8692.3
1238,7734.1
1239,6775.8
1240,7734.1
1241,9011.7
1242,11886.3
1243,13962.5
1244,13323.7
1245,12205.7
1246,9969.9
1247,8692.3
1248,4859.4
1249,1504.9
1250,866.4
1251,387.6
1252,387.6
1253,866.3
1254,4536.8
1255,15229.2
1256,16186.7
1257,15548.3
1258,13633.3
1259,12356.6
1260,9962.8
1261,8686.1
1262,7728.6
1263,6771.1
1264,7728.6
1265,9005.3
1266,11877.8
1267,13952.5
1268,13314.1
1269,12197
1270,9962.8
1271,8686.1
1272,4856
1273,1503.9
1274,865.9
1275,387.5
1276,387.5
1277,865.8
1278,4533.5
1279,15217.4
1280,16174.2
1281,15536.3
1282,13622.8
1283,12347.1
1284,9955.2
1285,8679.5
1286,7722.7
1287,6765.9
1288,7722.7
1289,8998.4
1290,11868.7
1291,13941.7
1292,13303.8
1293,12187.6
1294,9955.2
1295,8679.5
1296,4852.4
1297,1502.8
1298,865.3
1299,387.3
1300,387.3
1301,865.3
1302,4529.8
1303,15204.8
1304,16160.8
1305,15523.4
1306,13611.5
1307,12336.9
1308,9947
1309,8672.4
1310,7716.4
1311,6760.4
1312,7716.4
1313,8991
1314,11858.9
1315,13930.2
1316,13292.9
1317,12177.6
1318,9947
1319,8672.4
1320,4848.5
1321,1501.7
1322,864.7
1323,387.2
1324,387.2
1325,864.7
1326,4526
1327,15191.4
1328,16146.5
1329,15509.8
1330,13599.5
1331,12326.1
1332,9938.3
1333,8664.8
1334,7709.7
1335,6754.6
1336,7709.7
1337,8983.2
1338,11848.5
1339,13917.9
1340,13281.2
1341,12166.9
1342,9938.3
1343,8664.8
1344,4844.4
1345,1500.5
1346,864.1
1347,387
1348,387
1349,864.1
1350,4521.9
1351,15177.2
1352,16131.4
1353,15495.2
1354,13586.8
1355,12314.6
1356,9929.1
1357,8656.8
1358,7702.6
1359,6748.4
1360,7702.6
1361,8974.9
1362,11837.5
1363,13904.9
1364,13268.8
1365,12155.5
1366,9929.1
1367,8656.8
1368,4840
1369,1499.3
1370,863.5
1371,386.9
1372,386.9
1373,863.5
1374,4517.6
1375,15162.2
1376,16115.4
1377,15479.9
1378,13573.4
1379,12302.4
1380,9919.3
1381,8648.3
1382,7695.1
1383,6741.8
1384,7695.1
1385,8966.1
1386,11825.8
1387,13891.2
1388,13255.7
1389,12143.6
1390,9919.3
1391,8648.3
1392,4835.4
1393,1497.9
1394,862.8
1395,386.7
1396,386.7
1397,862.8
1398,4513.1
1399,15146.3
1400,16098.6
1401,15463.8
1402,13559.3
1403,12289.6
1404,9909.1
1405,8639.4
1406,7687.2
1407,6734.9
1408,7687.2
1409,8956.8
1410,11813.5
1411,13876.7
1412,13241.9
1413,12130.9
1414,9909.1
1415,8639.4
1416,4830.5
1417,1496.5
1418,862.1
1419,386.5
1420,386.5
1421,862.1
1422,4508.3
1423,15129.7
1424,16080.9
1425,15446.8
1426,13544.4
1427,12276.2
1428,9898.3
1429,8630
1430,7678.9
1431,6727.7
1432,7678.9
1433,8947.1
1434,11800.6
1435,13861.5
1436,13227.4
1437,12117.7
1438,9898.3
1439,8630
1440,4825.3
1441,1495.1
1442,861.4
1443,386.3
1444,386.3
1445,861.4
1446,4503.3
1447,15112.3
1448,16062.4
1449,15429
1450,13528.9
1451,12262.1
1452,9887
1453,8620.2
1454,7670.2
1455,6720.1
1456,7670.2
1457,8936.9
1458,11787.1
1459,13845.6
1460,13212.2
1461,12103.8
1462,9887
1463,8620.2
1464,4820
1465,1493.5
1466,860.6
1467,386.2
1468,386.2
1469,860.6
1470,4498.1
1471,15094.1
1472,16043
1473,15410.4
1474,13512.6
1475,12247.4
1476,9875.2
1477,8610
1478,7661.1
1479,6712.2
1480,7661.1
1481,8926.3
1482,11773
1483,13828.9
1484,13196.3
1485,12089.3
1486,9875.2
1487,8610
1488,4814.4
1489,1491.9
1490,859.8
1491,386
1492,385.9
1493,859.8
1494,4492.6
1495,15075.2
1496,16022.9
1497,15391.1
1498,13495.7
1499,12232.1
1500,9862.9
1501,8599.3
1502,7651.6
1503,6703.9
1504,7651.6
1505,8915.2
1506,11758.2
1507,13811.6
1508,13179.8
1509,12074.1
1510,9862.9
1511,8599.3
1512,4808.5
1513,1490.2
1514,859
1515,385.7
1516,385.7
1517,859
1518,4486.9
1519,15055.4
1520,16001.9
1521,15370.9
1522,13478
1523,12216.1
1524,9850.1
1525,8588.2
1526,7641.7
1527,6695.3
1528,7641.7
1529,8903.6
1530,11742.9
1531,13793.5
1532,13162.6
1533,12058.4
1534,9850.1
1535,8588.2
1536,4802.4
1537,1488.5
1538,858.1
1539,385.5
1540,385.5
1541,858.1
1542,4481.1
1543,15034.9
1544,15980
1545,15350
1546,13459.7
1547,12199.6
1548,9836.7
1549,8576.6
1550,7631.5
1551,6686.3
1552,7631.5
1553,8891.6
1554,11727
1555,13774.8
1556,13144.7
1557,12042
1558,9836.7
1559,8576.6
1560,4796.1
1561,1486.7
1562,857.2
1563,385.3
1564,385.3
1565,857.2
1566,4474.9
1567,15013.6
1568,15957.4
1569,15328.2
1570,13440.7
1571,12182.4
1572,9822.9
1573,8564.6
1574,7620.8
1575,6677.1
1576,7620.8
1577,8879.2
1578,11710.5
1579,13755.3
1580,13126.1
1581,12025.1
1582,9822.9
1583,8564.6
1584,4789.5
1585,1484.9
1586,856.3
1587,385.1
1588,385.1
1589,856.2
1590,4468.6
1591,14991.6
1592,15934
1593,15305.7
1594,13421
1595,12164.5
1596,9808.6
1597,8552.2
1598,7609.8
1599,6667.5
1600,7609.8
1601,8866.3
1602,11693.4
1603,13735.1
1604,13106.9
1605,12007.5
1606,9808.6
1607,8552.2
1608,4782.7
1609,1482.9
1610,855.3
1611,384.8
1612,384.8
1613,855.3
1614,4462.1
1615,14968.8
1616,15909.7
1617,15282.5
1618,13400.7
1619,12146.1
1620,9793.9
1621,8539.3
1622,7598.4
1623,6657.5
1624,7598.4
1625,8853
1626,11675.7
1627,13714.3
1628,13087
1629,11989.3
1630,9793.9
1631,8539.3
1632,4775.7
1633,1480.9
1634,854.3
1635,384.6
1636,384.6
1637,854.3
1638,4455.3
1639,14945.3
1640,15884.7
1641,15258.5
1642,13379.6
1643,12127.1
1644,9778.6
1645,8526.1
1646,7586.7
1647,6647.3
1648,7586.7
1649,8839.2
1650,11657.4
1651,13692.8
1652,13066.5
1653,11970.5
1654,9778.6
1655,8526.1
1656,4768.5
1657,1478.9
1658,853.3
1659,384.3
1660,384.3
1661,853.2
1662,4448.4
1663,14921.1
1664,15858.9
1665,15233.7
1666,13358
1667,12107.5
1668,9762.9
1669,8512.4
1670,7574.5
1671,6636.7
1672,7574.5
1673,8825
1674,11638.6
1675,13670.6
1676,13045.4
1677,11951.2
1678,9762.9
1679,8512.4
1680,4761
1681,852.5
1682,384.1
1683,384.1
1684,852.2
1685,4441.2
1686,14896.1
1687,15832.3
1688,15208.2
1689,13335.6
1690,12087.3
1691,9746.6
1692,8498.3
1693,7562
1694,6625.8
1695,7562
1696,8810.4
1697,11619.2
1698,13647.7
1699,13023.6
1700,11931.3
1701,9746.6
1702,8498.3
1703,4753.3
1704,1476.4
1705,851.4
1706,383.8
1707,383.8
1708,851.1
1709,4433.8
1710,14870.4
1711,15805
1712,15181.9
1713,13312.7
1714,12066.5
1715,9730
1716,8483.8
1717,7549.2
1718,6614.6
1719,7549.2
1720,8795.3
1721,11599.2
1722,13624.2
1723,13001.1
1724,11910.7
1725,9730
1726,8483.8
1727,4745.3
1728,1474.2
1729,850.3
1730,383.5
1731,383.5
1732,850
1733,4426.2
1734,14843.9
1735,15776.9
1736,15154.9
1737,13289.1
1738,12045.1
1739,9712.8
1740,8468.9
1741,7536
1742,6603
1743,7536
1744,8779.9
1745,11578.7
1746,13600
1747,12978.1
1748,11889.7
1749,9712.8
1750,8468.9
1751,4737.2
1752,1471.9
1753,849.2
1754,383.2
1755,383.2
1756,848.8
1757,4418.4
1758,14816.8
1759,15748
1760,15127.2
1761,13264.8
1762,12023.2
1763,9695.2
1764,8453.6
1765,7522.4
1766,6591.2
1767,7522.4
1768,8764
1769,11557.6
1770,13575.2
1771,12954.4
1772,11868
1773,9695.2
1774,8453.6
1775,4728.8
1776,1469.6
1777,848
1778,382.9
1779,382.9
1780,847.7
1781,4410.4
1782,14789
1783,15718.4
1784,15098.8
1785,13240
1786,12000.7
1787,9677.2
1788,8437.9
1789,7508.5
1790,6579.1
1791,7508.5
1792,8747.7
1793,11536
1794,13549.8
1795,12930.1
1796,11845.8
1797,9677.2
1798,8437.9
1799,4720.2
1800,1467.2
1801,846.8
1802,382.6
1803,382.6
1804,846.4
1805,4402.2
1806,14760.5
1807,15688.1
1808,15069.7
1809,13214.5
1810,11977.7
1811,9658.7
1812,8421.9
1813,7494.2
1814,6566.6
1815,7494.2
1816,8731.1
1817,11513.9
1818,13523.7
1819,12905.3
1820,11823.1
1821,9658.7
1822,8421.9
1823,4711.4
1824,1464.8
1825,845.6
1826,382.3
1827,382.3
1828,845.2
1829,4393.9
1830,14731.3
1831,15657
1832,15039.9
1833,13188.4
1834,11954.1
1835,9639.7
1836,8405.4
1837,7479.7
1838,6553.9
1839,7479.7
1840,8714
1841,11491.2
1842,13497
1843,12879.8
1844,11799.8
1845,9639.7
1846,8405.4
1847,4702.4
1848,1462.3
1849,844.3
1850,382
1851,382
1852,843.9
1853,4385.3
1854,14701.4
1855,15625.3
1856,15009.4
1857,13161.7
1858,11929.9
1859,9620.3
1860,8388.6
1861,7464.7
1862,6540.9
1863,7464.7
1864,8696.5
1865,11468
1866,13469.6
1867,12853.8
1868,11775.9
1869,9620.3
1870,8388.6
1871,4693.2
1872,1459.8
1873,843
1874,381.7
1875,381.7
1876,842.6
1877,4376.5
1878,14670.9
1879,15592.8
1880,14978.2
1881,13134.4
1882,11905.2
1883,9600.5
1884,8371.3
1885,7449.5
1886,6527.6
1887,7449.5
1888,8678.6
1889,11444.3
1890,13441.7
1891,12827.1
1892,11751.6
1893,9600.5
1894,8371.3
1895,4683.8
1896,1457.2
1897,841.7
1898,381.4
1899,381.3
1900,841.3
1901,4367.5
1902,14639.7
1903,15559.6
1904,14946.3
1905,13106.5
1906,11880
1907,9580.3
1908,8353.8
1909,7433.9
1910,6514
1911,7433.9
1912,8660.4
1913,11420.1
1914,13413.2
1915,12799.9
1916,11726.7
1917,9580.3
1918,8353.8
1919,4674.2
1920,1454.5
1921,840.4
1922,381
1923,381
1924,840
1925,4358.4
1926,14607.9
1927,15525.7
1928,14913.8
1929,13078.1
1930,11854.3
1931,9559.6
1932,8335.8
1933,7417.9
1934,6500.1
1935,7417.9
1936,8641.8
1937,11395.4
1938,13384.1
1939,12772.2
1940,11701.3
1941,9559.6
1942,8335.8
1943,4664.4
1944,1451.8
1945,839
1946,380.7
1947,380.7
1948,838.6
1949,4349.1
1950,14575.4
1951,15491.2
1952,14880.7
1953,13049.1
1954,11828
1955,9538.6
1956,8317.5
1957,7401.7
1958,6485.9
1959,7401.7
1960,8622.8
1961,11370.1
1962,13354.4
1963,12743.8
1964,11675.4
1965,9538.6
1966,8317.5
1967,4654.3
1968,1449.1
1969,837.6
1970,380.3
1971,380.3
1972,837.2
1973,4339.6
1974,14542.3
1975,15456
1976,14846.9
1977,13019.5
1978,11801.3
1979,9517.1
1980,8298.8
1981,7385.2
1982,6471.5
1983,7385.2
1984,8603.4
1985,11344.4
1986,13324.1
1987,12715
1988,11649
1989,9517.1
1990,8298.8
1991,4644.1
1992,1446.2
1993,836.2
1994,380
1995,379.9
1996,835.7
1997,4329.9
1998,14508.6
1999,15420.1
2000,14812.5
2001,12989.4
2002,11774
2003,9495.2
2004,8279.8
2005,7368.3
2006,6456.8
2007,7368.3
2008,8583.7
2009,11318.3
2010,13293.2
2011,12685.6
2012,11622.1
2013,9495.2
2014,8279.8
2015,4633.7
2016,1443.4
2017,834.7
2018,379.6
2019,379.6
2020,834.3
2021,4320
2022,14474.3
2023,15383.6
2024,14777.4
2025,12958.7
2026,11746.3
2027,9472.9
2028,8260.5
2029,7351.2
2030,6441.8
2031,7351.2
2032,8563.6
2033,11291.6
2034,13261.8
2035,12655.6
2036,11594.7
2037,9472.9
2038,8260.5
2039,4623.1
2040,1440.5
2041,833.2
2042,379.2
2043,379.2
2044,832.8
2045,4310
2046,14439.4
2047,15346.5
2048,14741.8
2049,12927.5
2050,11718.1
2051,9450.3
2052,8240.8
2053,7333.7
2054,6426.6
2055,7333.7
2056,8543.2
2057,11264.5
2058,13229.9
2059,12625.2
2060,11566.9
2061,9450.3
2062,8240.8
2063,4612.4
2064,1437.5
2065,831.7
2066,378.9
2067,378.8
2068,831.3
2069,4299.8
2070,14403.9
2071,15308.7
2072,14705.5
2073,12895.8
2074,11689.4
2075,9427.3
2076,8220.8
2077,7315.9
2078,6411.1
2079,7315.9
2080,8522.4
2081,11236.9
2082,13197.4
2083,12594.2
2084,11538.5
2085,9427.3
2086,8220.8
2087,4601.4
2088,1434.5
2089,830.2
2090,378.5
2091,378.5
2092,829.7
2093,4289.5
2094,14367.8
2095,15270.4
2096,14668.7
2097,12863.6
2098,11660.2
2099,9403.8
2100,8200.5
2101,7297.9
2102,6395.4
2103,7297.9
2104,8501.3
2105,11208.9
2106,13164.4
2107,12562.7
2108,11509.8
2109,9403.8
2110,8200.5
2111,4590.3
2112,1431.4
2113,828.7
2114,378.1
2115,378.1
2116,828.2
2117,4278.9
2118,14331.2
2119,15231.4
2120,14631.2
2121,12830.8
2122,11630.6
2123,9380.1
2124,8179.8
2125,7279.6
2126,6379.4
2127,7279.6
2128,8479.9
2129,11180.5
2130,13130.9
2131,12530.8
2132,11480.5
2133,9380.1
2134,8179.8
2135,4579
2136,1428.3
2137,827.1
2138,377.7
2139,377.7
2140,826.6
2141,4268.2
2142,14294
2143,15191.8
2144,14593.3
2145,12797.6
2146,11600.5
2147,9355.9
2148,8158.8
2149,7261
2150,6363.2
2151,7261
2152,8458.1
2153,11151.6
2154,13096.9
2155,12498.3
2156,11450.9
2157,9355.9
2158,8158.8
2159,4567.5
2160,1425.1
2161,825.5
2162,377.3
2163,377.3
2164,825
2165,4257.4
2166,14256.3
2167,15151.7
2168,14554.7
2169,12763.9
2170,11570
2171,9331.4
2172,8137.6
2173,7242.1
2174,6346.7
2175,7242.1
2176,8436
2177,11122.3
2178,13062.4
2179,12465.4
2180,11420.8
2181,9331.4
2182,8137.6
2183,4555.9
2184,1421.9
2185,823.9
2186,376.9
2187,376.9
2188,823.4
2189,4246.4
2190,14218
2191,15111
2192,14515.6
2193,12729.7
2194,11539.1
2195,9306.6
2196,8116
2197,7223
2198,6330
2199,7223
2200,8413.6
2201,11092.6
2202,13027.3
2203,12432
2204,11390.2
2205,9306.6
2206,8116
2207,4544.1
2208,1418.6
2209,822.2
2210,376.5
2211,376.4
2212,821.7
2213,4235.3
2214,14179.2
2215,15069.7
2216,14476
2217,12695
2218,11507.7
2219,9281.4
2220,8094.1
2221,7203.6
2222,6313.1
2223,7203.6
2224,8390.9
2225,11062.4
2226,12991.9
2227,12398.2
2228,11359.3
2229,9281.4
2230,8094.1
2231,4532.1
2232,1415.3
2233,820.5
2234,376
2235,376
2236,820
2237,4224
2238,14139.9
2239,15027.9
2240,14435.9
2241,12659.9
2242,11475.9
2243,9255.9
2244,8072
2245,7184
2246,6296
2247,7184
2248,8367.9
2249,11031.9
2250,12955.9
2251,12363.9
2252,11327.9
2253,9255.9
2254,8072
2255,4520
2256,1412
2257,818.9
2258,375.6
2259,375.6
2260,818.4
2261,4212.6
2262,14100.1
2263,14985.6
2264,14395.3
2265,12624.4
2266,11443.7
2267,9230.1
2268,8049.5
2269,7164.1
2270,6278.6
2271,7164.1
2272,8344.7
2273,11001
2274,12919.5
2275,12329.2
2276,11296.2
2277,9230.1
2278,8049.5
2279,4507.7
2280,1408.6
2281,817.2
2282,375.2
2283,375.2
2284,816.6
2285,4201
2286,14059.8
2287,14942.7
2288,14354.1
2289,12588.4
2290,11411.2
2291,9204
2292,8026.8
2293,7143.9
2294,6261
2295,7143.9
2296,8321.1
2297,10969.7
2298,12882.7
2299,12294.1
2300,11264
2301,9204
2302,8026.8
2303,4495.3
2304,1405.2
2305,815.4
2306,374.8
2307,374.7
2308,814.9
2309,4189.3
2310,14019.1
2311,14899.4
2312,14312.5
2313,12551.9
2314,11378.2
2315,9177.5
2316,8003.8
2317,7123.5
2318,6243.3
2319,7123.5
2320,8297.3
2321,10938.1
2322,12845.4
2323,12258.5
2324,11231.5
2325,9177.5
2326,8003.8
2327,4482.7
2328,1401.7
2329,813.7
2330,374.3
2331,374.3
2332,813.2
2333,4177.5
2334,13977.9
2335,14855.5
2336,14270.4
2337,12515.1
2338,11344.9
2339,9150.8
2340,7980.6
2341,7102.9
2342,6225.3
2343,7102.9
2344,8273.1
2345,10906.1
2346,12807.7
2347,12222.6
2348,11198.6
2349,9150.8
2350,7980.6
2351,4470
2352,1398.2
2353,811.9
2354,373.9
2355,373.9
2356,811.4
2357,4165.5
2358,13936.2
2359,14811.2
2360,14227.9
2361,12477.9
2362,11311.2
2363,9123.8
2364,7957.1
2365,7082.1
2366,6207.1
2367,7082.1
2368,8248.8
2369,10873.7
2370,12769.5
2371,12186.2
2372,11165.4
2373,9123.8
2374,7957.1
2375,4457.1
2376,1394.7
2377,810.1
2378,373.4
2379,373.4
2380,809.6
2381,4153.4
2382,13894.1
2383,14766.4
2384,14184.9
2385,12440.3
2386,11277.2
2387,9096.4
2388,7933.4
2389,7061.1
2390,6188.8
2391,7061.1
2392,8224.1
2393,10841
2394,12731
2395,12149.5
2396,11131.8
2397,9096.4
2398,7933.4
2399,4444.1
2400,1391.1
2401,808.3
2402,373
2403,373
2404,807.8
2405,4141.2
2406,13851.6
2407,14721.2
2408,14141.4
2409,12402.3
2410,11242.8
2411,9068.8
2412,7909.4
2413,7039.8
2414,6170.2
2415,7039.8
2416,8199.2
2417,10808
2418,12692.1
2419,12112.4
2420,11097.9
2421,9068.8
2422,7909.4
2423,4431
2424,1387.5
2425,806.5
2426,372.5
2427,372.5
2428,806
2429,4128.8
2430,13808.6
2431,14675.5
2432,14097.6
2433,12363.9
2434,11208.1
2435,9041
2436,7885.2
2437,7018.3
2438,6151.5
2439,7018.3
2440,8174.1
2441,10774.7
2442,12652.8
2443,12074.9
2444,11063.6
2445,9041
2446,7885.2
2447,4417.8
2448,1383.8
2449,804.7
2450,372.1
2451,372.1
2452,804.1
2453,4116.4
2454,13765.3
2455,14629.4
2456,14053.3
2457,12325.2
2458,11173.1
2459,9012.9
2460,7860.7
2461,6996.7
2462,6132.6
2463,6996.7
2464,8148.8
2465,10741
2466,12613.2
2467,12037.1
2468,11029
2469,9012.9
2470,7860.7
2471,4404.4
2472,1380.1
2473,802.8
2474,371.6
2475,371.6
2476,802.3
2477,4103.8
2478,13721.6
2479,14582.9
2480,14008.7
2481,12286.1
2482,11137.7
2483,8984.5
2484,7836.1
2485,6974.8
2486,6113.5
2487,6974.8
2488,8123.2
2489,10707.1
2490,12573.2
2491,11999
2492,10994.2
2493,8984.5
2494,7836.1
2495,4390.9
2496,1376.4
2497,800.9
2498,371.1
2499,371.1
2500,800.4
2501,4091.2
2502,13677.5
2503,14536
2504,13963.7
2505,12246.7
2506,11102.1
2507,8955.9
2508,7811.2
2509,6952.8
2510,6094.3
2511,6952.8
2512,8097.4
2513,10672.8
2514,12532.9
2515,11960.5
2516,10959
2517,8955.9
2518,7811.2
2519,4377.3
2520,1372.6
2521,799
2522,370.7
2523,370.6
2524,798.5
2525,4078.4
2526,13633
2527,14488.7
2528,13918.3
2529,12207
2530,11066.1
2531,8927
2532,7786.2
2533,6930.5
2534,6074.9
2535,6930.5
2536,8071.4
2537,10638.3
2538,12492.2
2539,11921.8
2540,10923.5
2541,8927
2542,7786.2
2543,4363.6
2544,1368.9
2545,797.1
2546,370.2
2547,370.2
2548,796.6
2549,4065.5
2550,13588.2
2551,14441
2552,13872.5
2553,12166.9
2554,11029.9
2555,8897.9
2556,7760.9
2557,6908.1
2558,6055.3
2559,6908.1
2560,8045.2
2561,10603.5
2562,12451.2
2563,11882.7
2564,10887.8
2565,8897.9
2566,7760.9
2567,4349.8
2568,1365
2569,795.2
2570,369.7
2571,369.7
2572,794.7
2573,4052.6
2574,13543.1
2575,14393
2576,13826.4
2577,12126.6
2578,10993.4
2579,8868.7
2580,7735.5
2581,6885.6
2582,6035.7
2583,6885.6
2584,8018.8
2585,10568.5
2586,12409.9
2587,11843.3
2588,10851.8
2589,8868.7
2590,7735.5
2591,4335.9
2592,1361.2
2593,793.3
2594,369.2
2595,369.2
2596,792.7
2597,4039.5
2598,13497.6
2599,14344.6
2600,13780
2601,12086
2602,10956.6
2603,8839.2
2604,7709.8
2605,6862.8
2606,6015.8
2607,6862.8
2608,7992.2
2609,10533.1
2610,12368.3
2611,11803.6
2612,10815.5
2613,8839.2
2614,7709.8
2615,4321.8
2616,1357.3
2617,791.4
2618,368.7
2619,368.7
2620,790.8
2621,4026.4
2622,13451.9
2623,14296
2624,13733.2
2625,12045.1
2626,10919.6
2627,8809.5
2628,7684
2629,6839.9
2630,5995.9
2631,6839.9
2632,7965.4
2633,10497.6
2634,12326.4
2635,11763.7
2636,10779
2637,8809.5
2638,7684
2639,4307.7
2640,1353.4
2641,789.4
2642,368.2
2643,368.2
2644,788.8
2645,4013.1
2646,13405.8
2647,14247
2648,13686.2
2649,12003.9
2650,10882.4
2651,8779.6
2652,7658.1
2653,6816.9
2654,5975.8
2655,6816.9
2656,7938.4
2657,10461.8
2658,12284.3
2659,11723.5
2660,10742.2
2661,8779.6
2662,7658.1
2663,4293.5
2664,1349.5
2665,787.4
2666,367.8
2667,367.7
2668,786.9
2669,3999.8
2670,13359.5
2671,14197.7
2672,13638.9
2673,11962.5
2674,10844.9
2675,8749.5
2676,7631.9
2677,6793.7
2678,5955.6
2679,6793.7
2680,7911.3
2681,10425.9
2682,12241.9
2683,11683.1
2684,10705.2
2685,8749.5
2686,7631.9
2687,4279.2
2688,1345.6
2689,785.5
2690,367.3
2691,367.2
2692,784.9
2693,3986.4
2694,13312.9
2695,14148.1
2696,13591.3
2697,11920.9
2698,10807.3
2699,8719.3
2700,7605.7
2701,6770.4
2702,5935.2
2703,6770.4
2704,7884.1
2705,10389.7
2706,12199.3
2707,11642.5
2708,10668.1
2709,8719.3
2710,7605.7
2711,4264.8
2712,1341.6
2713,783.5
2714,366.8
2715,366.7
2716,782.9
2717,3973
2718,13266
2719,14098.2
2720,13543.4
2721,11879
2722,10769.4
2723,8688.9
2724,7579.2
2725,6747
2726,5914.8
2727,6747
2728,7856.6
2729,10353.3
2730,12156.4
2731,11601.6
2732,10630.7
2733,8688.9
2734,7579.2
2735,4250.4
2736,1337.6
2737,781.5
2738,366.3
2739,366.2
2740,780.9
2741,3959.5
2742,13218.9
2743,14048.1
2744,13495.3
2745,11836.9
2746,10731.3
2747,8658.3
2748,7552.7
2749,6723.5
2750,5894.3
2751,6723.5
2752,7829.1
2753,10316.7
2754,12113.3
2755,11560.5
2756,10593.1
2757,8658.3
2758,7552.7
2759,4235.8
2760,1333.6
2761,779.4
2762,365.8
2763,365.7
2764,778.9
2765,3945.9
2766,13171.6
2767,13997.8
2768,13447
2769,11794.6
2770,10693
2771,8627.6
2772,7526
2773,6699.8
2774,5873.6
2775,6699.8
2776,7801.4
2777,10280
2778,12070
2779,11519.2
2780,10555.4
2781,8627.6
2782,7526
2783,4221.2
2784,1329.6
2785,777.4
2786,365.3
2787,365.2
2788,776.8
2789,3932.2
2790,13124.1
2791,13947.2
2792,13398.5
2793,11752.2
2794,10654.6
2795,8596.7
2796,7499.2
2797,6676
2798,5852.9
2799,6676
2800,7773.6
2801,10243
2802,12026.5
2803,11477.8
2804,10517.4
2805,8596.7
2806,7499.2
2807,4206.6
2808,1325.5
2809,775.4
2810,364.7
2811,364.7
2812,774.8
2813,3918.5
2814,13076.4
2815,13896.5
2816,13349.7
2817,11709.5
2818,10616
2819,8565.8
2820,7472.3
2821,6652.2
2822,5832.1
2823,6652.2
2824,7745.7
2825,10206
2826,11982.9
2827,11436.1
2828,10479.3
2829,8565.8
2830,7472.3
2831,4191.9
2832,1321.5
2833,773.4
2834,364.2
2835,364.2
2836,772.8
2837,3904.7
2838,13028.4
2839,13845.5
2840,13300.8
2841,11666.7
2842,10577.3
2843,8534.7
2844,7445.3
2845,6628.2
2846,5811.2
2847,6628.2
2848,7717.6
2849,10168.8
2850,11939
2851,11394.3
2852,10441.1
2853,8534.7
2854,7445.3
2855,4177.1
2856,1317.4
2857,771.3
2858,363.7
2859,363.7
2860,770.7
2861,3890.9
2862,12980.4
2863,13794.4
2864,13251.7
2865,11623.7
2866,10538.4
2867,8503.5
2868,7418.2
2869,6604.2
2870,5790.2
2871,6604.2
2872,7689.5
2873,10131.4
2874,11895.1
2875,11352.4
2876,10402.8
2877,8503.5
2878,7418.2
2879,4162.2
2880,1313.3
2881,769.3
2882,363.2
2883,363.2
2884,768.7
2885,3877.1
2886,12932.1
2887,13743
2888,13202.4
2889,11580.6
2890,10499.4
2891,8472.2
2892,7391
2893,6580.1
2894,5769.2
2895,6580.1
2896,7661.3
2897,10094
2898,11850.9
2899,11310.3
2900,10364.3
2901,8472.2
2902,7391
2903,4147.4
2904,1309.2
2905,767.2
2906,362.7
2907,362.7
2908,766.6
2909,3863.2
2910,12883.8
2911,13691.6
2912,13153
2913,11537.4
2914,10460.3
2915,8440.8
2916,7363.7
2917,6555.9
2918,5748.1
2919,6555.9
2920,7633
2921,10056.4
2922,11806.7
2923,11268.1
2924,10325.7
2925,8440.8
2926,7363.7
2927,4132.4
2928,1305.1
2929,765.1
2930,362.2
2931,362.2
2932,764.6
2933,3849.3
2934,12835.3
2935,13640
2936,13103.5
2937,11494.1
2938,10421.1
2939,8409.3
2940,7336.4
2941,6531.6
2942,5726.9
2943,6531.6
2944,7604.6
2945,10018.8
2946,11762.3
2947,11225.8
2948,10287
2949,8409.3
2950,7336.4
2951,4117.5
2952,1301
2953,763.1
2954,361.7
2955,361.6
2956,762.5
2957,3835.3
2958,12786.7
2959,13588.3
2960,13053.9
2961,11450.6
2962,10381.8
2963,8377.8
2964,7309
2965,6507.3
2966,5705.7
2967,6507.3
2968,7576.2
2969,9981
2970,11717.8
2971,11183.4
2972,10248.2
2973,8377.8
2974,7309
2975,4102.5
2976,1296.8
2977,761
2978,361.1
2979,361.1
2980,760.4
2981,3821.3
2982,12738
2983,13536.5
2984,13004.1
2985,11407.1
2986,10342.4
2987,8346.2
2988,7281.5
2989,6483
2990,5684.5
2991,6483
2992,7547.7
2993,9943.2
2994,11673.3
2995,11141
2996,10209.4
2997,8346.2
2998,7281.5
2999,4087.5
3000,1292.7
3001,758.9
3002,360.6
3003,360.6
3004,758.3
3005,3807.3
3006,12689.2
3007,13484.6
3008,12954.3
3009,11363.5
3010,10303
3011,8314.5
3012,7254
3013,6458.6
3014,5663.2
3015,6458.6
3016,7519.1
3017,9905.3
3018,11628.7
3019,11098.4
3020,10170.4
3021,8314.5
3022,7254
3023,4072.4
3024,1288.5
3025,756.9
3026,360.1
3027,360.1
3028,756.3
3029,3793.3
3030,12640.3
3031,13432.6
3032,12904.4
3033,11319.9
3034,10263.5
3035,8282.8
3036,7226.4
3037,6434.2
3038,5641.9
3039,6434.2
3040,7490.5
3041,9867.4
3042,11584
3043,11055.8
3044,10131.5
3045,8282.8
3046,7226.4
3047,4057.3
3048,1284.4
3049,754.8
3050,359.6
3051,359.6
3052,754.2
3053,3779.2
3054,12591.4
3055,13380.6
3056,12854.5
3057,11276.2
3058,10224
3059,8251.1
3060,7198.9
3061,6409.7
3062,5620.6
3063,6409.7
3064,7461.9
3065,9829.4
3066,11539.2
3067,11013.1
3068,10092.4
3069,8251.1
3070,7198.9
3071,4042.3
3072,1280.2
3073,752.7
3074,359.1
3075,359
3076,752.1
3077,3765.2
3078,12542.5
3079,13328.5
3080,12804.5
3081,11232.4
3082,10184.4
3083,8219.3
3084,7171.3
3085,6385.2
3086,5599.2
3087,6385.2
3088,7433.3
3089,9791.4
3090,11494.4
3091,10970.4
3092,10053.4
3093,8219.3
3094,7171.3
3095,4027.2
3096,1276
3097,750.6
3098,358.5
3099,358.5
3100,750
3101,3751.1
3102,12493.5
3103,13276.4
3104,12754.5
3105,11188.7
3106,10144.8
3107,8187.5
3108,7143.7
3109,6360.8
3110,5577.9
3111,6360.8
3112,7404.6
3113,9753.4
3114,11449.6
3115,10927.7
3116,10014.3
3117,8187.5
3118,7143.7
3119,4012
3120,1271.9
3121,748.5
3122,358
3123,358
3124,747.9
3125,3737
3126,12444.5
3127,13224.3
3128,12704.5
3129,11144.9
3130,10105.2
3131,8155.8
3132,7116.1
3133,6336.3
3134,5556.5
3135,6336.3
3136,7376
3137,9715.3
3138,11404.8
3139,10885
3140,9975.2
3141,8155.8
3142,7116.1
3143,3996.9
3144,1267.7
3145,746.4
3146,357.5
3147,357.5
3148,745.8
3149,3723
3150,12395.6
3151,13172.2
3152,12654.4
3153,11101.1
3154,10065.6
3155,8124
3156,7088.4
3157,6311.8
3158,5535.1
3159,6311.8
3160,7347.3
3161,9677.3
3162,11360
3163,10842.3
3164,9936.2
3165,8124
3166,7088.4
3167,3981.8
3168,1263.5
3169,744.4
3170,357
3171,357
3172,743.8
3173,3708.9
3174,12346.6
3175,13120.1
3176,12604.4
3177,11057.4
3178,10026
3179,8092.2
3180,7060.8
3181,6287.3
3182,5513.8
3183,6287.3
3184,7318.7
3185,9639.3
3186,11315.2
3187,10799.6
3188,9897.1
3189,8092.2
3190,7060.8
3191,3966.7
3192,1259.4
3193,742.3
3194,356.5
3195,356.4
3196,741.7
3197,3694.9
3198,12297.7
3199,13068.1
3200,12554.5
3201,11013.7
3202,9986.5
3203,8060.5
3204,7033.3
3205,6262.8
3206,5492.4
3207,6262.8
3208,7290.1
3209,9601.3
3210,11270.5
3211,10756.9
3212,9858.1
3213,8060.5
3214,7033.3
3215,3951.6
3216,1255.2
3217,740.2
3218,355.9
3219,355.9
3220,739.6
3221,3680.8
3222,12248.8
3223,13016.1
3224,12504.6
3225,10970
3226,9947
3227,8028.7
3228,7005.7
3229,6238.4
3230,5471.1
3231,6238.4
3232,7261.5
3233,9563.3
3234,11225.8
3235,10714.2
3236,9819.1
3237,8028.7
3238,7005.7
3239,3936.6
3240,1251.1
3241,738.1
3242,355.4
3243,355.4
3244,737.5
3245,3666.8
3246,12200
3247,12964.2
3248,12454.7
3249,10926.4
3250,9907.5
3251,7997.1
3252,6978.2
3253,6214
3254,5449.8
3255,6214
3256,7232.9
3257,9525.4
3258,11181.1
3259,10671.7
3260,9780.1
3261,7997.1
3262,6978.2
3263,3921.5
3264,1246.9
3265,736
3266,354.9
3267,354.9
3268,735.4
3269,3652.8
3270,12151.3
3271,12912.3
3272,12405
3273,10882.8
3274,9868.1
3275,7965.4
3276,6950.7
3277,6189.6
3278,5428.6
3279,6189.6
3280,7204.4
3281,9487.6
3282,11136.5
3283,10629.2
3284,9741.3
3285,7965.4
3286,6950.7
3287,3906.5
3288,1242.8
3289,734
3290,354.4
3291,354.4
3292,733.4
3293,3638.8
3294,12102.6
3295,12860.6
3296,12355.3
3297,10839.4
3298,9828.8
3299,7933.9
3300,6923.3
3301,6165.3
3302,5407.4
3303,6165.3
3304,7175.9
3305,9449.8
3306,11092
3307,10586.7
3308,9702.4
3309,7933.9
3310,6923.3
3311,3891.5
3312,1238.6
3313,731.9
3314,353.9
3315,353.9
3316,731.3
3317,3624.9
3318,12054.1
3319,12809
3320,12305.7
3321,10796
3322,9789.5
3323,7902.4
3324,6895.9
3325,6141.1
3326,5386.2
3327,6141.1
3328,7147.5
3329,9412.1
3330,11047.6
3331,10544.4
3332,9663.7
3333,7902.4
3334,6895.9
3335,3876.5
3336,1234.5
3337,729.8
3338,353.4
3339,353.3
3340,729.3
3341,3611
3342,12005.7
3343,12757.5
3344,12256.3
3345,10752.7
3346,9750.4
3347,7871
3348,6868.6
3349,6116.8
3350,5365.1
3351,6116.8
3352,7119.2
3353,9374.5
3354,11003.3
3355,10502.1
3356,9625.1
3357,7871
3358,6868.6
3359,3861.5
3360,1230.4
3361,727.8
3362,352.8
3363,352.8
3364,727.2
3365,3597.1
3366,11957.4
3367,12706.1
3368,12207
3369,10709.6
3370,9711.4
3371,7839.6
3372,6841.4
3373,6092.7
3374,5344
3375,6092.7
3376,7091
3377,9337
3378,10959.2
3379,10460
3380,9586.6
3381,7839.6
3382,6841.4
3383,3846.7
3384,1226.3
3385,725.7
3386,352.3
3387,352.3
3388,725.1
3389,3583.3
3390,11909.3
3391,12654.9
3392,12157.8
3393,10666.6
3394,9672.4
3395,7808.4
3396,6814.3
3397,6068.6
3398,5323
3399,6068.6
3400,7062.8
3401,9299.6
3402,10915.1
3403,10418
3404,9548.2
3405,7808.4
3406,6814.3
3407,3831.8
3408,1222.2
3409,723.7
3410,351.8
3411,351.8
3412,723.1
3413,3569.5
3414,11861.3
3415,12603.9
3416,12108.8
3417,10623.7
3418,9633.7
3419,7777.3
3420,6787.2
3421,6044.7
3422,5302.1
3423,6044.7
3424,7034.7
3425,9262.4
3426,10871.2
3427,10376.2
3428,9509.9
3429,7777.3
3430,6787.2
3431,3817
3432,1218.1
3433,721.7
3434,351.3
3435,351.3
3436,721.1
3437,3555.8
3438,11813.5
3439,12553
3440,12060
3441,10581
3442,9595
3443,7746.3
3444,6760.3
3445,6020.8
3446,5281.3
3447,6020.8
3448,7006.8
3449,9225.3
3450,10827.5
3451,10334.5
3452,9471.8
3453,7746.3
3454,6760.3
3455,3802.3
3456,1214
3457,719.6
3458,350.8
3459,350.8
3460,719
3461,3542.1
3462,11765.9
3463,12502.4
3464,12011.4
3465,10538.5
3466,9556.5
3467,7715.4
3468,6733.4
3469,5997
3470,5260.5
3471,5997
3472,6978.9
3473,9188.3
3474,10784
3475,10293
3476,9433.8
3477,7715.4
3478,6733.4
3479,3787.6
3480,1210
3481,717.6
3482,350.3
3483,350.3
3484,717
3485,3528.5
3486,11718.5
3487,12452
3488,11963
3489,10496.1
3490,9518.2
3491,7684.6
3492,6706.7
3493,5973.3
3494,5239.8
3495,5973.3
3496,6951.2
3497,9151.5
3498,10740.6
3499,10251.7
3500,9396
3501,7684.6
3502,6706.7
3503,3773
3504,1205.9
3505,715.6
3506,349.8
3507,349.8
3508,715
3509,3514.9
3510,11671.4
3511,12401.8
3512,11914.8
3513,10454
3514,9480.1
3515,7654
3516,6680.1
3517,5949.7
3518,5219.3
3519,5949.7
3520,6923.6
3521,9114.9
3522,10697.5
3523,10210.5
3524,9358.3
3525,7654
3526,6680.1
3527,3758.4
3528,1201.9
3529,713.6
3530,349.3
3531,349.3
3532,713
3533,3501.5
3534,11624.4
3535,12351.8
3536,11866.9
3537,10412
3538,9442.1
3539,7623.6
3540,6653.6
3541,5926.2
3542,5198.8
3543,5926.2
3544,6896.1
3545,9078.4
3546,10654.5
3547,10169.6
3548,9320.9
3549,7623.6
3550,6653.6
3551,3743.9
3552,1197.9
3553,711.6
3554,348.8
3555,348.8
3556,711
3557,3488.1
3558,11577.7
3559,12302.2
3560,11819.2
3561,10370.3
3562,9404.4
3563,7593.3
3564,6627.3
3565,5902.9
3566,5178.4
3567,5902.9
3568,6868.8
3569,9042.2
3570,10611.8
3571,10128.8
3572,9283.6
3573,7593.3
3574,6627.3
3575,3729.5
3576,1193.9
3577,709.6
3578,348.3
3579,348.3
3580,709.1
3581,3474.7
3582,11531.3
3583,12252.8
3584,11771.8
3585,10328.8
3586,9366.8
3587,7563.1
3588,6601.1
3589,5879.7
3590,5158.2
3591,5879.7
3592,6841.6
3593,9006.1
3594,10569.3
3595,10088.3
3596,9246.6
3597,7563.1
3598,6601.1
3599,3715.2
3600,1190
3601,707.7
3602,347.8
3603,347.8
3604,707.1
3605,3461.5
3606,11485.1
3607,12203.7
3608,11724.7
3609,10287.6
3610,9329.5
3611,7533.2
3612,6575.1
3613,5856.6
3614,5138
3615,5856.6
3616,6814.6
3617,8970.3
3618,10527.1
3619,10048.1
3620,9209.8
3621,7533.2
3622,6575.1
3623,3701
3624,1186.1
3625,705.7
3626,347.3
3627,347.3
3628,705.1
3629,3448.3
3630,11439.3
3631,12154.9
3632,11677.8
3633,10246.6
3634,9292.4
3635,7503.4
3636,6549.3
3637,5833.6
3638,5118
3639,5833.6
3640,6787.8
3641,8934.6
3642,10485.1
3643,10008.1
3644,9173.2
3645,7503.4
3646,6549.3
3647,3686.8
3648,1182.2
3649,703.8
3650,346.8
3651,346.8
3652,703.2
3653,3435.2
3654,11393.7
3655,12106.4
3656,11631.3
3657,10205.9
3658,9255.6
3659,7473.8
3660,6523.6
3661,5810.9
3662,5098.2
3663,5810.9
3664,6761.1
3665,8899.3
3666,10443.4
3667,9968.3
3668,9136.8
3669,7473.8
3670,6523.6
3671,3672.7
3672,1178.3
3673,701.8
3674,346.4
3675,346.3
3676,701.3
3677,3422.2
3678,11348.5
3679,12058.3
3680,11585.1
3681,10165.4
3682,9219
3683,7444.5
3684,6498.1
3685,5788.2
3686,5078.4
3687,5788.2
3688,6734.7
3689,8864.1
3690,10402
3691,9928.8
3692,9100.7
3693,7444.5
3694,6498.1
3695,3658.8
3696,1174.4
3697,699.9
3698,345.9
3699,345.9
3700,699.4
3701,3409.3
3702,11303.6
3703,12010.5
3704,11539.2
3705,10125.3
3706,9182.7
3707,7415.3
3708,6472.7
3709,5765.8
3710,5058.8
3711,5765.8
3712,6708.4
3713,8829.2
3714,10361
3715,9889.7
3716,9064.9
3717,7415.3
3718,6472.7
3719,3644.9
3720,1170.6
3721,698
3722,345.4
3723,345.4
3724,697.5
3725,3396.5
3726,11259
3727,11963.1
3728,11493.7
3729,10085.5
3730,9146.7
3731,7386.4
3732,6447.6
3733,5743.5
3734,5039.4
3735,5743.5
3736,6682.3
3737,8794.6
3738,10320.2
3739,9850.8
3740,9029.3
3741,7386.4
3742,6447.6
3743,3631.2
3744,1166.8
3745,696.1
3746,344.9
3747,344.9
3748,695.6
3749,3383.8
3750,11214.8
3751,11916
3752,11448.5
3753,10046
3754,9110.9
3755,7357.7
3756,6422.7
3757,5721.4
3758,5020.1
3759,5721.4
3760,6656.4
3761,8760.3
3762,10279.7
3763,9812.2
3764,8994
3765,7357.7
3766,6422.7
3767,3617.5
3768,1163
3769,694.2
3770,344.5
3771,344.5
3772,693.7
3773,3371.2
3774,11170.9
3775,11869.4
3776,11403.7
3777,10006.8
3778,9075.5
3779,7329.3
3780,6397.9
3781,5699.5
3782,5001
3783,5699.5
3784,6630.8
3785,8726.2
3786,10239.6
3787,9773.9
3788,8959
3789,7329.3
3790,6397.9
3791,3604
3792,1159.3
3793,692.4
3794,344
3795,344
3796,691.9
3797,3358.7
3798,11127.4
3799,11823.1
3800,11359.3
3801,9967.9
3802,9040.3
3803,7301
3804,6373.4
3805,5677.7
3806,4982
3807,5677.7
3808,6605.3
3809,8692.5
3810,10199.8
3811,9736
3812,8924.4
3813,7301
3814,6373.4
3815,3590.6
3816,1155.6
3817,690.6
3818,343.5
3819,343.5
3820,690
3821,3346.3
3822,11084.4
3823,11777.3
3824,11315.4
3825,9929.4
3826,9005.5
3827,7273.1
3828,6349.1
3829,5656.2
3830,4963.2
3831,5656.2
3832,6580.1
3833,8659
3834,10160.4
3835,9698.5
3836,8890
3837,7273.1
3838,6349.1
3839,3577.3
3840,1152
3841,688.7
3842,343.1
3843,343.1
3844,688.2
3845,3334.1
3846,11041.7
3847,11731.9
3848,11271.8
3849,9891.3
3850,8971
3851,7245.4
3852,6325.1
3853,5634.9
3854,4944.6
3855,5634.9
3856,6555.2
3857,8625.9
3858,10121.4
3859,9661.2
3860,8856
3861,7245.4
3862,6325.1
3863,3564.1
3864,1148.3
3865,686.9
3866,342.6
3867,342.6
3868,686.4
3869,3322
3870,10999.5
3871,11687
3872,11228.6
3873,9853.6
3874,8936.8
3875,7218
3876,6301.3
3877,5613.7
3878,4926.2
3879,5613.7
3880,6530.5
3881,8593.1
3882,10082.7
3883,9624.4
3884,8822.3
3885,7218
3886,6301.3
3887,3551.1
3888,1144.7
3889,685.1
3890,342.2
3891,342.2
3892,684.6
3893,3309.9
3894,10957.6
3895,11642.5
3896,11185.9
3897,9816.2
3898,8903
3899,7190.9
3900,6277.7
3901,5592.8
3902,4908
3903,5592.8
3904,6506
3905,8560.6
3906,10044.5
3907,9587.9
3908,8788.9
3909,7190.9
3910,6277.7
3911,3538.2
3912,1141.2
3913,683.4
3914,341.8
3915,341.7
3916,682.9
3917,3298.1
3918,10916.3
3919,11598.5
3920,11143.7
3921,9779.2
3922,8869.6
3923,7164
3924,6254.4
3925,5572.1
3926,4889.9
3927,5572.1
3928,6481.8
3929,8528.5
3930,10006.6
3931,9551.8
3932,8755.9
3933,7164
3934,6254.4
3935,3525.5
3936,1137.6
3937,681.6
3938,341.3
3939,341.3
3940,681.1
3941,3286.3
3942,10875.4
3943,11555
3944,11101.9
3945,9742.7
3946,8836.5
3947,7137.5
3948,6231.3
3949,5551.7
3950,4872.1
3951,5551.7
3952,6457.8
3953,8496.7
3954,9969.2
3955,9516.1
3956,8723.2
3957,7137.5
3958,6231.3
3959,3512.8
3960,1134.2
3961,679.9
3962,340.9
3963,340.9
3964,679.4
3965,3274.7
3966,10834.9
3967,11512
3968,11060.6
3969,9706.5
3970,8803.8
3971,7111.2
3972,6208.5
3973,5531.5
3974,4854.4
3975,5531.5
3976,6434.2
3977,8465.3
3978,9932.2
3979,9480.9
3980,8691
3981,7111.2
3982,6208.5
3983,3500.4
3984,1130.7
3985,678.2
3986,340.5
3987,340.5
3988,677.7
3989,3263.2
3990,10795
3991,11469.5
3992,11019.8
3993,9670.8
3994,8771.5
3995,7085.3
3996,6186
3997,5511.5
3998,4837
3999,5511.5
4000,6410.8
4001,8434.3
4002,9895.7
4003,9446
4004,8659.1
4005,7085.3
4006,6186
4007,3488
4008,1127.3
4009,676.5
4010,340
4011,340
4012,676
4013,3251.9
4014,10755.5
4015,11427.5
4016,10979.5
4017,9635.6
4018,8739.6
4019,7059.7
4020,6163.7
4021,5491.8
4022,4819.8
4023,5491.8
4024,6387.7
4025,8403.6
4026,9859.5
4027,9411.6
4028,8627.6
4029,7059.7
4030,6163.7
4031,3475.9
4032,1124
4033,674.8
4034,339.6
4035,339.6
4036,674.4
4037,3240.7
4038,10716.5
4039,11386
4040,10939.7
4041,9600.7
4042,8708.1
4043,7034.4
4044,6141.8
4045,5472.3
4046,4802.8
4047,5472.3
4048,6364.9
4049,8373.4
4050,9823.9
4051,9377.6
4052,8596.5
4053,7034.4
4054,6141.8
4055,3463.8
4056,1120.6
4057,673.2
4058,339.2
4059,339.2
4060,672.7
4061,3229.6
4062,10678.1
4063,11345.1
4064,10900.4
4065,9566.4
4066,8677
4067,7009.5
4068,6120.1
4069,5453.1
4070,4786
4071,5453.1
4072,6342.4
4073,8343.5
4074,9788.7
4075,9344
4076,8565.8
4077,7009.5
4078,6120.1
4079,3452
4080,1117.4
4081,671.6
4082,338.8
4083,338.8
4084,671.1
4085,3218.8
4086,10640.2
4087,11304.8
4088,10861.7
4089,9532.5
4090,8646.4
4091,6984.8
4092,6098.7
4093,5434.1
4094,4769.5
4095,5434.1
4096,6320.2
4097,8314.1
4098,9754
4099,9311
4100,8535.6
4101,6984.8
4102,6098.7
4103,3440.3
4104,1114.1
4105,670
4106,338.4
4107,338.4
4108,669.5
4109,3208
4110,10602.8
4111,11265
4112,10823.5
4113,9499.1
4114,8616.1
4115,6960.6
4116,6077.6
4117,5415.4
4118,4753.2
4119,5415.4
4120,6298.4
4121,8285
4122,9719.8
4123,9278.4
4124,8505.8
4125,6960.6
4126,6077.6
4127,3428.7
4128,1111
4129,668.4
4130,338
4131,338
4132,668
4133,3197.4
4134,10566
4135,11225.8
4136,10785.9
4137,9466.2
4138,8586.4
4139,6936.7
4140,6056.9
4141,5397
4142,4737.1
4143,5397
4144,6276.8
4145,8256.4
4146,9686.2
4147,9246.2
4148,8476.4
4149,6936.7
4150,6056.9
4151,3417.4
4152,1107.8
4153,666.9
4154,337.6
4155,337.6
4156,666.4
4157,3187
4158,10529.7
4159,11187.3
4160,10748.9
4161,9433.8
4162,8557
4163,6913.2
4164,6036.4
4165,5378.9
4166,4721.3
4167,5378.9
4168,6255.6
4169,8228.3
4170,9653
4171,9214.6
4172,8447.5
4173,6913.2
4174,6036.4
4175,3406.2
4176,1104.7
4177,665.3
4178,337.3
4179,337.2
4180,664.9
4181,3176.8
4182,10494
4183,11149.3
4184,10712.4
4185,9401.9
4186,8528.2
4187,6890
4188,6016.3
4189,5361
4190,4705.7
4191,5361
4192,6234.7
4193,8200.5
4194,9620.3
4195,9183.5
4196,8419
4197,6890
4198,6016.3
4199,3395.2
4200,1101.7
4201,663.8
4202,336.9
4203,336.9
4204,663.4
4205,3166.7
4206,10458.9
4207,11111.9
4208,10676.6
4209,9370.5
4210,8499.8
4211,6867.2
4212,5996.5
4213,5343.5
4214,4690.4
4215,5343.5
4216,6214.2
4217,8173.3
4218,9588.2
4219,9152.8
4220,8391
4221,6867.2
4222,5996.5
4223,3384.3
4224,1098.7
4225,662.3
4226,336.5
4227,336.5
4228,661.9
4229,3156.8
4230,10424.4
4231,11075.2
4232,10641.3
4233,9339.7
4234,8471.9
4235,6844.8
4236,5977
4237,5326.2
4238,4675.4
4239,5326.2
4240,6194
4241,8146.5
4242,9556.6
4243,9122.7
4244,8363.4
4245,6844.8
4246,5977
4247,3373.7
4248,1095.8
4249,660.9
4250,336.2
4251,336.1
4252,660.5
4253,3147
4254,10390.5
4255,11039.1
4256,10606.7
4257,9309.4
4258,8444.5
4259,6822.8
4260,5957.9
4261,5309.2
4262,4660.6
4263,5309.2
4264,6174.1
4265,8120.1
4266,9525.6
4267,9093.1
4268,8336.4
4269,6822.8
4270,5957.9
4271,3363.2
4272,1092.9
4273,659.5
4274,335.8
4275,335.8
4276,659.1
4277,3137.5
4278,10357.2
4279,11003.7
4280,10572.7
4281,9279.6
4282,8417.5
4283,6801.2
4284,5939.1
4285,5292.6
4286,4646
4287,5292.6
4288,6154.6
4289,8094.3
4290,9495.1
4291,9064.1
4292,8309.8
4293,6801.2
4294,5939.1
4295,3353
4296,1090.1
4297,658.1
4298,335.5
4299,335.4
4300,657.7
4301,3128.1
4302,10324.5
4303,10968.9
4304,10539.3
4305,9250.4
4306,8391.1
4307,6780
4308,5920.7
4309,5276.2
4310,4631.8
4311,5276.2
4312,6135.5
4313,8068.9
4314,9465.2
4315,9035.6
4316,8283.7
4317,6780
4318,5920.7
4319,3342.9
4320,1087.3
4321,656.7
4322,335.1
4323,335.1
4324,656.3
4325,3118.9
4326,10292.4
4327,10934.9
4328,10506.6
4329,9221.8
4330,8365.2
4331,6759.2
4332,5902.6
4333,5260.2
4334,4617.8
4335,5260.2
4336,6116.8
4337,8044
4338,9435.9
4339,9007.6
4340,8258.1
4341,6759.2
4342,5902.6
4343,3333
4344,1084.6
4345,655.4
4346,334.8
4347,334.8
4348,655
4349,3109.9
4350,10261
4351,10901.4
4352,10474.5
4353,9193.7
4354,8339.8
4355,6738.8
4356,5884.9
4357,5244.5
4358,4604.1
4359,5244.5
4360,6098.4
4361,8019.6
4362,9407.2
4363,8980.2
4364,8233.1
4365,6738.8
4366,5884.9
4367,3323.3
4368,1081.9
4369,654
4370,334.4
4371,334.4
4372,653.7
4373,3101
4374,10230.3
4375,10868.7
4376,10443.1
4377,9166.2
4378,8315
4379,6718.8
4380,5867.6
4381,5229.1
4382,4590.7
4383,5229.1
4384,6080.4
4385,7995.7
4386,9379
4387,8953.4
4388,8208.5
4389,6718.8
4390,5867.6
4391,3313.8
4392,1079.3
4393,652.7
4394,334.1
4395,334.1
4396,652.4
4397,3092.4
4398,10200.2
4399,10836.7
4400,10412.4
4401,9139.3
4402,8290.6
4403,6699.3
4404,5850.6
4405,5214.1
4406,4577.6
4407,5214.1
4408,6062.8
4409,7972.4
4410,9351.5
4411,8927.1
4412,8184.5
4413,6699.3
4414,5850.6
4415,3304.5
4416,1076.7
4417,651.5
4418,333.8
4419,333.8
4420,651.1
4421,3083.9
4422,10170.8
4423,10805.4
4424,10382.3
4425,9113
4426,8266.8
4427,6680.2
4428,5834
4429,5199.4
4430,4564.7
4431,5199.4
4432,6045.6
4433,7949.5
4434,9324.6
4435,8901.5
4436,8161.1
4437,6680.2
4438,5834
4439,3295.5
4440,1074.2
4441,650.3
4442,333.5
4443,333.5
4444,649.9
4445,3075.7
4446,10142
4447,10774.8
4448,10353
4449,9087.3
4450,8243.6
4451,6661.6
4452,5817.8
4453,5185
4454,4552.2
4455,5185
4456,6028.8
4457,7927.2
4458,9298.3
4459,8876.4
4460,8138.1
4461,6661.6
4462,5817.8
4463,3286.6
4464,1071.8
4465,649.1
4466,333.2
4467,333.2
4468,648.7
4469,3067.6
4470,10114
4471,10745
4472,10324.3
4473,9062.3
4474,8220.9
4475,6643.4
4476,5802
4477,5171
4478,4540
4479,5171
4480,6012.3
4481,7905.4
4482,9272.6
4483,8851.9
4484,8115.7
4485,6643.4
4486,5802
4487,3277.9
4488,1069.4
4489,647.9
4490,332.9
4491,332.9
4492,647.6
4493,3059.7
4494,10086.6
4495,10715.9
4496,10296.4
4497,9037.8
4498,8198.8
4499,6625.6
4500,5786.6
4501,5157.3
4502,4528
4503,5157.3
4504,5996.3
4505,7884.1
4506,9247.6
4507,8828.1
4508,8093.9
4509,6625.6
4510,5786.6
4511,3269.5
4512,1067
4513,646.7
4514,332.6
4515,332.6
4516,646.4
4517,3052.1
4518,10059.9
4519,10687.5
4520,10269.1
4521,9014
4522,8177.2
4523,6608.3
4524,5771.5
4525,5144
4526,4516.4
4527,5144
4528,5980.7
4529,7863.4
4530,9223.2
4531,8804.8
4532,8072.6
4533,6608.3
4534,5771.5
4535,3261.3
4536,1064.8
4537,645.6
4538,332.4
4539,332.3
4540,645.3
4541,3044.6
4542,10034
4543,10659.9
4544,10242.6
4545,8990.8
4546,8156.2
4547,6591.5
4548,5756.9
4549,5131
4550,4505.1
4551,5131
4552,5965.5
4553,7843.3
4554,9199.4
4555,8782.2
4556,8051.9
4557,6591.5
4558,5756.9
4559,3253.3
4560,1062.6
4561,644.5
4562,332.1
4563,332.1
4564,644.2
4565,3037.4
4566,10008.8
4567,10633.1
4568,10216.9
4569,8968.3
4570,8135.8
4571,6575.1
4572,5742.7
4573,5118.4
4574,4494.1
4575,5118.4
4576,5950.8
4577,7823.7
4578,9176.4
4579,8760.2
4580,8031.8
4581,6575.1
4582,5742.7
4583,3245.5
4584,1060.4
4585,643.5
4586,331.8
4587,331.8
4588,643.2
4589,3030.3
4590,9984.3
4591,10607
4592,10191.8
4593,8946.4
4594,8116
4595,6559.2
4596,5728.9
4597,5106.1
4598,4483.4
4599,5106.1
4600,5936.4
4601,7804.7
4602,9153.9
4603,8738.8
4604,8012.2
4605,6559.2
4606,5728.9
4607,3237.9
4608,1058.3
4609,642.5
4610,331.6
4611,331.6
4612,642.2
4613,3023.5
4614,9960.5
4615,10581.7
4616,10167.6
4617,8925.1
4618,8096.8
4619,6543.8
4620,5715.5
4621,5094.2
4622,4473
4623,5094.2
4624,5922.5
4625,7786.2
4626,9132.2
4627,8718
4628,7993.3
4629,6543.8
4630,5715.5
4631,3230.6
4632,1056.3
4633,641.5
4634,331.3
4635,331.3
4636,641.2
4637,3016.9
4638,9937.5
4639,10557.2
4640,10144
4641,8904.5
4642,8078.2
4643,6528.8
4644,5702.5
4645,5082.7
4646,4463
4647,5082.7
4648,5909.1
4649,7768.3
4650,9111.1
4651,8697.9
4652,7974.9
4653,6528.8
4654,5702.5
4655,3223.5
4656,1054.3
4657,640.5
4658,331.1
4659,331.1
4660,640.3
4661,3010.5
4662,9915.2
4663,10533.5
4664,10121.3
4665,8884.6
4666,8060.2
4667,6514.4
4668,5689.9
4669,5071.6
4670,4453.3
4671,5071.6
4672,5896
4673,7751
4674,9090.7
4675,8678.5
4676,7957.1
4677,6514.4
4678,5689.9
4679,3216.6
4680,1052.4
4681,639.6
4682,330.9
4683,330.8
4684,639.3
4685,3004.3
4686,9893.6
4687,10510.6
4688,10099.3
4689,8865.4
4690,8042.8
4691,6500.4
4692,5677.8
4693,5060.8
4694,4443.9
4695,5060.8
4696,5883.4
4697,7734.3
4698,9071
4699,8659.7
4700,7939.9
4701,6500.4
4702,5677.8
4703,3210
4704,1050.6
4705,638.7
4706,330.6
4707,330.6
4708,638.5
4709,2998.3
4710,9872.9
4711,10488.5
4712,10078.1
4713,8846.8
4714,8026
4715,6486.9
4716,5666.1
4717,5050.4
4718,4434.8
4719,5050.4
4720,5871.3
4721,7718.2
4722,9052
4723,8641.6
4724,7923.4
4725,6486.9
4726,5666.1
4727,3203.5
4728,1048.8
4729,637.8
4730,330.4
4731,330.4
4732,637.6
4733,2992.6
4734,9852.9
4735,10467.2
4736,10057.6
4737,8828.9
4738,8009.8
4739,6473.9
4740,5654.8
4741,5040.4
4742,4426.1
4743,5040.4
4744,5859.6
4745,7702.6
4746,9033.7
4747,8624.2
4748,7907.4
4749,6473.9
4750,5654.8
4751,3197.4
4752,1047.1
4753,637
4754,330.2
4755,330.2
4756,636.8
4757,2987.1
4758,9833.6
4759,10446.8
4760,10038
4761,8811.8
4762,7994.3
4763,6461.4
4764,5643.9
4765,5030.8
4766,4417.7
4767,5030.8
4768,5848.3
4769,7687.7
4770,9016.1
4771,8607.4
4772,7892.1
4773,6461.4
4774,5643.9
4775,3191.4
4776,1045.5
4777,636.2
4778,330
4779,330
4780,636
4781,2981.8
4782,9815.2
4783,10427.1
4784,10019.2
4785,8795.3
4786,7979.3
4787,6449.5
4788,5633.5
4789,5021.6
4790,4409.6
4791,5021.6
4792,5837.5
4793,7673.4
4794,8999.2
4795,8591.3
4796,7877.3
4797,6449.5
4798,5633.5
4799,3185.7
4800,1043.9
4801,635.4
4802,329.8
4803,329.8
4804,635.2
4805,2976.7
4806,9797.5
4807,10408.3
4808,10001.1
4809,8779.5
4810,7965
4811,6438
4812,5623.6
4813,5012.8
4814,4401.9
4815,5012.8
4816,5827.2
4817,7659.6
4818,8983.1
4819,8575.9
4820,7863.2
4821,6438
4822,5623.6
4823,3180.3
4824,1042.4
4825,634.7
4826,329.6
4827,329.6
4828,634.5
4829,2971.9
4830,9780.6
4831,10390.4
4832,9983.9
4833,8764.4
4834,7951.4
4835,6427
4836,5614.1
4837,5004.3
4838,4394.6
4839,5004.3
4840,5817.3
4841,7646.5
4842,8967.6
4843,8561.1
4844,7849.8
4845,6427
4846,5614.1
4847,3175.1
4848,1041
4849,634
4850,329.5
4851,329.5
4852,633.8
4853,2967.2
4854,9764.5
4855,10373.2
4856,9967.4
4857,8750
4858,7938.4
4859,6416.6
4860,5605
4861,4996.3
4862,4387.6
4863,4996.3
4864,5807.9
4865,7634
4866,8952.9
4867,8547.1
4868,7836.9
4869,6416.6
4870,5605
4871,3170.1
4872,1039.6
4873,633.4
4874,329.3
4875,329.3
4876,633.2
4877,2962.8
4878,9749.2
4879,10357
4880,9951.8
4881,8736.4
4882,7926
4883,6406.7
4884,5596.4
4885,4988.6
4886,4380.9
4887,4988.6
4888,5798.9
4889,7622.2
4890,8938.9
4891,8533.8
4892,7824.7
4893,6406.7
4894,5596.4
4895,3165.4
4896,1038.3
4897,632.7
4898,329.2
4899,329.1
4900,632.6
4901,2958.7
4902,9734.8
4903,10341.6
4904,9937
4905,8723.4
4906,7914.3
4907,6397.3
4908,5588.2
4909,4981.4
4910,4374.6
4911,4981.4
4912,5790.5
4913,7610.9
4914,8925.7
4915,8521.1
4916,7813.2
4917,6397.3
4918,5588.2
4919,3160.9
4920,1037.1
4921,632.1
4922,329
4923,329
4924,632
4925,2954.7
4926,9721.1
4927,10327
4928,9923.1
4929,8711.2
4930,7903.3
4931,6388.4
4932,5580.5
4933,4974.5
4934,4368.6
4935,4974.5
4936,5782.5
4937,7600.3
4938,8913.2
4939,8509.2
4940,7802.3
4941,6388.4
4942,5580.5
4943,3156.7
4944,1035.9
4945,631.6
4946,328.9
4947,328.9
4948,631.4
4949,2951.1
4950,9708.2
4951,10313.3
4952,9909.9
4953,8699.7
4954,7892.9
4955,6380.1
4956,5573.2
4957,4968.1
4958,4363
4959,4968.1
4960,5774.9
4961,7590.3
4962,8901.4
4963,8498
4964,7792
4965,6380.1
4966,5573.2
4967,3152.8
4968,1034.8
4969,631.1
4970,328.7
4971,328.7
4972,630.9
4973,2947.6
4974,9696.2
4975,10300.5
4976,9897.6
4977,8688.9
4978,7883.1
4979,6372.2
4980,5566.4
4981,4962.1
4982,4357.7
4983,4962.1
4984,5767.9
4985,7580.9
4986,8890.4
4987,8487.5
4988,7782.4
4989,6372.2
4990,5566.4
4991,3149
4992,1033.8
4993,630.6
4994,328.6
4995,328.6
4996,630.4
4997,2944.4
4998,9684.9
4999,10288.6
5000,9886.1
5001,8678.9
5002,7874
5003,6364.9
5004,5560.1
5005,4956.5
5006,4352.8
5007,4956.5
5008,5761.3
5009,7572.2
5010,8880.1
5011,8477.7
5012,7773.4
5013,6364.9
5014,5560.1
5015,3145.6
5016,1032.8
5017,630.1
5018,328.5
5019,328.5
5020,630
5021,2941.4
5022,9674.5
5023,10277.5
5024,9875.5
5025,8669.6
5026,7865.6
5027,6358.2
5028,5554.2
5029,4951.3
5030,4348.3
5031,4951.3
5032,5755.2
5033,7564.1
5034,8870.6
5035,8468.6
5036,7765.1
5037,6358.2
5038,5554.2
5039,3142.4
5040,1032
5041,629.7
5042,328.4
5043,328.4
5044,629.6
5045,2938.6
5046,9664.9
5047,10267.3
5048,9865.7
5049,8661
5050,7857.9
5051,6352
5052,5548.8
5053,4946.5
5054,4344.1
5055,4946.5
5056,5749.6
5057,7556.7
5058,8861.8
5059,8460.2
5060,7757.5
5061,6352
5062,5548.8
5063,3139.4
5064,1031.1
5065,629.3
5066,328.3
5067,328.3
5068,629.2
5069,2936.1
5070,9656.2
5071,10258
5072,9856.8
5073,8653.2
5074,7850.8
5075,6346.3
5076,5543.9
5077,4942.1
5078,4340.3
5079,4942.1
5080,5744.5
5081,7549.9
5082,8853.8
5083,8452.6
5084,7750.5
5085,6346.3
5086,5543.9
5087,3136.7
5088,1030.4
5089,629
5090,328.2
5091,328.2
5092,628.9
5093,2933.8
5094,9648.2
5095,10249.5
5096,9848.7
5097,8646.1
5098,7844.4
5099,6341.1
5100,5539.4
5101,4938.1
5102,4336.8
5103,4938.1
5104,5739.8
5105,7543.7
5106,8846.5
5107,8445.7
5108,7744.2
5109,6341.1
5110,5539.4
5111,3134.2
5112,1029.7
5113,628.7
5114,328.1
5115,328.1
5116,628.6
5117,2931.8
5118,9641.1
5119,10242
5120,9841.4
5121,8639.8
5122,7838.6
5123,6336.5
5124,5535.4
5125,4934.6
5126,4333.7
5127,4934.6
5128,5735.7
5129,7538.2
5130,8840
5131,8439.5
5132,7738.5
5133,6336.5
5134,5535.4
5135,3132.1
5136,1029.1
5137,628.4
5138,328.1
5139,328.1
5140,628.3
5141,2930
5142,9634.9
5143,10235.3
5144,9835
5145,8634.2
5146,7833.6
5147,6332.5
5148,5531.9
5149,4931.4
5150,4331
5151,4931.4
5152,5732
5153,7533.4
5154,8834.3
5155,8434
5156,7733.5
5157,6332.5
5158,5531.9
5159,3130.1
5160,1028.6
5161,628.1
5162,328
5163,328
5164,628.1
5165,2928.4
5166,9629.5
5167,10229.6
5168,9829.5
5169,8629.3
5170,7829.2
5171,6329
5172,5528.8
5173,4928.7
5174,4328.6
5175,4928.7
5176,5728.9
5177,7529.1
5178,8829.3
5179,8429.3
5180,7729.2
5181,6329
5182,5528.8
5183,3128.5
5184,1028.1
5185,627.9
5186,328
5187,328
5188,627.9
5189,2927.1
5190,9624.9
5191,10224.7
5192,9824.8
5193,8625.2
5194,7825.5
5195,6326
5196,5526.2
5197,4926.4
5198,4326.6
5199,4926.4
5200,5726.2
5201,7525.6
5202,8825.1
5203,8425.3
5204,7725.5
5205,6326
5206,5526.2
5207,3127
5208,1027.7
5209,627.8
5210,327.9
5211,327.9
5212,627.7
5213,2926
5214,9621.1
5215,10220.7
5216,9821
5217,8621.9
5218,7822.5
5219,6323.5
5220,5524.1
5221,4924.6
5222,4325
5223,4924.6
5224,5724
5225,7522.7
5226,8821.7
5227,8422
5228,7722.5
5229,6323.5
5230,5524.1
5231,3125.9
5232,1027.4
5233,627.6
5234,327.9
5235,327.9
5236,627.6
5237,2925.2
5238,9618.2
5239,10217.6
5240,9818
5241,8619.3
5242,7820.1
5243,6321.7
5244,5522.5
5245,4923.1
5246,4323.7
5247,4923.1
5248,5722.3
5249,7520.4
5250,8819.1
5251,8419.5
5252,7720.2
5253,6321.7
5254,5522.5
5255,3125
5256,1027.2
5257,627.5
5258,327.9
5259,327.9
5260,627.5
5261,2924.6
5262,9616.2
5263,10215.4
5264,9815.9
5265,8617.4
5266,7818.4
5267,6320.3
5268,5521.3
5269,4922.1
5270,4322.8
5271,4922.1
5272,5721.1
5273,7518.8
5274,8817.2
5275,8417.7
5276,7718.6
5277,6320.3
5278,5521.3
5279,3124.4
5280,1027
5281,627.5
5282,327.9
5283,327.9
5284,627.4
5285,2924.3
5286,9614.9
5287,10214.1
5288,9814.7
5289,8616.3
5290,7817.4
5291,6319.5
5292,5520.6
5293,4921.5
5294,4322.3
5295,4921.5
5296,5720.4
5297,7517.9
5298,8816.1
5299,8416.6
5300,7717.6
5301,6319.5
5302,5520.6
5303,3124
5304,1026.9
5305,627.4
5306,327.9
5307,327.9
5308,627.4
5309,2924.1
5310,9614.6
5311,10213.7
5312,9814.3
5313,8616
5314,7817.1
5315,6319.3
5316,5520.4
5317,4921.3
5318,4322.1
5319,4921.3
5320,5720.1
5321,7517.6
5322,8815.7
5323,8416.3
5324,7717.3
5325,6319.3
5326,5520.4
5327,3123.9
5328,1026.9
5329,627.4
5330,327.9
5331,327.9
5332,627.4
5333,2924.3
5334,9615
5335,10214.2
5336,9814.8
5337,8616.4
5338,7817.5
5339,6319.6
5340,5520.7
5341,4921.5
5342,4322.3
5343,4921.5
5344,5720.4
5345,7517.9
5346,8816.1
5347,8416.7
5348,7717.7
5349,6319.6
5350,5520.7
5351,3124
5352,1026.9
5353,627.5
5354,327.9
5355,327.9
5356,627.5
5357,2924.7
5358,9616.3
5359,10215.6
5360,9816.1
5361,8617.6
5362,7818.6
5363,6320.4
5364,5521.4
5365,4922.2
5366,4322.9
5367,4922.2
5368,5721.2
5369,7518.9
5370,8817.3
5371,8417.8
5372,7718.7
5373,6320.4
5374,5521.4
5375,3124.4
5376,1027
5377,627.6
5378,327.9
5379,327.9
5380,627.6
5381,2925.3
5382,9618.5
5383,10217.9
5384,9818.3
5385,8619.5
5386,7820.3
5387,6321.8
5388,5522.6
5389,4923.3
5390,4323.9
5391,4923.3
5392,5722.4
5393,7520.6
5394,8819.3
5395,8419.7
5396,7720.4
5397,6321.8
5398,5522.6
5399,3125.1
5400,1027.2
5401,627.7
5402,327.9
5403,327.9
5404,627.7
5405,2926.1
5406,9621.5
5407,10221.1
5408,9821.3
5409,8622.2
5410,7822.7
5411,6323.8
5412,5524.3
5413,4924.7
5414,4325.2
5415,4924.7
5416,5724.2
5417,7522.9
5418,8822
5419,8422.3
5420,7722.8
5421,6323.8
5422,5524.3
5423,3126
5424,1027.5
5425,627.8
5426,328
5427,328
5428,627.9
5429,2927.2
5430,9625.3
5431,10225.1
5432,9825.3
5433,8625.6
5434,7825.8
5435,6326.3
5436,5526.5
5437,4926.7
5438,4326.8
5439,4926.7
5440,5726.4
5441,7525.9
5442,8825.5
5443,8425.7
5444,7725.9
5445,6326.3
5446,5526.5
5447,3127.2
5448,1027.8
5449,628
5450,328
5451,328
5452,628.1
5453,2928.6
5454,9630
5455,10230.1
5456,9830
5457,8629.8
5458,7829.6
5459,6329.3
5460,5529.1
5461,4929
5462,4328.9
5463,4929
5464,5729.2
5465,7529.5
5466,8829.8
5467,8429.7
5468,7729.6
5469,6329.3
5470,5529.1
5471,3128.6
5472,1028.2
5473,628.2
5474,328.1
5475,328.1
5476,628.3
5477,2930.2
5478,9635.5
5479,10236
5480,9835.7
5481,8634.7
5482,7834.1
5483,6332.9
5484,5532.2
5485,4931.8
5486,4331.3
5487,4931.8
5488,5732.4
5489,7533.8
5490,8834.9
5491,8434.5
5492,7734
5493,6332.9
5494,5532.2
5495,3130.3
5496,1028.6
5497,628.5
5498,328.1
5499,328.1
5500,628.6
5501,2932
5502,9641.9
5503,10242.7
5504,9842.1
5505,8640.4
5506,7839.2
5507,6337
5508,5535.8
5509,4934.9
5510,4334
5511,4934.9
5512,5736.1
5513,7538.8
5514,8840.7
5515,8440.1
5516,7739.1
5517,6337
5518,5535.8
5519,3132.3
5520,1029.2
5521,628.8
5522,328.2
5523,328.2
5524,628.9
5525,2934
5526,9649
5527,10250.4
5528,9849.5
5529,8646.8
5530,7845
5531,6341.7
5532,5539.9
5533,4938.5
5534,4337.2
5535,4938.5
5536,5740.3
5537,7544.3
5538,8847.2
5539,8446.3
5540,7744.8
5541,6341.7
5542,5539.9
5543,3134.5
5544,1029.8
5545,629.1
5546,328.3
5547,328.3
5548,629.2
5549,2936.3
5550,9657
5551,10258.9
5552,9857.7
5553,8654
5554,7851.5
5555,6346.9
5556,5544.4
5557,4942.5
5558,4340.7
5559,4942.5
5560,5745
5561,7550.6
5562,8854.6
5563,8453.3
5564,7751.2
5565,6346.9
5566,5544.4
5567,3137
5568,1030.5
5569,629.5
5570,328.4
5571,328.4
5572,629.6
5573,2938.9
5574,9665.9
5575,10268.3
5576,9866.7
5577,8661.9
5578,7858.6
5579,6352.6
5580,5549.4
5581,4946.9
5582,4344.5
5583,4946.9
5584,5750.2
5585,7557.4
5586,8862.7
5587,8461.1
5588,7758.2
5589,6352.6
5590,5549.4
5591,3139.7
5592,1031.2
5593,629.9
5594,328.5
5595,328.5
5596,630
5597,2941.7
5598,9675.6
5599,10278.6
5600,9876.6
5601,8670.5
5602,7866.5
5603,6358.9
5604,5554.8
5605,4951.8
5606,4348.8
5607,4951.8
5608,5755.8
5609,7564.9
5610,8871.5
5611,8469.5
5612,7766
5613,6358.9
5614,5554.8
5615,3142.7
5616,1032.1
5617,630.3
5618,328.6
5619,328.6
5620,630.5
5621,2944.7
5622,9686.1
5623,10289.8
5624,9887.3
5625,8679.9
5626,7874.9
5627,6365.7
5628,5560.7
5629,4957
5630,4353.3
5631,4957
5632,5762
5633,7573.1
5634,8881.1
5635,8478.7
5636,7774.3
5637,6365.7
5638,5560.7
5639,3145.9
5640,1032.9
5641,630.8
5642,328.7
5643,328.7
5644,630.9
5645,2947.9
5646,9697.4
5647,10301.8
5648,9898.9
5649,8690
5650,7884.1
5651,6373
5652,5567.1
5653,4962.7
5654,4358.3
5655,4962.7
5656,5768.6
5657,7581.9
5658,8891.5
5659,8488.5
5660,7783.4
5661,6373
5662,5567.1
5663,3149.4
5664,1033.9
5665,631.3
5666,328.9
5667,328.9
5668,631.4
5669,2951.4
5670,9709.5
5671,10314.7
5672,9911.3
5673,8700.9
5674,7893.9
5675,6380.9
5676,5574
5677,4968.8
5678,4363.6
5679,4968.8
5680,5775.7
5681,7591.3
5682,8902.6
5683,8499.1
5684,7793
5685,6380.9
5686,5574
5687,3153.2
5688,1034.9
5689,631.9
5690,329
5691,329
5692,632
5693,2955.1
5694,9722.5
5695,10328.5
5696,9924.5
5697,8712.4
5698,7904.4
5699,6389.3
5700,5581.3
5701,4975.2
5702,4369.2
5703,4975.2
5704,5783.3
5705,7601.4
5706,8914.4
5707,8510.4
5708,7803.4
5709,6389.3
5710,5581.3
5711,3157.1
5712,1036
5713,632.4
5714,329.1
5715,329.1
5716,632.6
5717,2959.1
5718,9736.2
5719,10343.1
5720,9938.5
5721,8724.7
5722,7915.5
5723,6398.2
5724,5589
5725,4982.1
5726,4375.2
5727,4982.1
5728,5791.3
5729,7612.1
5730,8927
5731,8522.4
5732,7814.4
5733,6398.2
5734,5589
5735,3161.4
5736,1037.2
5737,633
5738,329.3
5739,329.3
5740,633.2
5741,2963.3
5742,9750.8
5743,10358.6
5744,9953.4
5745,8737.7
5746,7927.3
5747,6407.7
5748,5597.2
5749,4989.4
5750,4381.6
5751,4989.4
5752,5799.9
5753,7623.4
5754,8940.4
5755,8535.1
5756,7826
5757,6407.7
5758,5597.2
5759,3165.9
5760,1038.5
5761,633.7
5762,329.5
5763,329.5
5764,633.9
5765,2967.7
5766,9766.2
5767,10375
5768,9969.1
5769,8751.5
5770,7939.7
5771,6417.7
5772,5605.9
5773,4997.1
5774,4388.3
5775,4997.1
5776,5808.9
5777,7635.3
5778,8954.4
5779,8548.5
5780,7838.3
5781,6417.7
5782,5605.9
5783,3170.6
5784,1039.8
5785,634.4
5786,329.6
5787,329.6
5788,634.5
5789,2972.3
5790,9782.4
5791,10392.2
5792,9985.6
5793,8765.9
5794,7952.8
5795,6428.2
5796,5615
5797,5005.2
5798,4395.3
5799,5005.2
5800,5818.3
5801,7647.9
5802,8969.2
5803,8562.6
5804,7851.2
5805,6428.2
5806,5615
5807,3175.6
5808,1041.1
5809,635.1
5810,329.8
5811,329.8
5812,635.3
5813,2977.2
5814,9799.3
5815,10410.2
5816,10003
5817,8781.1
5818,7966.5
5819,6439.2
5820,5624.6
5821,5013.7
5822,4402.7
5823,5013.7
5824,5828.2
5825,7661
5826,8984.7
5827,8577.4
5828,7864.7
5829,6439.2
5830,5624.6
5831,3180.9
5832,1042.6
5833,635.8
5834,330
5835,330
5836,636
5837,2982.3
5838,9817.1
5839,10429.1
5840,10021.1
5841,8797
5842,7980.9
5843,6450.7
5844,5634.6
5845,5022.5
5846,4410.5
5847,5022.5
5848,5838.6
5849,7674.8
5850,9001
5851,8592.9
5852,7878.9
5853,6450.7
5854,5634.6
5855,3186.3
5856,1044.1
5857,636.6
5858,330.2
5859,330.2
5860,636.8
5861,2987.6
5862,9835.6
5863,10448.8
5864,10040
5865,8813.5
5866,7995.9
5867,6462.7
5868,5645.1
5869,5031.8
5870,4418.6
5871,5031.8
5872,5849.5
5873,7689.2
5874,9017.9
5875,8609.1
5876,7893.6
5877,6462.7
5878,5645.1
5879,3192.1
5880,1045.7
5881,637.4
5882,330.4
5883,330.4
5884,637.6
5885,2993.2
5886,9854.9
5887,10469.4
5888,10059.7
5889,8830.8
5890,8011.5
5891,6475.3
5892,5655.9
5893,5041.5
5894,4427
5895,5041.5
5896,5860.8
5897,7704.2
5898,9035.6
5899,8625.9
5900,7909.1
5901,6475.3
5902,5655.9
5903,3198
5904,1047.3
5905,638.2
5906,330.6
5907,330.6
5908,638.5
5909,2998.9
5910,9875
5911,10490.8
5912,10080.2
5913,8848.7
5914,8027.7
5915,6488.3
5916,5667.3
5917,5051.5
5918,4435.7
5919,5051.5
5920,5872.5
5921,7719.8
5922,9054
5923,8643.5
5924,7925.1
5925,6488.3
5926,5667.3
5927,3204.2
5928,1049
5929,639.1
5930,330.8
5931,330.8
5932,639.4
5933,3004.9
5934,9895.8
5935,10512.9
5936,10101.5
5937,8867.4
5938,8044.6
5939,6501.8
5940,5679
5941,5061.9
5942,4444.8
5943,5061.9
5944,5884.7
5945,7736
5946,9073.1
5947,8661.7
5948,7941.7
5949,6501.8
5950,5679
5951,3210.6
5952,1050.8
5953,640
5954,331.1
5955,331.1
5956,640.3
5957,3011.1
5958,9917.5
5959,10535.9
5960,10123.6
5961,8886.7
5962,8062
5963,6515.8
5964,5691.2
5965,5072.7
5966,4454.3
5967,5072.7
5968,5897.4
5969,7752.8
5970,9092.8
5971,8680.5
5972,7959
5973,6515.8
5974,5691.2
5975,3217.3
5976,1052.6
5977,641
5978,331.3
5979,331.3
5980,641.2
5981,3017.6
5982,9939.8
5983,10559.7
5984,10146.5
5985,8906.6
5986,8080.1
5987,6530.4
5988,5703.8
5989,5083.9
5990,4464
5991,5083.9
5992,5910.5
5993,7770.2
5994,9113.3
5995,8700
5996,7976.8
5997,6530.4
5998,5703.8
5999,3224.2
6000,1054.5
6001,641.9
6002,331.5
6003,331.5
6004,642.2
6005,3024.2
6006,9962.9
6007,10584.3
6008,10170.1
6009,8927.3
6010,8098.8
6011,6545.3
6012,5716.8
6013,5095.5
6014,4474.1
6015,5095.5
6016,5924
6017,7788.1
6018,9134.4
6019,8720.2
6020,7995.2
6021,6545.3
6022,5716.8
6023,3231.3
6024,1056.5
6025,643
6026,331.8
6027,331.8
6028,643.2
6029,3031
6030,9986.8
6031,10609.7
6032,10194.4
6033,8948.6
6034,8118.1
6035,6560.8
6036,5730.3
6037,5107.4
6038,4484.5
6039,5107.4
6040,5937.9
6041,7806.6
6042,9156.2
6043,8741
6044,8014.3
6045,6560.8
6046,5730.3
6047,3238.7
6048,1058.5
6049,644
6050,332
6051,332.1
6052,644.3
6053,3038.1
6054,10011.4
6055,10635.8
6056,10219.5
6057,8970.6
6058,8138
6059,6576.8
6060,5744.2
6061,5119.7
6062,4495.2
6063,5119.7
6064,5952.3
6065,7825.7
6066,9178.7
6067,8762.4
6068,8033.9
6069,6576.8
6070,5744.2
6071,3246.3
6072,1060.6
6073,645.1
6074,332.3
6075,332.3
6076,645.3
6077,3045.4
6078,10036.7
6079,10662.7
6080,10245.4
6081,8993.2
6082,8158.4
6083,6593.2
6084,5758.4
6085,5132.3
6086,4506.3
6087,5132.3
6088,5967.1
6089,7845.4
6090,9201.9
6091,8784.5
6092,8054.1
6093,6593.2
6094,5758.4
6095,3254.1
6096,1062.8
6097,646.2
6098,332.6
6099,332.6
6100,646.5
6101,3052.8
6102,10062.7
6103,10690.4
6104,10271.9
6105,9016.4
6106,8179.5
6107,6610.1
6108,5773.1
6109,5145.3
6110,4517.6
6111,5145.3
6112,5982.3
6113,7865.6
6114,9225.7
6115,8807.2
6116,8074.8
6117,6610.1
6118,5773.1
6119,3262.1
6120,1065
6121,647.3
6122,332.9
6123,332.9
6124,647.6
6125,3060.5
6126,10089.4
6127,10718.9
6128,10299.2
6129,9040.3
6130,8201.1
6131,6627.4
6132,5788.2
6133,5158.7
6134,4529.3
6135,5158.7
6136,5998
6137,7886.3
6138,9250.2
6139,8830.5
6140,8096.2
6141,6627.4
6142,5788.2
6143,3270.4
6144,1067.3
6145,648.4
6146,333.2
6147,333.2
6148,648.8
6149,3068.4
6150,10116.9
6151,10748.1
6152,10327.3
6153,9064.9
6154,8223.3
6155,6645.2
6156,5803.6
6157,5172.4
6158,4541.2
6159,5172.4
6160,6014
6161,7907.6
6162,9275.3
6163,8854.5
6164,8118.1
6165,6645.2
6166,5803.6
6167,3278.8
6168,1069.6
6169,649.6
6170,333.5
6171,333.5
6172,650
6173,3076.5
6174,10145
6175,10778
6176,10356
6177,9090
6178,8246
6179,6663.5
6180,5819.5
6181,5186.5
6182,4553.5
6183,5186.5
6184,6030.5
6185,7929.5
6186,9301
6187,8879
6188,8140.5
6189,6663.5
6190,5819.5
6191,3287.5
6192,1072
6193,650.8
6194,333.8
6195,333.8
6196,651.2
6197,3084.8
6198,10173.8
6199,10808.6
6200,10385.4
6201,9115.7
6202,8269.3
6203,6682.2
6204,5835.7
6205,5200.9
6206,4566.1
6207,5200.9
6208,6047.4
6209,7951.9
6210,9327.4
6211,8904.1
6212,8163.5
6213,6682.2
6214,5835.7
6215,3296.4
6216,1074.5
6217,652.1
6218,334.1
6219,334.1
6220,652.4
6221,3093.2
6222,10203.3
6223,10840
6224,10415.5
6225,9142.1
6226,8293.1
6227,6701.3
6228,5852.4
6229,5215.7
6230,4578.9
6231,5215.7
6232,6064.6
6233,7974.8
6234,9354.3
6235,8929.9
6236,8187
6237,6701.3
6238,5852.4
6239,3305.5
6240,1077
6241,653.4
6242,334.4
6243,334.4
6244,653.7
6245,3101.9
6246,10233.5
6247,10872.1
6248,10446.3
6249,9169.1
6250,8317.5
6251,6720.9
6252,5869.4
6253,5230.7
6254,4592.1
6255,5230.7
6256,6082.3
6257,7998.2
6258,9381.9
6259,8956.2
6260,8211.1
6261,6720.9
6262,5869.4
6263,3314.8
6264,1079.5
6265,654.7
6266,334.7
6267,334.7
6268,655
6269,3110.7
6270,10264.3
6271,10904.9
6272,10477.8
6273,9196.6
6274,8342.4
6275,6740.9
6276,5886.8
6277,5246.1
6278,4605.5
6279,5246.1
6280,6100.3
6281,8022.1
6282,9410.1
6283,8983.1
6284,8235.7
6285,6740.9
6286,5886.8
6287,3324.3
6288,1082.2
6289,656
6290,335.1
6291,335.1
6292,656.4
6293,3119.8
6294,10295.8
6295,10938.4
6296,10510
6297,9224.7
6298,8367.9
6299,6761.3
6300,5904.5
6301,5261.9
6302,4619.3
6303,5261.9
6304,6118.7
6305,8046.6
6306,9438.9
6307,9010.5
6308,8260.8
6309,6761.3
6310,5904.5
6311,3334
6312,1084.8
6313,657.4
6314,335.4
6315,335.4
6316,657.7
6317,3129
6318,10327.9
6319,10972.5
6320,10542.8
6321,9253.4
6322,8393.9
6323,6782.2
6324,5922.6
6325,5277.9
6326,4633.3
6327,5277.9
6328,6137.5
6329,8071.5
6330,9468.3
6331,9038.5
6332,8286.4
6333,6782.2
6334,5922.6
6335,3343.9
6336,1087.6
6337,658.7
6338,335.8
6339,335.8
6340,659.1
6341,3138.4
6342,10360.6
6343,11007.4
6344,10576.2
6345,9282.7
6346,8420.3
6347,6803.4
6348,5941.1
6349,5294.3
6350,4647.6
6351,5294.3
6352,6156.7
6353,8097
6354,9498.3
6355,9067.1
6356,8312.5
6357,6803.4
6358,5941.1
6359,3354
6360,1090.4
6361,660.2
6362,336.1
6363,336.1
6364,660.5
6365,3148
6366,10394
6367,11042.9
6368,10610.3
6369,9312.5
6370,8447.3
6371,6825.1
6372,5959.9
6373,5311
6374,4662.1
6375,5311
6376,6176.2
6377,8122.9
6378,9528.8
6379,9096.2
6380,8339.2
6381,6825.1
6382,5959.9
6383,3364.3
6384,1093.2
6385,661.6
6386,336.5
6387,336.5
6388,662
6389,3157.8
6390,10428
6391,11079
6392,10645
6393,9342.9
6394,8474.8
6395,6847.1
6396,5979
6397,5328
6398,4676.9
6399,5328
6400,6196.1
6401,8149.3
6402,9559.9
6403,9125.8
6404,8366.3
6405,6847.1
6406,5979
6407,3374.8
6408,1096.1
6409,663.1
6410,336.8
6411,336.8
6412,663.5
6413,3167.7
6414,10462.5
6415,11115.8
6416,10680.3
6417,9373.8
6418,8502.7
6419,6869.6
6420,5998.5
6421,5345.3
6422,4692
6423,5345.3
6424,6216.3
6425,8176.1
6426,9591.5
6427,9156
6428,8393.9
6429,6869.6
6430,5998.5
6431,3385.5
6432,1099
6433,664.5
6434,337.2
6435,337.2
6436,665
6437,3177.8
6438,10497.7
6439,11153.2
6440,10716.2
6441,9405.2
6442,8531.2
6443,6892.4
6444,6018.4
6445,5362.9
6446,4707.3
6447,5362.9
6448,6236.9
6449,8203.4
6450,9623.7
6451,9186.7
6452,8421.9
6453,6892.4
6454,6018.4
6455,3396.3
6456,1102
6457,666.1
6458,337.6
6459,337.6
6460,666.5
6461,3188.1
6462,10533.5
6463,11191.3
6464,10752.7
6465,9437.1
6466,8560.1
6467,6915.6
6468,6038.5
6469,5380.7
6470,4722.9
6471,5380.7
6472,6257.8
6473,8231.2
6474,9656.4
6475,9217.9
6476,8450.5
6477,6915.6
6478,6038.5
6479,3407.4
6480,1105.1
6481,667.6
6482,338
6483,338
6484,668
6485,3198.5
6486,10569.8
6487,11229.9
6488,10789.8
6489,9469.6
6490,8589.5
6491,6939.2
6492,6059
6493,5398.9
6494,4738.8
6495,5398.9
6496,6279.1
6497,8259.4
6498,9689.6
6499,9249.6
6500,8479.4
6501,6939.2
6502,6059
6503,3418.6
6504,1108.2
6505,669.2
6506,338.4
6507,338.4
6508,669.6
6509,3209.1
6510,10606.7
6511,11269.1
6512,10827.5
6513,9502.6
6514,8619.3
6515,6963.1
6516,6079.8
6517,5417.3
6518,4754.9
6519,5417.3
6520,6300.6
6521,8288
6522,9723.4
6523,9281.7
6524,8508.9
6525,6963.1
6526,6079.8
6527,3429.9
6528,1111.3
6529,670.7
6530,338.8
6531,338.8
6532,671.2
6533,3219.8
6534,10644.1
6535,11309
6536,10865.7
6537,9536
6538,8649.5
6539,6987.4
6540,6100.9
6541,5436.1
6542,4771.2
6543,5436.1
6544,6322.5
6545,8317.1
6546,9757.6
6547,9314.4
6548,8538.7
6549,6987.4
6550,6100.9
6551,3441.5
6552,1114.5
6553,672.3
6554,339.2
6555,339.2
6556,672.8
6557,3230.8
6558,10682.1
6559,11349.4
6560,10904.5
6561,9570
6562,8680.2
6563,7012
6564,6122.3
6565,5455
6566,4787.8
6567,5455
6568,6344.8
6569,8346.6
6570,9792.4
6571,9347.5
6572,8569
6573,7012
6574,6122.3
6575,3453.2
6576,1117.7
6577,674
6578,339.6
6579,339.6
6580,674.4
6581,3241.8
6582,10720.6
6583,11390.3
6584,10943.8
6585,9604.4
6586,8711.4
6587,7037
6588,6144
6589,5474.3
6590,4804.6
6591,5474.3
6592,6367.3
6593,8376.5
6594,9827.6
6595,9381.1
6596,8599.7
6597,7037
6598,6144
6599,3465.1
6600,1121
6601,675.6
6602,340
6603,340
6604,676.1
6605,3253
6606,10759.6
6607,11431.8
6608,10983.7
6609,9639.2
6610,8742.9
6611,7062.3
6612,6166
6613,5493.8
6614,4821.6
6615,5493.8
6616,6390.1
6617,8406.8
6618,9863.3
6619,9415.1
6620,8630.9
6621,7062.3
6622,6166
6623,3477.1
6624,1124.3
6625,677.3
6626,340.4
6627,340.4
6628,677.8
6629,3264.4
6630,10799.1
6631,11473.9
6632,11024
6633,9674.5
6634,8774.9
6635,7088
6636,6188.3
6637,5513.6
6638,4838.8
6639,5513.6
6640,6413.2
6641,8437.5
6642,9899.5
6643,9449.6
6644,8662.4
6645,7088
6646,6188.3
6647,3489.3
6648,1127.7
6649,679
6650,340.8
6651,340.8
6652,679.5
6653,3275.9
6654,10839.1
6655,11516.4
6656,11064.9
6657,9710.3
6658,8807.2
6659,7113.9
6660,6210.9
6661,5533.6
6662,4856.3
6663,5533.6
6664,6436.6
6665,8468.6
6666,9936.1
6667,9484.5
6668,8694.3
6669,7113.9
6670,6210.9
6671,3501.7
6672,1131.1
6673,680.7
6674,341.3
6675,341.3
6676,681.2
6677,3287.5
6678,10879.6
6679,11559.5
6680,11106.2
6681,9746.5
6682,8840
6683,7140.2
6684,6233.7
6685,5553.8
6686,4873.9
6687,5553.8
6688,6460.3
6689,8500
6690,9973.1
6691,9519.8
6692,8726.6
6693,7140.2
6694,6233.7
6695,3514.1
6696,1134.5
6697,682.5
6698,341.7
6699,341.7
6700,682.9
6701,3299.3
6702,10920.6
6703,11603.1
6704,11148.1
6705,9783.1
6706,8873.1
6707,7166.8
6708,6256.8
6709,5574.3
6710,4891.8
6711,5574.3
6712,6484.3
6713,8531.8
6714,10010.6
6715,9555.6
6716,8759.3
6717,7166.8
6718,6256.8
6719,3526.8
6720,1138
6721,684.2
6722,342.1
6723,342.2
6724,684.7
6725,3311.2
6726,10962
6727,11647.1
6728,11190.4
6729,9820.1
6730,8906.6
6731,7193.7
6732,6280.1
6733,5595
6734,4909.9
6735,5595
6736,6508.5
6737,8564
6738,10048.5
6739,9591.7
6740,8792.4
6741,7193.7
6742,6280.1
6743,3539.6
6744,1141.5
6745,686
6746,342.6
6747,342.6
6748,686.5
6749,3323.2
6750,11003.8
6751,11691.7
6752,11233.1
6753,9857.5
6754,8940.4
6755,7220.8
6756,6303.7
6757,5615.9
6758,4928.1
6759,5615.9
6760,6533
6761,8596.5
6762,10086.8
6763,9628.2
6764,8825.8
6765,7220.8
6766,6303.7
6767,3552.5
6768,1145.1
6769,687.8
6770,343
6771,343
6772,688.3
6773,3335.3
6774,11046.1
6775,11736.7
6776,11276.3
6777,9895.3
6778,8974.6
6779,7248.3
6780,6327.6
6781,5637.1
6782,4946.6
6783,5637.1
6784,6557.8
6785,8629.3
6786,10125.4
6787,9665.1
6788,8859.5
6789,7248.3
6790,6327.6
6791,3565.5
6792,1148.7
6793,689.6
6794,343.5
6795,343.5
6796,690.1
6797,3347.6
6798,11088.8
6799,11782.1
6800,11319.9
6801,9933.4
6802,9009.1
6803,7276
6804,6351.7
6805,5658.4
6806,4965.2
6807,5658.4
6808,6582.8
6809,8662.5
6810,10164.5
6811,9702.4
6812,8893.6
6813,7276
6814,6351.7
6815,3578.7
6816,1152.3
6817,691.4
6818,343.9
6819,344
6820,691.9
6821,3360
6822,11132
6823,11828
6824,11364
6825,9972
6826,9044
6827,7304
6828,6376
6829,5680
6830,4984
6831,5680
6832,6608
6833,8696
6834,10204
6835,9740
6836,8928
6837,7304
6838,6376
6839,3592
6840,1156
6841,693.3
6842,344.4
6843,344.4
6844,693.8
6845,3372.5
6846,11175.5
6847,11874.2
6848,11408.4
6849,10010.8
6850,9079.2
6851,7332.2
6852,6400.5
6853,5701.7
6854,5003
6855,5701.7
6856,6633.4
6857,8729.8
6858,10243.8
6859,9777.9
6860,8962.7
6861,7332.2
6862,6400.5
6863,3605.4
6864,1159.7
6865,695.1
6866,344.9
6867,344.9
6868,695.6
6869,3385.1
6870,11219.4
6871,11920.9
6872,11453.2
6873,10050.1
6874,9114.6
6875,7360.7
6876,6425.3
6877,5723.7
6878,5022.1
6879,5723.7
6880,6659.1
6881,8763.8
6882,10283.9
6883,9816.2
6884,8997.7
6885,7360.7
6886,6425.3
6887,3619
6888,1163.4
6889,697
6890,345.3
6891,345.4
6892,697.5
6893,3397.8
6894,11263.6
6895,11968
6896,11498.4
6897,10089.6
6898,9150.4
6899,7389.4
6900,6450.2
6901,5745.8
6902,5041.4
6903,5745.8
6904,6685
6905,8798.2
6906,10324.4
6907,9854.8
6908,9033
6909,7389.4
6910,6450.2
6911,3632.6
6912,1167.2
6913,698.9
6914,345.8
6915,345.8
6916,699.4
6917,3410.6
6918,11308.2
6919,12015.5
6920,11544
6921,10129.5
6922,9186.5
6923,7418.4
6924,6475.4
6925,5768.1
6926,5060.9
6927,5768.1
6928,6711.1
6929,8832.9
6930,10365.2
6931,9893.7
6932,9068.6
6933,7418.4
6934,6475.4
6935,3646.4
6936,1171
6937,700.8
6938,346.3
6939,346.3
6940,701.3
6941,3423.5
6942,11353.2
6943,12063.3
6944,11589.9
6945,10169.6
6946,9222.8
6947,7447.5
6948,6500.7
6949,5790.6
6950,5080.5
6951,5790.6
6952,6737.4
6953,8867.8
6954,10406.4
6955,9932.9
6956,9104.5
6957,7447.5
6958,6500.7
6959,3660.2
6960,1174.8
6961,702.7
6962,346.8
6963,346.8
6964,703.3
6965,3436.5
6966,11398.5
6967,12111.5
6968,11636.1
6969,10210.1
6970,9259.4
6971,7476.9
6972,6526.2
6973,5813.2
6974,5100.2
6975,5813.2
6976,6763.9
6977,8902.9
6978,10447.8
6979,9972.4
6980,9140.6
6981,7476.9
6982,6526.2
6983,3674.2
6984,1178.7
6985,704.7
6986,347.3
6987,347.3
6988,705.2
6989,3449.6
6990,11444.1
6991,12160
6992,11682.7
6993,10250.9
6994,9296.3
6995,7506.5
6996,6552
6997,5836
6998,5120.1
6999,5836
7000,6790.6
7001,8938.3
7002,10489.5
7003,10012.2
7004,9177
7005,7506.5
7006,6552
7007,3688.3
7008,1182.6
7009,706.6
7010,347.8
7011,347.8
7012,707.2
7013,3462.8
7014,11490
7015,12208.8
7016,11729.6
7017,10291.9
7018,9333.4
7019,7536.3
7020,6577.8
7021,5859
7022,5140.1
7023,5859
7024,6817.4
7025,8974
7026,10531.5
7027,10052.3
7028,9213.6
7029,7536.3
7030,6577.8
7031,3702.4
7032,1186.5
7033,708.6
7034,348.2
7035,348.3
7036,709.1
7037,3476.1
7038,11536.1
7039,12257.9
7040,11776.7
7041,10333.1
7042,9370.8
7043,7566.3
7044,6603.9
7045,5882.1
7046,5160.3
7047,5882.1
7048,6844.5
7049,9009.9
7050,10573.7
7051,10092.5
7052,9250.5
7053,7566.3
7054,6603.9
7055,3716.7
7056,1190.4
7057,710.5
7058,348.7
7059,348.8
7060,711.1
7061,3489.4
7062,11582.6
7063,12307.4
7064,11824.2
7065,10374.7
7066,9408.3
7067,7596.4
7068,6630.1
7069,5905.3
7070,5180.5
7071,5905.3
7072,6871.6
7073,9045.9
7074,10616.2
7075,10133.1
7076,9287.5
7077,7596.4
7078,6630.1
7079,3731
7080,1194.4
7081,712.5
7082,349.2
7083,349.2
7084,713.1
7085,3502.8
7086,11629.3
7087,12357.1
7088,11871.9
7089,10416.4
7090,9446.1
7091,7626.7
7092,6656.4
7093,5928.7
7094,5200.9
7095,5928.7
7096,6899
7097,9082.2
7098,10659
7099,10173.8
7100,9324.8
7101,7626.7
7102,6656.4
7103,3745.4
7104,1198.3
7105,714.5
7106,349.7
7107,349.7
7108,715.1
7109,3516.3
7110,11676.3
7111,12407
7112,11919.9
7113,10458.4
7114,9484.1
7115,7657.2
7116,6682.9
7117,5952.1
7118,5221.4
7119,5952.1
7120,6926.5
7121,9118.7
7122,10702
7123,10214.8
7124,9362.3
7125,7657.2
7126,6682.9
7127,3759.9
7128,1202.3
7129,716.5
7130,350.2
7131,350.3
7132,717.1
7133,3529.9
7134,11723.5
7135,12457.2
7136,11968.1
7137,10500.5
7138,9522.2
7139,7687.8
7140,6709.5
7141,5975.7
7142,5242
7143,5975.7
7144,6954.1
7145,9155.3
7146,10745.1
7147,10256
7148,9399.9
7149,7687.8
7150,6709.5
7151,3774.5
7152,1206.3
7153,718.5
7154,350.7
7155,350.8
7156,719.1
7157,3543.5
7158,11770.9
7159,12507.7
7160,12016.5
7161,10542.9
7162,9560.5
7163,7718.6
7164,6736.2
7165,5999.4
7166,5262.7
7167,5999.4
7168,6981.8
7169,9192.2
7170,10788.5
7171,10297.3
7172,9437.8
7173,7718.6
7174,6736.2
7175,3789.1
7176,1210.4
7177,720.6
7178,351.2
7179,351.3
7180,721.1
7181,3557.2
7182,11818.5
7183,12558.3
7184,12065.1
7185,10585.5
7186,9599
7187,7749.5
7188,6763.1
7189,6023.3
7190,5283.4
7191,6023.3
7192,7009.7
7193,9229.1
7194,10832.1
7195,10338.9
7196,9475.7
7197,7749.5
7198,6763.1
7199,3803.8
7200,1214.4
7201,722.6
7202,351.8
7203,351.8
7204,723.2
7205,3570.9
7206,11866.3
7207,12609.2
7208,12113.9
7209,10628.2
7210,9637.7
7211,7780.5
7212,6790
7213,6047.2
7214,5304.3
7215,6047.2
7216,7037.7
7217,9266.3
7218,10875.8
7219,10380.6
7220,9513.9
7221,7780.5
7222,6790
7223,3818.5
7224,1218.5
7225,724.6
7226,352.3
7227,352.3
7228,725.2
7229,3584.7
7230,11914.3
7231,12660.2
7232,12162.9
7233,10671.1
7234,9676.5
7235,7811.7
7236,6817.1
7237,6071.2
7238,5325.2
7239,6071.2
7240,7065.7
7241,9303.5
7242,10919.7
7243,10422.4
7244,9552.2
7245,7811.7
7246,6817.1
7247,3833.4
7248,1222.6
7249,726.7
7250,352.8
7251,352.8
7252,727.3
7253,3598.5
7254,11962.4
7255,12711.4
7256,12212.1
7257,10714.1
7258,9715.4
7259,7842.9
7260,6844.2
7261,6095.2
7262,5346.2
7263,6095.2
7264,7093.9
7265,9340.9
7266,10963.8
7267,10464.4
7268,9590.6
7269,7842.9
7270,6844.2
7271,3848.2
7272,1226.7
7273,728.7
7274,353.3
7275,353.3
7276,729.3
7277,3612.4
7278,12010.7
7279,12762.8
7280,12261.4
7281,10757.3
7282,9754.5
7283,7874.2
7284,6871.5
7285,6119.4
7286,5367.3
7287,6119.4
7288,7122.2
7289,9378.4
7290,11007.9
7291,10506.6
7292,9629.1
7293,7874.2
7294,6871.5
7295,3863.1
7296,1230.8
7297,730.8
7298,353.8
7299,353.8
7300,731.4
7301,3626.3
7302,12059.2
7303,12814.3
7304,12310.9
7305,10800.5
7306,9793.6
7307,7905.7
7308,6898.8
7309,6143.6
7310,5388.4
7311,6143.6
7312,7150.5
7313,9416
7314,11052.3
7315,10548.8
7316,9667.8
7317,7905.7
7318,6898.8
7319,3878
7320,1234.9
7321,732.9
7322,354.3
7323,354.3
7324,733.4
7325,3640.2
7326,12107.7
7327,12866
7328,12360.5
7329,10843.9
7330,9832.9
7331,7937.2
7332,6926.1
7333,6167.9
7334,5409.6
7335,6167.9
7336,7178.9
7337,9453.7
7338,11096.7
7339,10591.1
7340,9706.5
7341,7937.2
7342,6926.1
7343,3893
7344,1239
7345,734.9
7346,354.8
7347,354.9
7348,735.5
7349,3654.2
7350,12156.4
7351,12917.7
7352,12410.2
7353,10887.4
7354,9872.2
7355,7968.7
7356,6953.6
7357,6192.2
7358,5430.8
7359,6192.2
7360,7207.4
7361,9491.5
7362,11141.2
7363,10633.6
7364,9745.3
7365,7968.7
7366,6953.6
7367,3908
7368,1243.2
7369,737
7370,355.4
7371,355.4
7372,737.6
7373,3668.2
7374,12205.1
7375,12969.6
7376,12459.9
7377,10930.9
7378,9911.6
7379,8000.4
7380,6981.1
7381,6216.6
7382,5452.1
7383,6216.6
7384,7235.9
7385,9529.4
7386,11185.8
7387,10676.1
7388,9784.2
7389,8000.4
7390,6981.1
7391,3923.1
7392,1247.3
7393,739.1
7394,355.9
7395,355.9
7396,739.7
7397,3682.2
7398,12253.9
7399,13021.5
7400,12509.8
7401,10974.6
7402,9951.1
7403,8032.1
7404,7008.6
7405,6241
7406,5473.4
7407,6241
7408,7264.4
7409,9567.3
7410,11230.4
7411,10718.7
7412,9823.2
7413,8032.1
7414,7008.6
7415,3938.1
7416,1251.5
7417,1254.8
7418,741.8
7419,356.5
7420,356.5
7421,741.8
7422,3696.3
7423,12302.8
7424,13073.5
7425,12559.7
7426,11018.2
7427,9990.6
7428,8063.8
7429,7036.1
7430,6265.4
7431,5494.7
7432,6265.4
7433,7293
7434,9605.2
7435,11275.2
7436,10761.3
7437,9862.1
7438,8063.8
7439,7036.1
7440,3953.2
7441,1259
7442,743.9
7443,357
7444,357
7445,743.9
7446,3710.3
7447,12351.7
7448,13125.6
7449,12609.7
7450,11062
7451,10030.2
7452,8095.5
7453,7063.7
7454,6289.9
7455,5516
7456,6289.9
7457,7321.7
7458,9643.2
7459,11319.9
7460,10804
7461,9901.2
7462,8095.5
7463,7063.7
7464,3968.3
7465,1263.2
7466,746
7467,357.5
7468,357.5
7469,746
7470,3724.4
7471,12400.7
7472,13177.7
7473,12659.7
7474,11105.7
7475,10069.7
7476,8127.3
7477,7091.3
7478,6314.3
7479,5537.4
7480,6314.3
7481,7350.3
7482,9681.3
7483,11364.7
7484,10846.7
7485,9940.2
7486,8127.3
7487,7091.3
7488,3983.4
7489,1267.3
7490,748
7491,358
7492,358
7493,748.1
7494,3738.5
7495,12449.6
7496,13229.8
7497,12709.7
7498,11149.5
7499,10109.3
7500,8159.1
7501,7118.9
7502,6338.8
7503,5558.7
7504,6338.8
7505,7379
7506,9719.3
7507,11409.5
7508,10889.4
7509,9979.3
7510,8159.1
7511,7118.9
7512,3998.5
7513,1271.5
7514,750.1
7515,358.5
7516,358.5
7517,750.2
7518,3752.5
7519,12498.6
7520,13281.9
7521,12759.7
7522,11193.2
7523,10148.9
7524,8190.9
7525,7146.6
7526,6363.3
7527,5580.1
7528,6363.3
7529,7407.6
7530,9757.3
7531,11454.3
7532,10932.2
7533,10018.4
7534,8190.9
7535,7146.6
7536,4013.6
7537,1275.7
7538,752.2
7539,359.1
7540,359.1
7541,752.2
7542,3766.6
7543,12547.6
7544,13334
7545,12809.7
7546,11237
7547,10188.5
7548,8222.6
7549,7174.2
7550,6387.8
7551,5601.4
7552,6387.8
7553,7436.3
7554,9795.3
7555,11499.1
7556,10974.9
7557,10057.5
7558,8222.6
7559,7174.2
7560,4028.7
7561,1279.8
7562,754.3
7563,359.6
7564,359.6
7565,754.3
7566,3780.7
7567,12596.5
7568,13386
7569,12859.7
7570,11280.7
7571,10228.1
7572,8254.4
7573,7201.8
7574,6412.3
7575,5622.8
7576,6412.3
7577,7464.9
7578,9833.4
7579,11543.9
7580,11017.6
7581,10096.5
7582,8254.4
7583,7201.8
7584,4043.8
7585,1284
7586,756.4
7587,360.1
7588,360.1
7589,756.4
7590,3794.7
7591,12645.4
7592,13438
7593,12909.6
7594,11324.4
7595,10267.6
7596,8286.1
7597,7229.3
7598,6436.7
7599,5644.1
7600,6436.7
7601,7493.5
7602,9871.3
7603,11588.6
7604,11060.2
7605,10135.5
7606,8286.1
7607,7229.3
7608,4058.9
7609,1288.1
7610,758.4
7611,360.6
7612,360.6
7613,758.5
7614,3808.7
7615,12694.3
7616,13490
7617,12959.5
7618,11368.1
7619,10307.1
7620,8317.8
7621,7256.9
7622,6461.1
7623,5665.4
7624,6461.1
7625,7522.1
7626,9909.3
7627,11633.3
7628,11102.8
7629,10174.5
7630,8317.8
7631,7256.9
7632,4074
7633,1292.3
7634,760.5
7635,361.1
7636,361.1
7637,760.6
7638,3822.8
7639,12743.1
7640,13541.9
7641,13009.3
7642,11411.7
7643,10346.6
7644,8349.5
7645,7284.4
7646,6485.5
7647,5686.7
7648,6485.5
7649,7550.6
7650,9947.1
7651,11677.9
7652,11145.4
7653,10213.4
7654,8349.5
7655,7284.4
7656,4089
7657,1296.4
7658,762.6
7659,361.7
7660,361.7
7661,762.6
7662,3836.7
7663,12791.8
7664,13593.7
7665,13059.1
7666,11455.2
7667,10385.9
7668,8381.1
7669,7311.8
7670,6509.9
7671,5707.9
7672,6509.9
7673,7579.1
7674,9985
7675,11722.5
7676,11187.9
7677,10252.3
7678,8381.1
7679,7311.8
7680,4104.1
7681,1300.6
7682,764.7
7683,362.2
7684,362.2
7685,764.7
7686,3850.7
7687,12840.3
7688,13645.4
7689,13108.7
7690,11498.6
7691,10425.2
7692,8412.6
7693,7339.2
7694,6534.2
7695,5729.1
7696,6534.2
7697,7607.6
7698,10022.7
7699,11767
7700,11230.3
7701,10291
7702,8412.6
7703,7339.2
7704,4119
7705,1304.7
7706,766.7
7707,362.7
7708,362.7
7709,766.8
7710,3864.6
7711,12888.8
7712,13697
7713,13158.2
7714,11541.9
7715,10464.4
7716,8444.1
7717,7366.6
7718,6558.4
7719,5750.3
7720,6558.4
7721,7635.9
7722,10060.3
7723,11811.3
7724,11272.6
7725,10329.7
7726,8444.1
7727,7366.6
7728,4134
7729,1308.8
7730,768.8
7731,363.2
7732,363.2
7733,768.8
7734,3878.5
7735,12937.2
7736,13748.4
7737,13207.6
7738,11585.1
7739,10503.5
7740,8475.5
7741,7393.8
7742,6582.6
7743,5771.4
7744,6582.6
7745,7664.2
7746,10097.9
7747,11855.6
7748,11314.7
7749,10368.3
7750,8475.5
7751,7393.8
7752,4148.9
7753,1312.9
7754,770.8
7755,363.7
7756,363.7
7757,770.9
7758,3892.4
7759,12985.4
7760,13799.7
7761,13256.8
7762,11628.2
7763,10542.5
7764,8506.7
7765,7421
7766,6606.7
7767,5792.4
7768,6606.7
7769,7692.4
7770,10135.3
7771,11899.7
7772,11356.8
7773,10406.8
7774,8506.7
7775,7421
7776,4163.8
7777,1317
7778,772.9
7779,364.2
7780,364.2
7781,772.9
7782,3906.2
7783,13033.5
7784,13850.8
7785,13305.9
7786,11671.2
7787,10581.4
7788,8537.9
7789,7448.1
7790,6630.7
7791,5813.4
7792,6630.7
7793,7720.6
7794,10172.7
7795,11943.6
7796,11398.7
7797,10445.1
7798,8537.9
7799,7448.1
7800,4178.6
7801,1321.1
7802,774.9
7803,364.7
7804,364.7
7805,774.9
7806,3919.9
7807,13081.3
7808,13901.8
7809,13354.8
7810,11714
7811,10620.1
7812,8569
7813,7475.1
7814,6654.7
7815,5834.3
7816,6654.7
7817,7748.6
7818,10209.9
7819,11987.4
7820,11440.5
7821,10483.3
7822,8569
7823,7475.1
7824,4193.4
7825,1325.2
7826,777
7827,365.2
7828,365.2
7829,777
7830,3933.6
7831,13129.1
7832,13952.5
7833,13403.5
7834,11756.6
7835,10658.6
7836,8600
7837,7502
7838,6678.5
7839,5855.1
7840,6678.5
7841,7776.5
7842,10246.9
7843,12031.1
7844,11482.1
7845,10521.4
7846,8600
7847,7502
7848,4208.1
7849,1329.2
7850,779
7851,365.7
7852,365.7
7853,779
7854,3947.3
7855,13176.6
7856,14003.1
7857,13452.1
7858,11799.1
7859,10697.1
7860,8630.8
7861,7528.8
7862,6702.3
7863,5875.8
7864,6702.3
7865,7804.3
7866,10283.8
7867,12074.6
7868,11523.6
7869,10559.3
7870,8630.8
7871,7528.8
7872,4222.8
7873,1333.2
7874,781
7875,366.3
7876,366.3
7877,781
7878,3960.9
7879,13223.9
7880,14053.4
7881,13500.4
7882,11841.3
7883,10735.3
7884,8661.5
7885,7555.5
7886,6725.9
7887,5896.4
7888,6725.9
7889,7832
7890,10320.5
7891,12117.8
7892,11564.8
7893,10597
7894,8661.5
7895,7555.5
7896,4237.4
7897,1337.2
7898,783
7899,366.8
7900,366.8
7901,783
7902,3974.4
7903,13270.9
7904,14103.5
7905,13548.4
7906,11883.4
7907,10773.3
7908,8692
7909,7582
7910,6749.5
7911,5916.9
7912,6749.5
7913,7859.5
7914,10357.1
7915,12160.9
7916,11605.9
7917,10634.6
7918,8692
7919,7582
7920,4251.9
7921,1341.2
7922,785
7923,367.3
7924,367.3
7925,785
7926,3987.8
7927,13317.8
7928,14153.3
7929,13596.3
7930,11925.2
7931,10811.2
7932,8722.4
7933,7608.4
7934,6772.9
7935,5937.4
7936,6772.9
7937,7886.9
7938,10393.5
7939,12203.7
7940,11646.7
7941,10672
7942,8722.4
7943,7608.4
7944,4266.3
7945,1345.2
7946,787
7947,367.7
7948,367.7
7949,787
7950,4001.2
7951,13364.3
7952,14202.8
7953,13643.8
7954,11966.9
7955,10848.9
7956,8752.6
7957,7634.7
7958,6796.2
7959,5957.7
7960,6796.2
7961,7914.2
7962,10429.6
7963,12246.4
7964,11687.4
7965,10709.1
7966,8752.6
7967,7634.7
7968,4280.7
7969,1349.1
7970,788.9
7971,368.2
7972,368.2
7973,789
7974,4014.5
7975,13410.6
7976,14252.1
7977,13691.1
7978,12008.2
7979,10886.3
7980,8782.7
7981,7660.8
7982,6819.3
7983,5977.9
7984,6819.3
7985,7941.3
7986,10465.6
7987,12288.7
7988,11727.8
7989,10746.1
7990,8782.7
7991,7660.8
7992,4295
7993,1353.1
7994,790.9
7995,368.7
7996,368.7
7997,790.9
7998,4027.7
7999,13456.7
8000,14301.1
8001,13738.1
8002,12049.4
8003,10923.5
8004,8812.6
8005,7686.7
8006,6842.3
8007,5998
8008,6842.3
8009,7968.2
8010,10501.3
8011,12330.8
8012,11767.9
8013,10782.8
8014,8812.6
8015,7686.7
8016,4309.2
8017,1357
8018,792.8
8019,369.2
8020,369.2
8021,792.9
8022,4040.9
8023,13502.4
8024,14349.7
8025,13784.8
8026,12090.2
8027,10960.5
8028,8842.2
8029,7712.5
8030,6865.2
8031,6017.9
8032,6865.2
8033,7994.9
8034,10536.8
8035,12372.7
8036,11807.8
8037,10819.3
8038,8842.2
8039,7712.5
8040,4323.3
8041,1360.8
8042,794.8
8043,369.7
8044,369.7
8045,794.8
8046,4053.9
8047,13547.8
8048,14398
8049,13831.2
8050,12130.8
8051,10997.2
8052,8871.7
8053,7738.1
8054,6887.9
8055,6037.7
8056,6887.9
8057,8021.5
8058,10572.1
8059,12414.2
8060,11847.4
8061,10855.5
8062,8871.7
8063,7738.1
8064,4337.3
8065,1364.7
8066,796.7
8067,370.2
8068,370.2
8069,796.7
8070,4066.9
8071,13592.9
8072,14446
8073,13877.3
8074,12171.1
8075,11033.7
8076,8901
8077,7763.6
8078,6910.5
8079,6057.4
8080,6910.5
8081,8047.9
8082,10607.1
8083,12455.5
8084,11886.8
8085,10891.5
8086,8901
8087,7763.6
8088,4351.2
8089,1368.5
8090,798.6
8091,370.7
8092,370.7
8093,798.6
8094,4079.7
8095,13637.7
8096,14493.6
8097,13923
8098,12211.1
8099,11069.9
8100,8930
8101,7788.8
8102,6932.9
8103,6076.9
8104,6932.9
8105,8074.1
8106,10641.9
8107,12496.4
8108,11925.8
8109,10927.2
8110,8930
8111,7788.8
8112,4365
8113,1372.3
8114,800.5
8115,371.1
8116,371.1
8117,800.5
8118,4092.5
8119,13682.1
8120,14540.9
8121,13968.4
8122,12250.8
8123,11105.8
8124,8958.9
8125,7813.8
8126,6955.1
8127,6096.3
8128,6955.1
8129,8100.1
8130,10676.4
8131,12537.1
8132,11964.6
8133,10962.7
8134,8958.9
8135,7813.8
8136,4378.7
8137,1376
8138,802.4
8139,371.6
8140,371.6
8141,802.4
8142,4105.1
8143,13726.2
8144,14587.8
8145,14013.4
8146,12290.2
8147,11141.4
8148,8987.5
8149,7838.7
8150,6977.1
8151,6115.5
8152,6977.1
8153,8125.9
8154,10710.6
8155,12577.4
8156,12003
8157,10997.8
8158,8987.5
8159,7838.7
8160,4392.3
8161,1379.8
8162,804.2
8163,372.1
8164,372.1
8165,804.2
8166,4117.7
8167,13769.9
8168,14634.2
8169,14058
8170,12329.2
8171,11176.7
8172,9015.8
8173,7863.3
8174,6998.9
8175,6134.6
8176,6998.9
8177,8151.4
8178,10744.5
8179,12617.4
8180,12041.1
8181,11032.7
8182,9015.8
8183,7863.3
8184,4405.8
8185,1383.5
8186,806.1
8187,372.5
8188,372.5
8189,806.1
8190,4130.1
8191,13813.1
8192,14680.3
8193,14102.2
8194,12367.9
8195,11211.7
8196,9043.9
8197,7887.7
8198,7020.6
8199,6153.4
8200,7020.6
8201,8176.8
8202,10778.2
8203,12657
8204,12078.9
8205,11067.2
8206,9043.9
8207,7887.7
8208,4419.2
8209,1387.1
8210,807.9
8211,373
8212,373
8213,807.9
8214,4142.4
8215,13856
8216,14725.9
8217,14146
8218,12406.3
8219,11246.4
8220,9071.7
8221,7911.9
8222,7042
8223,6172.2
8224,7042
8225,8201.9
8226,10811.5
8227,12696.2
8228,12116.3
8229,11101.4
8230,9071.7
8231,7911.9
8232,4432.4
8233,1390.7
8234,809.7
8235,373.4
8236,373.4
8237,809.7
8238,4154.6
8239,13898.5
8240,14771.1
8241,14189.4
8242,12444.2
8243,11280.8
8244,9099.3
8245,7935.9
8246,7063.3
8247,6190.7
8248,7063.3
8249,8226.7
8250,10844.5
8251,12735.1
8252,12153.3
8253,11135.3
8254,9099.3
8255,7935.9
8256,4445.5
8257,1394.3
8258,811.5
8259,373.9
8260,373.9
8261,811.5
8262,4166.7
8263,13940.6
8264,14815.8
8265,14232.3
8266,12481.8
8267,11314.8
8268,9126.6
8269,7959.6
8270,7084.3
8271,6209
8272,7084.3
8273,8251.3
8274,10877.1
8275,12773.5
8276,12190
8277,11168.9
8278,9126.6
8279,7959.6
8280,4458.5
8281,1397.9
8282,813.3
8283,374.3
8284,374.3
8285,813.3
8286,4178.7
8287,13982.2
8288,14860.1
8289,14274.8
8290,12519
8291,11348.4
8292,9153.6
8293,7983
8294,7105.1
8295,6227.2
8296,7105.1
8297,8275.7
8298,10909.4
8299,12811.6
8300,12226.3
8301,11202.1
8302,9153.6
8303,7983
8304,4471.3
8305,1401.4
8306,815
8307,374.8
8308,374.8
8309,815
8310,4190.5
8311,14023.4
8312,14903.9
8313,14316.9
8314,12555.8
8315,11381.7
8316,9180.3
8317,8006.2
8318,7125.7
8319,6245.1
8320,7125.7
8321,8299.8
8322,10941.4
8323,12849.3
8324,12262.2
8325,11234.9
8326,9180.3
8327,8006.2
8328,4484
8329,1404.9
8330,816.7
8331,375.2
8332,375.2
8333,816.8
8334,4202.2
8335,14064.1
8336,14947.2
8337,14358.4
8338,12592.1
8339,11414.6
8340,9206.7
8341,8029.2
8342,7146
8343,6262.9
8344,7146
8345,8323.6
8346,10973
8347,12886.5
8348,12297.8
8349,11267.4
8350,9206.7
8351,8029.2
8352,4496.6
8353,1408.3
8354,818.5
8355,375.6
8356,375.6
8357,818.5
8358,4213.7
8359,14104.3
8360,14990
8361,14399.5
8362,12628.1
8363,11447.1
8364,9232.8
8365,8051.9
8366,7166.2
8367,6280.4
8368,7166.2
8369,8347.1
8370,11004.3
8371,12923.3
8372,12332.8
8373,11299.5
8374,9232.8
8375,8051.9
8376,4509
8377,1411.7
8378,820.1
8379,376
8380,376
8381,820.2
8382,4225.2
8383,14144
8384,15032.3
8385,14440.1
8386,12663.6
8387,11479.3
8388,9258.6
8389,8074.3
8390,7186
8391,6297.8
8392,7186
8393,8370.4
8394,11035.1
8395,12959.7
8396,12367.5
8397,11331.2
8398,9258.6
8399,8074.3
8400,4521.2
8401,1415
8402,821.8
8403,376.5
8404,376.5
8405,821.8
8406,4236.4
8407,14183.3
8408,15074
8409,14480.2
8410,12698.7
8411,11511
8412,9284.1
8413,8096.4
8414,7205.6
8415,6314.9
8416,7205.6
8417,8393.3
8418,11065.6
8419,12995.6
8420,12401.8
8421,11362.5
8422,9284.1
8423,8096.4
8424,4533.4
8425,1418.3
8426,823.5
8427,376.9
8428,376.9
8429,823.5
8430,4247.6
8431,14222
8432,15115.2
8433,14519.8
8434,12733.3
8435,11542.3
8436,9309.2
8437,8118.2
8438,7225
8439,6331.8
8440,7225
8441,8416
8442,11095.7
8443,13031
8444,12435.5
8445,11393.4
8446,9309.2
8447,8118.2
8448,4545.3
8449,1421.6
8450,825.1
8451,377.3
8452,377.3
8453,825.1
8454,4258.5
8455,14260.2
8456,15155.9
8457,14558.8
8458,12767.4
8459,11573.2
8460,9334
8461,8139.8
8462,7244.1
8463,6348.4
8464,7244.1
8465,8438.3
8466,11125.4
8467,13066
8468,12468.9
8469,11423.9
8470,9334
8471,8139.8
8472,4557.1
8473,1424.8
8474,826.7
8475,377.7
8476,377.7
8477,826.7
8478,4269.4
8479,14297.9
8480,15196
8481,14597.3
8482,12801.1
8483,11603.7
8484,9358.5
8485,8161
8486,7263
8487,6364.9
8488,7263
8489,8460.4
8490,11154.6
8491,13100.5
8492,12501.7
8493,11454
8494,9358.5
8495,8161
8496,4568.7
8497,1428
8498,828.3
8499,378.1
8500,378.1
8501,828.3
8502,4280
8503,14335
8504,15235.5
8505,14635.2
8506,12834.3
8507,11633.7
8508,9382.6
8509,8182
8510,7281.5
8511,6381.1
8512,7281.5
8513,8482.1
8514,11183.5
8515,13134.4
8516,12534.1
8517,11483.6
8518,9382.6
8519,8182
8520,4580.2
8521,1431.1
8522,829.8
8523,378.5
8524,378.5
8525,829.9
8526,4290.5
8527,14371.6
8528,15274.4
8529,14672.5
8530,12867
8531,11663.3
8532,9406.3
8533,8202.6
8534,7299.8
8535,6397
8536,7299.8
8537,8503.5
8538,11211.9
8539,13167.9
8540,12566
8541,11512.8
8542,9406.3
8543,8202.6
8544,4591.5
8545,1434.2
8546,831.4
8547,378.8
8548,378.8
8549,831.4
8550,4300.9
8551,14407.6
8552,15312.7
8553,14709.3
8554,12899.2
8555,11692.4
8556,9429.7
8557,8222.9
8558,7317.8
8559,6412.7
8560,7317.8
8561,8524.6
8562,11239.8
8563,13200.8
8564,12597.5
8565,11541.5
8566,9429.7
8567,8222.9
8568,4602.6
8569,1437.2
8570,832.9
8571,379.2
8572,379.2
8573,832.9
8574,4311.1
8575,14443.1
8576,15350.4
8577,14745.5
8578,12930.8
8579,11721
8580,9452.7
8581,8242.9
8582,7335.5
8583,6428.2
8584,7335.5
8585,8545.3
8586,11267.4
8587,13233.3
8588,12628.4
8589,11569.8
8590,9452.7
8591,8242.9
8592,4613.5
8593,1440.2
8594,834.4
8595,379.6
8596,379.6
8597,834.4
8598,4321.1
8599,14477.9
8600,15387.5
8601,14781.1
8602,12962
8603,11749.2
8604,9475.3
8605,8262.5
8606,7353
8607,6443.4
8608,7353
8609,8565.7
8610,11294.4
8611,13265.2
8612,12658.8
8613,11597.6
8614,9475.3
8615,8262.5
8616,4624.3
8617,1443.1
8618,835.8
8619,380
8620,380
8621,835.8
8622,4330.9
8623,14512.2
8624,15423.9
8625,14816.1
8626,12992.6
8627,11776.9
8628,9497.5
8629,8281.8
8630,7370.1
8631,6458.3
8632,7370.1
8633,8585.8
8634,11321
8635,13296.5
8636,12688.7
8637,11624.9
8638,9497.5
8639,8281.8
8640,4634.8
8641,1446
8642,837.2
8643,380.3
8644,380.3
8645,837.3
8646,4340.6
8647,14545.8
8648,15459.7
8649,14850.4
8650,13022.6
8651,11804.1
8652,9519.3
8653,8300.8
8654,7386.9
8655,6473
8656,7386.9
8657,8605.4
8658,11347.1
8659,13327.3
8660,12718
8661,11651.8
8662,9519.3
8663,8300.8
8664,4645.2
8665,1448.8
8666,838.7
8667,380.7
8668,380.7
8669,838.7
8670,4350.1
8671,14578.8
8672,15494.8
8673,14884.2
8674,13052.1
8675,11830.8
8676,9540.8
8677,8319.4
8678,7403.4
8679,6487.4
8680,7403.4
8681,8624.8
8682,11372.8
8683,13357.5
8684,12746.8
8685,11678.1
8686,9540.8
8687,8319.4
8688,4655.4
8689,1451.6
8690,840
8691,381
8692,381
8693,840.1
8694,4359.4
8695,14611.2
8696,15529.3
8697,14917.3
8698,13081.1
8699,11857
8700,9561.8
8701,8337.7
8702,7419.6
8703,6501.5
8704,7419.6
8705,8643.7
8706,11398
8707,13387.1
8708,12775.1
8709,11704
8710,9561.8
8711,8337.7
8712,4665.4
8713,1454.3
8714,841.4
8715,381.3
8716,381.4
8717,841.4
8718,4368.5
8719,14643
8720,15563.1
8721,14949.7
8722,13109.5
8723,11882.7
8724,9582.4
8725,8355.6
8726,7435.5
8727,6515.4
8728,7435.5
8729,8662.3
8730,11422.6
8731,13416.2
8732,12802.8
8733,11729.3
8734,9582.4
8735,8355.6
8736,4675.2
8737,1456.9
8738,842.7
8739,381.7
8740,381.7
8741,842.7
8742,4377.4
8743,14674.1
8744,15596.2
8745,14981.5
8746,13137.3
8747,11907.8
8748,9602.6
8749,8373.2
8750,7451.1
8751,6529
8752,7451.1
8753,8680.5
8754,11446.8
8755,13444.7
8756,12829.9
8757,11754.2
8758,9602.6
8759,8373.2
8760,4684.8
