{
    "g": {
        "5.0_48.0_0.075_2.0": [
            1.5268436283560995,
            1.8678879880039,
            2.162204275530072,
            2.5059870454279305,
            2.799967023479057,
            3.14341070135379,
            3.521622916998225,
            3.9196213853553297,
            4.75352372674889,
            5.503197960060385,
            6.18819573883472,
            7.415542110816341,
            8.488637133539315,
            11.77414508059094,
            15.943129146104456,
            17.43463484169951,
            18.945604041793413,
            20.60862529725875,
            22.05547375240644,
            23.41988296043407,
            24.699814111824967,
            25.852281002394246,
            26.76572860371058,
            27.858821039558055,
            28.650832942522225,
            29.061700347892437,
            29.7735923602462
        ]
    },
    "bore_locations": [
        [
            0.0,
            0.0
        ],
        [
            4.517065150705926,
            0.0
        ],
        [
            9.034130301411851,
            0.0
        ],
        [
            13.551195452117778,
            0.0
        ],
        [
            18.068260602823702,
            0.0
        ],
        [
            22.585325753529627,
            0.0
        ],
        [
            27.102390904235552,
            0.0
        ],
        [
            31.61945605494148,
            0.0
        ],
        [
            64.09122206371329,
            0.0
        ],
        [
            68.68712949753885,
            0.0
        ],
        [
            73.2830369313644,
            0.0
        ],
        [
            77.87894436518997,
            0.0
        ],
        [
            82.47485179901552,
            0.0
        ],
        [
            87.07075923284108,
            0.0
        ],
        [
            91.66666666666664,
            0.0
        ],
        [
            0.0,
            5.555555555555556
        ],
        [
            4.88637826621886,
            5.555555555555556
        ],
        [
            9.77275653243772,
            5.555555555555556
        ],
        [
            14.65913479865658,
            5.555555555555556
        ],
        [
            19.54551306487544,
            5.555555555555556
        ],
        [
            24.4318913310943,
            5.555555555555556
        ],
        [
            29.31826959731316,
            5.555555555555556
        ],
        [
            61.79003560608498,
            5.555555555555556
        ],
        [
            66.89234594518545,
            5.555555555555556
        ],
        [
            71.99465628428592,
            5.555555555555556
        ],
        [
            77.0969666233864,
            5.555555555555556
        ],
        [
            82.19927696248686,
            5.555555555555556
        ],
        [
            87.30158730158733,
            5.555555555555556
        ],
        [
            0.0,
            11.111111111111112
        ],
        [
            4.502847189947476,
            11.111111111111112
        ],
        [
            9.005694379894951,
            11.111111111111112
        ],
        [
            13.508541569842428,
            11.111111111111112
        ],
        [
            18.011388759789902,
            11.111111111111112
        ],
        [
            22.514235949737376,
            11.111111111111112
        ],
        [
            27.01708313968485,
            11.111111111111112
        ],
        [
            59.48884914845667,
            11.111111111111112
        ],
        [
            64.17838090606692,
            11.111111111111112
        ],
        [
            68.86791266367717,
            11.111111111111112
        ],
        [
            73.55744442128743,
            11.111111111111112
        ],
        [
            78.24697617889768,
            11.111111111111112
        ],
        [
            82.93650793650794,
            11.111111111111112
        ],
        [
            0.0,
            16.666666666666668
        ],
        [
            4.943179336411309,
            16.666666666666668
        ],
        [
            9.886358672822618,
            16.666666666666668
        ],
        [
            14.829538009233929,
            16.666666666666668
        ],
        [
            19.77271734564524,
            16.666666666666668
        ],
        [
            24.715896682056545,
            16.666666666666668
        ],
        [
            57.18766269082837,
            16.666666666666668
        ],
        [
            62.53360416097842,
            16.666666666666668
        ],
        [
            67.87954563112848,
            16.666666666666668
        ],
        [
            73.22548710127853,
            16.666666666666668
        ],
        [
            78.57142857142858,
            16.666666666666668
        ],
        [
            0.0,
            22.222222222222225
        ],
        [
            5.603677556107059,
            22.222222222222225
        ],
        [
            11.20735511221412,
            22.222222222222225
        ],
        [
            16.81103266832118,
            22.222222222222225
        ],
        [
            22.41471022442824,
            22.222222222222225
        ],
        [
            54.88647623320006,
            22.222222222222225
        ],
        [
            59.71644447648735,
            22.222222222222225
        ],
        [
            64.54641271977464,
            22.222222222222225
        ],
        [
            69.37638096306193,
            22.222222222222225
        ],
        [
            74.20634920634922,
            22.222222222222225
        ],
        [
            0.0,
            27.777777777777786
        ],
        [
            5.028380941699983,
            27.777777777777786
        ],
        [
            10.056761883399966,
            27.777777777777786
        ],
        [
            15.08514282509995,
            27.777777777777786
        ],
        [
            20.113523766799933,
            27.777777777777786
        ],
        [
            52.58528977557175,
            27.777777777777786
        ],
        [
            58.33728313080445,
            27.777777777777786
        ],
        [
            64.08927648603715,
            27.777777777777786
        ],
        [
            69.84126984126985,
            27.777777777777786
        ],
        [
            0.0,
            33.333333333333336
        ],
        [
            5.937445769723876,
            33.333333333333336
        ],
        [
            11.874891539447752,
            33.333333333333336
        ],
        [
            17.812337309171628,
            33.333333333333336
        ],
        [
            50.28410331794345,
            33.333333333333336
        ],
        [
            55.34813237069246,
            33.333333333333336
        ],
        [
            60.41216142344148,
            33.333333333333336
        ],
        [
            65.47619047619048,
            33.333333333333336
        ],
        [
            0.0,
            38.88888888888889
        ],
        [
            5.170383617181108,
            38.88888888888889
        ],
        [
            10.340767234362216,
            38.88888888888889
        ],
        [
            15.511150851543324,
            38.88888888888889
        ],
        [
            47.982916860315136,
            38.88888888888889
        ],
        [
            54.54701398571312,
            38.88888888888889
        ],
        [
            61.11111111111112,
            38.88888888888889
        ],
        [
            0.0,
            44.44444444444445
        ],
        [
            6.604982196957508,
            44.44444444444445
        ],
        [
            13.209964393915016,
            44.44444444444445
        ],
        [
            45.68173040268683,
